Manufacturer,Model,Year,Registration Status,Price,Mileage,Keys,Damage description,Transmission,Seats,Fuel Type,Link
Mazda,Premacy,2012,No,$550,"151,742",," Rear Damage, Right Rear Damage, Structural Damage, Selling De-Registered",N/A,7,Petrol,https://manheim.co.nz/damaged-vehicles/000000000007420018/2012-mazda-premacy-station-wagon?referringPage=SearchResults
Mitsubishi,Lancer,2003,No,$500,"182,896",," Rear Damage, Structural Damage, Selling De-Registered","Automatic,",5,Petrol,https://manheim.co.nz/damaged-vehicles/000000000007420024/2003-mitsubishi-lancer-2-0p-vr-x-sedan-a-sedan?referringPage=SearchResults
Toyota,Aqua,2014,No,$800,N/A,," Front Damage, Structural Damage, Selling De-Registered","Automatic,",5,Hybrid,https://manheim.co.nz/damaged-vehicles/000000000007420028/2014-toyota-aqua-hatch?referringPage=SearchResults
Ford,Courier,2003,No,$950,"229,968",," Right Side Damage, Structural Damage, Selling De-Registered",N/A,5,Diesel,https://manheim.co.nz/damaged-vehicles/000000000007420033/2003-ford-courier-xlx-crew-cab-dual-cab-utility?referringPage=SearchResults
Nissan,Murano,2006,Yes,$800,N/A,, Selling Registered,"6spd Automatic,",5,Petrol,https://manheim.co.nz/damaged-vehicles/000000000007420049/2006-nissan-murano-station-wagon?referringPage=SearchResults
Subaru,Forester,2008,No,$650,"256,123",," Has Key, Rear Damage, Structural Damage, Selling De-Registered","Automatic,",5,Petrol,https://manheim.co.nz/damaged-vehicles/000000000007390040/2008-subaru-forester-station-wagon?referringPage=SearchResults
Suzuki,Swift,2005,No,$400,"146,211",," Rear Damage, Structural Damage, Selling De-Registered","Automatic,",5,Petrol,https://manheim.co.nz/damaged-vehicles/000000000007420055/2005-suzuki-swift-hatch?referringPage=SearchResults
Toyota,Landcruiser,1998,No,$800,"328,690",," Engine Damage, Front Damage, Structural Damage, Stolen & Recovered, Transmission Failure, Water Damage, Selling De-Registered","Automatic,",8,Diesel,https://manheim.co.nz/damaged-vehicles/000000000007420058/1998-toyota-landcruiser-prado-tx-limited-station-wagon?referringPage=SearchResults
Holden,Barina Spark,2014,No,$650,"196,844",," Left Side Damage, Structural Damage, Selling De-Registered","4spd Automatic,",5,Petrol,https://manheim.co.nz/damaged-vehicles/000000000007420060/2014-holden-barina-spark-cd-1-2p-4at-ha-4dr--hatch?referringPage=SearchResults
Ford,Kuga,2013,Yes,"$1,050","144,703",," Left Side Damage, Selling Registered",N/A,5,N/A,https://manheim.co.nz/damaged-vehicles/000000000007420068/2013-ford-kuga-awd-2-0-diesel-auto-station-wagon?referringPage=SearchResults
Toyota,IST,2002,No,$550,"168,065",," Left Rear Damage, Structural Damage, Selling De-Registered",N/A,5,Petrol,https://manheim.co.nz/damaged-vehicles/000000000007420077/2002-toyota-ist-sedan?referringPage=SearchResults
KTM,390,2021,Yes,"$2,050","10,383",," Stolen & Recovered, Selling Registered",N/A,N/A,Petrol,https://manheim.co.nz/damaged-vehicles/000000000007410100/2021-ktm-390-duke-399p-motorcycle?referringPage=SearchResults
CF Moto,675sr-r,2025,No,$650,"8,582",," Left Side Damage, Right Side Damage, Structural Damage, Selling De-Registered",N/A,N/A,Petrol,https://manheim.co.nz/damaged-vehicles/000000000007420113/2025-cfmoto-675sr-r-motorcycle?referringPage=SearchResults
Toyota,Vitz,2000,No,$550,"134,268",," Left Side Damage, Selling De-Registered","Automatic,",5,Petrol,https://manheim.co.nz/damaged-vehicles/000000000007420149/2000-toyota-vitz-hatch?referringPage=SearchResults
Honda,Civic,2004,No,$150,"295,857",," Front Damage, Airbags Deployed, Structural Damage, Selling De-Registered","Manual,",5,Petrol,https://manheim.co.nz/damaged-vehicles/000000000007420151/2004-honda-civic-ferio-sedan?referringPage=SearchResults
Mitsubishi,Colt,2005,No,$150,"149,114",," Left Side Damage, Structural Damage, Selling De-Registered","Automatic,",5,Petrol,https://manheim.co.nz/damaged-vehicles/000000000007420152/2005-mitsubishi-colt-plus-hatch?referringPage=SearchResults
Nissan,Primera,1997,No,$50,"357,572",," Interior Damage, Stolen & Recovered, Selling De-Registered","4spd Automatic,",5,Petrol,https://manheim.co.nz/damaged-vehicles/000000000007420154/1997-nissan-primera-camino-2-0-sedan?referringPage=SearchResults
Nissan,Tiida,2007,No,$400,"125,474",," Left Rear Damage, Structural Damage, Selling De-Registered","Automatic,",5,Petrol,https://manheim.co.nz/damaged-vehicles/000000000007420155/2007-nissan-tiida-hatch?referringPage=SearchResults
Nissan,Tiida,2005,No,$500,N/A,," Left Front Damage, Left Rear Damage, Right Front Damage, Right Side Damage, Structural Damage, Selling De-Registered","Automatic,",5,Petrol,https://manheim.co.nz/damaged-vehicles/000000000007420157/2005-nissan-tiida-hatch?referringPage=SearchResults
Toyota,Spade,2013,No,$550,"106,208",," Stolen & Recovered, Water Damage, Selling De-Registered","Automatic,",5,Petrol,https://manheim.co.nz/damaged-vehicles/000000000007420158/2013-toyota-spade-hatch?referringPage=SearchResults
Suzuki,SX4,2008,No,$150,"84,751",," Rolled, Dismantled - Entire Vehicle, Structural Damage, Selling De-Registered","Automatic,",5,Petrol,https://manheim.co.nz/damaged-vehicles/000000000007420159/2008-suzuki-sx4-hatch?referringPage=SearchResults
Toyota,Estima,2009,No,$550,"203,179",," Front Damage, Structural Damage, Selling De-Registered","Automatic,",7,Petrol,https://manheim.co.nz/damaged-vehicles/000000000007400173/2009-toyota-estima-station-wagon?referringPage=SearchResults
Holden,Trax,2019,No,"$1,500",N/A,," Front Damage, Rear Damage, Structural Damage, Selling De-Registered","Automatic,",5,Petrol,https://manheim.co.nz/damaged-vehicles/000000000007420182/2019-holden-trax-ltz-1-4p-6at-station-wagon?referringPage=SearchResults
Honda,fit,2012,No,$650,N/A,," Front Damage, Airbags Deployed, Structural Damage, Selling De-Registered","Automatic,",5,Hybrid,https://manheim.co.nz/damaged-vehicles/000000000007420194/2012-honda-fit-hybrid-hatch?referringPage=SearchResults
Volkswagen,T5,2007,No,$650,"427,441",," Right Front Damage, Suspension Damage, Selling De-Registered","Automatic,",2,Diesel,https://manheim.co.nz/damaged-vehicles/000000000007410208/2007-volkswagen-t5-swb-2-5tdi-128kw-ma-dual-cab-utility?referringPage=SearchResults
Toyota,SAI,2014,No,"$1,700",N/A,," Right Rear Damage, Structural Damage, Selling De-Registered","Automatic,",5,Hybrid,https://manheim.co.nz/damaged-vehicles/000000000007420215/2014-toyota-sai-sedan?referringPage=SearchResults
Nissan,Tiida,2005,No,$350,N/A,," Front Damage, Airbags Deployed, Structural Damage, Selling De-Registered","Automatic,",5,Petrol,https://manheim.co.nz/damaged-vehicles/000000000007420224/2005-nissan-tiida-hatch?referringPage=SearchResults
Nissan,Fuga,2007,No,$500,N/A,," Right Rear Damage, Structural Damage, Selling De-Registered",N/A,5,Petrol,https://manheim.co.nz/damaged-vehicles/000000000007420231/2007-nissan-fuga-250gt-sedan?referringPage=SearchResults
Nissan,Leaf,2012,No,$550,N/A,," Front Damage, Airbags Deployed, Structural Damage, Selling De-Registered",N/A,5,Electric,https://manheim.co.nz/damaged-vehicles/000000000007420233/2012-nissan-leaf-hatch?referringPage=SearchResults
Nissan,Pulsar,2014,No,$700,N/A,," Left Rear Damage, Structural Damage, Selling De-Registered",N/A,5,Petrol,https://manheim.co.nz/damaged-vehicles/000000000007420236/2014-nissan-pulsar-st-sedan?referringPage=SearchResults
Toyota,Aqua,2012,No,$550,N/A,," Front Damage, Glass Broken, Left Front Damage, Right Front Damage, Right Rear Damage, Structural Damage, Selling De-Registered",N/A,5,Hybrid,https://manheim.co.nz/damaged-vehicles/000000000007390232/2012-toyota-aqua-hybrid-hatch?referringPage=SearchResults
BMW,320d,2012,No,"$1,050","107,016",," Right Rear Damage, Structural Damage, Selling De-Registered","Automatic,",5,Diesel,https://manheim.co.nz/damaged-vehicles/000000000007420271/2012-bmw-320d-sedan-4dr-8a-2-0l-sedan?referringPage=SearchResults
Suzuki,Swift,2013,No,$500,N/A,," Left Front Damage, Left Side Damage, Structural Damage, Selling De-Registered","Automatic,",5,Petrol,https://manheim.co.nz/damaged-vehicles/000000000007420272/2013-suzuki-swift-hatch?referringPage=SearchResults
Toyota,Prius,2016,No,"$1,200","122,260",," Front Damage, Left Front Damage, Right Front Damage, Structural Damage, Selling De-Registered","Automatic,",5,Hybrid,https://manheim.co.nz/damaged-vehicles/000000000007420275/2016-toyota-prius-hatch?referringPage=SearchResults
Suzuki,Swift,2012,No,$500,"99,093",," Rear Damage, Structural Damage, Selling De-Registered","5spd Manual,",5,Petrol,https://manheim.co.nz/damaged-vehicles/000000000007420276/2012-suzuki-swift-gl-1-4-5dr-hatch?referringPage=SearchResults
Subaru,Legacy,2005,No,$550,"197,334",," Rear Damage, Structural Damage, Selling De-Registered","6spd Manual,",5,Petrol,https://manheim.co.nz/damaged-vehicles/000000000007420337/2005-subaru-legacy-station-wagon?referringPage=SearchResults
Nissan,Tiida,2004,No,$400,"176,959",," Left Rear Damage, Rear Damage, Right Rear Damage, Structural Damage, Selling De-Registered","Automatic,",5,Petrol,https://manheim.co.nz/damaged-vehicles/000000000007420341/2004-nissan-tiida-hatch?referringPage=SearchResults
Mazda,Bounty,2005,No,$650,"259,067",," Front Damage, Structural Damage, Selling De-Registered","Automatic,",3,Diesel,https://manheim.co.nz/damaged-vehicles/000000000007420349/2005-mazda-bounty-std-cab-c-c-2wd-dx-x-cab-utility?referringPage=SearchResults
CRUSADER,Single Axle,1975,No,$400,N/A,0," Left Side Damage, Right Side Damage, Structural Damage, Selling De-Registered",N/A,N/A,N/A,https://manheim.co.nz/damaged-vehicles/000000000007420359/1975-crusader-single-axle-caravan?referringPage=SearchResults
Toyota,Aqua,2018,No,"$1,700",N/A,," Structural Damage, Suspension Damage, Under Body Damage, Selling De-Registered",N/A,5,Hybrid,https://manheim.co.nz/damaged-vehicles/000000000007420369/2018-toyota-aqua-hatch?referringPage=SearchResults
Toyota,Crown,2008,No,$550,"169,334",," Front Damage, Structural Damage, Selling De-Registered","Automatic,",5,Petrol,https://manheim.co.nz/damaged-vehicles/000000000007420371/2008-toyota-crown-majesta-sedan?referringPage=SearchResults
Toyota,Will,2004,Yes,$400,"180,454",," Glass Broken, Ignition Damage, Vandalised - Entire Vehicle, Stolen & Recovered, Selling Registered","Automatic,",5,Petrol,https://manheim.co.nz/damaged-vehicles/000000000007420376/2004-toyota-will-cypha-station-wagon?referringPage=SearchResults
Toyota,Vitz,2006,No,$550,"198,638",," Front Damage, Structural Damage, Selling De-Registered","Automatic,",6,Petrol,https://manheim.co.nz/damaged-vehicles/000000000007420378/2006-toyota-vitz-rs-hatch?referringPage=SearchResults
Nissan,Teana,2004,No,$500,"145,024",," Rear Damage, Right Rear Damage, Structural Damage, Selling De-Registered","Automatic,",5,Petrol,https://manheim.co.nz/damaged-vehicles/000000000007420396/2004-nissan-teana-sedan?referringPage=SearchResults
Honda,fit,2009,No,$500,"78,761",," Right Front Damage, Structural Damage, Selling De-Registered","Automatic,",5,Petrol,https://manheim.co.nz/damaged-vehicles/000000000007420413/2009-honda-fit-hatch?referringPage=SearchResults
Suzuki,Jimny,2010,No,"$1,500","77,422",," Right Front Damage, Structural Damage, Selling De-Registered","5spd Manual,",4,Petrol,https://manheim.co.nz/damaged-vehicles/000000000007420416/2010-suzuki-jimny-station-wagon?referringPage=SearchResults
Toyota,Vitz,2005,No,$800,N/A,," Left Rear Damage, Left Side Damage, Rear Damage, Right Rear Damage, Structural Damage, Selling De-Registered","Automatic,",5,Petrol,https://manheim.co.nz/damaged-vehicles/000000000007420418/2005-toyota-vitz-hatch?referringPage=SearchResults
Mazda,Demio,2013,No,$400,N/A,," Left Rear Damage, Rear Damage, Right Rear Damage, Structural Damage, Selling De-Registered","Automatic,",5,Petrol,https://manheim.co.nz/damaged-vehicles/000000000007420419/2013-mazda-demio-hatch?referringPage=SearchResults
Toyota,Corolla,2003,No,$650,"198,682",," Rear Damage, Structural Damage, Selling De-Registered","Automatic,",5,Petrol,https://manheim.co.nz/damaged-vehicles/000000000007420448/2003-toyota-corolla-1-8p-gl-sedan-4a-sedan?referringPage=SearchResults
Honda,Rafaga,1994,No,$350,"174,562",," Rear Damage, Structural Damage, Selling De-Registered","4spd Automatic,",5,Petrol,https://manheim.co.nz/damaged-vehicles/000000000007420449/1994-honda-rafaga-sedan?referringPage=SearchResults
Skoda,Scala,2019,No,"$1,500","220,163",," Water Damage, Selling De-Registered","Automatic,",5,Petrol,https://manheim.co.nz/damaged-vehicles/000000000007410467/2019-skoda-scala-sport-tsi-110kw-1-5-hatch?referringPage=SearchResults
Toyota,Prius,2009,No,$550,N/A,," Front Damage, Left Front Damage, Left Side Damage, Structural Damage, Selling De-Registered",N/A,5,Hybrid,https://manheim.co.nz/damaged-vehicles/000000000007420473/2009-toyota-prius-hatch?referringPage=SearchResults
Hyundai,IX35,2013,No,"$1,200","164,478",," Front Damage, Left Side Damage, Right Side Damage, Structural Damage, Selling De-Registered","Automatic,",5,Diesel,https://manheim.co.nz/damaged-vehicles/000000000007420474/2013-hyundai-ix35-2-0r-crdi-elite-a6-station-wagon?referringPage=SearchResults
Mazda,2,2015,No,$350,"120,882",," Front Damage, Structural Damage, Selling De-Registered","Automatic,",5,Petrol,https://manheim.co.nz/damaged-vehicles/000000000007420475/2015-mazda-2-dj-neo-hatch?referringPage=SearchResults
Suzuki,Swift,2007,No,$150,"128,277",," Front Damage, Structural Damage, Selling De-Registered","4spd Automatic,",5,Petrol,https://manheim.co.nz/damaged-vehicles/000000000007420476/2007-suzuki-swift-glxha2-1-5-5dr-hatch?referringPage=SearchResults
Triumph,Bonneville,2006,Yes,"$1,675","52,537",, Selling Registered,"Automatic,",N/A,Petrol,https://manheim.co.nz/damaged-vehicles/000000000007420478/2006-triumph-bonneville-america-motorcycle?referringPage=SearchResults
Ford,Falcon,2010,No,$800,"173,808",," Front Damage, Left Front Damage, Roof Damage, Right Front Damage, Right Side Damage, Structural Damage, Selling De-Registered","Automatic,",5,Petrol,https://manheim.co.nz/damaged-vehicles/000000000007420480/2010-ford-falcon-fg-xr6-sedan-a-sedan?referringPage=SearchResults
Toyota,Hilux,2017,No,$25,N/A,," Fire - Entire Vehicle, Structural Damage, Stolen & Recovered, Selling De-Registered","Automatic,",2,Diesel,https://manheim.co.nz/damaged-vehicles/000000000007420482/2017-toyota-hilux-s-td-sc-cc-2-8d-5mt-dual-cab-chassis?referringPage=SearchResults
Toyota,Corolla,2008,No,$200,N/A,," Front Damage, Interior Fire Damage, Structural Damage, Selling De-Registered","Automatic,",5,Petrol,https://manheim.co.nz/damaged-vehicles/000000000007420483/2008-toyota-corolla-1-8p-gx-hatch-5-6m-hatch?referringPage=SearchResults
Ford,Falcon,2007,No,"$1,200",N/A,," Rolled, Structural Damage, Stolen & Recovered, Selling De-Registered","Automatic,",5,Petrol,https://manheim.co.nz/damaged-vehicles/000000000007420484/2007-ford-falcon-bf2-xr8-6spd-a-sedan?referringPage=SearchResults
HOMEMADE,N/A,2000,No,"$3,500",N/A,0," Chassis Damage, Frame Damaged, Structural Damage, Selling De-Registered",N/A,N/A,N/A,https://manheim.co.nz/damaged-vehicles/000000000007410481/2000-homemade-transporter-trailer?referringPage=SearchResults
Holden,Captiva,2014,No,$0,"190,454",," Right Rear Damage, Right Side Damage, Selling De-Registered","Automatic,",5,Diesel,https://manheim.co.nz/damaged-vehicles/000000000007390491/2014-holden-captiva-ltz-2-2d-4wd-6at-sw-station-wagon?referringPage=SearchResults
Holden,Captiva,2008,No,$0,N/A,," Left Rear Damage, Dismantled - Engine, Selling De-Registered","Automatic,",7,Petrol,https://manheim.co.nz/damaged-vehicles/000000000007390495/2008-holden-captiva-lx-3-2l-v6-auto-station-wagon?referringPage=SearchResults
Honda,fit,2002,No,$100,"259,380",," Interior Damage, Water Damage, Selling De-Registered","Automatic,",5,Petrol,https://manheim.co.nz/damaged-vehicles/000000000007420491/2002-honda-fit-hatch?referringPage=SearchResults
Toyota,Cavalier,1998,No,$500,"122,121",," Left Side Damage, Structural Damage, Selling De-Registered","Automatic,",5,Petrol,https://manheim.co.nz/damaged-vehicles/000000000007420492/1998-toyota-cavalier-sedan?referringPage=SearchResults
Toyota,Corolla,2019,Yes,N/A,N/A,," Stolen & Recovered, Selling Registered","Automatic,",5,Petrol,https://manheim.co.nz/damaged-vehicles/000000000007420495/2019-toyota-corolla-sx-2-0p-10cvt-sedan?referringPage=SearchResults
Mazda,MAZDA2,2003,No,$500,N/A,," Left Front Damage, Left Rear Damage, Left Side Damage, Structural Damage, Selling De-Registered",N/A,5,Petrol,https://manheim.co.nz/damaged-vehicles/000000000007420496/2003-mazda-mazda2-hatch-5-dr-1-5-auto-hatch?referringPage=SearchResults
Dodge.,Journey,2016,No,"$1,400","188,715",," Right Rear Damage, Structural Damage, Selling De-Registered","Automatic,",7,Petrol,https://manheim.co.nz/damaged-vehicles/000000000007420497/2016-dodge-journey-sxt-3-6p-6at-sw-5dr-station-wagon?referringPage=SearchResults
Toyota,Wish,2004,Yes,$550,"198,175",," Ignition Damage, Right Front Damage, Stolen & Recovered, Selling Registered","Automatic,",7,Petrol,https://manheim.co.nz/damaged-vehicles/000000000007420498/2004-toyota-wish-station-wagon?referringPage=SearchResults
Ford,Fiesta,2008,No,$400,"47,365",," Front Damage, Structural Damage, Selling De-Registered","Automatic,",5,Petrol,https://manheim.co.nz/damaged-vehicles/000000000007420499/2008-ford-fiesta-5dr-1-6-a-hatch?referringPage=SearchResults
BMW,116i,2012,No,$400,"187,411",," Rear Damage, Structural Damage, Selling De-Registered",N/A,5,Petrol,https://manheim.co.nz/damaged-vehicles/000000000007420502/2012-bmw-116i-hatch-8a-5dr-1-6l-hatch?referringPage=SearchResults
Nissan,Latio,2015,No,$650,N/A,," Left Side Damage, Right Side Damage, Vandalised - Interior, Structural Damage, Stolen & Recovered, Selling De-Registered","Automatic,",5,Petrol,https://manheim.co.nz/damaged-vehicles/000000000007420506/2015-nissan-latio-1-2l-petrol-sedan?referringPage=SearchResults
Mazda,Demio,2013,No,$150,"51,908",," Water Damage, Selling De-Registered","Automatic,",5,Petrol,https://manheim.co.nz/damaged-vehicles/000000000007420507/2013-mazda-demio-hatch?referringPage=SearchResults
Toyota,Vitz,2001,No,$550,N/A,," Front Damage, Structural Damage, Selling De-Registered","Automatic,",5,Petrol,https://manheim.co.nz/damaged-vehicles/000000000007420514/2001-toyota-vitz-hatch?referringPage=SearchResults
Ssangyong,Korando,2014,No,"$1,000",N/A,," Interior Damage, Right Side Damage, Structural Damage, Selling De-Registered","Automatic,",5,Petrol,https://manheim.co.nz/damaged-vehicles/000000000007420524/2014-ssangyong-korando-petrol-auto-limited-station-wagon?referringPage=SearchResults
Toyota,Aqua,2017,No,"$1,200",N/A,," Rear Damage, Structural Damage, Selling De-Registered",N/A,5,Hybrid,https://manheim.co.nz/damaged-vehicles/000000000007420530/2017-toyota-aqua-hybrid-hatch?referringPage=SearchResults
Ford,Mondeo,2012,No,$550,"112,938",," Left Rear Damage, Rear Damage, Right Rear Damage, Structural Damage, Selling De-Registered","Automatic,",5,Petrol,https://manheim.co.nz/damaged-vehicles/000000000007420531/2012-ford-mondeo-2-3p-auto-hatch?referringPage=SearchResults
Ford,Territory,2009,No,$0,N/A,," Left Front Damage, Left Rear Damage, Left Side Damage, Right Rear Damage, Airbags Deployed, Selling De-Registered","Tiptronic,",7,Petrol,https://manheim.co.nz/damaged-vehicles/000000000007390530/2009-ford-territory-territory-ghia-awd-station-wagon?referringPage=SearchResults
Holden,Trax,2014,No,$0,"72,150",," Left Front Damage, Right Front Damage, Selling De-Registered","Automatic,",5,Petrol,https://manheim.co.nz/damaged-vehicles/000000000007390544/2014-holden-trax-ltz-1-8p-6at-sw-4dr-station-wagon?referringPage=SearchResults
Toyota,Vitz,2012,No,$800,N/A,," Left Rear Damage, Right Front Damage, Right Rear Damage, Vandalised - Interior, Structural Damage, Selling De-Registered","Automatic,",5,Petrol,https://manheim.co.nz/damaged-vehicles/000000000007420543/2012-toyota-vitz-hatch?referringPage=SearchResults
Holden,Cruze,2015,No,"$1,100","17,067",," Left Front Damage, Left Side Damage, Roof Damage, Selling De-Registered","Automatic,",5,Petrol,https://manheim.co.nz/damaged-vehicles/000000000007410551/2015-holden-cruze-equipe-1-8p-6at-ha--hatch?referringPage=SearchResults
Ford,KA,2000,No,$350,N/A,," Left Rear Damage, Right Rear Damage, Right Side Damage, Selling De-Registered","5spd Manual,",5,Petrol,https://manheim.co.nz/damaged-vehicles/000000000007410562/2000-ford-ka-1-3-3-dr-m-hatch?referringPage=SearchResults
Toyota,Prius,2016,No,N/A,N/A,," Rear Damage, Structural Damage, Selling De-Registered","Automatic,",5,Hybrid,https://manheim.co.nz/damaged-vehicles/000000000007420563/2016-toyota-prius-hybrid-hatch?referringPage=SearchResults
Toyota,Corolla,2012,Yes,"$1,300",N/A,," Interior Damage, Left Side Damage, Right Rear Damage, Right Side Damage, Vandalised - Interior, Stolen & Recovered, Selling Registered","CVT,",5,Petrol,https://manheim.co.nz/damaged-vehicles/000000000007420568/2012-toyota-corolla-gx-1-5p-wagon-cvt-station-wagon?referringPage=SearchResults
MG,3,2020,No,"$1,000","86,411",," Right Side Damage, Structural Damage, Selling De-Registered","5spd Automatic,",5,Petrol,https://manheim.co.nz/damaged-vehicles/000000000007420573/2020-mg-3-excite-1-5p-4at-hatch?referringPage=SearchResults
BMW,523i,2012,No,$800,"73,877",," Right Front Damage, Structural Damage, Suspension Damage, Selling De-Registered","Automatic,",5,Petrol,https://manheim.co.nz/damaged-vehicles/000000000007420581/2012-bmw-523i-sedan?referringPage=SearchResults
Holden,Barina,2018,No,$700,"93,830",," Right Rear Damage, Airbags Deployed, Structural Damage, Selling De-Registered",N/A,5,Petrol,https://manheim.co.nz/damaged-vehicles/000000000007420583/2018-holden-barina-ls-1-6p-6at-hatch?referringPage=SearchResults
Ford,Territory,2009,No,$600,N/A,," Left Front Damage, Left Side Damage, Right Side Damage, Selling De-Registered","Automatic,",7,Petrol,https://manheim.co.nz/damaged-vehicles/000000000007410581/2009-ford-territory-territory-ghia-awd-station-wagon?referringPage=SearchResults
Ford,Kuga,2014,Yes,$0,N/A,," Left Front Damage, Dismantled - Engine, Selling Registered","Automatic,",5,Diesel,https://manheim.co.nz/damaged-vehicles/000000000007410589/2014-ford-kuga-awd-2-0-diesel-auto-station-wagon?referringPage=SearchResults
Ford,Explorer,2002,Yes,$800,N/A,," Left Rear Damage, Selling Registered","Automatic,",7,Petrol,https://manheim.co.nz/damaged-vehicles/000000000007410605/2002-ford-explorer-xlt-4-0l-au-station-wagon?referringPage=SearchResults
Toyota,Hiace,2013,No,N/A,"255,470",," Front Damage, Structural Damage, Selling De-Registered","Manual,",11,Petrol,https://manheim.co.nz/damaged-vehicles/000000000007400603/2013-toyota-hiace-zl-2-7p-5m-3-seat-van?referringPage=SearchResults
Toyota,Markx,2010,No,$550,"118,647",," Right Rear Damage, Structural Damage, Suspension Damage, Selling De-Registered","4spd Automatic,",5,Petrol,https://manheim.co.nz/damaged-vehicles/000000000007420602/2010-toyota-markx-sedan?referringPage=SearchResults
Ford,Falcon,2000,No,$600,N/A,," Left Side Damage, Selling De-Registered","Automatic,",5,Petrol,https://manheim.co.nz/damaged-vehicles/000000000007410624/2000-ford-falcon-au-fmnt-lthr-sedan?referringPage=SearchResults
Toyota,Corolla,1997,No,$350,"305,430",," Front Damage, Left Rear Damage, Left Side Damage, Rear Damage, Structural Damage, Selling De-Registered","Automatic,",5,Petrol,https://manheim.co.nz/damaged-vehicles/000000000007400650/1997-toyota-corolla-station-wagon?referringPage=SearchResults
Mazda,Atenza,2008,No,$400,"254,437",," Roof Damage, Right Front Damage, Right Side Damage, Structural Damage, Selling De-Registered",N/A,5,Petrol,https://manheim.co.nz/damaged-vehicles/000000000007420659/2008-mazda-atenza-station-wagon?referringPage=SearchResults
Honda,fit,2013,No,$25,"161,233",," Left Front Damage, Structural Damage, Selling De-Registered","7spd,",5,Petrol,https://manheim.co.nz/damaged-vehicles/000000000007420664/2013-honda-fit-hybrid-hatch?referringPage=SearchResults
Land Rover,Discovery,1997,Yes,$750,"282,523",," Left Front Damage, Left Rear Damage, Right Front Damage, Selling Registered","4spd Automatic,",4,Petrol,https://manheim.co.nz/damaged-vehicles/000000000007420666/1997-land-rover-discovery-3-9-5-dr-auto-station-wagon?referringPage=SearchResults
Holden,Trax,2014,No,$0,N/A,," Left Front Damage, Right Front Damage, Dismantled - Entire Vehicle, Selling De-Registered","6spd Automatic,",5,Petrol,https://manheim.co.nz/damaged-vehicles/000000000007400698/2014-holden-trax-ltz-1-8p-6at-sw-4dr-station-wagon?referringPage=SearchResults
Mazda,Axela,2005,Yes,$950,N/A,," Left Front Damage, Left Side Damage, Right Rear Damage, Right Side Damage, Selling Registered","4spd Automatic,",5,Petrol,https://manheim.co.nz/damaged-vehicles/000000000007420712/2005-mazda-axela-hatch?referringPage=SearchResults
Yamaha,Dirt Bike,N/A,No,$675,N/A,N/A, Selling De-Registered,5spd Manua,N/A,N/A,https://manheim.co.nz/damaged-vehicles/000000000007410720/yamaha-dirt-bike-motorcycle?referringPage=SearchResults
FORZA,Ciclone,2022,No,$50,"1,848",, Selling De-Registered,"Automatic,",N/A,Petrol,https://manheim.co.nz/damaged-vehicles/000000000007410721/2022-forza-ciclone-scooter?referringPage=SearchResults
Peugeot,206,2004,No,$550,"118,976",," Front Damage, Selling De-Registered","5spd Manual,",4,Petrol,https://manheim.co.nz/damaged-vehicles/000000000007410728/2004-peugeot-206-2-0-cpe-cab-2dr-mp-coup%C3%A9?referringPage=SearchResults
Mitsubishi,Lancer,1995,No,$550,"204,456",, Selling De-Registered,"Automatic,",5,Petrol,https://manheim.co.nz/damaged-vehicles/000000000007410733/1995-mitsubishi-lancer-1-6-glxi-sedan-a-sedan?referringPage=SearchResults
Mazda,BT-50,2009,No,$800,N/A,," Front Damage, Right Side Damage, Structural Damage, Selling De-Registered","Automatic,",5,Diesel,https://manheim.co.nz/damaged-vehicles/000000000007380739/2009-mazda-bt-50-d-cab-w-s-4wd-sdx-utility?referringPage=SearchResults
Honda,fit,2002,Yes,$600,"170,072",, Selling Registered,"Automatic,",5,Petrol,https://manheim.co.nz/damaged-vehicles/000000000007410740/2002-honda-fit-hatch?referringPage=SearchResults
Ford,Kuga,2013,No,$700,"179,162",," Water Damage, Selling De-Registered","Automatic,",5,Petrol,https://manheim.co.nz/damaged-vehicles/000000000007410744/2013-ford-kuga-station-wagon?referringPage=SearchResults
Honda,CBR,2021,No,"$1,500",1,," Front Fork Damaged, Structural Damage, Selling De-Registered","Automatic,",N/A,Petrol,https://manheim.co.nz/damaged-vehicles/000000000007390754/2021-honda-cbr-650-p-motorcycle?referringPage=SearchResults
Nissan,Juke,2013,No,N/A,N/A,,N/A,N/A,5,Petrol,https://manheim.co.nz/damaged-vehicles/000000000007410767/2013-nissan-juke-station-wagon?referringPage=SearchResults
Mazda,Atenza,2014,No,$550,N/A,," Right Front Damage, Right Rear Damage, Airbags Deployed, Structural Damage, Selling De-Registered",N/A,5,Petrol,https://manheim.co.nz/damaged-vehicles/000000000007420772/2014-mazda-atenza-sedan?referringPage=SearchResults
Nissan,Murano,2009,Yes,$600,"246,115",, Selling Registered,"Automatic,",5,Petrol,https://manheim.co.nz/damaged-vehicles/000000000007380793/2009-nissan-murano-3-5-4wd-ti-station-wagon?referringPage=SearchResults
Ford,Kuga,2014,No,$0,"87,000",," Right Side Damage, Selling De-Registered","Automatic,",5,Petrol,https://manheim.co.nz/damaged-vehicles/000000000007390806/2014-ford-kuga-awd-1-6p-ecoboost-a-station-wagon?referringPage=SearchResults
Holden,Commodore,2004,No,$0,"220,786",," Left Rear Damage, Right Rear Damage, Dismantled - Entire Vehicle, Selling De-Registered","Automatic,",5,Petrol,https://manheim.co.nz/damaged-vehicles/000000000007400803/2004-holden-commodore-acclaim-sedan-auto-sedan?referringPage=SearchResults
Kia,Sorento,2023,No,N/A,"47,021",," Rolled, Structural Damage, Selling De-Registered",N/A,7,Hybrid,https://manheim.co.nz/damaged-vehicles/000000000007420835/2023-kia-sorento-phev-ex-phev-4wd-6a-station-wagon?referringPage=SearchResults
Nissan,X-trail,2015,No,"$1,500","62,645",," Interior Damage, Dismantled - Interior, Water Damage, Selling De-Registered","Automatic,",5,Petrol,https://manheim.co.nz/damaged-vehicles/000000000007420838/2015-nissan-x-trail-station-wagon?referringPage=SearchResults
Mitsubishi,Eclipse Cross,2018,Yes,N/A,"150,920",," Left Rear Damage, Left Side Damage, Stolen & Recovered, Selling Registered","CVT,",5,Petrol,https://manheim.co.nz/damaged-vehicles/000000000007400853/2018-mitsubishi-eclipse-cross-xls-1-5p-8cvt-station-wagon?referringPage=SearchResults
Fiat,Abarth 595,2022,No,"$1,500",N/A,," Front Damage, Airbags Deployed, Structural Damage, Selling De-Registered",N/A,4,Petrol,https://manheim.co.nz/damaged-vehicles/000000000007420879/2022-fiat-abarth-595-1-4pt-5at-hatch?referringPage=SearchResults
Mercedes-Benz,C180,2012,No,"$1,400","50,206",," Front Damage, Left Front Damage, Roof Damage, Right Front Damage, Right Rear Damage, Right Side Damage, Structural Damage, Selling De-Registered","Automatic,",4,Petrol,https://manheim.co.nz/damaged-vehicles/000000000007420895/2012-mercedes-benz-c180-coupe-coup%C3%A9?referringPage=SearchResults
Holden,Colorado,2020,No,N/A,"190,184",," Right Side Damage, Structural Damage, Selling De-Registered","Automatic,",5,Diesel,https://manheim.co.nz/damaged-vehicles/000000000007420933/2020-holden-colorado-ltz-dc-pu-2-8d-dual-cab-chassis?referringPage=SearchResults
Mazda,Familia,2000,No,$400,"258,576",," Front Damage, Rear Damage, Structural Damage, Selling De-Registered","Automatic,",5,Petrol,https://manheim.co.nz/damaged-vehicles/000000000007420938/2000-mazda-familia-sp20-station-wagon?referringPage=SearchResults
Mitsubishi,Colt,2008,No,$500,"123,033",," Left Front Damage, Left Rear Damage, Right Front Damage, Right Rear Damage, Airbags Deployed, Selling De-Registered","Automatic,",5,Petrol,https://manheim.co.nz/damaged-vehicles/000000000007410956/2008-mitsubishi-colt-plus-hatch?referringPage=SearchResults
Ford,Escape,2008,No,$0,"188,958",," Left Front Damage, Roof Damage, Right Front Damage, Vandalised - Interior, Selling De-Registered","Automatic,",5,Petrol,https://manheim.co.nz/damaged-vehicles/000000000007400969/2008-ford-escape-xlt-v6-sport-station-wagon?referringPage=SearchResults
Ford,Fiesta,2012,No,$0,"17,000",," Left Front Damage, Left Side Damage, Right Front Damage, Right Side Damage, Airbags Deployed, Selling De-Registered","5spd Manual,",5,Petrol,https://manheim.co.nz/damaged-vehicles/000000000007401004/2012-ford-fiesta-5dr-1-6-m-zetec-hatch?referringPage=SearchResults
Holden,Captiva,2015,No,$0,"120,087",," Dismantled - Engine, Selling De-Registered","Automatic,",7,Diesel,https://manheim.co.nz/damaged-vehicles/000000000007391005/2015-holden-captiva-7-ltz-2-2d-4wd-6at--station-wagon?referringPage=SearchResults
Toyota,SAI,2015,No,"$1,500",N/A,," Front Damage, Left Front Damage, Left Side Damage, Right Front Damage, Structural Damage, Selling De-Registered","Automatic,",5,Hybrid,https://manheim.co.nz/damaged-vehicles/000000000007401020/2015-toyota-sai-sedan?referringPage=SearchResults
Ford,Falcon,2003,No,$0,N/A,," Roof Damage, Right Side Damage, Dismantled - Interior, Selling De-Registered","Automatic,",5,Petrol,https://manheim.co.nz/damaged-vehicles/000000000007401022/2003-ford-falcon-ba-falcon-xt-w-fa-station-wagon?referringPage=SearchResults
Ford,Focus,2010,No,$0,"178,829",," Left Front Damage, Left Side Damage, Right Front Damage, Selling De-Registered","5spd Manual,",5,Diesel,https://manheim.co.nz/damaged-vehicles/000000000007401030/2010-ford-focus-1-8td-wagon-station-wagon?referringPage=SearchResults
Suzuki,GSX150,2020,No,$500,"5,663",," Structural Damage, Selling De-Registered",N/A,N/A,Petrol,https://manheim.co.nz/damaged-vehicles/000000000007381041/2020-suzuki-gsx150-fdza-gixxer-motorcycle?referringPage=SearchResults
Honda,Jazz,2016,No,"$1,700","77,297",," Left Side Damage, Airbags Deployed, Structural Damage, Selling De-Registered","CVT,",5,Petrol,https://manheim.co.nz/damaged-vehicles/000000000007421040/2016-honda-jazz-rs-1-5p-cvt-ha-5dr--hatch?referringPage=SearchResults
Nissan,Note,2019,No,"$1,000",N/A,," Airbags Deployed, Structural Damage, Selling De-Registered","Automatic,",5,Petrol,https://manheim.co.nz/damaged-vehicles/000000000007391162/2019-nissan-note-hatch?referringPage=SearchResults
Honda,fit,2006,No,$500,N/A,," Right Front Damage, Structural Damage, Selling De-Registered",N/A,5,Petrol,https://manheim.co.nz/damaged-vehicles/000000000007421170/2006-honda-fit-hatch?referringPage=SearchResults
Ssangyong,Rexton,2015,Yes,$850,"178,080",," Rear Damage, Structural Damage, Selling Registered","Automatic,",7,Diesel,https://manheim.co.nz/damaged-vehicles/000000000007421179/2015-ssangyong-rexton-station-wagon?referringPage=SearchResults
Ford,Focus,2002,No,$150,"142,188",," Right Front Damage, Structural Damage, Selling De-Registered",N/A,5,Petrol,https://manheim.co.nz/damaged-vehicles/000000000007421188/2002-ford-focus-hatch?referringPage=SearchResults
Honda,CRZ,2012,No,"$1,400",N/A,," Left Side Damage, Structural Damage, Selling De-Registered","Automatic,",4,Hybrid,https://manheim.co.nz/damaged-vehicles/000000000007421208/2012-honda-crz-sr-1-5ph-cvt-coup%C3%A9?referringPage=SearchResults
Nissan,March,2013,No,$550,"121,705",," Rear Damage, Structural Damage, Selling De-Registered","Automatic,",5,Petrol,https://manheim.co.nz/damaged-vehicles/000000000007421210/2013-nissan-march-hatch?referringPage=SearchResults
Nissan,Dualis,2008,No,$350,"169,509",," Rear Damage, Structural Damage, Selling De-Registered",N/A,5,Petrol,https://manheim.co.nz/damaged-vehicles/000000000007421213/2008-nissan-dualis-station-wagon?referringPage=SearchResults
Audi,A7,2011,No,"$1,200","114,244",," Front Damage, Structural Damage, Selling De-Registered",N/A,5,Petrol,https://manheim.co.nz/damaged-vehicles/000000000007421214/2011-audi-a7-sportback-3-0t-fsi-sedan?referringPage=SearchResults
Subaru,Trezia,2012,No,$550,N/A,," Left Front Damage, Left Side Damage, Structural Damage, Selling De-Registered","Automatic,",5,Petrol,https://manheim.co.nz/damaged-vehicles/000000000007421222/2012-subaru-trezia-hatch?referringPage=SearchResults
Honda,fit,2012,No,$650,"90,706",," Rear Damage, Structural Damage, Selling De-Registered",N/A,5,Hybrid,https://manheim.co.nz/damaged-vehicles/000000000007421224/2012-honda-fit-shuttle-station-wagon?referringPage=SearchResults
Peugeot,308,2008,No,$500,"201,992",," Left Side Damage, Structural Damage, Selling De-Registered","Automatic,",5,Diesel,https://manheim.co.nz/damaged-vehicles/000000000007421227/2008-peugeot-308-hdi-auto-hatch?referringPage=SearchResults
Mazda,MAZDA3,2008,No,$550,N/A,," Front Damage, Left Side Damage, Rear Damage, Roof Damage, Right Front Damage, Right Side Damage, Airbags Deployed, Structural Damage, Selling De-Registered","Automatic,",5,Petrol,https://manheim.co.nz/damaged-vehicles/000000000007421254/2008-mazda-mazda3-sporthatch-mps-2-3-hatch?referringPage=SearchResults
Toyota,Aqua,2017,No,"$1,200","193,869",," Front Damage, Structural Damage, Selling De-Registered",N/A,5,Hybrid,https://manheim.co.nz/damaged-vehicles/000000000007411255/2017-toyota-aqua-hatch?referringPage=SearchResults
Mercedes-Benz,CLS,2011,No,"$1,500","81,296",," Front Damage, Structural Damage, Selling De-Registered","Automatic,",5,Petrol,https://manheim.co.nz/damaged-vehicles/000000000007421261/2011-mercedes-benz-cls-350-sedan?referringPage=SearchResults
Nissan,Tiida,2006,No,$500,"145,772",," Left Rear Damage, Structural Damage, Selling De-Registered","Automatic,",5,Petrol,https://manheim.co.nz/damaged-vehicles/000000000007421302/2006-nissan-tiida-hatch?referringPage=SearchResults
SWIFT,Challenger 460,2005,No,"$1,250",N/A,0," Left Side Damage, Structural Damage, Selling De-Registered",N/A,N/A,N/A,https://manheim.co.nz/damaged-vehicles/000000000007411305/2005-swift-challenger-460-caravan?referringPage=SearchResults
Holden,Captiva,2014,No,$800,1,, Selling De-Registered,"Automatic,",7,Petrol,https://manheim.co.nz/damaged-vehicles/000000000007401307/2014-holden-captiva-ltz-v6-3-0p-4wd-6at-station-wagon?referringPage=SearchResults
Nissan,Serena,2013,No,"$1,500","137,526",," Front Damage, Structural Damage, Selling De-Registered","Automatic,",8,Hybrid,https://manheim.co.nz/damaged-vehicles/000000000007401308/2013-nissan-serena-hybrid-station-wagon?referringPage=SearchResults
Yamaha,MT03LA,2019,No,$400,1,," Structural Damage, Selling De-Registered",N/A,N/A,Petrol,https://manheim.co.nz/damaged-vehicles/000000000007401316/2019-yamaha-mt03la-k-motorcycle?referringPage=SearchResults
Suzuki,GSX250FRLL9,2021,No,$600,N/A,, Selling De-Registered,"Automatic,",N/A,Petrol,https://manheim.co.nz/damaged-vehicles/000000000007411314/2021-suzuki-gsx250frll9-motorcycle?referringPage=SearchResults
Suzuki,Swift,2013,No,$550,N/A,," Front Damage, Left Front Damage, Right Front Damage, Structural Damage, Selling De-Registered","Automatic,",5,Petrol,https://manheim.co.nz/damaged-vehicles/000000000007421314/2013-suzuki-swift-hatch?referringPage=SearchResults
Ford,Falcon,2009,No,$400,"309,356",," Structural Damage, Selling De-Registered",N/A,5,Petrol,https://manheim.co.nz/damaged-vehicles/000000000007421318/2009-ford-falcon-fg-xr6-sedan-a-sedan?referringPage=SearchResults
Ford,Courier,2001,No,$11,N/A,," Vandalised - Entire Vehicle, Dismantled - Entire Vehicle, Structural Damage, Stolen & Recovered, Selling De-Registered","Manual,",5,Diesel,https://manheim.co.nz/damaged-vehicles/000000000007421322/2001-ford-courier-xlx-crew-cab-dual-cab-utility?referringPage=SearchResults
Toyota,Caldina,2006,No,$650,N/A,," Front Damage, Right Front Damage, Structural Damage, Selling De-Registered","Automatic,",5,Petrol,https://manheim.co.nz/damaged-vehicles/000000000007421326/2006-toyota-caldina-station-wagon?referringPage=SearchResults
Mercedes-Benz,Gle-class,2016,No,N/A,N/A,," Interior Damage, Water Damage, Selling De-Registered","Automatic,",5,Diesel,https://manheim.co.nz/damaged-vehicles/000000000007411329/2016-mercedes-benz-gle-class-gle-250d-2-1d-4wd-9-station-wagon?referringPage=SearchResults
Daihatsu,Sirion,2008,No,$350,"128,915",," Interior Damage, Water Damage, Selling De-Registered",N/A,5,Petrol,https://manheim.co.nz/damaged-vehicles/000000000007421330/2008-daihatsu-sirion-1-3p-hatch-4a-hatch?referringPage=SearchResults
Subaru,Forester,2013,No,$800,"102,539",," Front Damage, Right Side Damage, Structural Damage, Selling De-Registered","Automatic,",5,Petrol,https://manheim.co.nz/damaged-vehicles/000000000007421349/2013-subaru-forester-station-wagon?referringPage=SearchResults
KTM,200,2015,No,$600,"24,476",," Left Side Damage, Right Side Damage, Structural Damage, Selling De-Registered","Manual,",N/A,Petrol,https://manheim.co.nz/damaged-vehicles/000000000007401348/2015-ktm-200-duke-motorcycle?referringPage=SearchResults
Mazda,Atenza,2011,No,$500,"274,943",," Right Side Damage, Structural Damage, Selling De-Registered",N/A,5,Petrol,https://manheim.co.nz/damaged-vehicles/000000000007421354/2011-mazda-atenza-station-wagon?referringPage=SearchResults
Subaru,Legacy,2006,No,$5,N/A,," Fire Damage, Fire - Entire Vehicle, Structural Damage, Stolen & Recovered, Selling De-Registered","Automatic,",5,Petrol,https://manheim.co.nz/damaged-vehicles/000000000007421378/2006-subaru-legacy-station-wagon?referringPage=SearchResults
Toyota,SAI,2012,No,"$1,200","193,950",," Front Damage, Structural Damage, Selling De-Registered","Automatic,",5,Hybrid,https://manheim.co.nz/damaged-vehicles/000000000007421385/2012-toyota-sai-hatch?referringPage=SearchResults
Mazda,Demio,2005,No,$500,"189,309",," Interior Damage, Ignition Damage, Left Front Damage, Left Rear Damage, Vandalised - Interior, Structural Damage, Stolen & Recovered, Selling De-Registered","Automatic,",5,Petrol,https://manheim.co.nz/damaged-vehicles/000000000007421399/2005-mazda-demio-hatch?referringPage=SearchResults
Suzuki,Swift,2005,No,$150,N/A,," Airbags Deployed, Right Side Damage, Structural Damage, Suspension Damage, Selling De-Registered",N/A,5,Petrol,https://manheim.co.nz/damaged-vehicles/000000000007421423/2005-suzuki-swift-hatch?referringPage=SearchResults
Ford,Mondeo,2020,No,"$1,500","78,729",," Rear Damage, Structural Damage, Under Body Damage, Selling De-Registered",N/A,5,Petrol,https://manheim.co.nz/damaged-vehicles/000000000007421429/2020-ford-mondeo-ambiente-5dr-petrol-hatch?referringPage=SearchResults
Toyota,Aqua,2014,No,$800,N/A,," Rear Damage, Right Front Damage, Right Rear Damage, Structural Damage, Selling De-Registered","Automatic,",5,Hybrid,https://manheim.co.nz/damaged-vehicles/000000000007411420/2014-toyota-aqua-hatch?referringPage=SearchResults
Mazda,Demio,2003,Yes,$800,"1,844,225",," Left Front Damage, Stolen & Recovered, Selling Registered","Automatic,",5,Petrol,https://manheim.co.nz/damaged-vehicles/000000000007411427/2003-mazda-demio-hatch?referringPage=SearchResults
Toyota,Corolla,2006,Yes,"$2,500",N/A,," Stolen & Recovered, Selling Registered","Automatic,",5,Petrol,https://manheim.co.nz/damaged-vehicles/000000000007411437/2006-toyota-corolla-1-8p-gl-hatch5-4a-hatch?referringPage=SearchResults
Kawasaki,ex,2011,Yes,$475,"37,540",," Left Front Damage, Left Side Damage, Right Side Damage, Selling Registered","Manual,",N/A,Petrol,https://manheim.co.nz/damaged-vehicles/000000000007411438/2011-kawasaki-ex-250j-motorcycle?referringPage=SearchResults
Kia,Stonic,2024,No,N/A,"13,216",," Front Damage, Left Front Damage, Structural Damage, Selling De-Registered",N/A,5,Petrol,https://manheim.co.nz/damaged-vehicles/000000000007421436/2024-kia-stonic-sx-1-0pt-7am-hatch?referringPage=SearchResults
Honda,fit,2009,No,$500,"183,846",," Front Damage, Structural Damage, Selling De-Registered","4spd Automatic,",5,Petrol,https://manheim.co.nz/damaged-vehicles/000000000007421438/2009-honda-fit-hatch?referringPage=SearchResults
Nissan,Juke,2015,No,$550,N/A,," Front Damage, Left Front Damage, Left Rear Damage, Right Front Damage, Right Rear Damage, Airbags Deployed, Structural Damage, Selling De-Registered","Automatic,",5,Petrol,https://manheim.co.nz/damaged-vehicles/000000000007411442/2015-nissan-juke-1-5-station-wagon?referringPage=SearchResults
Honda,Pioneer,2025,No,"$3,400",N/A,," Front Damage, Structural Damage, Suspension Damage, Selling De-Registered",N/A,N/A,N/A,https://manheim.co.nz/damaged-vehicles/000000000007411453/2025-honda-pioneer-quad-bike?referringPage=SearchResults
Indian,Scout,2022,No,"$3,150","5,670",," Structural Damage, Selling De-Registered",N/A,N/A,Petrol,https://manheim.co.nz/damaged-vehicles/000000000007411478/2022-indian-scout-bobber-motorcycle?referringPage=SearchResults
Hyundai,Veloster,2012,No,$650,N/A,," Left Front Damage, Left Side Damage, Roof Damage, Right Side Damage, Structural Damage, Selling De-Registered","Automatic,",4,Petrol,https://manheim.co.nz/damaged-vehicles/000000000007381480/2012-hyundai-veloster-1-6t-elite-a6-hatch?referringPage=SearchResults
MINI,Countryman,2017,No,N/A,"97,527",," Front Damage, Left Front Damage, Structural Damage, Selling De-Registered","Automatic,",5,Petrol,https://manheim.co.nz/damaged-vehicles/000000000007421486/2017-mini-countryman-cooper-1-5p-6at-station-wagon?referringPage=SearchResults
Holden,Barina,2015,No,$550,N/A,," Stolen & Recovered, Water Damage, Selling De-Registered","Automatic,",5,Petrol,https://manheim.co.nz/damaged-vehicles/000000000007421490/2015-holden-barina-cd-1-6p-6at-sl-4dr--sedan?referringPage=SearchResults
Toyota,Avensis,2007,Yes,$700,N/A,," Right Front Damage, Right Side Damage, Selling Registered","Automatic,",5,Petrol,https://manheim.co.nz/damaged-vehicles/000000000007391490/2007-toyota-avensis-2-0-sedan?referringPage=SearchResults
Nissan,Tiida,2007,Yes,$350,"336,499",," Glass Broken, Ignition Damage, Left Front Damage, Stolen & Recovered, Selling Registered","Automatic,",5,Petrol,https://manheim.co.nz/damaged-vehicles/000000000007421509/2007-nissan-tiida-latio-sedan?referringPage=SearchResults
Nissan,Prairie,1996,No,$500,"138,817",," Left Side Damage, Right Side Damage, Structural Damage, Selling De-Registered","Automatic,",7,Petrol,https://manheim.co.nz/damaged-vehicles/000000000007421514/1996-nissan-prairie-joy-l-station-wagon?referringPage=SearchResults
Toyota,Yaris,2014,No,"$1,200","160,400",," Front Damage, Right Front Damage, Structural Damage, Selling De-Registered","5spd Manual,",5,Petrol,https://manheim.co.nz/damaged-vehicles/000000000007421516/2014-toyota-yaris-yr-1-3p-hatch5-5m-hatch?referringPage=SearchResults
Mitsubishi,Outlander,2016,No,N/A,"64,127",," Right Side Damage, Structural Damage, Selling De-Registered",N/A,7,Petrol,https://manheim.co.nz/damaged-vehicles/000000000007421517/2016-mitsubishi-outlander-station-wagon?referringPage=SearchResults
Toyota,Corolla,2013,No,$850,"167,743",," Right Side Damage, Structural Damage, Selling De-Registered",N/A,5,Petrol,https://manheim.co.nz/damaged-vehicles/000000000007421519/2013-toyota-corolla-gx-1-8p-hatch-6m-hatch?referringPage=SearchResults
Mazda,Demio,2008,No,$500,"168,676",," Right Side Damage, Structural Damage, Selling De-Registered","Automatic,",5,Petrol,https://manheim.co.nz/damaged-vehicles/000000000007421529/2008-mazda-demio-hatch?referringPage=SearchResults
Honda,Jazz,2008,No,$400,N/A,," Left Front Damage, Right Front Damage, Right Side Damage, Structural Damage, Selling De-Registered","5spd Automatic,",5,Petrol,https://manheim.co.nz/damaged-vehicles/000000000007421543/2008-honda-jazz-sport-hatch?referringPage=SearchResults
Toyota,Landcruiser,1996,No,"$1,200","487,187",," Water Damage, Selling De-Registered","Automatic,",8,Diesel,https://manheim.co.nz/damaged-vehicles/000000000007421547/1996-toyota-landcruiser-prado-station-wagon?referringPage=SearchResults
Toyota,Corolla,2008,No,$500,N/A,," Front Damage, Airbags Deployed, Structural Damage, Stolen & Recovered, Selling De-Registered","Automatic,",5,Petrol,https://manheim.co.nz/damaged-vehicles/000000000007421561/2008-toyota-corolla-1-8p-gx-hatch-5-4a-hatch?referringPage=SearchResults
Harley-Davidson,Flstf,2011,Yes,"$3,150",1,," Front Damage, Left Side Damage, Right Side Damage, Selling Registered","Manual,",N/A,Petrol,https://manheim.co.nz/damaged-vehicles/000000000007421565/2011-harley-davidson-flstf-fat-boy-motorcycle?referringPage=SearchResults
Ford,Focus,2011,No,$400,"183,379",," Front Damage, Structural Damage, Selling De-Registered","Automatic,",5,Petrol,https://manheim.co.nz/damaged-vehicles/000000000007421582/2011-ford-focus-zetec-2-0-a-hatch-hatch?referringPage=SearchResults
Toyota,Aqua,2016,No,"$6,000","60,765",," Glass Broken, Left Rear Damage, Rear Damage, Right Front Damage, Right Rear Damage, Vandalised - Interior, Structural Damage, Stolen & Recovered, Selling De-Registered","4spd Automatic,",5,Hybrid,https://manheim.co.nz/damaged-vehicles/000000000007421585/2016-toyota-aqua-hatch?referringPage=SearchResults
Volkswagen,Passat,2004,No,$150,"228,113",," Water Damage, Selling De-Registered","Automatic,",5,Petrol,https://manheim.co.nz/damaged-vehicles/000000000007421589/2004-volkswagen-passat-station-wagon?referringPage=SearchResults
Mazda,CX-5,2015,No,"$1,500",N/A,," Vandalised - Entire Vehicle, Selling De-Registered",N/A,5,Diesel,https://manheim.co.nz/damaged-vehicles/000000000007421599/2015-mazda-cx-5-station-wagon?referringPage=SearchResults
Toyota,Aqua,2014,No,$800,N/A,," Left Front Damage, Right Side Damage, Structural Damage, Selling De-Registered","Automatic,",5,Hybrid,https://manheim.co.nz/damaged-vehicles/000000000007421603/2014-toyota-aqua-hatch?referringPage=SearchResults
Toyota,Yaris,2021,No,N/A,"116,538",," Left Rear Damage, Structural Damage, Selling De-Registered","Automatic,",5,Hybrid,https://manheim.co.nz/damaged-vehicles/000000000007421609/2021-toyota-yaris-cross-station-wagon?referringPage=SearchResults
Nissan,Note,2017,No,$800,"110,171",," Front Damage, Left Front Damage, Structural Damage, Selling De-Registered","Automatic,",5,Petrol,https://manheim.co.nz/damaged-vehicles/000000000007411606/2017-nissan-note-hatch?referringPage=SearchResults
Maserati,Ghibli,2015,No,N/A,"70,287",," Structural Damage, Under Body Damage, Selling De-Registered","Automatic,",5,Diesel,https://manheim.co.nz/damaged-vehicles/000000000007421611/2015-maserati-ghibli-dv6-auto-sedan?referringPage=SearchResults
Volkswagen,Golf,2005,No,$150,N/A,," Water Damage, Selling De-Registered",N/A,5,Petrol,https://manheim.co.nz/damaged-vehicles/000000000007421613/2005-volkswagen-golf-gtx-hatch?referringPage=SearchResults
Ford,Kuga,2012,No,$350,N/A,," Interior Damage, Water Damage, Selling De-Registered",N/A,5,Petrol,https://manheim.co.nz/damaged-vehicles/000000000007421616/2012-ford-kuga-station-wagon?referringPage=SearchResults
Mercedes-Benz,ML,2007,No,"$1,200",N/A,," Left Side Damage, Structural Damage, Selling De-Registered","Automatic,",5,Diesel,https://manheim.co.nz/damaged-vehicles/000000000007411635/2007-mercedes-benz-ml-320-cdi-station-wagon?referringPage=SearchResults
Mazda,CX-5,2016,No,"$1,000",N/A,," Left Side Damage, Roof Damage, Right Side Damage, Structural Damage, Selling De-Registered","Automatic,",5,Diesel,https://manheim.co.nz/damaged-vehicles/000000000007401646/2016-mazda-cx-5-station-wagon?referringPage=SearchResults
Ford,Focus,2003,No,$25,N/A,," Fire Damage, Structural Damage, Selling De-Registered","Automatic,",5,Petrol,https://manheim.co.nz/damaged-vehicles/000000000007421651/2003-ford-focus-focus-1-6-a-hatch-hatch?referringPage=SearchResults
Nissan,Tiida,2006,Yes,$750,N/A,," Ignition Damage, Stolen & Recovered, Selling Registered","Automatic,",5,Petrol,https://manheim.co.nz/damaged-vehicles/000000000007421652/2006-nissan-tiida-hatch?referringPage=SearchResults
Holden,VS Utility,1995,No,"$1,400","280,475",," Left Front Damage, Left Rear Damage, Structural Damage, Selling De-Registered","5spd Manual,",5,Petrol,https://manheim.co.nz/damaged-vehicles/000000000007411661/1995-holden-vs-utility-s-bucket-man-utility?referringPage=SearchResults
Volkswagen,Tiguan,2011,No,$650,"150,583",," Left Side Damage, Structural Damage, Selling De-Registered",N/A,5,Petrol,https://manheim.co.nz/damaged-vehicles/000000000007421755/2011-volkswagen-tiguan-station-wagon?referringPage=SearchResults
Mazda,Demio,2014,No,$50,"134,294",," Front Damage, Structural Damage, Selling De-Registered",N/A,5,Petrol,https://manheim.co.nz/damaged-vehicles/000000000007421756/2014-mazda-demio-hatch?referringPage=SearchResults
Nissan,March,2006,No,$150,N/A,," Front Damage, Structural Damage, Selling De-Registered",N/A,N/A,Petrol,https://manheim.co.nz/damaged-vehicles/000000000007421757/2006-nissan-march-station-wagon?referringPage=SearchResults
BMW,Mini,2012,No,$550,"156,634",," Front Damage, Structural Damage, Selling De-Registered",N/A,5,Petrol,https://manheim.co.nz/damaged-vehicles/000000000007421758/2012-bmw-mini-cooper-s-hatch?referringPage=SearchResults
Nissan,X-trail,2008,No,$400,"207,799",," Front Damage, Airbags Deployed, Structural Damage, Selling De-Registered",N/A,5,Petrol,https://manheim.co.nz/damaged-vehicles/000000000007421761/2008-nissan-x-trail-station-wagon?referringPage=SearchResults
Suzuki,Swift,2015,No,$650,"73,318",," Left Front Damage, Right Front Damage, Structural Damage, Accident Damage, Selling De-Registered",N/A,5,Petrol,https://manheim.co.nz/damaged-vehicles/000000000007421762/2015-suzuki-swift-glxb-1-4p-5mt-ha-5d-hatch?referringPage=SearchResults
Mazda,Bounty,2004,Yes,"$4,250","265,512",," Ignition Damage, Selling Registered","Manual,",5,Diesel,https://manheim.co.nz/damaged-vehicles/000000000007421764/2004-mazda-bounty-dbl-cab-w-s-2wd-td-dual-cab-utility?referringPage=SearchResults
BMW,116i,2013,No,$800,"150,092",," Water Damage, Selling De-Registered","Automatic,",5,Petrol,https://manheim.co.nz/damaged-vehicles/000000000007421765/2013-bmw-116i-hatch?referringPage=SearchResults
Suzuki,Swift,2008,No,$400,N/A,," Rear Damage, Right Rear Damage, Structural Damage, Suspension Damage, Accident Damage, Selling De-Registered",N/A,5,Petrol,https://manheim.co.nz/damaged-vehicles/000000000007421767/2008-suzuki-swift-hatch?referringPage=SearchResults
Nissan,Lafesta,2006,No,$500,N/A,," Hard Hit, Left Side Damage, Structural Damage, Accident Damage, Selling De-Registered",N/A,7,Petrol,https://manheim.co.nz/damaged-vehicles/000000000007421768/2006-nissan-lafesta-station-wagon?referringPage=SearchResults
Triumph,Speedmaster,2012,No,$500,"50,745",," Hard Hit, Right Rear Damage, Structural Damage, Accident Damage, Selling De-Registered",N/A,N/A,Petrol,https://manheim.co.nz/damaged-vehicles/000000000007421770/2012-triumph-speedmaster-a2-ml5-motorcycle?referringPage=SearchResults
Toyota,Prius,2014,No,"$1,000",N/A,," Front Damage, Rear Damage, Structural Damage, Selling De-Registered",N/A,5,Hybrid,https://manheim.co.nz/damaged-vehicles/000000000007421771/2014-toyota-prius-alpha-station-wagon?referringPage=SearchResults
Nissan,Maxima,2004,No,$150,"216,442",," Front Damage, Left Front Damage, Structural Damage, Selling De-Registered",N/A,5,Petrol,https://manheim.co.nz/damaged-vehicles/000000000007411822/2004-nissan-maxima-st-3-5-auto-sedan?referringPage=SearchResults
Toyota,Prius,2013,No,$800,"151,438",," Left Front Damage, Left Rear Damage, Left Side Damage, Right Front Damage, Structural Damage, Selling De-Registered","Automatic,",5,Hybrid,https://manheim.co.nz/damaged-vehicles/000000000007421862/2013-toyota-prius-c-s-tech-1-5-hybrid-hatch?referringPage=SearchResults
Jaguar,XF,2015,No,"$1,500",N/A,," Stolen & Recovered, Selling De-Registered","Automatic,",5,Diesel,https://manheim.co.nz/damaged-vehicles/000000000007421863/2015-jaguar-xf-3-0d-s-luxury-sedan?referringPage=SearchResults
Yamaha,MT-03,2016,No,$400,N/A,," Engine Damage, Ignition Damage, Stolen & Recovered, Selling De-Registered","Automatic,",N/A,Petrol,https://manheim.co.nz/damaged-vehicles/000000000007421864/2016-yamaha-mt-03-la-motorcycle?referringPage=SearchResults
Toyota,Celica,1996,No,$400,"275,301",," Airbags Deployed, Front Damage, Left Front Damage, Left Side Damage, Roof Damage, Airbags Deployed, Structural Damage, Accident Damage, Selling De-Registered","Automatic,",5,Petrol,https://manheim.co.nz/damaged-vehicles/000000000007421866/1996-toyota-celica-hatch?referringPage=SearchResults
Volkswagen,Golf,2006,No,$550,N/A,," Front Damage, Rear Damage, Structural Damage, Accident Damage, Selling De-Registered",N/A,5,Petrol,https://manheim.co.nz/damaged-vehicles/000000000007421867/2006-volkswagen-golf-gti-hatch?referringPage=SearchResults
Fiat,Punto,2015,No,$500,N/A,," Front Damage, Rear Damage, Structural Damage, Selling De-Registered",N/A,5,Petrol,https://manheim.co.nz/damaged-vehicles/000000000007421868/2015-fiat-punto-easy-1-4p-5am-ha-5d-hatch?referringPage=SearchResults
Toyota,Allion,2005,Yes,"$1,550",N/A,," Left Side Damage, Accident Damage, Selling Registered","Automatic,",5,Petrol,https://manheim.co.nz/damaged-vehicles/000000000007421869/2005-toyota-allion-sedan?referringPage=SearchResults
Toyota,Corolla,2007,No,$500,"140,440",," Glass Broken, Left Front Damage, Left Rear Damage, Left Side Damage, Rolled, Structural Damage, Selling De-Registered","Automatic,",5,Petrol,https://manheim.co.nz/damaged-vehicles/000000000007421870/2007-toyota-corolla-hatch?referringPage=SearchResults
Toyota,Corolla,2015,No,$650,N/A,," Airbags Deployed, Front Damage, Left Front Damage, Left Side Damage, Right Front Damage, Airbags Deployed, Structural Damage, Accident Damage, Selling De-Registered",N/A,5,Hybrid,https://manheim.co.nz/damaged-vehicles/000000000007421871/2015-toyota-corolla-axio-hybrid-sedan?referringPage=SearchResults
Land Rover,Range Rover,2015,No,$5,N/A,," Burnt 100%, Vandalised - Entire Vehicle, Vandalised - Interior, Structural Damage, Stolen & Recovered, Selling De-Registered",N/A,5,Petrol,https://manheim.co.nz/damaged-vehicles/000000000007421873/2015-land-rover-range-rover-evoque-station-wagon?referringPage=SearchResults
Suzuki,Escudo,2001,Yes,$500,"249,649",," Glass Broken, Left Front Damage, Left Rear Damage, Right Side Damage, Accident Damage, Selling Registered","4spd Automatic,",5,Petrol,https://manheim.co.nz/damaged-vehicles/000000000007421874/2001-suzuki-escudo-station-wagon?referringPage=SearchResults
Honda,Accord,2001,No,$400,"108,352",," Left Rear Damage, Left Side Damage, Rear Damage, Structural Damage, Accident Damage, Selling De-Registered",N/A,5,Petrol,https://manheim.co.nz/damaged-vehicles/000000000007421875/2001-honda-accord-lxi-2-3-4d-sed-4a-sedan?referringPage=SearchResults
Suzuki,Swift,2015,No,$400,"86,760",," Front Damage, Left Front Damage, Right Front Damage, Structural Damage, Accident Damage, Selling De-Registered",N/A,5,Petrol,https://manheim.co.nz/damaged-vehicles/000000000007421876/2015-suzuki-swift-gla--1-4p-4at-ha-5d-hatch?referringPage=SearchResults
Audi,A6,2009,No,$650,"206,054",," Left Side Damage, Structural Damage, Selling De-Registered","6spd Automatic,",5,Petrol,https://manheim.co.nz/damaged-vehicles/000000000007421877/2009-audi-a6-2-8-quattro-sedan-sedan?referringPage=SearchResults
Mazda,Demio,2005,Yes,$300,"211,592",," Right Side Damage, Selling Registered",N/A,5,Petrol,https://manheim.co.nz/damaged-vehicles/000000000007421878/2005-mazda-demio-hatch?referringPage=SearchResults
Audi,A3,2011,No,$10,N/A,," Burnt 100%, Structural Damage, Stolen & Recovered, Selling De-Registered",N/A,5,Petrol,https://manheim.co.nz/damaged-vehicles/000000000007421879/2011-audi-a3-1-8t-fsi-sport-stro-hatch?referringPage=SearchResults
Honda,CRV,1996,No,$500,"173,592",," Front Damage, Left Side Damage, Structural Damage, Selling De-Registered","Automatic,",5,Petrol,https://manheim.co.nz/damaged-vehicles/000000000007421881/1996-honda-crv-station-wagon?referringPage=SearchResults
Honda,Shuttle,2015,No,"$1,550",N/A,," Front Damage, Rear Damage, Right Side Damage, Structural Damage, Selling De-Registered","Automatic,",5,Hybrid,https://manheim.co.nz/damaged-vehicles/000000000007421882/2015-honda-shuttle-station-wagon?referringPage=SearchResults
Mitsubishi,Lancer,2017,No,$350,N/A,," Front Damage, Airbags Deployed, Structural Damage, Selling De-Registered","Automatic,",5,Petrol,https://manheim.co.nz/damaged-vehicles/000000000007421883/2017-mitsubishi-lancer-gsr-2-0p-cvt-hatch?referringPage=SearchResults
MINI,Clubman,2022,No,N/A,N/A,," Front Damage, Structural Damage, Selling De-Registered",N/A,5,Petrol,https://manheim.co.nz/damaged-vehicles/000000000007421889/2022-mini-clubman-cooper-s-2-0pt-station-wagon?referringPage=SearchResults
Toyota,Vanguard,2010,No,"$1,600",N/A,," Rear Damage, Structural Damage, Selling De-Registered",N/A,7,Petrol,https://manheim.co.nz/damaged-vehicles/000000000007421895/2010-toyota-vanguard-station-wagon?referringPage=SearchResults
Nissan,Tiida,2007,Yes,$900,"87,978",," Left Side Damage, Right Side Damage, Stolen & Recovered, Selling Registered","Automatic,",5,Petrol,https://manheim.co.nz/damaged-vehicles/000000000007421896/2007-nissan-tiida-latio-sedan?referringPage=SearchResults
Toyota,Allex,2006,No,$650,"94,321",," Right Side Damage, Structural Damage, Selling De-Registered","Automatic,",5,Petrol,https://manheim.co.nz/damaged-vehicles/000000000007421898/2006-toyota-allex-hatch?referringPage=SearchResults
Toyota,Starlet,1997,No,$150,"200,966",," Rear Damage, Structural Damage, Selling De-Registered",N/A,5,Petrol,https://manheim.co.nz/damaged-vehicles/000000000007421912/1997-toyota-starlet-reflect-hatch?referringPage=SearchResults
Mazda,Demio,2004,No,$350,"212,357",," Front Damage, Interior Damage, Rear Damage, Selling De-Registered","Automatic,",5,Petrol,https://manheim.co.nz/damaged-vehicles/000000000007421917/2004-mazda-demio-hatch?referringPage=SearchResults
Toyota,IST,2004,No,$550,N/A,," Rear Damage, Structural Damage, Selling De-Registered",N/A,5,Petrol,https://manheim.co.nz/damaged-vehicles/000000000007421918/2004-toyota-ist-hatch?referringPage=SearchResults
Toyota,Prius,2016,No,$700,"95,424",," Structural Damage, Under Body Damage, Selling De-Registered","5spd Automatic,",5,Hybrid,https://manheim.co.nz/damaged-vehicles/000000000007421919/2016-toyota-prius-hatch?referringPage=SearchResults
Toyota,Prius,2015,No,"$1,200",N/A,," Right Front Damage, Right Side Damage, Structural Damage, Selling De-Registered","Automatic,",5,Hybrid,https://manheim.co.nz/damaged-vehicles/000000000007421921/2015-toyota-prius-hybrid-hatch?referringPage=SearchResults
Suzuki,Swift,2010,No,$350,"166,399",," Airbags Deployed, Left Side Damage, Structural Damage, Selling De-Registered",N/A,5,Petrol,https://manheim.co.nz/damaged-vehicles/000000000007421923/2010-suzuki-swift-glxa-1-5-5dr-hatch?referringPage=SearchResults
Toyota,Wish,2010,No,$550,N/A,," Airbags Deployed, Front Damage, Left Front Damage, Airbags Deployed, Structural Damage, Suspension Damage, Selling De-Registered","Automatic,",7,Petrol,https://manheim.co.nz/damaged-vehicles/000000000007421924/2010-toyota-wish-station-wagon?referringPage=SearchResults
Mazda,MPV,2006,No,$100,"202,864",," Water Damage, Selling De-Registered","Automatic,",8,Petrol,https://manheim.co.nz/damaged-vehicles/000000000007421927/2006-mazda-mpv-station-wagon?referringPage=SearchResults
Mitsubishi,Eclipse Cross,2022,No,"$1,600",N/A,," Airbags Deployed, Front Damage, Left Front Damage, Left Side Damage, Structural Damage, Selling De-Registered","Automatic,",5,Hybrid,https://manheim.co.nz/damaged-vehicles/000000000007421929/2022-mitsubishi-eclipse-cross-xls-phev-4wd-at-station-wagon?referringPage=SearchResults
Volkswagen,Passat,2012,No,$650,N/A,," Front Damage, Structural Damage, Selling De-Registered","Automatic,",5,Petrol,https://manheim.co.nz/damaged-vehicles/000000000007421930/2012-volkswagen-passat-sedan?referringPage=SearchResults
Mitsubishi,L200 2.5DSLT 4WD DBL,1994,No,$700,"318,275",," Left Side Damage, Structural Damage, Selling De-Registered","5spd Manual,",N/A,Diesel,https://manheim.co.nz/damaged-vehicles/000000000007421931/1994-mitsubishi-l200-2-5dslt-4wd-dbl-dual-cab-utility?referringPage=SearchResults
BMW,320d,2013,No,"$1,200",N/A,," Rear Damage, Structural Damage, Selling De-Registered","Automatic,",5,Diesel,https://manheim.co.nz/damaged-vehicles/000000000007421934/2013-bmw-320d-sedan?referringPage=SearchResults
Nissan,Tiida,2005,Yes,"$1,050","86,483",," Ignition Damage, Stolen & Recovered, Selling Registered","Automatic,",5,Petrol,https://manheim.co.nz/damaged-vehicles/000000000007421936/2005-nissan-tiida-hatch?referringPage=SearchResults
Toyota,Vitz,2012,No,$800,N/A,," Front Damage, Left Front Damage, Left Side Damage, Airbags Deployed, Structural Damage, Selling De-Registered","Automatic,",5,Petrol,https://manheim.co.nz/damaged-vehicles/000000000007391931/2012-toyota-vitz-hatch?referringPage=SearchResults
Nissan,NV200,2020,No,"$1,500","133,983",," Right Front Damage, Rolled, Structural Damage, Selling De-Registered","Automatic,",2,Petrol,https://manheim.co.nz/damaged-vehicles/000000000007361936/2020-nissan-nv200-van?referringPage=SearchResults
Nissan,Pulsar,1998,No,$150,N/A,," Airbags Deployed, Front Damage, Structural Damage, Selling De-Registered","Automatic,",5,Petrol,https://manheim.co.nz/damaged-vehicles/000000000007421940/1998-nissan-pulsar-sedan?referringPage=SearchResults
Ford,Falcon,2004,No,$500,"262,337",," Right Side Damage, Structural Damage, Selling De-Registered","Automatic,",5,Petrol,https://manheim.co.nz/damaged-vehicles/000000000007421941/2004-ford-falcon-ba-fairmont-100-sedan?referringPage=SearchResults
Toyota,Vitz,2002,No,$550,N/A,," Right Rear Damage, Structural Damage, Selling De-Registered",N/A,5,Petrol,https://manheim.co.nz/damaged-vehicles/000000000007421949/2002-toyota-vitz-hatch?referringPage=SearchResults
Lexus,IS250,2008,No,$800,"171,754",," Front Damage, Structural Damage, Selling De-Registered","Automatic,",5,Petrol,https://manheim.co.nz/damaged-vehicles/000000000007421951/2008-lexus-is250-sedan?referringPage=SearchResults
Toyota,Blade,2007,No,$650,N/A,," Left Front Damage, Structural Damage, Selling De-Registered","Automatic,",5,Petrol,https://manheim.co.nz/damaged-vehicles/000000000007421956/2007-toyota-blade-hatch?referringPage=SearchResults
Toyota,Landcruiser Prado,2018,No,N/A,1,," Rolled, Structural Damage, Selling De-Registered",N/A,7,Diesel,https://manheim.co.nz/damaged-vehicles/000000000007421957/2018-toyota-landcruiser-prado-vx-limited-2-8d-4wd-station-wagon?referringPage=SearchResults
Honda,fit,2006,No,$500,"141,253",," Left Rear Damage, Rear Damage, Right Rear Damage, Structural Damage, Selling De-Registered","Automatic,",5,Petrol,https://manheim.co.nz/damaged-vehicles/000000000007421967/2006-honda-fit-hatch?referringPage=SearchResults
Toyota,Hilux,1996,No,"$1,600","363,085",," Front Damage, Airbags Deployed, Structural Damage, Selling De-Registered","Automatic,",5,Diesel,https://manheim.co.nz/damaged-vehicles/000000000007421973/1996-toyota-hilux-surf-station-wagon?referringPage=SearchResults
Audi,A6,2008,No,$800,N/A,," Right Rear Damage, Structural Damage, Selling De-Registered","Manual,",5,Diesel,https://manheim.co.nz/damaged-vehicles/000000000007421975/2008-audi-a6-station-wagon?referringPage=SearchResults
Volkswagen,Polo,2008,Yes,$550,"101,060",," Right Side Damage, Selling Registered","4spd Automatic,",5,Petrol,https://manheim.co.nz/damaged-vehicles/000000000007421976/2008-volkswagen-polo-hatch?referringPage=SearchResults
Toyota,Prius,2014,No,$550,"117,625",," Front Damage, Rear Damage, Structural Damage, Selling De-Registered",N/A,5,Hybrid,https://manheim.co.nz/damaged-vehicles/000000000007421978/2014-toyota-prius-hatch?referringPage=SearchResults
Toyota,Hiace,1997,No,$650,N/A,," Engine Damage, Interior Damage, Water Damage, Selling De-Registered","5spd,",3,Diesel,https://manheim.co.nz/damaged-vehicles/000000000007422000/1997-toyota-hiace-panel-van?referringPage=SearchResults
Mazda,Atenza,2006,No,$550,"267,999",," Rear Damage, Structural Damage, Selling De-Registered","Automatic,",5,Petrol,https://manheim.co.nz/damaged-vehicles/000000000007422008/2006-mazda-atenza-sedan?referringPage=SearchResults
Toyota,Ractis,2007,No,"$1,350",N/A,," Left Rear Damage, Right Rear Damage, Structural Damage, Selling De-Registered",N/A,5,Petrol,https://manheim.co.nz/damaged-vehicles/000000000007422009/2007-toyota-ractis-hatch?referringPage=SearchResults
Honda,Orthia,1999,No,$150,"220,922",," Front Damage, Structural Damage, Selling De-Registered","Automatic,",5,Petrol,https://manheim.co.nz/damaged-vehicles/000000000007422014/1999-honda-orthia-station-wagon?referringPage=SearchResults
Mazda,Premacy,2011,No,$650,"212,609",," Left Rear Damage, Structural Damage, Selling De-Registered","Automatic,",7,Petrol,https://manheim.co.nz/damaged-vehicles/000000000007422016/2011-mazda-premacy-station-wagon?referringPage=SearchResults
Honda,Jazz,2019,No,"$1,200","23,109",," Right Rear Damage, Structural Damage, Selling De-Registered",N/A,5,Petrol,https://manheim.co.nz/damaged-vehicles/000000000007422017/2019-honda-jazz-rs-1-5p-cvt-hatch?referringPage=SearchResults
Nissan,Tiida,2005,No,$500,"112,868",," Rear Damage, Right Rear Damage, Structural Damage, Selling De-Registered","4spd Automatic,",5,Petrol,https://manheim.co.nz/damaged-vehicles/000000000007422019/2005-nissan-tiida-hatch?referringPage=SearchResults
Ford,Falcon,2016,No,$0,N/A,," Left Front Damage, Left Rear Damage, Left Side Damage, Selling De-Registered","Automatic,",5,Petrol,https://manheim.co.nz/damaged-vehicles/000000000007392021/2016-ford-falcon-xr6-sedan-auto-4-0p-sedan?referringPage=SearchResults
LDV,G10,2018,No,"$1,200",N/A,," Left Side Damage, Structural Damage, Selling De-Registered","Automatic,",2,Petrol,https://manheim.co.nz/damaged-vehicles/000000000007422034/2018-ldv-g10-van?referringPage=SearchResults
Holden,Colorado,2010,No,$800,N/A,," Front Damage, Structural Damage, Selling De-Registered","Automatic,",5,Diesel,https://manheim.co.nz/damaged-vehicles/000000000007422036/2010-holden-colorado-4x2-lt-crw-pu-dsl-a-dual-cab-utility?referringPage=SearchResults
Mazda,Demio,2005,No,$400,"87,503",," Front Damage, Structural Damage, Selling De-Registered","4spd Automatic,",5,Petrol,https://manheim.co.nz/damaged-vehicles/000000000007422039/2005-mazda-demio-hatch?referringPage=SearchResults
Toyota,IST,2005,No,$550,"225,673",," Rear Damage, Structural Damage, Selling De-Registered",N/A,5,Petrol,https://manheim.co.nz/damaged-vehicles/000000000007422041/2005-toyota-ist-hatch?referringPage=SearchResults
Honda,Inspire,2001,No,$500,"164,546",," Front Damage, Structural Damage, Selling De-Registered","4spd Automatic,",5,Petrol,https://manheim.co.nz/damaged-vehicles/000000000007422042/2001-honda-inspire-3-2-tl-type-s-sedan?referringPage=SearchResults
Holden,Commodore,2005,No,N/A,"165,113",," Interior Damage, Water Damage, Selling De-Registered","4spd Automatic,",5,Petrol,https://manheim.co.nz/damaged-vehicles/000000000007422044/2005-holden-commodore-s-v8-auto-sedan?referringPage=SearchResults
Audi,A4,2003,No,$500,N/A,," Water Damage, Selling De-Registered","Automatic,",4,Petrol,https://manheim.co.nz/damaged-vehicles/000000000007422047/2003-audi-a4-2-4-cabriolet-coup%C3%A9?referringPage=SearchResults
Volvo,XC60,2022,No,N/A,"49,494",," Interior Damage, Water Damage, Selling De-Registered","Automatic,",5,Hybrid,https://manheim.co.nz/damaged-vehicles/000000000007422054/2022-volvo-xc60-t8-ultimate-recharg-station-wagon?referringPage=SearchResults
Audi,S3,2010,No,$650,N/A,," Front Damage, Structural Damage, Selling De-Registered","Automatic,",5,Petrol,https://manheim.co.nz/damaged-vehicles/000000000007422061/2010-audi-s3-sportback-2-0t-stro-hatch?referringPage=SearchResults
Toyota,Aqua,2013,No,$800,N/A,," Chassis Damage, Left Front Damage, Structural Damage, Selling De-Registered",N/A,5,Hybrid,https://manheim.co.nz/damaged-vehicles/000000000007422065/2013-toyota-aqua-hatch?referringPage=SearchResults
BMW,M3,2002,No,N/A,N/A,," Left Front Damage, Right Side Damage, Structural Damage, Selling De-Registered","Manual,",5,Petrol,https://manheim.co.nz/damaged-vehicles/000000000007422070/2002-bmw-m3-sedan?referringPage=SearchResults
BMW,2 Series,2016,No,"$1,500","186,839",," Right Side Damage, Structural Damage, Selling De-Registered","Automatic,",5,Petrol,https://manheim.co.nz/damaged-vehicles/000000000007422110/2016-bmw-2-series-218i-1-5p-6at-ha-5d-hatch?referringPage=SearchResults
BMW,123d,2008,No,"$1,250","244,388",, Selling De-Registered,"6spd Automatic,",4,Diesel,https://manheim.co.nz/damaged-vehicles/000000000007422118/2008-bmw-123d-sedan?referringPage=SearchResults
Toyota,Yaris Cross,2022,No,N/A,N/A,," Rear Damage, Structural Damage, Selling De-Registered","Automatic,",5,Hybrid,https://manheim.co.nz/damaged-vehicles/000000000007422124/2022-toyota-yaris-cross-limited-1-5ph-hd-station-wagon?referringPage=SearchResults
Nissan,Fuga,2006,No,$550,"168,258",, Selling De-Registered,"5spd Automatic,",5,Petrol,https://manheim.co.nz/damaged-vehicles/000000000007422134/2006-nissan-fuga-sedan?referringPage=SearchResults
Toyota,Markx,2010,No,"$1,000",N/A,, Selling De-Registered,"6spd Automatic,",5,Petrol,https://manheim.co.nz/damaged-vehicles/000000000007422139/2010-toyota-markx-sedan?referringPage=SearchResults
Hyundai,Santa FE,2009,No,$800,N/A,, Selling De-Registered,"5spd Automatic,",5,Diesel,https://manheim.co.nz/damaged-vehicles/000000000007422140/2009-hyundai-santa-fe-2-2d-crdi-a5-5s-suv-station-wagon?referringPage=SearchResults
Toyota,Prius,2014,No,$500,"288,653",," Left Side Damage, Structural Damage, Selling De-Registered",N/A,5,Hybrid,https://manheim.co.nz/damaged-vehicles/000000000007422142/2014-toyota-prius-alpha-station-wagon?referringPage=SearchResults
Nissan,Pulsar,1998,No,$150,"304,873",," Front Damage, Structural Damage, Selling De-Registered","Automatic,",5,Petrol,https://manheim.co.nz/damaged-vehicles/000000000007422146/1998-nissan-pulsar-sedan?referringPage=SearchResults
Nissan,Sylphy,2013,No,N/A,"217,012",,N/A,N/A,5,Petrol,https://manheim.co.nz/damaged-vehicles/000000000007412144/2013-nissan-sylphy-sedan?referringPage=SearchResults
Honda,CBR,2021,No,"$1,025","15,317",," Structural Damage, Selling De-Registered",N/A,N/A,Petrol,https://manheim.co.nz/damaged-vehicles/000000000007412157/2021-honda-cbr-650-p-motorcycle?referringPage=SearchResults
CHERY,Tiggo 4 PRO,2025,No,N/A,"8,858",," Chassis Damage, Rear Damage, Structural Damage, Selling De-Registered","Automatic,",5,Petrol,https://manheim.co.nz/damaged-vehicles/000000000007422168/2025-chery-tiggo-4-pro-ultimate-1-5pt-cvt-station-wagon?referringPage=SearchResults
Suzuki,Swift,2010,Yes,"$3,000","120,098",, Selling Registered,"CVT,",5,Petrol,https://manheim.co.nz/damaged-vehicles/000000000007422188/2010-suzuki-swift-hatch?referringPage=SearchResults
Toyota,Prius,2016,No,$550,N/A,," Front Damage, Structural Damage, Selling De-Registered",N/A,5,Hybrid,https://manheim.co.nz/damaged-vehicles/000000000007412188/2016-toyota-prius-hatch?referringPage=SearchResults
Mazda,MAZDA6,2010,No,$400,"297,740",," Water Damage, Selling De-Registered","Automatic,",5,Petrol,https://manheim.co.nz/damaged-vehicles/000000000007402185/2010-mazda-mazda6-wagon-gsx-2-5-5at-station-wagon?referringPage=SearchResults
Mercedes-Benz,A180,2014,No,"$1,500","78,673",," Front Damage, Left Front Damage, Right Front Damage, Structural Damage, Selling De-Registered","Automatic,",5,Petrol,https://manheim.co.nz/damaged-vehicles/000000000007392197/2014-mercedes-benz-a180-hatch?referringPage=SearchResults
Honda,Civic,2006,No,$400,N/A,," Airbags Deployed, Front Damage, Left Side Damage, Airbags Deployed, Structural Damage, Selling De-Registered","Automatic,",5,Petrol,https://manheim.co.nz/damaged-vehicles/000000000007412206/2006-honda-civic-hybrid-sedan?referringPage=SearchResults
Ford,Ranger,2021,No,N/A,N/A,," Structural Damage, Water Damage, Selling De-Registered","Automatic,",5,Diesel,https://manheim.co.nz/damaged-vehicles/000000000007392221/2021-ford-ranger-xlt-double-cab-w-s-dual-cab-utility?referringPage=SearchResults
Hyundai,I40,2013,No,$750,"156,885",," Water Damage, Selling De-Registered","Automatic,",5,Petrol,https://manheim.co.nz/damaged-vehicles/000000000007422231/2013-hyundai-i40-wagon-2-0-a6-station-wagon?referringPage=SearchResults
Toyota,Wish,2007,Yes,$400,"216,495",, Selling Registered,"Automatic,",7,Petrol,https://manheim.co.nz/damaged-vehicles/000000000007422232/2007-toyota-wish-station-wagon?referringPage=SearchResults
Toyota,Blade,2009,No,$650,N/A,," Right Rear Damage, Structural Damage, Selling De-Registered","Automatic,",5,Petrol,https://manheim.co.nz/damaged-vehicles/000000000007422234/2009-toyota-blade-hatch?referringPage=SearchResults
Tesla,Model 3,2022,No,N/A,"50,692",," Right Side Damage, Structural Damage, Selling De-Registered","Automatic, Fuel Type, Electri",5,Electric,https://manheim.co.nz/damaged-vehicles/000000000007422259/2022-tesla-model-3-performance-82kwh-e-sedan?referringPage=SearchResults
Holden,Cruze,2010,No,$400,N/A,," Front Damage, Structural Damage, Selling De-Registered","Automatic,",5,Diesel,https://manheim.co.nz/damaged-vehicles/000000000007422264/2010-holden-cruze-cd-diesel-auto-sedan?referringPage=SearchResults
Toyota,Camry,2001,No,$550,"355,611",," Front Damage, Rear Damage, Structural Damage, Selling De-Registered",N/A,5,Petrol,https://manheim.co.nz/damaged-vehicles/000000000007422267/2001-toyota-camry-2-2p-gl-sedan-5m-sedan?referringPage=SearchResults
Toyota,Corolla,2006,No,$650,"247,752",," Structural Damage, Selling De-Registered",N/A,5,Petrol,https://manheim.co.nz/damaged-vehicles/000000000007422269/2006-toyota-corolla-1-8p-gl-hatch5-5m-hatch?referringPage=SearchResults
Holden,Captiva,2013,No,$550,N/A,," Front Damage, Airbags Deployed, Structural Damage, Selling De-Registered","Automatic,",7,Diesel,https://manheim.co.nz/damaged-vehicles/000000000007422270/2013-holden-captiva-7-lx-awd-dsl-2-2-at-station-wagon?referringPage=SearchResults
Mazda,MAZDA3,2007,Yes,$750,"240,928",," Right Rear Damage, Selling Registered","Automatic,",5,Petrol,https://manheim.co.nz/damaged-vehicles/000000000007422277/2007-mazda-mazda3-sporthatch-glx-2-0-hatch?referringPage=SearchResults
Volvo,XC90,2011,No,$550,N/A,," Front Damage, Airbags Deployed, Structural Damage, Selling De-Registered",N/A,7,Petrol,https://manheim.co.nz/damaged-vehicles/000000000007422278/2011-volvo-xc90-station-wagon?referringPage=SearchResults
Nissan,Tiida,2007,No,$500,"206,369",," Rear Damage, Structural Damage, Selling De-Registered",N/A,5,Petrol,https://manheim.co.nz/damaged-vehicles/000000000007422279/2007-nissan-tiida-latio-sedan?referringPage=SearchResults
Nissan,Leaf,2019,No,N/A,N/A,," Left Rear Damage, Airbags Deployed, Structural Damage, Selling De-Registered","4spd Automatic, Drive Type, Front Wheel Drive, Fuel Type, Electri",5,Electric,https://manheim.co.nz/damaged-vehicles/000000000007422280/2019-nissan-leaf-hatch?referringPage=SearchResults
Holden,Commodore,2017,No,N/A,"171,846",," Front Damage, Structural Damage, Selling De-Registered",N/A,5,Petrol,https://manheim.co.nz/damaged-vehicles/000000000007422283/2017-holden-commodore-vf2-sv6-3-6p-6at-station-wagon?referringPage=SearchResults
Mazda,Axela,2006,No,$550,"254,537",," Front Damage, Rear Damage, Structural Damage, Selling De-Registered","5spd Automatic,",5,Petrol,https://manheim.co.nz/damaged-vehicles/000000000007422284/2006-mazda-axela-hatch?referringPage=SearchResults
Mazda,CX-5,2015,No,"$1,500",N/A,," Right Side Damage, Structural Damage, Selling De-Registered","Automatic,",5,Petrol,https://manheim.co.nz/damaged-vehicles/000000000007422286/2015-mazda-cx-5-station-wagon?referringPage=SearchResults
Nissan,Elgrand,2005,No,$550,"207,512",," Rear Damage, Structural Damage, Selling De-Registered",N/A,8,Petrol,https://manheim.co.nz/damaged-vehicles/000000000007422287/2005-nissan-elgrand-station-wagon?referringPage=SearchResults
Toyota,Corolla,2014,No,"$1,000","97,300",," Front Damage, Structural Damage, Selling De-Registered","Automatic,",5,Hybrid,https://manheim.co.nz/damaged-vehicles/000000000007422290/2014-toyota-corolla-fielder-station-wagon?referringPage=SearchResults
Ford,Falcon,2008,Yes,"$1,200",N/A,," Stolen & Recovered, Selling Registered","Automatic,",5,Petrol,https://manheim.co.nz/damaged-vehicles/000000000007422293/2008-ford-falcon-fg-xr6-sedan-a-sedan?referringPage=SearchResults
Mazda,Demio,2005,No,$200,N/A,," Ignition Damage, Structural Damage, Stolen & Recovered, Selling De-Registered","Automatic,",5,Petrol,https://manheim.co.nz/damaged-vehicles/000000000007422294/2005-mazda-demio-hatch?referringPage=SearchResults
Mazda,CX-7,2007,No,$400,"304,029",," Left Front Damage, Left Rear Damage, Left Side Damage, Structural Damage, Selling De-Registered","Automatic,",5,Petrol,https://manheim.co.nz/damaged-vehicles/000000000007422300/2007-mazda-cx-7-station-wagon?referringPage=SearchResults
BMW,320i,2009,No,$550,N/A,," Structural Damage, Stolen & Recovered, Selling De-Registered",N/A,5,Petrol,https://manheim.co.nz/damaged-vehicles/000000000007422302/2009-bmw-320i-sedan?referringPage=SearchResults
Toyota,Prius,2014,No,$800,N/A,," Interior Damage, Water Damage, Selling De-Registered","Automatic,",5,Hybrid,https://manheim.co.nz/damaged-vehicles/000000000007422307/2014-toyota-prius-hatch?referringPage=SearchResults
Lexus,RX350,2010,No,"$1,200","197,311",," Front Damage, Left Front Damage, Left Side Damage, Structural Damage, Selling De-Registered","6spd Automatic,",5,Petrol,https://manheim.co.nz/damaged-vehicles/000000000007422312/2010-lexus-rx350-3-5p-rv-wagon-ltd-6-station-wagon?referringPage=SearchResults
Holden,Rodeo 4X2,2003,No,$800,"263,485",," Rear Damage, Structural Damage, Selling De-Registered","Automatic,",5,Petrol,https://manheim.co.nz/damaged-vehicles/000000000007422334/2003-holden-rodeo-4x2-lt-crew-pu-3-5-v6-a-dual-cab-utility?referringPage=SearchResults
Hyundai,Kona,2023,No,N/A,N/A,," Front Damage, Left Front Damage, Right Front Damage, Airbags Deployed, Structural Damage, Selling De-Registered","Automatic,",5,Petrol,https://manheim.co.nz/damaged-vehicles/000000000007422341/2023-hyundai-kona-2-0-active-n-line-2-station-wagon?referringPage=SearchResults
Subaru,Legacy,2004,No,$550,"165,047",," Rear Damage, Structural Damage, Selling De-Registered","Automatic,",5,Petrol,https://manheim.co.nz/damaged-vehicles/000000000007422346/2004-subaru-legacy-sedan?referringPage=SearchResults
Volkswagen,Passat,2007,No,$550,"232,017",," Front Damage, Structural Damage, Selling De-Registered","4spd Manual,",5,Diesel,https://manheim.co.nz/damaged-vehicles/000000000007422357/2007-volkswagen-passat-tdi-103kw-4m-var-station-wagon?referringPage=SearchResults
Toyota,Aqua,2015,No,"$1,000",N/A,," Left Front Damage, Left Rear Damage, Left Side Damage, Right Rear Damage, Structural Damage, Selling De-Registered","Automatic,",5,Hybrid,https://manheim.co.nz/damaged-vehicles/000000000007422358/2015-toyota-aqua-hatch?referringPage=SearchResults
Holden,Commodore,2008,No,$0,N/A,," Left Side Damage, Right Side Damage, Selling De-Registered","Automatic,",5,Petrol,https://manheim.co.nz/damaged-vehicles/000000000007392351/2008-holden-commodore-omega-sedan-auto-sedan?referringPage=SearchResults
Holden,Astra,2007,No,$0,N/A,," Left Rear Damage, Right Rear Damage, Selling De-Registered","Automatic,",4,Petrol,https://manheim.co.nz/damaged-vehicles/000000000007392360/2007-holden-astra-twintop-2-2l-auto-coup%C3%A9?referringPage=SearchResults
Mazda,MPV,2004,No,$350,"240,682",," Front Damage, Structural Damage, Selling De-Registered","Automatic,",7,Petrol,https://manheim.co.nz/damaged-vehicles/000000000007412367/2004-mazda-mpv-station-wagon?referringPage=SearchResults
BMW,320d,2009,No,$550,"121,151",," Left Front Damage, Rear Damage, Structural Damage, Selling De-Registered","Automatic,",5,Diesel,https://manheim.co.nz/damaged-vehicles/000000000007422378/2009-bmw-320d-sedan-6a-4dr-2-0l-sedan?referringPage=SearchResults
Toyota,Aqua,2014,No,$800,"257,829",," Right Rear Damage, Structural Damage, Selling De-Registered","Automatic,",5,Hybrid,https://manheim.co.nz/damaged-vehicles/000000000007422380/2014-toyota-aqua-hatch?referringPage=SearchResults
Nissan,X-trail,2008,No,$10,N/A,," Fire Damage, Fire - Entire Vehicle, Stolen & Recovered, Selling De-Registered",N/A,5,Petrol,https://manheim.co.nz/damaged-vehicles/000000000007422394/2008-nissan-x-trail-station-wagon?referringPage=SearchResults
Toyota,Aqua,2014,Yes,N/A,N/A,," Ignition Damage, Vandalised - Interior, Stolen & Recovered, Selling Registered","Automatic,",5,Hybrid,https://manheim.co.nz/damaged-vehicles/000000000007422403/2014-toyota-aqua-hatch?referringPage=SearchResults
Toyota,Caldina,2005,No,$550,"231,831",," Front Damage, Rear Damage, Structural Damage, Selling De-Registered","Automatic,",5,Petrol,https://manheim.co.nz/damaged-vehicles/000000000007422412/2005-toyota-caldina-station-wagon?referringPage=SearchResults
Ford,Fiesta,2012,No,$500,N/A,," Left Side Damage, Structural Damage, Selling De-Registered","Automatic,",5,Petrol,https://manheim.co.nz/damaged-vehicles/000000000007422423/2012-ford-fiesta-5dr-1-6-m-zetec-hatch?referringPage=SearchResults
Ford,Fiesta,2011,No,$650,"238,628",," Left Front Damage, Left Side Damage, Airbags Deployed, Selling De-Registered","Manual,",5,Diesel,https://manheim.co.nz/damaged-vehicles/000000000007392422/2011-ford-fiesta-5dr-1-6-lx-m-diesel-hatch?referringPage=SearchResults
Mazda,Demio,2003,No,$400,"227,635",," Structural Damage, Stolen & Recovered, Selling De-Registered","Automatic,",5,Petrol,https://manheim.co.nz/damaged-vehicles/000000000007422431/2003-mazda-demio-hatch?referringPage=SearchResults
NEW Holland,Braud 9090x,2022,No,$0,"727 HR Showing, Transmission, Automatic, Engine, 6 Cyl, Fuel Type, Diese",,N/A,"Automatic,",1,Diesel,https://manheim.co.nz/damaged-vehicles/000000000007422455/2022-new-holland-braud-9090x-harvester-grape?referringPage=SearchResults
Holden,Barina Spark,2012,Yes,"$1,300","117,907",, Selling Registered,"5spd Manual,",5,Petrol,https://manheim.co.nz/damaged-vehicles/000000000007402461/2012-holden-barina-spark-cd-mt-hatch?referringPage=SearchResults
Toyota,Hiace,2008,No,N/A,N/A,," Front Damage, Left Front Damage, Left Side Damage, Structural Damage, Selling De-Registered","Automatic,",3,Diesel,https://manheim.co.nz/damaged-vehicles/000000000007402553/2008-toyota-hiace-van?referringPage=SearchResults
Toyota,Corolla,2015,No,"$1,600","176,283",," Right Rear Damage, Structural Damage, Selling De-Registered","4spd Automatic,",5,Hybrid,https://manheim.co.nz/damaged-vehicles/000000000007422557/2015-toyota-corolla-axio-hybrid-sedan?referringPage=SearchResults
Honda,TRX520 FM2M,2021,No,"$1,725","8,420",," Right Front Damage, Structural Damage, Selling De-Registered",N/A,N/A,N/A,https://manheim.co.nz/damaged-vehicles/000000000007422558/2021-honda-trx520-fm2m-quad-bike?referringPage=SearchResults
Toyota,Camry,2011,Yes,$650,"235,647",," Left Rear Damage, Left Side Damage, Right Side Damage, Selling Registered","Automatic,",5,Petrol,https://manheim.co.nz/damaged-vehicles/000000000007422559/2011-toyota-camry-2-4p-gl-sedan-5a-sedan?referringPage=SearchResults
Mazda,CX-7,2007,No,$550,"224,416",," Front Damage, Structural Damage, Selling De-Registered","Automatic,",5,Petrol,https://manheim.co.nz/damaged-vehicles/000000000007422560/2007-mazda-cx-7-station-wagon?referringPage=SearchResults
BMW,Mini,2002,No,$500,"156,685",," Front Damage, Left Front Damage, Right Front Damage, Structural Damage, Selling De-Registered","Automatic,",4,Petrol,https://manheim.co.nz/damaged-vehicles/000000000007422561/2002-bmw-mini-cooper-hatch?referringPage=SearchResults
Nissan,Leaf,2017,No,$900,"39,253",," Right Side Damage, Structural Damage, Selling De-Registered","Automatic, Drive Type, Front Wheel Drive, Fuel Type, Electri",5,Electric,https://manheim.co.nz/damaged-vehicles/000000000007422562/2017-nissan-leaf-hatch?referringPage=SearchResults
Mitsubishi,Colt,2002,No,$200,"171,820",," Front Damage, Airbags Deployed, Structural Damage, Selling De-Registered","Automatic,",5,Petrol,https://manheim.co.nz/damaged-vehicles/000000000007422563/2002-mitsubishi-colt-hatch?referringPage=SearchResults
Mazda,Premacy,2007,No,$400,"255,861",," Interior Damage, Water Damage, Selling De-Registered","4spd Automatic,",7,Petrol,https://manheim.co.nz/damaged-vehicles/000000000007422564/2007-mazda-premacy-station-wagon?referringPage=SearchResults
Nissan,March,2011,No,$150,"54,408",," Front Damage, Rear Damage, Structural Damage, Selling De-Registered","Automatic,",5,Petrol,https://manheim.co.nz/damaged-vehicles/000000000007422567/2011-nissan-march-sport-hatch?referringPage=SearchResults
Toyota,Prius,2017,No,N/A,"184,293",," Rear Damage, Structural Damage, Selling De-Registered","Automatic,",5,Hybrid,https://manheim.co.nz/damaged-vehicles/000000000007422568/2017-toyota-prius-hatch?referringPage=SearchResults
Mitsubishi,ASX,2016,No,$550,N/A,," Rolled, Structural Damage, Selling De-Registered","5spd Automatic,",5,Petrol,https://manheim.co.nz/damaged-vehicles/000000000007422569/2016-mitsubishi-asx-xls-2-0p-cvt-sw-5dr-station-wagon?referringPage=SearchResults
Toyota,Aqua,2012,No,$650,"162,838",," Rear Damage, Structural Damage, Selling De-Registered","4spd Automatic,",5,Hybrid,https://manheim.co.nz/damaged-vehicles/000000000007422570/2012-toyota-aqua-hybrid-hatch?referringPage=SearchResults
Audi,A3,2005,No,$500,"162,043",," Front Damage, Structural Damage, Selling De-Registered","Automatic,",5,Petrol,https://manheim.co.nz/damaged-vehicles/000000000007422571/2005-audi-a3-sportback-1-6-tip-hatch?referringPage=SearchResults
Ford,Ranger,2018,No,N/A,N/A,," Chassis Damage, Front Damage, Rear Damage, Airbags Deployed, Structural Damage, Selling De-Registered","Automatic,",5,Diesel,https://manheim.co.nz/damaged-vehicles/000000000007422573/2018-ford-ranger-utility?referringPage=SearchResults
BMW,3 Series,2025,No,N/A,"4,185",," Left Front Damage, Left Side Damage, Structural Damage, Selling De-Registered","Automatic,",5,Petrol,https://manheim.co.nz/damaged-vehicles/000000000007422574/2025-bmw-3-series-m3-comp-3-0pt-4wd-sedan?referringPage=SearchResults
Nissan,Dualis,2008,No,$550,"196,349",," Left Rear Damage, Rear Damage, Right Rear Damage, Structural Damage, Selling De-Registered","Automatic,",5,Petrol,https://manheim.co.nz/damaged-vehicles/000000000007422576/2008-nissan-dualis-station-wagon?referringPage=SearchResults
Toyota,86,2014,No,N/A,"125,353",," Right Front Damage, Structural Damage, Selling De-Registered","Automatic,",4,Petrol,https://manheim.co.nz/damaged-vehicles/000000000007422578/2014-toyota-86-gt-sedan?referringPage=SearchResults
Toyota,Prius,2013,No,$650,N/A,," Front Damage, Structural Damage, Selling De-Registered","Automatic,",5,Hybrid,https://manheim.co.nz/damaged-vehicles/000000000007422580/2013-toyota-prius-alpha-hybrid-station-wagon?referringPage=SearchResults
Ford,Explorer,2006,No,$900,N/A,," Left Front Damage, Right Front Damage, Right Rear Damage, Right Side Damage, Airbags Deployed, Dismantled - Entire Vehicle, Selling De-Registered","Automatic,",7,Petrol,https://manheim.co.nz/damaged-vehicles/000000000007422583/2006-ford-explorer-explorer-ltd-4-6l-a-station-wagon?referringPage=SearchResults
Subaru,Legacy,2006,No,$550,N/A,," Front Damage, Rear Damage, Structural Damage, Selling De-Registered","Automatic,",5,Petrol,https://manheim.co.nz/damaged-vehicles/000000000007422584/2006-subaru-legacy-b-sport-station-wagon?referringPage=SearchResults
Toyota,Passo,2006,No,$400,"131,078",," Right Rear Damage, Right Side Damage, Structural Damage, Selling De-Registered",N/A,5,Petrol,https://manheim.co.nz/damaged-vehicles/000000000007422590/2006-toyota-passo-hatch?referringPage=SearchResults
Nissan,Tiida,2006,No,$400,"94,054",," Front Damage, Left Front Damage, Left Rear Damage, Right Front Damage, Structural Damage, Selling De-Registered","Automatic,",5,Petrol,https://manheim.co.nz/damaged-vehicles/000000000007422591/2006-nissan-tiida-hatch?referringPage=SearchResults
Mazda,Demio,2012,No,$150,N/A,," Airbags Deployed, Front Damage, Structural Damage, Selling De-Registered",N/A,5,Petrol,https://manheim.co.nz/damaged-vehicles/000000000007422593/2012-mazda-demio-hatch?referringPage=SearchResults
Toyota,Funcargo,2001,No,$350,"112,629",," Front Damage, Structural Damage, Selling De-Registered",N/A,5,Petrol,https://manheim.co.nz/damaged-vehicles/000000000007422594/2001-toyota-funcargo-1-3-station-wagon?referringPage=SearchResults
MG,ZS,2025,No,"$1,700",N/A,," Structural Damage, Selling De-Registered",N/A,5,Hybrid,https://manheim.co.nz/damaged-vehicles/000000000007422595/2025-mg-zs-essence-1-5pht-3hd-station-wagon?referringPage=SearchResults
Mazda,Atenza,2006,No,$150,"131,415",," Left Side Damage, Structural Damage, Selling De-Registered","5spd,",5,Petrol,https://manheim.co.nz/damaged-vehicles/000000000007422598/2006-mazda-atenza-hatch?referringPage=SearchResults
Toyota,Vellfire,2017,No,N/A,"149,726",," Right Front Damage, Rolled, Right Side Damage, Structural Damage, Selling De-Registered",N/A,7,Hybrid,https://manheim.co.nz/damaged-vehicles/000000000007422599/2017-toyota-vellfire-station-wagon?referringPage=SearchResults
Toyota,Aqua,2014,No,$25,N/A,," Fire Damage, Selling De-Registered",N/A,5,Hybrid,https://manheim.co.nz/damaged-vehicles/000000000007372596/2014-toyota-aqua-hatch?referringPage=SearchResults
Toyota,Aqua,2014,No,$650,"59,308",," Left Side Damage, Structural Damage, Selling De-Registered",N/A,5,Hybrid,https://manheim.co.nz/damaged-vehicles/000000000007422601/2014-toyota-aqua-hybrid-hatch?referringPage=SearchResults
Ford,Ranger,2020,No,$10,N/A,," Fire Damage, Fire - Entire Vehicle, Structural Damage, Selling De-Registered","Automatic,",5,Diesel,https://manheim.co.nz/damaged-vehicles/000000000007422605/2020-ford-ranger-xlt-double-cab-w-sa-dual-cab-utility?referringPage=SearchResults
Suzuki,Swift,2007,No,$400,"129,052",," Front Damage, Rear Damage, Structural Damage, Selling De-Registered","Manual,",5,Petrol,https://manheim.co.nz/damaged-vehicles/000000000007422614/2007-suzuki-swift-glxh-1-5-5dr-hatch?referringPage=SearchResults
Toyota,RAV4,1995,No,$350,"198,176",," Stolen & Recovered, Selling De-Registered","3spd Automatic,",9,Petrol,https://manheim.co.nz/damaged-vehicles/000000000007422615/1995-toyota-rav4-station-wagon?referringPage=SearchResults
Nissan,Tiida,2007,No,$350,"114,117",," Front Damage, Left Rear Damage, Left Side Damage, Right Side Damage, Vandalised - Interior, Airbags Deployed, Structural Damage, Stolen & Recovered, Selling De-Registered","4spd Automatic,",5,Petrol,https://manheim.co.nz/damaged-vehicles/000000000007422617/2007-nissan-tiida-hatch?referringPage=SearchResults
Toyota,Wish,2008,Yes,$400,"260,255",," Front Damage, Selling Registered","Automatic,",7,Petrol,https://manheim.co.nz/damaged-vehicles/000000000007422621/2008-toyota-wish-station-wagon?referringPage=SearchResults
Toyota,Corolla,2000,No,$50,"517,531",," Front Damage, Structural Damage, Selling De-Registered","13spd Automatic,",5,Petrol,https://manheim.co.nz/damaged-vehicles/000000000007422623/2000-toyota-corolla-1-8p-gl-sedan-5m-sedan?referringPage=SearchResults
Land Rover,Range Rover,2009,No,"$1,000",N/A,," Left Front Damage, Airbags Deployed, Structural Damage, Selling De-Registered","Automatic,",5,Petrol,https://manheim.co.nz/damaged-vehicles/000000000007422626/2009-landrover-range-rover-sp-hse-s-cv8-a-station-wagon?referringPage=SearchResults
Hyundai,I30,2009,No,$550,"124,099",," Right Rear Damage, Structural Damage, Selling De-Registered","Automatic,",5,Petrol,https://manheim.co.nz/damaged-vehicles/000000000007422631/2009-hyundai-i30-wagon-2-0-elite-a4-station-wagon?referringPage=SearchResults
Suzuki,SX4 S-cross,2015,No,"$1,000","209,543",," Right Side Damage, Structural Damage, Selling De-Registered","Automatic,",5,Petrol,https://manheim.co.nz/damaged-vehicles/000000000007422639/2015-suzuki-sx4-s-cross-ltdhc-1-6p-4wd-7cvt-hatch?referringPage=SearchResults
Toyota,Aqua,2013,No,$550,"149,288",," Front Damage, Left Side Damage, Structural Damage, Selling De-Registered","4spd Automatic,",5,Hybrid,https://manheim.co.nz/damaged-vehicles/000000000007422640/2013-toyota-aqua-hatch?referringPage=SearchResults
Hyundai,I30,2008,No,$500,"180,792",," Front Damage, Left Front Damage, Underbody Damage, Structural Damage, Selling De-Registered","4spd Automatic,",5,Diesel,https://manheim.co.nz/damaged-vehicles/000000000007422646/2008-hyundai-i30-1-6-crdi-elite-a4-sedan?referringPage=SearchResults
VICTORY,Vegas 8-ball,2012,No,$300,N/A,," Front Damage, Structural Damage, Selling De-Registered",N/A,N/A,Petrol,https://manheim.co.nz/damaged-vehicles/000000000007422650/2012-victory-vegas-8-ball-motorcycle?referringPage=SearchResults
Mazda,Bongo,2009,No,$400,N/A,," Front Damage, Left Side Damage, Airbags Deployed, Structural Damage, Selling De-Registered","Automatic,",3,Petrol,https://manheim.co.nz/damaged-vehicles/000000000007422657/2009-mazda-bongo-van?referringPage=SearchResults
Toyota,Fielder,2008,No,$650,N/A,," Rear Damage, Structural Damage, Selling De-Registered",N/A,5,Petrol,https://manheim.co.nz/damaged-vehicles/000000000007422658/2008-toyota-fielder-corolla-s-station-wagon?referringPage=SearchResults
Mazda,Axela,2007,No,$550,N/A,," Front Damage, Rear Damage, Structural Damage, Selling De-Registered","Automatic,",5,Petrol,https://manheim.co.nz/damaged-vehicles/000000000007422661/2007-mazda-axela-hatch?referringPage=SearchResults
BMW,640i,2014,Yes,N/A,"102,785",, Selling Registered,"Automatic,",5,Petrol,https://manheim.co.nz/damaged-vehicles/000000000007412677/2014-bmw-640i-sedan?referringPage=SearchResults
Ford,Mondeo,2015,No,$0,N/A,," Right Front Damage, Airbags Deployed, Selling De-Registered","Automatic,",5,Petrol,https://manheim.co.nz/damaged-vehicles/000000000007392697/2015-ford-mondeo-ambiente-5dr-petrol-hatch?referringPage=SearchResults
Nissan,Pulsar,2004,No,$500,"188,114",," Left Side Damage, Structural Damage, Selling De-Registered","Automatic,",5,Petrol,https://manheim.co.nz/damaged-vehicles/000000000007422707/2004-nissan-pulsar-1-8-q-hatch-auto-hatch?referringPage=SearchResults
Mazda,Axela,2007,No,$550,N/A,," Right Rear Damage, Structural Damage, Selling De-Registered","Automatic,",5,Petrol,https://manheim.co.nz/damaged-vehicles/000000000007422727/2007-mazda-axela-hatch?referringPage=SearchResults
Suzuki,GN125H,2015,No,$25,"6,775",," Stolen & Recovered, Selling De-Registered",N/A,N/A,Petrol,https://manheim.co.nz/damaged-vehicles/000000000007402726/2015-suzuki-gn125h-motorcycle?referringPage=SearchResults
Toyota,Wish,2009,No,$550,"91,943",," Front Damage, Structural Damage, Selling De-Registered","Automatic,",7,Petrol,https://manheim.co.nz/damaged-vehicles/000000000007422735/2009-toyota-wish-valve-matic-station-wagon?referringPage=SearchResults
Honda,CRV,2008,No,$800,N/A,," Right Rear Damage, Structural Damage, Selling De-Registered","Automatic,",5,Petrol,https://manheim.co.nz/damaged-vehicles/000000000007422753/2008-honda-crv-station-wagon?referringPage=SearchResults
Nissan,X-trail,2014,No,"$1,100","165,678",," Stolen & Recovered, Selling De-Registered","Automatic,",5,Petrol,https://manheim.co.nz/damaged-vehicles/000000000007422758/2014-nissan-x-trail-station-wagon?referringPage=SearchResults
Toyota,Aqua,2014,Yes,N/A,N/A,," Ignition Damage, Right Front Damage, Vandalised - Interior, Stolen & Recovered, Selling Registered","Automatic,",5,Hybrid,https://manheim.co.nz/damaged-vehicles/000000000007422775/2014-toyota-aqua-hatch?referringPage=SearchResults
Mazda,Atenza,2014,No,$650,N/A,," Front Damage, Airbags Deployed, Structural Damage, Selling De-Registered","Automatic,",5,Diesel,https://manheim.co.nz/damaged-vehicles/000000000007422797/2014-mazda-atenza-sedan?referringPage=SearchResults
Holden,Captiva,2017,No,"$1,500",N/A,," Left Rear Damage, Left Side Damage, Structural Damage, Selling De-Registered",N/A,7,Petrol,https://manheim.co.nz/damaged-vehicles/000000000007412843/2017-holden-captiva-ls-equipe-2-4p-6at-station-wagon?referringPage=SearchResults
Subaru,Impreza,2008,No,$550,"214,679",," Rear Damage, Structural Damage, Selling De-Registered","Automatic,",5,Petrol,https://manheim.co.nz/damaged-vehicles/000000000007422867/2008-subaru-impreza-hatch?referringPage=SearchResults
Nissan,Tiida,2008,No,$400,"175,125",," Front Damage, Left Front Damage, Right Front Damage, Right Rear Damage, Airbags Deployed, Structural Damage, Selling De-Registered","Automatic,",5,Petrol,https://manheim.co.nz/damaged-vehicles/000000000007422901/2008-nissan-tiida-hatch?referringPage=SearchResults
Mazda,Axela,2009,No,$550,N/A,," Interior Damage, Right Side Damage, Vandalised - Interior, Stolen & Recovered, Selling De-Registered","Automatic,",5,Petrol,https://manheim.co.nz/damaged-vehicles/000000000007422903/2009-mazda-axela-sedan?referringPage=SearchResults
Honda,Inspire,2008,No,$500,N/A,," Front Damage, Structural Damage, Selling De-Registered","5spd Automatic,",5,Petrol,https://manheim.co.nz/damaged-vehicles/000000000007422946/2008-honda-inspire-sedan?referringPage=SearchResults
Subaru,Legacy,2009,No,$550,"156,673",," Right Side Damage, Structural Damage, Selling De-Registered","Automatic,",5,Petrol,https://manheim.co.nz/damaged-vehicles/000000000007422947/2009-subaru-legacy-station-wagon?referringPage=SearchResults
Suzuki,Swift,2005,No,$150,N/A,," Airbags Deployed, Front Damage, Structural Damage, Selling De-Registered",N/A,5,Petrol,https://manheim.co.nz/damaged-vehicles/000000000007422948/2005-suzuki-swift-glxha2-1-5-5dr-hatch?referringPage=SearchResults
Ford,Fiesta,2010,No,$400,N/A,," Left Front Damage, Structural Damage, Selling De-Registered","Manual,",5,Petrol,https://manheim.co.nz/damaged-vehicles/000000000007422949/2010-ford-fiesta-5dr-1-6-m-s-hatch?referringPage=SearchResults
BMW,116i,2010,No,N/A,"101,936",, Selling De-Registered,"Automatic,",5,Petrol,https://manheim.co.nz/damaged-vehicles/000000000007412979/2010-bmw-116i-hatch?referringPage=SearchResults
Toyota,Corolla,2015,No,$800,"189,374",," Glass Broken, Ignition Damage, Rear Damage, Right Rear Damage, Structural Damage, Stolen & Recovered, Selling De-Registered",N/A,N/A,Hybrid,https://manheim.co.nz/damaged-vehicles/000000000007412981/2015-toyota-corolla-fielder-hybrid-station-wagon?referringPage=SearchResults
Honda,Vezel,2014,No,$200,N/A,," Airbags Deployed, Front Damage, Structural Damage, Accident Damage, Selling De-Registered",N/A,5,Hybrid,https://manheim.co.nz/damaged-vehicles/000000000007412985/2014-honda-vezel-station-wagon?referringPage=SearchResults
Mazda,Axela,2004,No,$350,"157,783",," Structural Damage, Selling De-Registered","Automatic,",5,Petrol,https://manheim.co.nz/damaged-vehicles/000000000007412986/2004-mazda-axela-sedan?referringPage=SearchResults
Nissan,Skyline,2010,No,$800,N/A,," Left Side Damage, Structural Damage, Selling De-Registered","Automatic,",5,Petrol,https://manheim.co.nz/damaged-vehicles/000000000007422997/2010-nissan-skyline-crossover-hatch?referringPage=SearchResults
Honda,Jazz,2010,No,$150,"227,403",," Front Damage, Structural Damage, Selling De-Registered",N/A,5,Petrol,https://manheim.co.nz/damaged-vehicles/000000000007423001/2010-honda-jazz-1-3s-hatch?referringPage=SearchResults
Toyota,RAV4,2002,No,$650,N/A,," Front Damage, Structural Damage, Selling De-Registered",N/A,5,Petrol,https://manheim.co.nz/damaged-vehicles/000000000007423003/2002-toyota-rav4-2-0p-4wd-wagon5-4a-station-wagon?referringPage=SearchResults
Toyota,Markx,2007,No,$550,"182,283",," Front Damage, Structural Damage, Selling De-Registered","Automatic,",5,Petrol,https://manheim.co.nz/damaged-vehicles/000000000007423004/2007-toyota-markx-sedan?referringPage=SearchResults
Nissan,Dualis,2007,No,$550,"134,434",," Rear Damage, Structural Damage, Selling De-Registered","Automatic,",5,Petrol,https://manheim.co.nz/damaged-vehicles/000000000007423007/2007-nissan-dualis-station-wagon?referringPage=SearchResults
Nissan,Presage,2006,No,$500,"195,793",," Left Front Damage, Structural Damage, Selling De-Registered",N/A,8,Petrol,https://manheim.co.nz/damaged-vehicles/000000000007423008/2006-nissan-presage-station-wagon?referringPage=SearchResults
Toyota,Caldina,2005,No,$650,N/A,," Right Rear Damage, Structural Damage, Selling De-Registered",N/A,5,Petrol,https://manheim.co.nz/damaged-vehicles/000000000007423009/2005-toyota-caldina-zt-4wd-station-wagon?referringPage=SearchResults
Toyota,Ipsum,1996,Yes,$700,N/A,," Front Damage, Rear Damage, Selling Registered","4spd Automatic,",7,Petrol,https://manheim.co.nz/damaged-vehicles/000000000007423010/1996-toyota-ipsum-station-wagon?referringPage=SearchResults
KTM,390,2024,Yes,"$1,750",N/A,," Ignition Damage, Tank Damage, Frame Damaged, Selling Registered","Automatic,",N/A,Petrol,https://manheim.co.nz/damaged-vehicles/000000000007413035/2024-ktm-390-duke-399p-motorcycle?referringPage=SearchResults
Nissan,Tiida,2008,Yes,"$1,000",N/A,," Front Damage, Left Side Damage, Selling Registered","Automatic,",5,Petrol,https://manheim.co.nz/damaged-vehicles/000000000007423061/2008-nissan-tiida-hatch?referringPage=SearchResults
Mazda,Atenza,2004,Yes,$450,N/A,," Left Front Damage, Right Side Damage, Selling Registered","Automatic,",5,Petrol,https://manheim.co.nz/damaged-vehicles/000000000007423063/2004-mazda-atenza-sedan?referringPage=SearchResults
Toyota,Wish,2008,No,$550,"181,022",," Right Rear Damage, Structural Damage, Selling De-Registered","Automatic,",7,Petrol,https://manheim.co.nz/damaged-vehicles/000000000007423068/2008-toyota-wish-station-wagon?referringPage=SearchResults
Hyundai,Getz,2005,Yes,$350,"175,724",," Front Damage, Right Front Damage, Selling Registered","Automatic,",5,Petrol,https://manheim.co.nz/damaged-vehicles/000000000007423070/2005-hyundai-getz-1-3-gl-5d-a4-hatch?referringPage=SearchResults
Subaru,Forester,2013,No,$500,"135,941",," Right Front Damage, Structural Damage, Selling De-Registered","Automatic,",5,Petrol,https://manheim.co.nz/damaged-vehicles/000000000007423121/2013-subaru-forester-station-wagon?referringPage=SearchResults
Dodge.,Journey,2013,No,"$1,200",N/A,," Front Damage, Structural Damage, Selling De-Registered",N/A,5,Petrol,https://manheim.co.nz/damaged-vehicles/000000000007423125/2013-dodge-journey-sxt-station-wagon?referringPage=SearchResults
Mazda,Verisa,2005,No,$400,"83,594",," Front Damage, Left Front Damage, Right Front Damage, Structural Damage, Selling De-Registered","Automatic,",5,Petrol,https://manheim.co.nz/damaged-vehicles/000000000007413149/2005-mazda-verisa-hatch?referringPage=SearchResults
BMW,X5,2009,No,$800,N/A,," Water Damage, Selling De-Registered","Automatic,",5,Petrol,https://manheim.co.nz/damaged-vehicles/000000000007413154/2009-bmw-x5-touring?referringPage=SearchResults
Mazda,Axela,2006,No,$350,"234,828",," Front Damage, Structural Damage, Selling De-Registered",N/A,5,Petrol,https://manheim.co.nz/damaged-vehicles/000000000007413162/2006-mazda-axela-hatch?referringPage=SearchResults
Mercedes-Benz,C,2013,No,"$1,200",N/A,," Front Damage, Structural Damage, Selling De-Registered","Automatic,",4,Petrol,https://manheim.co.nz/damaged-vehicles/000000000007413163/2013-mercedes-benz-c-180-cgi-be-coup%C3%A9?referringPage=SearchResults
Suzuki,Swift,2017,No,"$1,500","76,087",," Rear Damage, Structural Damage, Selling De-Registered","Automatic,",5,Petrol,https://manheim.co.nz/damaged-vehicles/000000000007413180/2017-suzuki-swift-hatch?referringPage=SearchResults
Toyota,Hilux,2015,No,N/A,N/A,," Water Damage, Selling De-Registered","6spd Manual,",4,Diesel,https://manheim.co.nz/damaged-vehicles/000000000007403196/2015-toyota-hilux-sr-td-ec-cc-2-8d-4w-dual-cab-utility?referringPage=SearchResults
Mazda,CX-5,2013,Yes,"$1,500","133,148",," Left Side Damage, Right Front Damage, Right Rear Damage, Right Side Damage, Selling Registered",N/A,5,Petrol,https://manheim.co.nz/damaged-vehicles/000000000007383206/2013-mazda-cx-5-station-wagon?referringPage=SearchResults
Mazda,MPV,2006,No,$400,"166,580",," Airbags Deployed, Front Damage, Left Rear Damage, Structural Damage, Selling De-Registered",N/A,8,Petrol,https://manheim.co.nz/damaged-vehicles/000000000007413226/2006-mazda-mpv-station-wagon?referringPage=SearchResults
Mitsubishi,Pajero Sport,2020,No,N/A,"161,478",," Front Damage, Rear Damage, Right Side Damage, Structural Damage, Selling De-Registered",N/A,7,Diesel,https://manheim.co.nz/damaged-vehicles/000000000007423250/2020-mitsubishi-pajero-sport-vrx-2-4d-4wd-8at-station-wagon?referringPage=SearchResults
Ford,Falcon,2003,No,$550,N/A,," Front Damage, Rear Damage, Structural Damage, Selling De-Registered","Automatic,",5,Petrol,https://manheim.co.nz/damaged-vehicles/000000000007423251/2003-ford-falcon-ba-futura-4fa-sedan?referringPage=SearchResults
Toyota,Corolla,2009,No,$650,N/A,," Front Damage, Structural Damage, Selling De-Registered","Automatic,",5,Petrol,https://manheim.co.nz/damaged-vehicles/000000000007423254/2009-toyota-corolla-fielder-station-wagon?referringPage=SearchResults
Honda,Vezel,2015,No,"$1,600","97,277",," Right Side Damage, Structural Damage, Selling De-Registered","Automatic,",5,Hybrid,https://manheim.co.nz/damaged-vehicles/000000000007423255/2015-honda-vezel-hatch?referringPage=SearchResults
Ford,Focus,2006,Yes,$300,"177,297",," Rear Damage, Selling Registered","Automatic,",5,Petrol,https://manheim.co.nz/damaged-vehicles/000000000007423257/2006-ford-focus-hatch?referringPage=SearchResults
Suzuki,Kizashi,2010,No,$350,"139,788",," Front Damage, Structural Damage, Selling De-Registered",N/A,5,Petrol,https://manheim.co.nz/damaged-vehicles/000000000007423258/2010-suzuki-kizashi-sport-sedan?referringPage=SearchResults
Honda,fit,2016,No,"$1,500","165,850",," Front Damage, Structural Damage, Selling De-Registered","Automatic,",5,Hybrid,https://manheim.co.nz/damaged-vehicles/000000000007423259/2016-honda-fit-hybrid-hatch?referringPage=SearchResults
Toyota,Auris,2007,No,$550,"204,950",," Right Side Damage, Structural Damage, Selling De-Registered","Automatic,",5,Petrol,https://manheim.co.nz/damaged-vehicles/000000000007423260/2007-toyota-auris-hatch?referringPage=SearchResults
Toyota,Highlander,2025,No,N/A,"16,544",," Left Front Damage, Left Rear Damage, Left Side Damage, Roof Damage, Right Front Damage, Right Rear Damage, Right Side Damage, Structural Damage, Selling De-Registered","Automatic,",7,Hybrid,https://manheim.co.nz/damaged-vehicles/000000000007413263/2025-toyota-highlander-gxl-2-5ph-4wd-hd-station-wagon?referringPage=SearchResults
Suzuki,Baleno,2018,No,$550,N/A,," Airbags Deployed, Front Damage, Left Front Damage, Left Rear Damage, Rear Damage, Right Front Damage, Right Rear Damage, Airbags Deployed, Structural Damage, Selling De-Registered","Automatic,",5,Petrol,https://manheim.co.nz/damaged-vehicles/000000000007413274/2018-suzuki-baleno-glxa-1-4p-4at-hatch?referringPage=SearchResults
Mercedes-Benz,C200,2007,No,$650,"207,484",," Front Damage, Structural Damage, Selling De-Registered","Automatic,",5,Petrol,https://manheim.co.nz/damaged-vehicles/000000000007423273/2007-mercedes-benz-c200-sedan?referringPage=SearchResults
Audi,A3,2011,No,$550,N/A,," Front Damage, Structural Damage, Selling De-Registered","Automatic,",5,Petrol,https://manheim.co.nz/damaged-vehicles/000000000007423274/2011-audi-a3-1-4t-hatch?referringPage=SearchResults
Mazda,Axela,2005,No,$550,N/A,," Right Side Damage, Structural Damage, Selling De-Registered","Automatic,",5,Petrol,https://manheim.co.nz/damaged-vehicles/000000000007423277/2005-mazda-axela-hatch?referringPage=SearchResults
Holden,Epica,2011,No,$550,N/A,," Rear Damage, Structural Damage, Selling De-Registered","Automatic,",5,Petrol,https://manheim.co.nz/damaged-vehicles/000000000007423279/2011-holden-epica-cdx-2-5l-sedan-at-sedan?referringPage=SearchResults
Citroen,C4,2005,No,$400,"133,776",," Left Side Damage, Structural Damage, Selling De-Registered","Automatic,",5,Petrol,https://manheim.co.nz/damaged-vehicles/000000000007423280/2005-citroen-c4-2-0-sx-5dr-4sp-a-p-hatch?referringPage=SearchResults
Nissan,Pulsar,1995,Yes,$400,"120,182",," Glass Broken, Ignition Damage, Left Rear Damage, Vandalised - Interior, Stolen & Recovered, Selling Registered","5spd Manual,",5,Petrol,https://manheim.co.nz/damaged-vehicles/000000000007413283/1995-nissan-pulsar-sedan?referringPage=SearchResults
Mitsubishi,ASX,2025,No,"$1,400",N/A,," Airbags Deployed, Front Damage, Left Front Damage, Right Front Damage, Airbags Deployed, Underbody Damage, Structural Damage, Selling De-Registered","CVT,",5,Petrol,https://manheim.co.nz/damaged-vehicles/000000000007413295/2025-mitsubishi-asx-ls-2-0p-cvt-station-wagon?referringPage=SearchResults
Honda,fit,2004,No,$150,"84,403",," Front Damage, Right Side Damage, Structural Damage, Selling De-Registered","Automatic,",5,Petrol,https://manheim.co.nz/damaged-vehicles/000000000007423302/2004-honda-fit-hatch?referringPage=SearchResults
Volkswagen,Golf,2009,No,$550,N/A,," Left Rear Damage, Structural Damage, Selling De-Registered","Automatic,",5,Petrol,https://manheim.co.nz/damaged-vehicles/000000000007423303/2009-volkswagen-golf-hatch?referringPage=SearchResults
Mazda,Demio,2007,No,$400,"156,452",," Right Front Damage, Structural Damage, Selling De-Registered","Automatic,",5,Petrol,https://manheim.co.nz/damaged-vehicles/000000000007423326/2007-mazda-demio-hatch?referringPage=SearchResults
Ford,Focus,2012,No,$150,"90,618",," Front Damage, Structural Damage, Selling De-Registered","Automatic,",5,Petrol,https://manheim.co.nz/damaged-vehicles/000000000007413327/2012-ford-focus-trend-2-0-auto-hatc-hatch?referringPage=SearchResults
Honda,Civic,2002,No,$350,"212,089",," Left Side Damage, Structural Damage, Selling De-Registered","Automatic,",5,Petrol,https://manheim.co.nz/damaged-vehicles/000000000007423330/2002-honda-civic-exi-1-5-4d-sed-4a-sedan?referringPage=SearchResults
Holden,Cruze,2009,No,$500,"147,922",," Left Front Damage, Rear Damage, Structural Damage, Selling De-Registered","6spd Automatic,",5,Diesel,https://manheim.co.nz/damaged-vehicles/000000000007423339/2009-holden-cruze-cd-diesel-auto-sedan?referringPage=SearchResults
Honda,Airwave,2010,No,$350,N/A,," Left Side Damage, Structural Damage, Stolen & Recovered, Selling De-Registered",N/A,5,Petrol,https://manheim.co.nz/damaged-vehicles/000000000007423343/2010-honda-airwave-station-wagon?referringPage=SearchResults
Mazda,Demio,1999,No,$350,"168,136",," Right Side Damage, Structural Damage, Selling De-Registered",N/A,5,Petrol,https://manheim.co.nz/damaged-vehicles/000000000007423346/1999-mazda-demio-station-wagon?referringPage=SearchResults
Mazda,MAZDA2,2015,No,$500,"106,837",," Front Damage, Airbags Deployed, Structural Damage, Selling De-Registered","Automatic,",5,Petrol,https://manheim.co.nz/damaged-vehicles/000000000007423347/2015-mazda-mazda2-gsx-1-5p-6at-ha-5dr-hatch?referringPage=SearchResults
Nissan,Leaf,2011,No,$500,"147,893",," Rear Damage, Structural Damage, Selling De-Registered","Automatic, Fuel Type, Electri",5,Electric,https://manheim.co.nz/damaged-vehicles/000000000007423357/2011-nissan-leaf-zero-emission-hatch?referringPage=SearchResults
Mitsubishi,Outlander,2006,No,$550,"162,115",," Front Damage, Left Front Damage, Structural Damage, Selling De-Registered","Automatic,",5,Petrol,https://manheim.co.nz/damaged-vehicles/000000000007423365/2006-mitsubishi-outlander-hatch?referringPage=SearchResults
Toyota,Aqua,2013,Yes,N/A,N/A,," Glass Broken, Ignition Damage, Left Side Damage, Stolen & Recovered, Selling Registered","Automatic,",5,Hybrid,https://manheim.co.nz/damaged-vehicles/000000000007423373/2013-toyota-aqua-hatch?referringPage=SearchResults
Honda,Runabout,2018,No,$0,N/A,0," Front Damage, Structural Damage, Selling De-Registered",N/A,N/A,N/A,https://manheim.co.nz/damaged-vehicles/000000000007403377/2018-honda-runabout-boat--runabout-?referringPage=SearchResults
Mercedes-Benz,C180,2007,No,$650,N/A,," Left Side Damage, Right Side Damage, Structural Damage, Selling De-Registered",N/A,5,Petrol,https://manheim.co.nz/damaged-vehicles/000000000007423386/2007-mercedes-benz-c180-station-wagon?referringPage=SearchResults
Kia,Sportage,2020,No,$10,N/A,," Fire Damage, Fire - Entire Vehicle, Structural Damage, Selling De-Registered","Automatic,",5,Petrol,https://manheim.co.nz/damaged-vehicles/000000000007423395/2020-kia-sportage-ex-2-4p-4wd-6at-station-wagon?referringPage=SearchResults
Toyota,RAV4,1995,No,$500,N/A,," Front Damage, Structural Damage, Selling De-Registered","Automatic,",5,Petrol,https://manheim.co.nz/damaged-vehicles/000000000007423396/1995-toyota-rav4-station-wagon?referringPage=SearchResults
Toyota,Aqua,2014,No,$800,"112,752",," Front Damage, Rear Damage, Structural Damage, Selling De-Registered",N/A,5,Hybrid,https://manheim.co.nz/damaged-vehicles/000000000007403397/2014-toyota-aqua-hatch?referringPage=SearchResults
Nissan,Bluebird,2006,Yes,$450,N/A,," Glass Broken, Ignition Damage, Selling Registered","Automatic,",5,Petrol,https://manheim.co.nz/damaged-vehicles/000000000007423400/2006-nissan-bluebird-sylphy-sedan?referringPage=SearchResults
Toyota,Prius,2015,No,"$1,500","154,207",," Left Side Damage, Structural Damage, Selling De-Registered","Automatic,",5,Hybrid,https://manheim.co.nz/damaged-vehicles/000000000007423406/2015-toyota-prius-hatch?referringPage=SearchResults
Toyota,Aqua,2014,No,$800,N/A,," Airbags Deployed, Front Damage, Right Side Damage, Airbags Deployed, Structural Damage, Selling De-Registered",N/A,5,Petrol,https://manheim.co.nz/damaged-vehicles/000000000007423412/2014-toyota-aqua-hatch?referringPage=SearchResults
Toyota,Camry,2014,No,"$1,600","174,921",," Rear Damage, Structural Damage, Selling De-Registered","Automatic,",5,Hybrid,https://manheim.co.nz/damaged-vehicles/000000000007423417/2014-toyota-camry-sedan?referringPage=SearchResults
Toyota,SAI,2010,No,$800,"238,740",," Glass Broken, Right Side Damage, Structural Damage, Selling De-Registered",N/A,5,Hybrid,https://manheim.co.nz/damaged-vehicles/000000000007423418/2010-toyota-sai-sedan?referringPage=SearchResults
Honda,Civic,1996,No,$150,"217,646",," Front Damage, Glass Broken, Rear Damage, Right Rear Damage, Structural Damage, Selling De-Registered","Automatic,",5,Petrol,https://manheim.co.nz/damaged-vehicles/000000000007423420/1996-honda-civic-lxi-sedan?referringPage=SearchResults
Honda,CRV,2008,No,$500,N/A,," Engine Damage, Front Damage, Glass Broken, Left Side Damage, Roof Damage, Right Front Damage, Right Side Damage, Structural Damage, Selling De-Registered","Automatic,",5,Petrol,https://manheim.co.nz/damaged-vehicles/000000000007403429/2008-honda-crv-hatch?referringPage=SearchResults
Mazda,NAZDA3,2004,No,$350,"288,451",," Front Damage, Glass Broken, Has Key, Structural Damage, Selling De-Registered","Automatic,",5,Petrol,https://manheim.co.nz/damaged-vehicles/000000000007403434/2004-mazda-nazda3-hatch?referringPage=SearchResults
Toyota,Wish,2005,No,$0,"281,181",," Left Front Damage, Left Side Damage, Dismantled - Interior, Underbody Damage, Selling De-Registered","Automatic,",7,Petrol,https://manheim.co.nz/damaged-vehicles/000000000007353433/2005-toyota-wish-station-wagon?referringPage=SearchResults
Audi,A4,2015,No,"$1,500","56,982",," Right Front Damage, Structural Damage, Selling De-Registered","Automatic,",5,Petrol,https://manheim.co.nz/damaged-vehicles/000000000007423433/2015-audi-a4-station-wagon?referringPage=SearchResults
Holden,Barina,2014,No,$500,N/A,," Left Front Damage, Right Front Damage, Right Rear Damage, Airbags Deployed, Structural Damage, Selling De-Registered","Automatic,",5,Petrol,https://manheim.co.nz/damaged-vehicles/000000000007423444/2014-holden-barina-1-6p6a-sl5s-sedan?referringPage=SearchResults
Mazda,Axela,2005,No,$500,"248,535",," Front Damage, Right Side Damage, Structural Damage, Selling De-Registered","4spd,",5,Petrol,https://manheim.co.nz/damaged-vehicles/000000000007423452/2005-mazda-axela-station-wagon?referringPage=SearchResults
Toyota,Premio,2008,No,$550,"157,075",," Front Damage, Structural Damage, Selling De-Registered",N/A,5,Petrol,https://manheim.co.nz/damaged-vehicles/000000000007423454/2008-toyota-premio-sedan?referringPage=SearchResults
Mazda,MAZDA3,2013,No,$200,"180,262",," Water Damage, Selling De-Registered","4spd,",5,Petrol,https://manheim.co.nz/damaged-vehicles/000000000007423456/2013-mazda-mazda3-hatch-glx-2-0-5at-hatch?referringPage=SearchResults
Nissan,Bluebird,2002,Yes,$450,"129,829",," Glass Broken, Ignition Damage, Malicious/Vandalised, Selling Registered",N/A,5,Petrol,https://manheim.co.nz/damaged-vehicles/000000000007423458/2002-nissan-bluebird-sylphy-sedan?referringPage=SearchResults
Mitsubishi,ASX,2025,No,N/A,"5,559",," Airbags Deployed, Front Damage, Left Front Damage, Right Front Damage, Airbags Deployed, Structural Damage, Selling De-Registered","CVT,",5,Petrol,https://manheim.co.nz/damaged-vehicles/000000000007413475/2025-mitsubishi-asx-ls-2-0p-cvt-station-wagon?referringPage=SearchResults
Mitsubishi,Colt,2004,No,$400,"233,752",," Rear Damage, Structural Damage, Selling De-Registered","Automatic,",5,Petrol,https://manheim.co.nz/damaged-vehicles/000000000007423499/2004-mitsubishi-colt-plus-hatch?referringPage=SearchResults
Subaru,XV,2015,No,"$1,000",N/A,," Front Damage, Structural Damage, Selling De-Registered","Automatic,",5,Petrol,https://manheim.co.nz/damaged-vehicles/000000000007423506/2015-subaru-xv-station-wagon?referringPage=SearchResults
Hyundai,I30,2013,No,$800,N/A,," Left Front Damage, Structural Damage, Suspension Damage, Selling De-Registered","Automatic,",5,Petrol,https://manheim.co.nz/damaged-vehicles/000000000007423510/2013-hyundai-i30-gd-1-8-a6-hatch?referringPage=SearchResults
Volkswagen,Golf,2009,No,$400,"171,406",," Right Front Damage, Structural Damage, Selling De-Registered","5spd Automatic,",5,Petrol,https://manheim.co.nz/damaged-vehicles/000000000007423511/2009-volkswagen-golf-hatch?referringPage=SearchResults
Toyota,Wish,2006,No,$550,"225,433",," Rolled, Structural Damage, Selling De-Registered","Automatic,",7,Petrol,https://manheim.co.nz/damaged-vehicles/000000000007423516/2006-toyota-wish-station-wagon?referringPage=SearchResults
Nissan,Note,2006,No,$150,"168,622",," Right Front Damage, Right Side Damage, Structural Damage, Selling De-Registered","Automatic,",5,Petrol,https://manheim.co.nz/damaged-vehicles/000000000007423520/2006-nissan-note-hatch?referringPage=SearchResults
Mitsubishi,Pajero,2010,No,"$1,500","243,536",," Chassis Damage, Front Damage, Left Side Damage, Structural Damage, Selling De-Registered","Automatic,",5,Diesel,https://manheim.co.nz/damaged-vehicles/000000000007413534/2010-mitsubishi-pajero-station-wagon?referringPage=SearchResults
Toyota,Hiace,2008,No,$0,"238,940",, Selling De-Registered,"Automatic,",3,Petrol,https://manheim.co.nz/damaged-vehicles/000000000007413542/2008-toyota-hiace-van?referringPage=SearchResults
Toyota,Yaris,2007,No,$800,"152,260",," Right Side Damage, Structural Damage, Selling De-Registered","Automatic,",5,Petrol,https://manheim.co.nz/damaged-vehicles/000000000007423543/2007-toyota-yaris-1-3p-hatch3-4a-hatch?referringPage=SearchResults
Mitsubishi,Triton,2021,No,N/A,N/A,," Rolled, Structural Damage, Selling De-Registered","Automatic,",4,Diesel,https://manheim.co.nz/damaged-vehicles/000000000007423551/2021-mitsubishi-triton-utility?referringPage=SearchResults
Toyota,Corolla,2014,No,"$1,200","127,691",," Glass Broken, Right Front Damage, Right Side Damage, Structural Damage, Selling De-Registered","Automatic,",5,Hybrid,https://manheim.co.nz/damaged-vehicles/000000000007423559/2014-toyota-corolla-fielder-station-wagon?referringPage=SearchResults
Renault,Captur,2016,No,"$1,200",N/A,," Left Side Damage, Structural Damage, Selling De-Registered","Automatic,",5,Petrol,https://manheim.co.nz/damaged-vehicles/000000000007423563/2016-renault-captur-dynamique-1-2p-6am--hatch?referringPage=SearchResults
Toyota,Corolla,2014,Yes,"$1,650","147,406",," Glass Broken, Ignition Damage, Left Side Damage, Stolen & Recovered, Selling Registered",N/A,5,Petrol,https://manheim.co.nz/damaged-vehicles/000000000007423564/2014-toyota-corolla-gx-1-5p-wagon-cvt-station-wagon?referringPage=SearchResults
BMW,F800,2014,No,$650,"12,066",," Structural Damage, Selling De-Registered","Automatic,",N/A,Petrol,https://manheim.co.nz/damaged-vehicles/000000000007423565/2014-bmw-f800-gt-motorcycle?referringPage=SearchResults
Mazda,Demio,2005,Yes,$400,"168,360",," Left Front Damage, Suspension Damage, Selling Registered","4spd Automatic,",5,Petrol,https://manheim.co.nz/damaged-vehicles/000000000007423567/2005-mazda-demio-hatch?referringPage=SearchResults
Nissan,Qashqai,2011,No,$550,N/A,," Front Damage, Structural Damage, Selling De-Registered",N/A,5,Petrol,https://manheim.co.nz/damaged-vehicles/000000000007423568/2011-nissan-qashqai-2-0-st-at-hatch?referringPage=SearchResults
GRILLO,Series 9 Mower,2001,No,$100,N/A,0," Engine Damage, Fire Damage, Gearbox Damage, Interior Damage, Fire - Entire Vehicle, Structural Damage",N/A,N/A,Petrol,https://manheim.co.nz/damaged-vehicles/000000000007413579/2001-grillo-series-9-mower-mower--ride-on-?referringPage=SearchResults
Mazda,Axela,2007,No,$550,N/A,," Right Rear Damage, Structural Damage, Suspension Damage, Selling De-Registered",N/A,5,Petrol,https://manheim.co.nz/damaged-vehicles/000000000007423591/2007-mazda-axela-hatch?referringPage=SearchResults
Mazda,Axela,2008,No,$550,"191,300",," Front Damage, Structural Damage, Selling De-Registered","Automatic,",5,Petrol,https://manheim.co.nz/damaged-vehicles/000000000007423593/2008-mazda-axela-sport-hatch?referringPage=SearchResults
Subaru,Outback,2015,No,$800,N/A,," Airbags Deployed, Rear Damage, Right Side Damage, Structural Damage, Suspension Damage, Accident Damage, Selling De-Registered","Automatic,",5,Petrol,https://manheim.co.nz/damaged-vehicles/000000000007423604/2015-subaru-outback-premium-2-5p-4wd-6c-station-wagon?referringPage=SearchResults
Audi,A4,2008,No,$650,N/A,," Front Damage, Structural Damage, Selling De-Registered",N/A,5,Petrol,https://manheim.co.nz/damaged-vehicles/000000000007423612/2008-audi-a4-sedan?referringPage=SearchResults
Toyota,Prius,2014,No,$800,N/A,," Rear Damage, Structural Damage, Selling De-Registered","Automatic,",5,Hybrid,https://manheim.co.nz/damaged-vehicles/000000000007423613/2014-toyota-prius-hatch?referringPage=SearchResults
Nissan,Dualis,2009,No,$550,N/A,," Rear Damage, Right Side Damage, Structural Damage, Selling De-Registered",N/A,5,Petrol,https://manheim.co.nz/damaged-vehicles/000000000007423614/2009-nissan-dualis-station-wagon?referringPage=SearchResults
Mazda,MPV,2007,No,$550,"163,316",," Right Front Damage, Structural Damage, Suspension Damage, Selling De-Registered",N/A,8,Petrol,https://manheim.co.nz/damaged-vehicles/000000000007423620/2007-mazda-mpv-station-wagon?referringPage=SearchResults
Toyota,Camry,2003,No,$650,"354,141",," Rear Damage, Right Side Damage, Structural Damage, Selling De-Registered","4spd Automatic,",5,Petrol,https://manheim.co.nz/damaged-vehicles/000000000007423637/2003-toyota-camry-2-4p-altise-sedan-4-sedan?referringPage=SearchResults
MG,ZS,2025,No,$550,N/A,," Left Front Damage, Left Side Damage, Roof Damage, Right Front Damage, Airbags Deployed, Structural Damage, Selling De-Registered",N/A,5,Hybrid,https://manheim.co.nz/damaged-vehicles/000000000007413635/2025-mg-zs-excite-1-5pht-3hd-station-wagon?referringPage=SearchResults
Nissan,Tiida,2006,Yes,$800,N/A,," Ignition Damage, Stolen & Recovered, Selling Registered","Automatic,",5,Petrol,https://manheim.co.nz/damaged-vehicles/000000000007423643/2006-nissan-tiida-latio-sedan?referringPage=SearchResults
Toyota,Vitz,1999,Yes,$400,N/A,," Right Front Damage, Selling Registered","Automatic,",5,Petrol,https://manheim.co.nz/damaged-vehicles/000000000007423644/1999-toyota-vitz-hatch?referringPage=SearchResults
Audi,A3,2007,No,$500,"127,804",," Front Damage, Structural Damage, Selling De-Registered","Automatic,",5,Petrol,https://manheim.co.nz/damaged-vehicles/000000000007423653/2007-audi-a3-hatch?referringPage=SearchResults
Honda,fit,2012,No,$550,"115,349",," Rear Damage, Structural Damage, Selling De-Registered","Automatic,",5,Hybrid,https://manheim.co.nz/damaged-vehicles/000000000007423656/2012-honda-fit-hatch?referringPage=SearchResults
Toyota,Markx,2006,No,$550,"179,848",," Rear Damage, Structural Damage, Selling De-Registered","5spd Automatic,",5,Petrol,https://manheim.co.nz/damaged-vehicles/000000000007423667/2006-toyota-markx-sedan?referringPage=SearchResults
Honda,Insight,2012,No,$550,"136,687",," Structural Damage, Selling De-Registered","Automatic,",5,Petrol,https://manheim.co.nz/damaged-vehicles/000000000007393666/2012-honda-insight-hatch?referringPage=SearchResults
ROYAL ENFIELD,Classic,2018,No,$600,"47,576",," Front Damage, Structural Damage, Selling De-Registered",N/A,N/A,Petrol,https://manheim.co.nz/damaged-vehicles/000000000007393673/2018-royal-enfield-classic-motorcycle?referringPage=SearchResults
Mitsubishi,Colt,2005,No,$400,N/A,," Ignition Damage, Right Side Damage, Vandalised - Interior, Stolen & Recovered, Selling De-Registered","Automatic,",5,Petrol,https://manheim.co.nz/damaged-vehicles/000000000007413695/2005-mitsubishi-colt-1-5p-5dr-hatch-hatch?referringPage=SearchResults
Mazda,Demio,2008,No,$500,N/A,," Right Front Damage, Airbags Deployed, Selling De-Registered","4spd Automatic,",5,Petrol,https://manheim.co.nz/damaged-vehicles/000000000007423693/2008-mazda-demio-hatch?referringPage=SearchResults
Mercedes-Benz,M-class,2013,No,N/A,"116,936",," Left Rear Damage, Structural Damage, Selling De-Registered","Automatic,",5,Diesel,https://manheim.co.nz/damaged-vehicles/000000000007423699/2013-mercedes-benz-m-class-ml-350-bluetec-3-0d-station-wagon?referringPage=SearchResults
Hyundai,Accent,2014,No,$550,"99,365",," Left Side Damage, Structural Damage, Selling De-Registered","Automatic,",5,Petrol,https://manheim.co.nz/damaged-vehicles/000000000007423707/2014-hyundai-accent-1-6-5d-a4-hatch?referringPage=SearchResults
Mazda,CX-5,2017,No,N/A,"108,565",," Left Front Damage, Structural Damage, Selling De-Registered","Automatic,",5,Petrol,https://manheim.co.nz/damaged-vehicles/000000000007423710/2017-mazda-cx-5-ltd-ptr-2-5p-4wd-6a-station-wagon?referringPage=SearchResults
Mazda,E2500,2004,No,$10,N/A,," Fire Damage, Fire - Entire Vehicle, Stolen & Recovered, Selling De-Registered","Manual,",11,Diesel,https://manheim.co.nz/damaged-vehicles/000000000007423712/2004-mazda-e2500-van-lwb-2-5-de-van?referringPage=SearchResults
Toyota,Runx,2005,No,$500,N/A,," Front Damage, Structural Damage, Selling De-Registered","Automatic,",5,Petrol,https://manheim.co.nz/damaged-vehicles/000000000007423716/2005-toyota-runx-hatch?referringPage=SearchResults
Holden,Colorado,2018,No,N/A,"197,455",," Right Side Damage, Structural Damage, Selling De-Registered","Automatic,",5,Diesel,https://manheim.co.nz/damaged-vehicles/000000000007423717/2018-holden-colorado-ltz-dc-pu-2-8dt-4wd-dual-cab-utility?referringPage=SearchResults
Toyota,Aqua,2012,No,$550,"248,614",," Front Damage, Structural Damage, Selling De-Registered","6spd Automatic,",5,Hybrid,https://manheim.co.nz/damaged-vehicles/000000000007423721/2012-toyota-aqua-hatch?referringPage=SearchResults
Kia,Sorento,2022,No,N/A,"88,984",," Interior Damage, Selling De-Registered","Automatic,",7,Diesel,https://manheim.co.nz/damaged-vehicles/000000000007423723/2022-kia-sorento-ex-2-2dt-4wd-8am-station-wagon?referringPage=SearchResults
Honda,VTR,1998,No,$200,"904,334",," Light Dmg, Selling De-Registered",N/A,N/A,Petrol,https://manheim.co.nz/damaged-vehicles/000000000007393735/1998-honda-vtr-250-motorcycle?referringPage=SearchResults
Subaru,Legacy,2006,No,$400,"252,868",, Selling De-Registered,"Automatic,",5,Petrol,https://manheim.co.nz/damaged-vehicles/000000000007403757/2006-subaru-legacy-b-sport-sedan?referringPage=SearchResults
Mitsubishi,RVR,2010,No,$550,"151,663",," Front Damage, Left Side Damage, Structural Damage, Selling De-Registered",N/A,5,Petrol,https://manheim.co.nz/damaged-vehicles/000000000007423757/2010-mitsubishi-rvr-station-wagon?referringPage=SearchResults
Mitsubishi,Lancer,2005,No,$500,"226,048",," Front Damage, Rear Damage, Structural Damage, Selling De-Registered","4spd Automatic,",5,Petrol,https://manheim.co.nz/damaged-vehicles/000000000007423759/2005-mitsubishi-lancer-2-0p-vr-x-sedan-a-sedan?referringPage=SearchResults
Mazda,Premacy,2005,No,$550,"125,907",," Left Side Damage, Structural Damage, Selling De-Registered","Automatic,",7,Petrol,https://manheim.co.nz/damaged-vehicles/000000000007423761/2005-mazda-premacy-station-wagon?referringPage=SearchResults
Mazda,Atenza,2006,Yes,"$1,200",N/A,," Ignition Damage, Right Rear Damage, Vandalised - Interior, Stolen & Recovered, Selling Registered","Automatic,",5,Petrol,https://manheim.co.nz/damaged-vehicles/000000000007423769/2006-mazda-atenza-sedan?referringPage=SearchResults
Suzuki,Swift,2012,No,$650,"143,384",," Front Damage, Rear Damage, Structural Damage, Selling De-Registered","6spd Manual,",5,Petrol,https://manheim.co.nz/damaged-vehicles/000000000007423773/2012-suzuki-swift-hatch-1-6-5dr-sport-hatch?referringPage=SearchResults
Volkswagen,Golf,2009,No,$500,"153,030",," Left Front Damage, Structural Damage, Selling De-Registered","Automatic,",5,Petrol,https://manheim.co.nz/damaged-vehicles/000000000007423775/2009-volkswagen-golf-hatch?referringPage=SearchResults
Mitsubishi,Outlander,2013,No,"$1,200","163,786",," Left Side Damage, Right Side Damage, Structural Damage, Selling De-Registered","Automatic,",5,Hybrid,https://manheim.co.nz/damaged-vehicles/000000000007423777/2013-mitsubishi-outlander-phev-station-wagon?referringPage=SearchResults
Toyota,Prius,2011,No,$650,"190,863",," Rear Damage, Structural Damage, Selling De-Registered",N/A,5,Hybrid,https://manheim.co.nz/damaged-vehicles/000000000007423780/2011-toyota-prius-hatch?referringPage=SearchResults
Honda,Civic,2008,No,$550,N/A,," Front Damage, Left Side Damage, Structural Damage, Selling De-Registered","4spd CVT,",5,Hybrid,https://manheim.co.nz/damaged-vehicles/000000000007423787/2008-honda-civic-hybrid-sedan?referringPage=SearchResults
Nissan,Note,2010,No,$400,"146,979",," Front Damage, Left Side Damage, Structural Damage, Selling De-Registered",N/A,5,Petrol,https://manheim.co.nz/damaged-vehicles/000000000007423788/2010-nissan-note-hatch?referringPage=SearchResults
Nissan,Leaf,2024,No,N/A,N/A,," Engine Failure, Front Damage, Glass Broken, Left Front Damage, Left Side Damage, Right Front Damage, Right Side Damage, Airbags Deployed, Structural Damage, Accident Damage, Selling De-Registered",N/A,N/A,Electric,https://manheim.co.nz/damaged-vehicles/000000000007423789/2024-nissan-leaf-leaf-60kwh-ev-fd-hatch?referringPage=SearchResults
Mazda,CX-3,2015,No,$800,"112,008",," Front Damage, Rear Damage, Structural Damage, Selling De-Registered",N/A,5,Petrol,https://manheim.co.nz/damaged-vehicles/000000000007423792/2015-mazda-cx-3-limited-2-0p-6at-sw-station-wagon?referringPage=SearchResults
Audi,A3,2011,No,$500,"102,105",," Front Damage, Right Side Damage, Structural Damage, Selling De-Registered",N/A,5,Petrol,https://manheim.co.nz/damaged-vehicles/000000000007423795/2011-audi-a3-sportback-1-4t-fsi-hatch?referringPage=SearchResults
Lexus,IS300H,2019,No,N/A,"118,459",," Right Front Damage, Structural Damage, Selling De-Registered",N/A,4,Hybrid,https://manheim.co.nz/damaged-vehicles/000000000007423808/2019-lexus-is300h-sedan?referringPage=SearchResults
Renault,Koleos,2011,Yes,$900,"334,872",," Stolen & Recovered, Selling Registered","6spd Automatic,",5,Diesel,https://manheim.co.nz/damaged-vehicles/000000000007413811/2011-renault-koleos-2-0dci-4dr-4wd-suv-station-wagon?referringPage=SearchResults
Volkswagen,Sharan,2012,Yes,$900,"214,689",," Front Damage, Rear Damage, Stolen & Recovered, Selling Registered","6spd Automatic,",7,Petrol,https://manheim.co.nz/damaged-vehicles/000000000007413812/2012-volkswagen-sharan-station-wagon?referringPage=SearchResults
Volkswagen,Touran,2006,Yes,"$1,200",N/A,, Selling Registered,"Automatic,",5,Petrol,https://manheim.co.nz/damaged-vehicles/000000000007413817/2006-volkswagen-touran-2-0-fsi-station-wagon?referringPage=SearchResults
Nissan,Primera,2005,Yes,$800,"106,215",," Stolen & Recovered, Selling Registered","CVT,",5,Petrol,https://manheim.co.nz/damaged-vehicles/000000000007413823/2005-nissan-primera-sedan?referringPage=SearchResults
Suzuki,Swift,2005,Yes,"$1,300","211,494",," Stolen & Recovered, Selling Registered","5spd Manual,",5,Petrol,https://manheim.co.nz/damaged-vehicles/000000000007413825/2005-suzuki-swift-hatch?referringPage=SearchResults
Nissan,Lafesta,2005,Yes,$900,N/A,," Stolen & Recovered, Selling Registered","5spd Automatic,",7,Petrol,https://manheim.co.nz/damaged-vehicles/000000000007413828/2005-nissan-lafesta-highway-star-station-wagon?referringPage=SearchResults
Mazda,Demio,2007,No,$350,"140,699",," Ignition Damage, Structural Damage, Selling De-Registered",N/A,5,Petrol,https://manheim.co.nz/damaged-vehicles/000000000007423822/2007-mazda-demio-hatch?referringPage=SearchResults
Volkswagen,Golf,2006,No,$550,N/A,," Rear Damage, Structural Damage, Selling De-Registered",N/A,5,Petrol,https://manheim.co.nz/damaged-vehicles/000000000007423823/2006-volkswagen-golf-hatch?referringPage=SearchResults
Toyota,Wish,2008,No,$550,N/A,," Rear Damage, Structural Damage, Selling De-Registered",N/A,7,Petrol,https://manheim.co.nz/damaged-vehicles/000000000007423824/2008-toyota-wish-station-wagon?referringPage=SearchResults
Suzuki,SX4,2011,No,$650,"115,159",," Left Front Damage, Rear Damage, Right Side Damage, Structural Damage, Selling De-Registered","CVT,",5,Petrol,https://manheim.co.nz/damaged-vehicles/000000000007423825/2011-suzuki-sx4-glxfcb2-2-0-5dr-ltd-hatch?referringPage=SearchResults
MG,ZS,2021,No,"$1,500","83,450",," Front Damage, Rear Damage, Structural Damage, Selling De-Registered",N/A,5,Petrol,https://manheim.co.nz/damaged-vehicles/000000000007423827/2021-mg-zs-excite-1-5p-4at-station-wagon?referringPage=SearchResults
Porsche,Cayenne,2012,No,N/A,"172,614",," Interior Damage, Water Damage, Selling De-Registered",N/A,5,Petrol,https://manheim.co.nz/damaged-vehicles/000000000007423828/2012-porsche-cayenne-turbo-4-door-suv-station-wagon?referringPage=SearchResults
Toyota,Camry,2008,No,$800,"237,365",," Structural Damage, Selling De-Registered","Automatic,",5,Petrol,https://manheim.co.nz/damaged-vehicles/000000000007423829/2008-toyota-camry-2-4p-gl-sedan-5a-sedan?referringPage=SearchResults
Toyota,Wish,2005,No,$400,"172,632",," Front Damage, Structural Damage, Selling De-Registered",N/A,7,Petrol,https://manheim.co.nz/damaged-vehicles/000000000007423830/2005-toyota-wish-station-wagon?referringPage=SearchResults
CARAVAN,Acesupreme Globestar,2007,No,"$3,050",N/A,0," Left Side Damage, Right Side Damage, Structural Damage, Selling De-Registered",N/A,N/A,N/A,https://manheim.co.nz/damaged-vehicles/000000000007423835/2007-caravan-acesupreme-globestar-caravan?referringPage=SearchResults
TRAILER,Domestic,2010,No,$0,N/A,0," Chassis Damage, Left Side Damage, Right Front Damage, Right Side Damage, Underbody Damage, Selling De-Registered",N/A,N/A,N/A,https://manheim.co.nz/damaged-vehicles/000000000007423837/2010-trailer-domestic-trailer?referringPage=SearchResults
Mitsubishi,Lancer,2004,No,$400,"248,882",," Front Damage, Left Front Damage, Right Front Damage, Structural Damage, Selling De-Registered","Automatic,",5,Petrol,https://manheim.co.nz/damaged-vehicles/000000000007423838/2004-mitsubishi-lancer-sedan?referringPage=SearchResults
Nissan,Dualis,2007,No,$650,"165,120",," Front Damage, Structural Damage, Selling De-Registered","CVT,",5,Petrol,https://manheim.co.nz/damaged-vehicles/000000000007423839/2007-nissan-dualis-station-wagon?referringPage=SearchResults
Toyota,Spacio Corolla,2002,No,$550,N/A,," Interior Damage, Structural Damage, Selling De-Registered",N/A,N/A,Petrol,https://manheim.co.nz/damaged-vehicles/000000000007423841/2002-toyota-spacio-corolla-corolla-station-wagon?referringPage=SearchResults
Mitsubishi,Pajero,2014,No,N/A,"393,094",," Left Side Damage, Structural Damage, Selling De-Registered","5spd Automatic,",7,Diesel,https://manheim.co.nz/damaged-vehicles/000000000007423843/2014-mitsubishi-pajero-3-2d-gls-auto-station-wagon?referringPage=SearchResults
Hyundai,Tucson,2017,No,N/A,"106,731",," Front Damage, Rear Damage, Structural Damage, Selling De-Registered","6spd Automatic,",5,Petrol,https://manheim.co.nz/damaged-vehicles/000000000007423844/2017-hyundai-tucson-gdi-elite-2-0p-6at--station-wagon?referringPage=SearchResults
Volkswagen,Touareg,2008,No,$550,"150,667",," Front Damage, Structural Damage, Selling De-Registered","6spd Automatic,",5,Petrol,https://manheim.co.nz/damaged-vehicles/000000000007423847/2008-volkswagen-touareg-station-wagon?referringPage=SearchResults
Ford,Focus,2017,No,"$1,150","103,010",," Dismantled - Interior, Structural Damage, Water Damage, Selling De-Registered","6spd Automatic,",5,Petrol,https://manheim.co.nz/damaged-vehicles/000000000007423848/2017-ford-focus-sport-1-5p-6at-hatch?referringPage=SearchResults
Nissan,Caravan,2008,No,$800,"143,433",," Front Damage, Left Front Damage, Right Front Damage, Structural Damage, Selling De-Registered","Automatic,",3,Petrol,https://manheim.co.nz/damaged-vehicles/000000000007423853/2008-nissan-caravan-van?referringPage=SearchResults
LDV,G10,2021,No,N/A,"129,498",," Left Front Damage, Structural Damage, Selling De-Registered","Automatic,",2,Petrol,https://manheim.co.nz/damaged-vehicles/000000000007423854/2021-ldv-g10-t-cargo-2-0p-6at-lv-van?referringPage=SearchResults
Toyota,Landcruiser,1996,No,"$1,250","269,714",," Front Damage, Rear Damage, Structural Damage, Selling De-Registered","Automatic,",8,Diesel,https://manheim.co.nz/damaged-vehicles/000000000007423856/1996-toyota-landcruiser-prado-station-wagon?referringPage=SearchResults
Ford,Falcon,2009,No,N/A,"240,944",," Front Damage, Structural Damage, Selling De-Registered","Automatic,",5,Petrol,https://manheim.co.nz/damaged-vehicles/000000000007423857/2009-ford-falcon-fg-g6e-t-auto-sedan?referringPage=SearchResults
Nissan,Note,2011,No,$350,"205,764",," Front Damage, Structural Damage, Selling De-Registered","Automatic,",5,Petrol,https://manheim.co.nz/damaged-vehicles/000000000007423858/2011-nissan-note-hatch?referringPage=SearchResults
Hyundai,I30,2011,Yes,$450,"299,990",," Rear Damage, Selling Registered","Automatic,",5,Petrol,https://manheim.co.nz/damaged-vehicles/000000000007423859/2011-hyundai-i30-wagon-2-0-elite-a4-station-wagon?referringPage=SearchResults
Toyota,Corolla H/B AUT,1993,No,$500,"181,695",," Left Front Damage, Structural Damage, Selling De-Registered","Automatic,",5,Petrol,https://manheim.co.nz/damaged-vehicles/000000000007413857/1993-toyota-corolla-h-b-aut-hatch?referringPage=SearchResults
Toyota,Aqua,2017,No,$800,N/A,," Right Front Damage, Right Side Damage, Structural Damage, Suspension Damage, Selling De-Registered",N/A,5,Hybrid,https://manheim.co.nz/damaged-vehicles/000000000007423868/2017-toyota-aqua-hatch?referringPage=SearchResults
Toyota,Camry,1996,No,$550,"183,730",," Front Damage, Structural Damage, Selling De-Registered","Automatic,",5,Petrol,https://manheim.co.nz/damaged-vehicles/000000000007423872/1996-toyota-camry-2-2p-gl-sedan-4a-sedan?referringPage=SearchResults
Subaru,Impreza,2009,No,$150,"96,815",," Left Front Damage, Left Rear Damage, Structural Damage, Selling De-Registered",N/A,5,Petrol,https://manheim.co.nz/damaged-vehicles/000000000007423882/2009-subaru-impreza-hatch?referringPage=SearchResults
Mazda,MAZDA3,2016,No,$800,N/A,," Front Damage, Rear Damage, Right Side Damage, Structural Damage, Selling De-Registered","Automatic,",5,Petrol,https://manheim.co.nz/damaged-vehicles/000000000007423883/2016-mazda-mazda3-gsx-2-0p-6at-sl-4dr-sedan?referringPage=SearchResults
Toyota,Surf,1996,No,"$1,200","312,923",," Airbags Deployed, Front Damage, Has Key, Airbags Deployed, Structural Damage, Selling De-Registered",N/A,5,Diesel,https://manheim.co.nz/damaged-vehicles/000000000007423884/1996-toyota-surf-ssr-x-station-wagon?referringPage=SearchResults
Toyota,Corolla,2017,No,"$1,500","135,287",," Front Damage, Left Rear Damage, Rear Damage, Structural Damage, Selling De-Registered","Automatic,",5,Petrol,https://manheim.co.nz/damaged-vehicles/000000000007423885/2017-toyota-corolla-glx-1-8p-cvt-hatch?referringPage=SearchResults
Honda,fit,2005,No,$400,N/A,," Airbags Deployed, Front Damage, Structural Damage, Selling De-Registered","Automatic,",5,Petrol,https://manheim.co.nz/damaged-vehicles/000000000007423886/2005-honda-fit-hatch?referringPage=SearchResults
Toyota,Altezza,1998,No,$500,N/A,," Front Damage, Structural Damage, Selling De-Registered","Automatic,",5,Petrol,https://manheim.co.nz/damaged-vehicles/000000000007423889/1998-toyota-altezza-sedan?referringPage=SearchResults
Mazda,Axela,2010,No,$550,"80,198",," Left Side Damage, Structural Damage, Selling De-Registered","Automatic,",5,Petrol,https://manheim.co.nz/damaged-vehicles/000000000007423898/2010-mazda-axela-hatch?referringPage=SearchResults
Toyota,Vitz,2007,No,$800,"142,511",," Glass Broken, Left Rear Damage, Right Side Damage, Vandalised - Interior, Structural Damage, Stolen & Recovered, Selling De-Registered","4spd Automatic,",5,Petrol,https://manheim.co.nz/damaged-vehicles/000000000007423900/2007-toyota-vitz-hatch?referringPage=SearchResults
Toyota,Spacio,2005,No,$400,"257,779",," Front Damage, Structural Damage, Selling De-Registered","Automatic,",7,Petrol,https://manheim.co.nz/damaged-vehicles/000000000007423901/2005-toyota-spacio-station-wagon?referringPage=SearchResults
Nissan,Navara,2006,No,$400,N/A,," Left Side Damage, Structural Damage, Selling De-Registered",N/A,5,Diesel,https://manheim.co.nz/damaged-vehicles/000000000007423902/2006-nissan-navara-2-5-2wd-dc-w-s-d-ai-dual-cab-utility?referringPage=SearchResults
Suzuki,Swift,2006,No,$150,"222,677",," Right Rear Damage, Structural Damage, Selling De-Registered",N/A,5,Petrol,https://manheim.co.nz/damaged-vehicles/000000000007423905/2006-suzuki-swift-hatch?referringPage=SearchResults
Mitsubishi,Delica,2007,No,$800,N/A,," Rear Damage, Structural Damage, Selling De-Registered","4spd Automatic,",8,Petrol,https://manheim.co.nz/damaged-vehicles/000000000007423906/2007-mitsubishi-delica-station-wagon?referringPage=SearchResults
Lexus,IS250,2009,No,$500,"192,104",," Rear Damage, Right Side Damage, Structural Damage, Selling De-Registered",N/A,5,Petrol,https://manheim.co.nz/damaged-vehicles/000000000007423909/2009-lexus-is250-sedan?referringPage=SearchResults
Mitsubishi,Outlander,2015,No,"$1,600","188,572",," Left Front Damage, Structural Damage, Selling De-Registered","Automatic,",7,Diesel,https://manheim.co.nz/damaged-vehicles/000000000007413902/2015-mitsubishi-outlander-vrx-2-3d-4wd-6at-sw-station-wagon?referringPage=SearchResults
Mazda,Premacy,2011,Yes,"$1,050","175,157",," Left Side Damage, Rear Damage, Selling Registered","Automatic,",7,Petrol,https://manheim.co.nz/damaged-vehicles/000000000007413905/2011-mazda-premacy-station-wagon?referringPage=SearchResults
Toyota,Corolla,2005,No,$650,"247,791",," Front Damage, Structural Damage, Selling De-Registered",N/A,5,Petrol,https://manheim.co.nz/damaged-vehicles/000000000007413921/2005-toyota-corolla-runx-hatch?referringPage=SearchResults
Hyundai,Santa FE,2017,No,N/A,"118,838",," Front Damage, Left Front Damage, Left Side Damage, Right Front Damage, Structural Damage, Selling De-Registered","Automatic,",7,Diesel,https://manheim.co.nz/damaged-vehicles/000000000007413929/2017-hyundai-santa-fe-dm-2-2d-elite-station-wagon?referringPage=SearchResults
Nissan,Tiida,2005,Yes,$200,N/A,," Ignition Damage, Stolen & Recovered, Selling Registered","Automatic,",5,Petrol,https://manheim.co.nz/damaged-vehicles/000000000007423921/2005-nissan-tiida-sedan?referringPage=SearchResults
Honda,Accord,2010,No,$550,N/A,," Interior Damage, Water Damage, Selling De-Registered","Automatic,",5,Petrol,https://manheim.co.nz/damaged-vehicles/000000000007423922/2010-honda-accord-euro-tourer-leather-station-wagon?referringPage=SearchResults
Mitsubishi,Diamante,2003,No,$150,"213,796",," Left Side Damage, Structural Damage, Selling De-Registered","Automatic,",5,Petrol,https://manheim.co.nz/damaged-vehicles/000000000007423925/2003-mitsubishi-diamante-3-5p-gtv-sedan-a-sedan?referringPage=SearchResults
Toyota,Hilux,1993,No,"$1,400",N/A,," Left Front Damage, Left Side Damage, Rear Damage, Structural Damage, Selling De-Registered","Manual,",2,Diesel,https://manheim.co.nz/damaged-vehicles/000000000007423929/1993-toyota-hilux-utility?referringPage=SearchResults
Toyota,Wish,2005,No,$550,N/A,," Front Damage, Glass Broken, Ignition Damage, Rear Damage, Right Side Damage, Structural Damage, Stolen & Recovered, Selling De-Registered","Automatic,",7,Petrol,https://manheim.co.nz/damaged-vehicles/000000000007423941/2005-toyota-wish-station-wagon?referringPage=SearchResults
Nissan,Bluebird,2005,Yes,$350,N/A,," Glass Broken, Interior Damage, Ignition Damage, Selling Registered","Automatic,",5,Petrol,https://manheim.co.nz/damaged-vehicles/000000000007423942/2005-nissan-bluebird-sylphy-sedan?referringPage=SearchResults
Toyota,Prius,2013,No,$800,"170,161",," Front Damage, Rear Damage, Structural Damage, Selling De-Registered",N/A,7,Hybrid,https://manheim.co.nz/damaged-vehicles/000000000007423947/2013-toyota-prius-alpha-hybrid-station-wagon?referringPage=SearchResults
Toyota,Estima,2006,No,$350,"286,994",," Rear Damage, Structural Damage, Selling De-Registered","Automatic,",7,Petrol,https://manheim.co.nz/damaged-vehicles/000000000007423949/2006-toyota-estima-station-wagon?referringPage=SearchResults
Toyota,Corolla H/B AUT,1993,Yes,$400,"363,681",," Glass Broken, Ignition Damage, Selling Registered","Automatic,",5,Petrol,https://manheim.co.nz/damaged-vehicles/000000000007423963/1993-toyota-corolla-h-b-aut-hatch?referringPage=SearchResults
Toyota,Corolla,2013,No,$650,N/A,," Rear Damage, Structural Damage, Selling De-Registered","Automatic,",5,Petrol,https://manheim.co.nz/damaged-vehicles/000000000007423964/2013-toyota-corolla-1-8p-glx-sedan-4-4a-sedan?referringPage=SearchResults
Mitsubishi,Mirage,2013,No,$500,"88,914",," Rear Damage, Structural Damage, Selling De-Registered","4spd Automatic,",5,Petrol,https://manheim.co.nz/damaged-vehicles/000000000007423965/2013-mitsubishi-mirage-1-2p-gls-5dr-hatch-hatch?referringPage=SearchResults
Ford,Focus,2014,No,$550,N/A,," Front Damage, Airbags Deployed, Structural Damage, Selling De-Registered",N/A,5,Petrol,https://manheim.co.nz/damaged-vehicles/000000000007423966/2014-ford-focus-s-hatch?referringPage=SearchResults
Toyota,Vitz,2005,No,$800,"291,112",," Ignition Damage, Left Rear Damage, Structural Damage, Selling De-Registered",N/A,5,Petrol,https://manheim.co.nz/damaged-vehicles/000000000007423968/2005-toyota-vitz-hatch?referringPage=SearchResults
Ford,Falcon,1999,No,$0,"313,215",," Front Damage, Left Front Damage, Left Rear Damage, Selling De-Registered","4spd Automatic,",6,Petrol,https://manheim.co.nz/damaged-vehicles/000000000007423982/1999-ford-falcon-au-forte-w-ca-station-wagon?referringPage=SearchResults
Mazda,MPV,2004,No,$350,"220,747",," Left Side Damage, Structural Damage, Selling De-Registered","Automatic,",7,Petrol,https://manheim.co.nz/damaged-vehicles/000000000007423985/2004-mazda-mpv-station-wagon?referringPage=SearchResults
Toyota,Prius,2012,No,$650,"277,034",," Left Side Damage, Rear Damage, Structural Damage, Selling De-Registered",N/A,5,Hybrid,https://manheim.co.nz/damaged-vehicles/000000000007423986/2012-toyota-prius-alpha-hatch?referringPage=SearchResults
Mitsubishi,Triton,2024,No,N/A,N/A,," Chassis Damage, Front Damage, Left Side Damage, Rear Damage, Roof Damage, Right Side Damage, Structural Damage, Suspension Damage, Selling De-Registered",N/A,5,Diesel,https://manheim.co.nz/damaged-vehicles/000000000007413983/2024-mitsubishi-triton-dc-glx-4wd-6at-2-4d-dual-cab-utility?referringPage=SearchResults
Skoda,Kodiaq,2022,No,$0,"57,418",, Selling De-Registered,"Automatic,",7,Diesel,https://manheim.co.nz/damaged-vehicles/000000000007413984/2022-skoda-kodiaq-sportline-tdi-147kw-station-wagon?referringPage=SearchResults
Nissan,Tiida,2004,No,$500,N/A,," Left Front Damage, Rear Damage, Structural Damage, Selling De-Registered","Automatic,",5,Petrol,https://manheim.co.nz/damaged-vehicles/000000000007424032/2004-nissan-tiida-latio-sedan?referringPage=SearchResults
Hyundai,IX35,2014,No,"$1,500",N/A,," Fire Damage, Fire - Engine, Structural Damage, Selling De-Registered",N/A,5,Petrol,https://manheim.co.nz/damaged-vehicles/000000000007424033/2014-hyundai-ix35-gdi2-46a-2-4p4wd6a--station-wagon?referringPage=SearchResults
Nissan,Leaf,2016,No,$550,N/A,," Right Front Damage, Structural Damage, Selling De-Registered","Automatic, Drive Type, Front Wheel Drive, Fuel Type, Electri",5,Electric,https://manheim.co.nz/damaged-vehicles/000000000007424036/2016-nissan-leaf-hatch?referringPage=SearchResults
Toyota,Vitz,2005,No,$550,"244,062",," Front Damage, Structural Damage, Selling De-Registered","5spd Automatic,",5,Petrol,https://manheim.co.nz/damaged-vehicles/000000000007424041/2005-toyota-vitz-hatch?referringPage=SearchResults
Mazda,Demio,2012,No,$400,N/A,," Front Damage, Rear Damage, Structural Damage, Selling De-Registered","Automatic,",5,Petrol,https://manheim.co.nz/damaged-vehicles/000000000007424046/2012-mazda-demio-hatch?referringPage=SearchResults
Toyota,Vitz,2000,No,$550,N/A,," Front Damage, Structural Damage, Selling De-Registered",N/A,5,Petrol,https://manheim.co.nz/damaged-vehicles/000000000007424047/2000-toyota-vitz-hatch?referringPage=SearchResults
Mitsubishi,Galant,2003,Yes,$350,N/A,," Glass Broken, Ignition Damage, Vandalised - Entire Vehicle, Vandalised - Interior, Vandalized Glass Broken, Selling Registered","Automatic,",5,Petrol,https://manheim.co.nz/damaged-vehicles/000000000007424049/2003-mitsubishi-galant-2-5p-vr-sedan-a-sedan?referringPage=SearchResults
Honda,Insight,2009,No,$650,N/A,," Rear Damage, Structural Damage, Selling De-Registered","Automatic,",5,Petrol,https://manheim.co.nz/damaged-vehicles/000000000007424056/2009-honda-insight-hatch?referringPage=SearchResults
Ford,Territory,2004,No,$0,N/A,," Left Front Damage, Left Side Damage, Dismantled - Entire Vehicle, Selling De-Registered","Automatic,",7,Petrol,https://manheim.co.nz/damaged-vehicles/000000000007394058/2004-ford-territory-tx-rwd-station-wagon?referringPage=SearchResults
Peugeot,508,2013,No,$650,N/A,," Front Damage, Airbags Deployed, Structural Damage, Selling De-Registered","Automatic,",5,Diesel,https://manheim.co.nz/damaged-vehicles/000000000007424066/2013-peugeot-508-sw-touring?referringPage=SearchResults
Ford,Falcon,2003,No,$0,N/A,," Left Side Damage, Roof Damage, Right Side Damage, Dismantled - Entire Vehicle, Selling De-Registered","Automatic,",5,Petrol,https://manheim.co.nz/damaged-vehicles/000000000007394126/2003-ford-falcon-ba-futura-4fa-sedan?referringPage=SearchResults
Kawasaki,ex,2025,Yes,$0,"2,883",, Selling Registered,N/A,N/A,Petrol,https://manheim.co.nz/damaged-vehicles/000000000007404173/2025-kawasaki-ex-500g-motorcycle?referringPage=SearchResults
Honda,fit,2014,No,"$1,200","230,985",," Left Front Damage, Left Rear Damage, Right Front Damage, Structural Damage, Selling De-Registered","Automatic,",5,Hybrid,https://manheim.co.nz/damaged-vehicles/000000000007404199/2014-honda-fit-shuttle-hatch?referringPage=SearchResults
Nissan,Tiida,2010,No,$500,N/A,," Right Side Damage, Structural Damage, Selling De-Registered",N/A,5,Petrol,https://manheim.co.nz/damaged-vehicles/000000000007424197/2010-nissan-tiida-1-8-petrol-hatch-st-hatch?referringPage=SearchResults
Nissan,Tiida,2005,No,$50,"206,294",," Left Front Damage, Selling De-Registered","5spd Automatic,",5,Petrol,https://manheim.co.nz/damaged-vehicles/000000000007424198/2005-nissan-tiida-hatch?referringPage=SearchResults
Volkswagen,Golf,2007,No,$50,N/A,," Rolled, Airbags Deployed, Structural Damage, Selling De-Registered","Automatic,",5,Petrol,https://manheim.co.nz/damaged-vehicles/000000000007424200/2007-volkswagen-golf-hatch?referringPage=SearchResults
Suzuki,LT A500X,2011,No,$600,"3,467",," Structural Damage, Selling De-Registered","Automatic,",N/A,N/A,https://manheim.co.nz/damaged-vehicles/000000000007414217/2011-suzuki-lt-a500x-quad-bike?referringPage=SearchResults
Mercedes-Benz,A-class,2016,No,N/A,"81,064",," Rear Damage, Structural Damage, Selling De-Registered","Automatic,",5,Petrol,https://manheim.co.nz/damaged-vehicles/000000000007424221/2016-mercedes-benz-a-class-a180-hatch?referringPage=SearchResults
Toyota,Hilux,2001,No,"$1,600","301,998",," Glass Broken, Interior Damage, Ignition Damage, Vandalised - Entire Vehicle, Dismantled - Entire Vehicle, Structural Damage, Stolen & Recovered, Suspension Damage, Selling De-Registered","Manual,",5,Diesel,https://manheim.co.nz/damaged-vehicles/000000000007404235/2001-toyota-hilux-3-0d-2wd-sr5-d-c-5m-dual-cab-chassis?referringPage=SearchResults
Mercedes-Benz,B,2011,No,$550,"107,731",," Airbags Deployed, Interior Damage, Water Damage, Selling De-Registered","Automatic,",5,Petrol,https://manheim.co.nz/damaged-vehicles/000000000007424247/2011-mercedes-benz-b-200-hatch?referringPage=SearchResults
Yamaha,YZF-R7LA,2025,No,"$1,800","4,182",," Front Damage, Rear Damage, Structural Damage, Selling De-Registered","Automatic,",N/A,Petrol,https://manheim.co.nz/damaged-vehicles/000000000007424253/2025-yamaha-yzf-r7la-s-motorcycle?referringPage=SearchResults
Holden,Colorado,2017,No,N/A,N/A,," Left Front Damage, Structural Damage, Selling De-Registered","Automatic,",5,Diesel,https://manheim.co.nz/damaged-vehicles/000000000007424261/2017-holden-colorado-z71-dc-pu-2-8dt-4wd-dual-cab-chassis?referringPage=SearchResults
Haval,Jolion,2023,No,"$1,200","48,513",," Front Damage, Airbags Deployed, Structural Damage, Selling De-Registered","Automatic,",5,Petrol,https://manheim.co.nz/damaged-vehicles/000000000007424266/2023-haval-jolion-ultra-2wd-hybrid-1--station-wagon?referringPage=SearchResults
Nissan,Wingroad,2006,No,$500,"207,544",," Left Rear Damage, Structural Damage, Selling De-Registered","Automatic,",5,Petrol,https://manheim.co.nz/damaged-vehicles/000000000007424269/2006-nissan-wingroad-station-wagon?referringPage=SearchResults
Nissan,Tiida,2008,No,$500,"90,524",," Front Damage, Structural Damage, Selling De-Registered",N/A,5,Petrol,https://manheim.co.nz/damaged-vehicles/000000000007424284/2008-nissan-tiida-hatch?referringPage=SearchResults
Mazda,Axela,2005,Yes,$300,"318,899",," Left Front Damage, Structural Damage, Selling Registered","Automatic,",5,Petrol,https://manheim.co.nz/damaged-vehicles/000000000007424291/2005-mazda-axela-station-wagon?referringPage=SearchResults
Toyota,Corolla,2006,No,$550,N/A,," Front Damage, Rear Damage, Structural Damage, Selling De-Registered","Automatic,",5,Petrol,https://manheim.co.nz/damaged-vehicles/000000000007424295/2006-toyota-corolla-1-8p-gl-hatch5-4a-hatch?referringPage=SearchResults
Toyota,Sienta,2005,No,$550,N/A,," Right Front Damage, Structural Damage, Selling De-Registered",N/A,7,Petrol,https://manheim.co.nz/damaged-vehicles/000000000007424302/2005-toyota-sienta-hatch?referringPage=SearchResults
Volkswagen,Polo,2015,No,$500,"153,832",," Left Front Damage, Right Rear Damage, Structural Damage, Selling De-Registered","Automatic,",5,Petrol,https://manheim.co.nz/damaged-vehicles/000000000007424304/2015-volkswagen-polo-tsi-66kw-hl-1-2p-7a-hatch?referringPage=SearchResults
Ford,Fairlane,2003,No,$600,N/A,," Roof Damage, Right Front Damage, Right Rear Damage, Right Side Damage, Dismantled - Entire Vehicle, Selling De-Registered","Automatic,",5,LPG,https://manheim.co.nz/damaged-vehicles/000000000007394309/2003-ford-fairlane-ba-frln-ghia-6c-sedan?referringPage=SearchResults
Ford,Focus,2005,No,$150,"249,499",," Front Damage, Left Front Damage, Left Side Damage, Rear Damage, Right Front Damage, Right Side Damage, Structural Damage, Selling De-Registered","Automatic,",5,Petrol,https://manheim.co.nz/damaged-vehicles/000000000007424333/2005-ford-focus-zetec-hatch-a-hatch?referringPage=SearchResults
Toyota,RAV4,2014,No,N/A,N/A,," Front Damage, Left Front Damage, Underbody Damage, Structural Damage, Suspension Damage, Selling De-Registered","Automatic,",5,Petrol,https://manheim.co.nz/damaged-vehicles/000000000007424342/2014-toyota-rav4-gxl-2-5p-suv-6a-station-wagon?referringPage=SearchResults
Suzuki,Swift,2013,No,$550,"99,685",," Front Damage, Left Rear Damage, Rear Damage, Structural Damage, Selling De-Registered","Automatic,",5,Petrol,https://manheim.co.nz/damaged-vehicles/000000000007414344/2013-suzuki-swift-hatch?referringPage=SearchResults
Ford,Falcon,2010,No,"$1,000","85,000",," Left Front Damage, Left Rear Damage, Left Side Damage, Roof Damage, Right Front Damage, Right Rear Damage, Dismantled - Entire Vehicle, Selling De-Registered","Automatic,",5,Petrol,https://manheim.co.nz/damaged-vehicles/000000000007414346/2010-ford-falcon-fg-xr6-sedan-a-sedan?referringPage=SearchResults
Toyota,RAV4,2022,No,N/A,"177,962",," Front Damage, Left Side Damage, Roof Damage, Structural Damage, Selling De-Registered","Automatic,",5,Hybrid,https://manheim.co.nz/damaged-vehicles/000000000007404362/2022-toyota-rav4-gx-2-5ph-4wd-hd-station-wagon?referringPage=SearchResults
CF Moto,Uforce 600 EPS Veloc,2026,No,$0,N/A,," Chassis Damage, Engine Damage, Structural Damage, Suspension Damage, Selling De-Registered","Automatic,",N/A,N/A,https://manheim.co.nz/damaged-vehicles/000000000007424411/2026-cf-moto-uforce-600-eps-veloc-off-road?referringPage=SearchResults
Audi,A4,2006,No,$550,"218,804",," Glass Broken, Left Front Damage, Left Side Damage, Right Front Damage, Right Side Damage, Structural Damage, Selling De-Registered","Automatic,",5,Petrol,https://manheim.co.nz/damaged-vehicles/000000000007424423/2006-audi-a4-1-8t-multi-sedan?referringPage=SearchResults
Nissan,Tiida,2010,No,$500,N/A,," Rear Damage, Structural Damage, Selling De-Registered",N/A,5,Petrol,https://manheim.co.nz/damaged-vehicles/000000000007424427/2010-nissan-tiida-hatch?referringPage=SearchResults
TRAILER,GT Trailer,2015,No,$980,N/A,0," Rear Damage, Structural Damage, Selling De-Registered",N/A,N/A,N/A,https://manheim.co.nz/damaged-vehicles/000000000007424428/2015-trailer-gt-trailer-trailer?referringPage=SearchResults
Hyundai,TB,2005,No,$50,"148,821",," Glass Broken, Rear Damage, Right Front Damage, Structural Damage, Stolen & Recovered, Selling De-Registered",N/A,5,Petrol,https://manheim.co.nz/damaged-vehicles/000000000007414427/2005-hyundai-tb-hatch?referringPage=SearchResults
Land Rover,Discovery,2011,No,"$1,600",N/A,," Structural Damage, Water Damage, Selling De-Registered","Automatic,",7,Diesel,https://manheim.co.nz/damaged-vehicles/000000000007424444/2011-land-rover-discovery-4-3-0-tdv6-se-station-wagon?referringPage=SearchResults
BMW,Mini,2014,Yes,$950,"144,932",, Selling Registered,"Automatic,",4,Petrol,https://manheim.co.nz/damaged-vehicles/000000000007424563/2014-bmw-mini-hatch?referringPage=SearchResults
Honda,fit,2015,No,$800,"106,628",," Front Damage, Left Front Damage, Right Front Damage, Structural Damage, Selling De-Registered","7spd Automatic,",5,Hybrid,https://manheim.co.nz/damaged-vehicles/000000000007424568/2015-honda-fit-hatch?referringPage=SearchResults
Toyota,Prius,2012,No,$650,"140,172",," Front Damage, Left Front Damage, Right Rear Damage, Structural Damage, Selling De-Registered","Automatic,",5,Hybrid,https://manheim.co.nz/damaged-vehicles/000000000007424570/2012-toyota-prius-hatch?referringPage=SearchResults
Volkswagen,Golf,2007,No,$200,"83,599",," Left Side Damage, Right Side Damage, Structural Damage, Selling De-Registered","Automatic,",5,Petrol,https://manheim.co.nz/damaged-vehicles/000000000007424571/2007-volkswagen-golf-station-wagon?referringPage=SearchResults
Nissan,Navara,2008,No,$550,"308,150",," Front Damage, Airbags Deployed, Structural Damage, Selling De-Registered","Automatic,",5,Diesel,https://manheim.co.nz/damaged-vehicles/000000000007424573/2008-nissan-navara-utility?referringPage=SearchResults
Nissan,Teana,2005,No,$350,"164,258",," Front Damage, Roof Damage, Structural Damage, Selling De-Registered","Automatic,",5,Petrol,https://manheim.co.nz/damaged-vehicles/000000000007424574/2005-nissan-teana-230jk-sedan?referringPage=SearchResults
Subaru,Impreza,2007,No,$5,N/A,," Fire - Entire Vehicle, Structural Damage, Stolen & Recovered, Selling De-Registered","Automatic,",5,Petrol,https://manheim.co.nz/damaged-vehicles/000000000007424575/2007-subaru-impreza-hatch?referringPage=SearchResults
Jaecoo,J7,2026,No,N/A,"10,948",," Chassis Damage, Engine Damage, Front Damage, Structural Damage, Selling De-Registered","Automatic,",5,Petrol,https://manheim.co.nz/damaged-vehicles/000000000007424576/2026-jaecoo-j7-station-wagon?referringPage=SearchResults
Nissan,Wingroad,2008,Yes,$400,"218,295",," Right Side Damage, Selling Registered","Automatic,",5,Petrol,https://manheim.co.nz/damaged-vehicles/000000000007424577/2008-nissan-wingroad-station-wagon?referringPage=SearchResults
Holden,Captiva,2015,No,$550,"169,595",," Interior Damage, Water Damage, Selling De-Registered","Automatic,",7,Diesel,https://manheim.co.nz/damaged-vehicles/000000000007424580/2015-holden-captiva-7-ltz-2-2d-4wd-6at--station-wagon?referringPage=SearchResults
CARAVAN,Elddis Xplore,2009,No,"$1,050",N/A,1," Chassis Damage, Front Damage, Rear Damage, Structural Damage, Selling De-Registered",N/A,N/A,N/A,https://manheim.co.nz/damaged-vehicles/000000000007424583/2009-caravan-elddis-xplore-caravan?referringPage=SearchResults
Honda,Civic,2005,No,$400,N/A,," Right Side Damage, Structural Damage, Selling De-Registered","Automatic,",6,Petrol,https://manheim.co.nz/damaged-vehicles/000000000007424584/2005-honda-civic-edix-hatch?referringPage=SearchResults
Mazda,MAZDA3,2007,No,$10,N/A,," Fire Damage, Structural Damage, Stolen & Recovered, Selling De-Registered",N/A,5,Petrol,https://manheim.co.nz/damaged-vehicles/000000000007424586/2007-mazda-mazda3-sporthatch-sp23-2-3-hatch?referringPage=SearchResults
Mazda,Demio,2006,Yes,"$1,150","157,613",," Front Damage, Ignition Damage, Left Side Damage, Vandalised - Interior, Stolen & Recovered, Selling Registered",N/A,5,Petrol,https://manheim.co.nz/damaged-vehicles/000000000007424587/2006-mazda-demio-hatch?referringPage=SearchResults
Nissan,Tiida,2008,No,$500,"244,160",," Right Side Damage, Structural Damage, Selling De-Registered","4spd Automatic,",5,Petrol,https://manheim.co.nz/damaged-vehicles/000000000007424592/2008-nissan-tiida-sedan?referringPage=SearchResults
Nissan,Primera,2004,Yes,$350,N/A,," Ignition Damage, Stolen & Recovered, Selling Registered","4spd Automatic,",5,Petrol,https://manheim.co.nz/damaged-vehicles/000000000007424593/2004-nissan-primera-wagon-station-wagon?referringPage=SearchResults
Ford,Focus,2006,No,$400,"170,723",," Engine Damage, Water Damage, Selling De-Registered","Automatic,",5,Petrol,https://manheim.co.nz/damaged-vehicles/000000000007414592/2006-ford-focus-2-0-m-hatch-hatch?referringPage=SearchResults
Ford,Focus,2017,No,"$1,200","30,317",," Front Damage, Structural Damage, Selling De-Registered",N/A,5,Petrol,https://manheim.co.nz/damaged-vehicles/000000000007424601/2017-ford-focus-sport-1-5p-6at-hatch?referringPage=SearchResults
Toyota,Prius,2010,No,$500,"121,111",," Left Front Damage, Structural Damage, Selling De-Registered","4spd,",5,Hybrid,https://manheim.co.nz/damaged-vehicles/000000000007424604/2010-toyota-prius-hatch?referringPage=SearchResults
Toyota,Vitz,2008,Yes,"$1,050",N/A,," Left Side Damage, Selling Registered",N/A,5,Petrol,https://manheim.co.nz/damaged-vehicles/000000000007424605/2008-toyota-vitz-hatch?referringPage=SearchResults
Benelli,TNT,2023,No,$45,"4,094",," Right Rear Damage, Right Side Damage, Structural Damage, Selling De-Registered",N/A,N/A,Petrol,https://manheim.co.nz/damaged-vehicles/000000000007424606/2023-benelli-tnt-125-motorcycle?referringPage=SearchResults
Suzuki,Baleno,2022,No,"$1,500","47,332",," Rear Damage, Structural Damage, Selling De-Registered","Manual,",5,Petrol,https://manheim.co.nz/damaged-vehicles/000000000007424607/2022-suzuki-baleno-glx-1-4p-5mt-hatch?referringPage=SearchResults
Toyota,Corolla,2013,No,$800,N/A,," Front Damage, Right Side Damage, Structural Damage, Selling De-Registered","Automatic,",5,Petrol,https://manheim.co.nz/damaged-vehicles/000000000007424609/2013-toyota-corolla-gx-1-8p-hatch-cv-hatch?referringPage=SearchResults
Suzuki,DS250,2025,Yes,$600,N/A,," Ignition Damage, Vandalised - Entire Bike, Stolen & Recovered, Selling Registered","Automatic,",N/A,Petrol,https://manheim.co.nz/damaged-vehicles/000000000007424617/2025-suzuki-ds250-rlm4-motorcycle?referringPage=SearchResults
VICTORY,Gunner,2015,No,"$1,250","94,966",," Right Side Damage, Structural Damage, Selling De-Registered","Manual,",N/A,Petrol,https://manheim.co.nz/damaged-vehicles/000000000007414611/2015-victory-gunner-motorcycle?referringPage=SearchResults
Toyota,Aqua,2014,No,$800,"248,495",," Front Damage, Rear Damage, Structural Damage, Selling De-Registered","Automatic,",5,Hybrid,https://manheim.co.nz/damaged-vehicles/000000000007414622/2014-toyota-aqua-hybrid-hatch?referringPage=SearchResults
Nissan,Skyline,2005,No,$550,N/A,," Front Damage, Roof Damage, Structural Damage, Selling De-Registered","Automatic,",4,Petrol,https://manheim.co.nz/damaged-vehicles/000000000007424620/2005-nissan-skyline-350gt-coup%C3%A9?referringPage=SearchResults
Mazda,Axela,2005,No,$400,"147,585",," Front Damage, Airbags Deployed, Structural Damage, Selling De-Registered","Automatic,",5,Petrol,https://manheim.co.nz/damaged-vehicles/000000000007424625/2005-mazda-axela-sedan?referringPage=SearchResults
Kawasaki,ex,2024,No,"$1,250","12,959",," Front Damage, Structural Damage, Selling De-Registered","Manual,",N/A,Petrol,https://manheim.co.nz/damaged-vehicles/000000000007424629/2024-kawasaki-ex-650-lams-motorcycle?referringPage=SearchResults
Mazda,MAZDA2,2022,No,"$1,300",N/A,," Left Front Damage, Rear Damage, Structural Damage, Selling De-Registered","Automatic,",5,Petrol,https://manheim.co.nz/damaged-vehicles/000000000007424636/2022-mazda-mazda2-gsx-1-5p-6at-hatch?referringPage=SearchResults
Volkswagen,Golf,2010,No,$400,N/A,," Structural Damage, Selling De-Registered","Automatic,",5,Petrol,https://manheim.co.nz/damaged-vehicles/000000000007424638/2010-volkswagen-golf-hatch?referringPage=SearchResults
Yamaha,MT-07,2014,No,$700,"25,009",," Structural Damage, Selling De-Registered",N/A,N/A,Petrol,https://manheim.co.nz/damaged-vehicles/000000000007414631/2014-yamaha-mt-07-f-motorcycle?referringPage=SearchResults
Mitsubishi,Outlander,2015,No,"$1,500",N/A,," Front Damage, Structural Damage, Selling De-Registered","Automatic,",7,Petrol,https://manheim.co.nz/damaged-vehicles/000000000007424642/2015-mitsubishi-outlander-vrx-2-4p-4wd-cvt-sw-station-wagon?referringPage=SearchResults
Toyota,Aqua,2016,No,$800,N/A,," Glass Broken, Right Side Damage, Structural Damage, Selling De-Registered","Automatic,",5,Hybrid,https://manheim.co.nz/damaged-vehicles/000000000007424648/2016-toyota-aqua-hatch?referringPage=SearchResults
Nissan,Teana,2006,No,$500,N/A,," Rear Damage, Structural Damage, Selling De-Registered","Automatic,",5,Petrol,https://manheim.co.nz/damaged-vehicles/000000000007424657/2006-nissan-teana-sedan?referringPage=SearchResults
Ford,Fiesta,2012,No,$600,N/A,," Right Front Damage, Right Rear Damage, Right Side Damage, Underbody Damage, Selling De-Registered","5spd Manual,",5,Diesel,https://manheim.co.nz/damaged-vehicles/000000000007414651/2012-ford-fiesta-5dr-1-6-lx-m-diesel-hatch?referringPage=SearchResults
Toyota,Spade,2012,No,$550,N/A,," Glass Broken, Left Rear Damage, Rear Damage, Right Rear Damage, Structural Damage, Selling De-Registered","Automatic,",5,Petrol,https://manheim.co.nz/damaged-vehicles/000000000007414661/2012-toyota-spade-hatch?referringPage=SearchResults
Toyota,RAV4,2009,No,$200,N/A,," Structural Damage, Selling De-Registered","Automatic,",5,Petrol,https://manheim.co.nz/damaged-vehicles/000000000007414663/2009-toyota-rav4-2-4-4wd-ltd-wagon-4-station-wagon?referringPage=SearchResults
Toyota,Aqua,2015,No,$800,"253,206",," Left Side Damage, Structural Damage, Selling De-Registered","Automatic,",5,Hybrid,https://manheim.co.nz/damaged-vehicles/000000000007424664/2015-toyota-aqua-hybrid-hatch?referringPage=SearchResults
Toyota,Avensis,2007,No,$650,"165,452",," Engine Damage, Selling De-Registered",N/A,5,Petrol,https://manheim.co.nz/damaged-vehicles/000000000007424665/2007-toyota-avensis-sedan?referringPage=SearchResults
Hyundai,Elantra,2003,No,$500,"146,091",," Left Side Damage, Right Rear Damage, Structural Damage, Selling De-Registered","5spd Manual,",5,Petrol,https://manheim.co.nz/damaged-vehicles/000000000007424684/2003-hyundai-elantra-1-8-gl-5dr-m5-hatch?referringPage=SearchResults
Hyundai,Tucson,2017,No,"$1,500","102,539",," Airbags Deployed, Front Damage, Structural Damage, Selling De-Registered",N/A,5,Petrol,https://manheim.co.nz/damaged-vehicles/000000000007424693/2017-hyundai-tucson-gdi-elite-2-0p-6at--station-wagon?referringPage=SearchResults
Toyota,Aqua,2015,No,$800,N/A,," Front Damage, Light Dmg, Structural Damage, Selling De-Registered","Automatic,",5,Hybrid,https://manheim.co.nz/damaged-vehicles/000000000007424704/2015-toyota-aqua-x-urban-hatch?referringPage=SearchResults
Honda,fit,2014,No,$400,N/A,," Front Damage, Left Front Damage, Left Rear Damage, Rear Damage, Right Front Damage, Right Rear Damage, Structural Damage, Selling De-Registered","CVT,",5,Hybrid,https://manheim.co.nz/damaged-vehicles/000000000007424716/2014-honda-fit-shuttle-station-wagon?referringPage=SearchResults
Toyota,Aqua,2016,No,"$1,200","286,160",," Left Front Damage, Structural Damage, Selling De-Registered","Automatic,",5,Hybrid,https://manheim.co.nz/damaged-vehicles/000000000007414734/2016-toyota-aqua-hatch?referringPage=SearchResults
BMW,320i,2013,No,$800,"124,143",," Rear Damage, Structural Damage, Selling De-Registered","Automatic,",5,Diesel,https://manheim.co.nz/damaged-vehicles/000000000007334732/2013-bmw-320i-sedan?referringPage=SearchResults
Toyota,Yaris,2007,No,$550,N/A,," Front Damage, Rear Damage, Structural Damage, Selling De-Registered","Automatic,",5,Petrol,https://manheim.co.nz/damaged-vehicles/000000000007424755/2007-toyota-yaris-1-3p-hatch5-4a-hatch?referringPage=SearchResults
Honda,WW,2021,No,$100,"35,612",," Left Rear Damage, Structural Damage, Selling De-Registered","Automatic,",N/A,Petrol,https://manheim.co.nz/damaged-vehicles/000000000007424767/2021-honda-ww-150-scooter?referringPage=SearchResults
Suzuki,Swift,2007,Yes,"$1,525",N/A,," Right Rear Damage, Right Side Damage, Selling Registered",N/A,5,Petrol,https://manheim.co.nz/damaged-vehicles/000000000007414761/2007-suzuki-swift-hatch?referringPage=SearchResults
Nissan,Bluebird,2005,Yes,$850,"114,662",," Right Rear Damage, Selling Registered",N/A,5,Petrol,https://manheim.co.nz/damaged-vehicles/000000000007414777/2005-nissan-bluebird-sylphy-sedan?referringPage=SearchResults
Lexus,IS250,2007,No,$800,N/A,," Right Rear Damage, Structural Damage, Selling De-Registered","Automatic,",5,Petrol,https://manheim.co.nz/damaged-vehicles/000000000007424785/2007-lexus-is250-sedan?referringPage=SearchResults
Mazda,Bongo,2011,Yes,"$1,200",N/A,," Right Side Damage, Selling Registered",N/A,2,Petrol,https://manheim.co.nz/damaged-vehicles/000000000007414792/2011-mazda-bongo-van?referringPage=SearchResults
Holden,Captiva,2019,No,"$1,600","128,972",," Rear Damage, Roof Damage, Structural Damage, Selling De-Registered","Automatic,",7,Diesel,https://manheim.co.nz/damaged-vehicles/000000000007424800/2019-holden-captiva-lt-2-2d-4wd-6at-station-wagon?referringPage=SearchResults
Mitsubishi,Colt Plus,2009,No,$400,"87,665",," Front Damage, Structural Damage, Selling De-Registered","Automatic,",5,Petrol,https://manheim.co.nz/damaged-vehicles/000000000007424809/2009-mitsubishi-colt-plus-1-5p-ls-5dr-hatch?referringPage=SearchResults
Nissan,Patrol,1994,No,N/A,"288,248",," Roof Damage, Right Side Damage, Structural Damage, Selling De-Registered","Automatic,",2,Diesel,https://manheim.co.nz/damaged-vehicles/000000000007414827/1994-nissan-patrol-utility?referringPage=SearchResults
Toyota,Prius,2016,Yes,N/A,N/A,," Rear Damage, Selling Registered","Automatic,",5,Hybrid,https://manheim.co.nz/damaged-vehicles/000000000007424853/2016-toyota-prius-hybrid-hatch?referringPage=SearchResults
Mazda,CX-5,2015,No,$500,N/A,," Fire Damage, Fire - Entire Vehicle, Structural Damage, Stolen & Recovered, Selling De-Registered","6spd Automatic,",5,Diesel,https://manheim.co.nz/damaged-vehicles/000000000007394908/2015-mazda-cx-5-gsxdsl-2-2d-4wd-6at-station-wagon?referringPage=SearchResults
Toyota,Aqua,2018,No,"$1,500",N/A,," Front Damage, Left Front Damage, Left Side Damage, Right Rear Damage, Right Side Damage, Underbody Damage, Structural Damage, Selling De-Registered","Automatic,",5,Hybrid,https://manheim.co.nz/damaged-vehicles/000000000007404928/2018-toyota-aqua-hybrid-hatch?referringPage=SearchResults
Kia,Sportage,2016,No,N/A,N/A,," Front Damage, Structural Damage, Selling De-Registered","6spd,",5,Petrol,https://manheim.co.nz/damaged-vehicles/000000000007374934/2016-kia-sportage-urban-lx-2-0p-6at-s-station-wagon?referringPage=SearchResults
Subaru,Impreza,2008,No,$400,N/A,," Rear Damage, Structural Damage, Suspension Damage, Selling De-Registered","Automatic,",5,Petrol,https://manheim.co.nz/damaged-vehicles/000000000007414962/2008-subaru-impreza-hatch?referringPage=SearchResults
Holden,Astra,2018,No,$650,"46,147",," Front Damage, Structural Damage, Selling De-Registered","Automatic,",5,Petrol,https://manheim.co.nz/damaged-vehicles/000000000007424973/2018-holden-astra-r-1-4pt-6at-hatch?referringPage=SearchResults
Toyota,Blade,2007,No,$650,"207,122",," Left Rear Damage, Rear Damage, Right Rear Damage, Right Side Damage, Structural Damage, Selling De-Registered","Automatic,",5,Petrol,https://manheim.co.nz/damaged-vehicles/000000000007424976/2007-toyota-blade-hatch?referringPage=SearchResults
Honda,Civic,2003,No,$150,"106,723",," Front Damage, Structural Damage, Selling De-Registered","Automatic,",5,Petrol,https://manheim.co.nz/damaged-vehicles/000000000007424995/2003-honda-civic-vtx-1-7-5d-hb-4a-hatch?referringPage=SearchResults
Toyota,Corolla,2004,No,$500,"184,882",," Right Side Damage, Structural Damage, Selling De-Registered","Automatic,",5,Petrol,https://manheim.co.nz/damaged-vehicles/000000000007424998/2004-toyota-corolla-fielder-hatch?referringPage=SearchResults
Nissan,Teana,2005,No,$350,"164,206",," Left Side Damage, Structural Damage, Selling De-Registered","5spd Automatic,",5,Petrol,https://manheim.co.nz/damaged-vehicles/000000000007425022/2005-nissan-teana-230jm-sedan?referringPage=SearchResults
Daihatsu,Charade,2006,No,$350,"91,237",," Front Damage, Rear Damage, Structural Damage, Selling De-Registered","Automatic,",4,Petrol,https://manheim.co.nz/damaged-vehicles/000000000007425024/2006-daihatsu-charade-1-0p-hatch5-4a-hatch?referringPage=SearchResults
Fiat,500,2010,No,$500,"154,149",," Left Rear Damage, Rear Damage, Right Rear Damage, Structural Damage, Selling De-Registered","Automatic,",4,Petrol,https://manheim.co.nz/damaged-vehicles/000000000007425025/2010-fiat-500-c-1-4-3d-dualogic-hatch?referringPage=SearchResults
Toyota,Aqua,2013,No,$800,N/A,," Front Damage, Ignition Damage, Left Front Damage, Rear Damage, Right Side Damage, Structural Damage, Stolen & Recovered, Selling De-Registered","Automatic,",5,Petrol,https://manheim.co.nz/damaged-vehicles/000000000007425027/2013-toyota-aqua-hybrid-hatch?referringPage=SearchResults
Toyota,Yaris,2008,No,$800,"194,151",," Left Side Damage, Structural Damage, Selling De-Registered","5spd Automatic,",5,Petrol,https://manheim.co.nz/damaged-vehicles/000000000007425029/2008-toyota-yaris-1-5p-hatch5-4a-hatch?referringPage=SearchResults
Ford,Courier,2001,No,$800,N/A,," Left Rear Damage, Left Side Damage, Structural Damage, Selling De-Registered","5spd Manual,",5,Diesel,https://manheim.co.nz/damaged-vehicles/000000000007425030/2001-ford-courier-xl-crew-cab-dual-cab-utility?referringPage=SearchResults
Mercedes-Benz,C250,2008,No,$0,N/A,, Selling De-Registered,N/A,5,Petrol,https://manheim.co.nz/damaged-vehicles/000000000007425034/2008-mercedes-benz-c250-sedan?referringPage=SearchResults
Lexus,RX400H,2006,Yes,"$1,200","200,789",," Front Damage, Selling Registered","Automatic,",5,Hybrid,https://manheim.co.nz/damaged-vehicles/000000000007425042/2006-lexus-rx400h-3-3p-hybrid-5dr-ecv-station-wagon?referringPage=SearchResults
Toyota,Caldina,1996,No,$550,"141,340",," Front Damage, Structural Damage, Selling De-Registered","Automatic,",5,Petrol,https://manheim.co.nz/damaged-vehicles/000000000007425043/1996-toyota-caldina-2-0-cz-station-wagon?referringPage=SearchResults
Honda,fit,2014,No,$650,"116,953",," Rear Damage, Structural Damage, Selling De-Registered",N/A,5,Petrol,https://manheim.co.nz/damaged-vehicles/000000000007425045/2014-honda-fit-hatch?referringPage=SearchResults
Toyota,Prius,2013,No,$650,N/A,," Right Front Damage, Structural Damage, Selling De-Registered","Automatic,",5,Hybrid,https://manheim.co.nz/damaged-vehicles/000000000007425046/2013-toyota-prius-alpha-station-wagon?referringPage=SearchResults
BMW,320i,2014,No,$800,"108,599",," Left Rear Damage, Structural Damage, Selling De-Registered",N/A,5,Petrol,https://manheim.co.nz/damaged-vehicles/000000000007425047/2014-bmw-320i-sedan?referringPage=SearchResults
Ford,Ranger,2009,No,"$1,250","259,438",," Rolled, Structural Damage, Selling De-Registered","5spd Manual,",4,Diesel,https://manheim.co.nz/damaged-vehicles/000000000007425057/2009-ford-ranger-3-0td-dc-w-s-4x4-ma-dual-cab-utility?referringPage=SearchResults
Nissan,X-trail,2007,No,$500,N/A,," Front Damage, Left Front Damage, Right Front Damage, Airbags Deployed, Structural Damage, Stolen & Recovered, Selling De-Registered","Automatic,",5,Petrol,https://manheim.co.nz/damaged-vehicles/000000000007425061/2007-nissan-x-trail-station-wagon?referringPage=SearchResults
Mazda,Demio,2015,No,$600,N/A,," Rear Damage, Structural Damage, Selling De-Registered","Automatic,",5,Petrol,https://manheim.co.nz/damaged-vehicles/000000000007425062/2015-mazda-demio-hatch?referringPage=SearchResults
Nissan,Tiida,2007,No,$400,N/A,," Rear Damage, Structural Damage, Selling De-Registered","Automatic,",5,Petrol,https://manheim.co.nz/damaged-vehicles/000000000007425064/2007-nissan-tiida-hatch?referringPage=SearchResults
Ford,Focus,2004,No,$350,"62,404",," Front Damage, Left Front Damage, Left Rear Damage, Rear Damage, Right Front Damage, Structural Damage, Selling De-Registered","Automatic,",5,Petrol,https://manheim.co.nz/damaged-vehicles/000000000007425066/2004-ford-focus-centennial-2-0-hatch?referringPage=SearchResults
Mazda,MAZDA2,2010,No,$350,"192,439",," Rear Damage, Structural Damage, Selling De-Registered","Automatic,",5,Petrol,https://manheim.co.nz/damaged-vehicles/000000000007425067/2010-mazda-mazda2-sport-5-dr-1-5-4at-hatch?referringPage=SearchResults
Honda,Crossroad,2007,No,$550,N/A,," Front Damage, Structural Damage, Selling De-Registered","5spd Automatic,",7,Petrol,https://manheim.co.nz/damaged-vehicles/000000000007425069/2007-honda-crossroad-station-wagon?referringPage=SearchResults
Nissan,Tiida,2004,Yes,$850,N/A,," Left Side Damage, Selling Registered",N/A,5,Petrol,https://manheim.co.nz/damaged-vehicles/000000000007425083/2004-nissan-tiida-hatch?referringPage=SearchResults
Honda,CRV,2007,No,$800,N/A,," Rear Damage, Right Rear Damage, Structural Damage, Selling De-Registered",N/A,5,Petrol,https://manheim.co.nz/damaged-vehicles/000000000007425084/2007-honda-crv-sport-station-wagon?referringPage=SearchResults
Ford,Escape,2018,No,"$1,500","195,288",," Front Damage, Airbags Deployed, Structural Damage, Selling De-Registered","Automatic,",5,Petrol,https://manheim.co.nz/damaged-vehicles/000000000007425095/2018-ford-escape-ambiente-fwd-petrol-station-wagon?referringPage=SearchResults
Honda,Accord,1986,No,$150,"158,423",," Rear Damage, Structural Damage, Selling De-Registered",N/A,5,Petrol,https://manheim.co.nz/damaged-vehicles/000000000007425101/1986-honda-accord-sedan?referringPage=SearchResults
BMW,Mini,2011,No,$400,"221,900",," Front Damage, Structural Damage, Selling De-Registered",N/A,4,Petrol,https://manheim.co.nz/damaged-vehicles/000000000007425104/2011-bmw-mini-clubman-touring?referringPage=SearchResults
Toyota,Prius,2011,Yes,"$1,600",N/A,," Left Front Damage, Left Rear Damage, Stolen & Recovered, Selling Registered","4spd Automatic,",5,Hybrid,https://manheim.co.nz/damaged-vehicles/000000000007425105/2011-toyota-prius-zvw30-hatch?referringPage=SearchResults
Toyota,Vanguard,2008,No,$650,"154,816",," Glass Broken, Right Front Damage, Right Side Damage, Structural Damage, Selling De-Registered","Automatic,",7,Petrol,https://manheim.co.nz/damaged-vehicles/000000000007425108/2008-toyota-vanguard-station-wagon?referringPage=SearchResults
Toyota,Camry,2012,No,"$1,200",N/A,," Left Rear Damage, Left Side Damage, Rear Damage, Structural Damage, Selling De-Registered","Automatic,",5,Hybrid,https://manheim.co.nz/damaged-vehicles/000000000007425109/2012-toyota-camry-sedan?referringPage=SearchResults
Nissan,Navara,2017,No,N/A,"133,648",," Left Side Damage, Airbags Deployed, Structural Damage, Selling De-Registered","Automatic,",5,Diesel,https://manheim.co.nz/damaged-vehicles/000000000007415107/2017-nissan-navara-st-x-2-3d-4wd-7am-u-dual-cab-utility?referringPage=SearchResults
Nissan,AD,2017,No,"$1,400",N/A,," Front Damage, Interior Damage, Vandalised - Interior, Structural Damage, Stolen & Recovered, Selling De-Registered",N/A,5,Petrol,https://manheim.co.nz/damaged-vehicles/000000000007385101/2017-nissan-ad-station-wagon?referringPage=SearchResults
Honda,CBR,2012,Yes,$300,N/A,," Ignition Damage, Stolen & Recovered, Selling Registered","Automatic,",N/A,Petrol,https://manheim.co.nz/damaged-vehicles/000000000007415113/2012-honda-cbr-250r-motorcycle?referringPage=SearchResults
Ford,Falcon,2005,No,$550,"226,256",," Left Rear Damage, Left Side Damage, Structural Damage, Selling De-Registered","Automatic,",5,Petrol,https://manheim.co.nz/damaged-vehicles/000000000007425118/2005-ford-falcon-ba-xr6-a-sedan?referringPage=SearchResults
Nissan,Wingroad,2008,Yes,$400,N/A,," Interior Damage, Stolen & Recovered, Selling Registered","Automatic,",5,Petrol,https://manheim.co.nz/damaged-vehicles/000000000007425131/2008-nissan-wingroad-station-wagon?referringPage=SearchResults
Ford,Mondeo,2010,Yes,$350,"236,729",," Ignition Damage, Left Rear Damage, Right Rear Damage, Stolen & Recovered, Selling Registered",N/A,5,Petrol,https://manheim.co.nz/damaged-vehicles/000000000007405130/2010-ford-mondeo-2-3-sedan-aut-sedan?referringPage=SearchResults
Holden,Captiva,2010,No,N/A,"161,174",,N/A,"5spd Manual,",5,Petrol,https://manheim.co.nz/damaged-vehicles/000000000007415141/2010-holden-captiva-5-2-4l-fwd-mt-station-wagon?referringPage=SearchResults
Suzuki,Swift,2007,No,$150,"90,135",," Left Side Damage, Right Side Damage, Structural Damage, Selling De-Registered","4spd Automatic,",5,Petrol,https://manheim.co.nz/damaged-vehicles/000000000007425141/2007-suzuki-swift-hatch?referringPage=SearchResults
Chevrolet,Cruze,2006,No,$150,"171,618",," Left Side Damage, Rear Damage, Structural Damage, Selling De-Registered","5spd Automatic,",5,Petrol,https://manheim.co.nz/damaged-vehicles/000000000007425143/2006-chevrolet-cruze-hatch?referringPage=SearchResults
Nissan,Terrano,1995,No,$550,"356,976",," Front Damage, Left Front Damage, Right Front Damage, Right Side Damage, Structural Damage, Selling De-Registered","Automatic,",5,Petrol,https://manheim.co.nz/damaged-vehicles/000000000007425184/1995-nissan-terrano-r3m-station-wagon?referringPage=SearchResults
Toyota,Wish,2003,No,$400,"177,577",," Left Rear Damage, Rear Damage, Structural Damage, Selling De-Registered","Automatic,",7,Petrol,https://manheim.co.nz/damaged-vehicles/000000000007425277/2003-toyota-wish-station-wagon?referringPage=SearchResults
Toyota,Allion,2003,No,$650,N/A,," Rear Damage, Structural Damage, Selling De-Registered","Automatic,",5,Petrol,https://manheim.co.nz/damaged-vehicles/000000000007425278/2003-toyota-allion-a1-8-sedan?referringPage=SearchResults
Ford,Fiesta,2009,No,$350,"180,317",," Water Damage, Selling De-Registered","Automatic,",5,Petrol,https://manheim.co.nz/damaged-vehicles/000000000007425279/2009-ford-fiesta-5dr-1-6-m-s-hatch?referringPage=SearchResults
Holden,Commodore,2006,No,$550,"235,646",," Hail Dmg, Interior Damage, Right Side Damage, Stolen & Recovered, Selling De-Registered","Automatic,",5,Petrol,https://manheim.co.nz/damaged-vehicles/000000000007415270/2006-holden-commodore-s-v6-auto-sedan?referringPage=SearchResults
MG,ZS,2021,No,$650,"47,955",," Left Front Damage, Structural Damage, Selling De-Registered","Automatic,",5,Petrol,https://manheim.co.nz/damaged-vehicles/000000000007415274/2021-mg-zs-excite-1-5p-4at-station-wagon?referringPage=SearchResults
Toyota,Hilux,2023,No,N/A,"64,152",," Structural Damage, Selling De-Registered","Automatic,",5,Diesel,https://manheim.co.nz/damaged-vehicles/000000000007415276/2023-toyota-hilux-sr5-td-dc-2-8dt-4wd-dual-cab-chassis?referringPage=SearchResults
Toyota,Hilux,2001,No,N/A,"410,284",," Chassis Damage, Structural Damage, Selling De-Registered","Manual,",5,Diesel,https://manheim.co.nz/damaged-vehicles/000000000007415277/2001-toyota-hilux-3-0td-4wd-sr5-d-c-5-dual-cab-chassis?referringPage=SearchResults
Holden,Commodore,2001,No,$400,"429,216",," Left Side Damage, Structural Damage, Selling De-Registered","4spd Automatic,",5,Petrol,https://manheim.co.nz/damaged-vehicles/000000000007425280/2001-holden-commodore-equipe-station-wagon?referringPage=SearchResults
Ford,Focus,2014,No,$550,N/A,," Rear Damage, Structural Damage, Selling De-Registered","Automatic,",5,Petrol,https://manheim.co.nz/damaged-vehicles/000000000007425316/2014-ford-focus-ambiente-1-6-a-w-station-wagon?referringPage=SearchResults
Toyota,Prius,2014,No,"$1,200","101,180",," Rear Damage, Structural Damage, Selling De-Registered",N/A,5,Hybrid,https://manheim.co.nz/damaged-vehicles/000000000007425318/2014-toyota-prius-alpha-station-wagon?referringPage=SearchResults
GREAT,Wall GWM,2021,No,N/A,"94,852",," Left Side Damage, Structural Damage, Selling De-Registered",N/A,5,Diesel,https://manheim.co.nz/damaged-vehicles/000000000007325315/2021-great-wall-gwm-utility?referringPage=SearchResults
Mitsubishi,Triton,2014,No,"$1,400","235,989",," Airbags Deployed, Front Damage, Rear Damage, Structural Damage, Selling De-Registered",N/A,5,Diesel,https://manheim.co.nz/damaged-vehicles/000000000007425320/2014-mitsubishi-triton-dual-cab-utility?referringPage=SearchResults
Toyota,Auris,2007,No,$650,N/A,," Rear Damage, Structural Damage, Selling De-Registered","Automatic,",5,Petrol,https://manheim.co.nz/damaged-vehicles/000000000007425325/2007-toyota-auris-hatch?referringPage=SearchResults
Ford,Falcon,2007,No,$550,N/A,," Chassis Damage, Front Damage, Structural Damage, Selling De-Registered","Automatic,",5,Petrol,https://manheim.co.nz/damaged-vehicles/000000000007425328/2007-ford-falcon-bf2-fairmont-ghia-6-sedan?referringPage=SearchResults
Honda,fit,2008,No,$400,N/A,," Front Damage, Rear Damage, Structural Damage, Selling De-Registered","Automatic,",5,Petrol,https://manheim.co.nz/damaged-vehicles/000000000007425331/2008-honda-fit-hatch?referringPage=SearchResults
BMW,X5 XDRIVE30D,2011,No,N/A,N/A,," Front Damage, Rear Damage, Right Rear Damage, Structural Damage, Selling De-Registered","Automatic,",5,Diesel,https://manheim.co.nz/damaged-vehicles/000000000007425333/2011-bmw-x5-xdrive30d-sav-8a-5dr-3-0l-touring?referringPage=SearchResults
Toyota,Corolla,2005,No,$550,"285,964",," Front Damage, Left Front Damage, Right Front Damage, Structural Damage, Selling De-Registered","5spd Manual,",5,Petrol,https://manheim.co.nz/damaged-vehicles/000000000007425335/2005-toyota-corolla-1-8p-gl-hatch5-5m-hatch?referringPage=SearchResults
Mitsubishi,Pajero,1994,Yes,"$2,050","325,217",," Front Damage, Selling Registered","Automatic,",7,Diesel,https://manheim.co.nz/damaged-vehicles/000000000007425336/1994-mitsubishi-pajero-2800-station-wagon?referringPage=SearchResults
Nissan,Tiida,2008,No,$550,"87,230",," Rear Damage, Right Side Damage, Structural Damage, Selling De-Registered","4spd Automatic,",5,Petrol,https://manheim.co.nz/damaged-vehicles/000000000007425337/2008-nissan-tiida-hatch?referringPage=SearchResults
Nissan,Lafesta,2012,Yes,$450,N/A,," Front Damage, Right Side Damage, Selling Registered","Automatic,",7,Petrol,https://manheim.co.nz/damaged-vehicles/000000000007425338/2012-nissan-lafesta-station-wagon?referringPage=SearchResults
Suzuki,Swift,2017,No,$900,N/A,," Left Rear Damage, Structural Damage, Selling De-Registered","Automatic,",5,Petrol,https://manheim.co.nz/damaged-vehicles/000000000007425340/2017-suzuki-swift-hatch?referringPage=SearchResults
Mercedes-Benz,C,2001,No,$550,N/A,," Ignition Damage, Left Side Damage, Selling De-Registered","Automatic,",5,Petrol,https://manheim.co.nz/damaged-vehicles/000000000007425343/2001-mercedes-benz-c-2-0-5spa-5dr-sdn-sedan?referringPage=SearchResults
Toyota,Hiace,2010,No,N/A,N/A,," Left Front Damage, Left Rear Damage, Left Side Damage, Roof Damage, Rolled, Right Side Damage, Structural Damage, Selling De-Registered","Automatic,",9,Petrol,https://manheim.co.nz/damaged-vehicles/000000000007425347/2010-toyota-hiace-van?referringPage=SearchResults
Mazda,Axela,2004,No,$50,"165,078",," Airbags Deployed, Front Damage, Structural Damage, Selling De-Registered",N/A,5,Petrol,https://manheim.co.nz/damaged-vehicles/000000000007425351/2004-mazda-axela-hatch?referringPage=SearchResults
Holden,Rodeo 4X2,2006,No,$20,N/A,," Burnt 100%, Fire Damage, Fire - Entire Vehicle, Structural Damage, Stolen & Recovered, Selling De-Registered","Automatic,",5,Petrol,https://manheim.co.nz/damaged-vehicles/000000000007425353/2006-holden-rodeo-4x2-lt-crew-pu-3-6l-v6-utility?referringPage=SearchResults
BMW,320i,2014,No,"$1,600",N/A,," Front Damage, Left Side Damage, Airbags Deployed, Structural Damage, Selling De-Registered",N/A,5,Petrol,https://manheim.co.nz/damaged-vehicles/000000000007425355/2014-bmw-320i-gt-sedan?referringPage=SearchResults
Suzuki,Swift,2005,No,$400,"270,428",," Airbags Deployed, Front Damage, Structural Damage, Selling De-Registered","Automatic,",5,Petrol,https://manheim.co.nz/damaged-vehicles/000000000007415351/2005-suzuki-swift-hatch?referringPage=SearchResults
MINI,Hatch,2017,No,$550,"73,210",," Right Side Damage, Structural Damage, Selling De-Registered",N/A,5,Petrol,https://manheim.co.nz/damaged-vehicles/000000000007425360/2017-mini-hatch-cooper-s-2-0p-6at-h-hatch?referringPage=SearchResults
Honda,Grace,2015,No,$800,"91,269",," Rear Damage, Right Rear Damage, Structural Damage, Selling De-Registered","Automatic,",5,Hybrid,https://manheim.co.nz/damaged-vehicles/000000000007425362/2015-honda-grace-sedan?referringPage=SearchResults
Mazda,Axela,2004,Yes,$400,"190,123",," Front Damage, Selling Registered","Automatic,",5,Petrol,https://manheim.co.nz/damaged-vehicles/000000000007425374/2004-mazda-axela-station-wagon?referringPage=SearchResults
Honda,Stream,2008,No,$500,"245,799",," Front Damage, Structural Damage, Selling De-Registered","5spd Automatic,",7,Petrol,https://manheim.co.nz/damaged-vehicles/000000000007425385/2008-honda-stream-station-wagon?referringPage=SearchResults
Suzuki,Swift,2009,No,$400,"127,796",," Right Side Damage, Structural Damage, Selling De-Registered","Automatic,",5,Petrol,https://manheim.co.nz/damaged-vehicles/000000000007425391/2009-suzuki-swift-hatch?referringPage=SearchResults
Mazda,Demio,2014,No,$350,"69,018",," Fresh Water Damage, Water Damage, Selling De-Registered",N/A,5,Petrol,https://manheim.co.nz/damaged-vehicles/000000000007425392/2014-mazda-demio-hatch?referringPage=SearchResults
Mitsubishi,Outlander,2022,No,N/A,"83,606",," Front Damage, Left Front Damage, Right Front Damage, Airbags Deployed, Structural Damage, Selling De-Registered","CVT,",7,Petrol,https://manheim.co.nz/damaged-vehicles/000000000007425399/2022-mitsubishi-outlander-xls-2-5p-4wd-cvt-station-wagon?referringPage=SearchResults
DONGFENG,box,2026,No,N/A,"2,165",," Rear Damage, Structural Damage, Selling De-Registered",N/A,5,Electric,https://manheim.co.nz/damaged-vehicles/000000000007415393/2026-dongfeng-box-44kwh-ev-at-hatch?referringPage=SearchResults
Subaru,Legacy,2006,No,$350,"246,517",," Right Rear Damage, Right Side Damage, Structural Damage, Selling De-Registered","Automatic,",5,Petrol,https://manheim.co.nz/damaged-vehicles/000000000007425404/2006-subaru-legacy-station-wagon?referringPage=SearchResults
Toyota,Hiace,2006,No,N/A,"514,892",," Roof Damage, Rolled, Structural Damage, Selling De-Registered",N/A,3,Petrol,https://manheim.co.nz/damaged-vehicles/000000000007425413/2006-toyota-hiace-van?referringPage=SearchResults
Kia,Magentis 2.4 Auto Saloon,2007,No,$150,"156,115",," Front Damage, Structural Damage, Selling De-Registered","Automatic,",5,Petrol,https://manheim.co.nz/damaged-vehicles/000000000007425415/2007-kia-magentis-2-4-auto-saloon-sedan?referringPage=SearchResults
Suzuki,SX4 S-cross,2018,No,"$1,700","82,562",," Left Rear Damage, Rear Damage, Right Front Damage, Right Rear Damage, Structural Damage, Suspension Damage, Selling De-Registered","Automatic,",5,Petrol,https://manheim.co.nz/damaged-vehicles/000000000007395415/2018-suzuki-sx4-s-cross-ltd-1-6p-6at-hatch?referringPage=SearchResults
BMW,R1200,2004,No,$500,N/A,," Structural Damage, Selling De-Registered",N/A,N/A,Petrol,https://manheim.co.nz/damaged-vehicles/000000000007425424/2004-bmw-r1200-gs-motorcycle?referringPage=SearchResults
Nissan,Note,2019,No,$10,N/A,," Fire - Entire Vehicle, Selling De-Registered",N/A,5,Hybrid,https://manheim.co.nz/damaged-vehicles/000000000007425429/2019-nissan-note-e-power-hatch?referringPage=SearchResults
Mitsubishi,ASX,2021,No,N/A,"55,948",," Front Damage, Rear Damage, Structural Damage, Selling De-Registered","CVT,",5,Petrol,https://manheim.co.nz/damaged-vehicles/000000000007425432/2021-mitsubishi-asx-ls-2-0p-cvt-station-wagon?referringPage=SearchResults
Honda,Civic,2006,No,$400,"129,613",," Front Damage, Left Front Damage, Right Front Damage, Structural Damage, Selling De-Registered","Automatic,",5,Petrol,https://manheim.co.nz/damaged-vehicles/000000000007425435/2006-honda-civic-hybrid-sedan?referringPage=SearchResults
Holden,Colorado,2019,No,N/A,"143,601",," Front Damage, Right Front Damage, Structural Damage, Selling De-Registered","Automatic,",5,Diesel,https://manheim.co.nz/damaged-vehicles/000000000007425437/2019-holden-colorado-ls-dc-pu-2-8d-6at-utility?referringPage=SearchResults
Ford,Fiesta,2007,No,$0,"117,388",," Left Front Damage, Right Front Damage, Selling De-Registered","Manual,",5,Petrol,https://manheim.co.nz/damaged-vehicles/000000000007395452/2007-ford-fiesta-5dr-1-6-m-hatch?referringPage=SearchResults
Ford,Focus,2007,No,$500,N/A,," Right Side Damage, Structural Damage, Selling De-Registered","Manual,",5,Petrol,https://manheim.co.nz/damaged-vehicles/000000000007415460/2007-ford-focus-2-0-m-hatch-hatch?referringPage=SearchResults
Toyota,Corolla,2007,No,$600,"264,274",," Front Damage, Left Front Damage, Structural Damage, Selling De-Registered","5spd Manual,",5,Petrol,https://manheim.co.nz/damaged-vehicles/000000000007425471/2007-toyota-corolla-1-8p-gl-hatch5-5m-hatch?referringPage=SearchResults
Mazda,Demio,2011,No,$350,"124,160",," Right Side Damage, Structural Damage, Selling De-Registered","4spd Automatic,",5,Petrol,https://manheim.co.nz/damaged-vehicles/000000000007425472/2011-mazda-demio-hatch?referringPage=SearchResults
Toyota,Markx,2008,No,$550,N/A,," Left Front Damage, Left Side Damage, Vandalised - Interior, Structural Damage, Selling De-Registered","Automatic,",5,Petrol,https://manheim.co.nz/damaged-vehicles/000000000007425487/2008-toyota-markx-sedan?referringPage=SearchResults
Dodge.,Journey,2014,No,"$1,200","190,314",," Right Front Damage, Right Rear Damage, Right Side Damage, Structural Damage, Selling De-Registered","Automatic,",7,Petrol,https://manheim.co.nz/damaged-vehicles/000000000007425496/2014-dodge-journey-sxt-3-6p-6at-sw-5dr-station-wagon?referringPage=SearchResults
Toyota,IST,2005,No,$650,N/A,," Rear Damage, Structural Damage, Selling De-Registered",N/A,5,Petrol,https://manheim.co.nz/damaged-vehicles/000000000007425507/2005-toyota-ist-hatch?referringPage=SearchResults
Mazda,MAZDA6,2008,No,$650,"268,540",," Right Side Damage, Structural Damage, Selling De-Registered","Automatic,",5,Petrol,https://manheim.co.nz/damaged-vehicles/000000000007425517/2008-mazda-mazda6-sedan-gsx-2-5-5at-sedan?referringPage=SearchResults
Ford,Mondeo,2006,No,$0,"59,759",," Left Front Damage, Left Side Damage, Selling De-Registered","Automatic,",5,Petrol,https://manheim.co.nz/damaged-vehicles/000000000007395521/2006-ford-mondeo-2-0-sedan-aut-sedan?referringPage=SearchResults
Ford,Mondeo,2009,No,$0,"126,145",," Left Front Damage, Selling De-Registered","Automatic,",5,Diesel,https://manheim.co.nz/damaged-vehicles/000000000007395534/2009-ford-mondeo-2-0td-sedan-a-sedan?referringPage=SearchResults
Nissan,X-trail,2022,No,N/A,N/A,," Rolled, Structural Damage, Selling De-Registered","Automatic,",5,Petrol,https://manheim.co.nz/damaged-vehicles/000000000007415531/2022-nissan-x-trail-st-2-5p-4wd-6cvt-station-wagon?referringPage=SearchResults
Toyota,Blade,2007,No,$650,N/A,," Front Damage, Right Rear Damage, Structural Damage, Selling De-Registered",N/A,5,Petrol,https://manheim.co.nz/damaged-vehicles/000000000007425531/2007-toyota-blade-hatch?referringPage=SearchResults
Honda,fit,2012,No,$550,N/A,," Rear Damage, Structural Damage, Selling De-Registered","Automatic,",5,Hybrid,https://manheim.co.nz/damaged-vehicles/000000000007425536/2012-honda-fit-hatch?referringPage=SearchResults
Honda,Inspire,2006,No,$500,N/A,," Right Rear Damage, Structural Damage, Suspension Damage, Selling De-Registered","Automatic,",5,Petrol,https://manheim.co.nz/damaged-vehicles/000000000007425541/2006-honda-inspire-sedan?referringPage=SearchResults
Volkswagen,Polo,2010,No,$400,N/A,," Front Damage, Airbags Deployed, Structural Damage, Selling De-Registered","Automatic,",5,Petrol,https://manheim.co.nz/damaged-vehicles/000000000007425543/2010-volkswagen-polo-station-wagon?referringPage=SearchResults
Hyundai,Elantra,2007,No,$550,N/A,," Underbody Damage, Structural Damage, Selling De-Registered","4spd Automatic,",5,Petrol,https://manheim.co.nz/damaged-vehicles/000000000007425549/2007-hyundai-elantra-2-0p-4d-a4-sedan-sedan?referringPage=SearchResults
Ford,Focus,2012,No,$0,"153,783",," Left Rear Damage, Left Side Damage, Selling De-Registered","Automatic,",5,Diesel,https://manheim.co.nz/damaged-vehicles/000000000007395545/2012-ford-focus-trend-2-0-auto-h-ds-hatch?referringPage=SearchResults
Suzuki,GW250,2015,No,$500,"52,328",," Front Damage, Stolen & Recovered, Selling De-Registered","Automatic,",N/A,Petrol,https://manheim.co.nz/damaged-vehicles/000000000007395553/2015-suzuki-gw250-inazuma-lam-motorcycle?referringPage=SearchResults
Toyota,Camry,2011,No,"$1,100","138,252",," Front Damage, Left Front Damage, Left Side Damage, Structural Damage, Selling De-Registered","Automatic,",5,Petrol,https://manheim.co.nz/damaged-vehicles/000000000007365630/2011-toyota-camry-2-4p-gl-sedan-5a-sedan?referringPage=SearchResults
Toyota,Aqua,2014,No,$800,N/A,," Front Damage, Structural Damage, Selling De-Registered","Automatic,",5,Hybrid,https://manheim.co.nz/damaged-vehicles/000000000007425651/2014-toyota-aqua-hatch?referringPage=SearchResults
Suzuki,Swift,2005,No,$400,N/A,," Front Damage, Structural Damage, Selling De-Registered","Automatic,",5,Petrol,https://manheim.co.nz/damaged-vehicles/000000000007425663/2005-suzuki-swift-1300-hatch?referringPage=SearchResults
Ford,Escape,2017,No,"$1,200",N/A,," Airbags Deployed, Right Side Damage, Structural Damage, Suspension Damage, Selling De-Registered",N/A,5,Diesel,https://manheim.co.nz/damaged-vehicles/000000000007405679/2017-ford-escape-trend-awd-diesel-2--station-wagon?referringPage=SearchResults
Suzuki,Vitara,2022,No,"$1,600","48,140",," Front Damage, Left Side Damage, Right Front Damage, Right Rear Damage, Right Side Damage, Structural Damage, Selling De-Registered","Automatic,",5,Petrol,https://manheim.co.nz/damaged-vehicles/000000000007405694/2022-suzuki-vitara-turbo-1-4pt-6at-station-wagon?referringPage=SearchResults
LDV,V80,2020,No,N/A,N/A,," Front Damage, Left Front Damage, Left Rear Damage, Left Side Damage, Right Front Damage, Right Rear Damage, Right Side Damage, Structural Damage, Selling De-Registered","Automatic,",3,Diesel,https://manheim.co.nz/damaged-vehicles/000000000007415694/2020-ldv-v80-bigger-amt-2-5d-6am-van?referringPage=SearchResults
Suzuki,GSX-S1000,2025,No,"$3,025","16,664",," Structural Damage, Selling De-Registered","Automatic,",N/A,Petrol,https://manheim.co.nz/damaged-vehicles/000000000007425701/2025-suzuki-gsx-s1000-rqm4-motorcycle?referringPage=SearchResults
Mazda,Axela,2005,No,$350,"135,167",," Left Front Damage, Left Side Damage, Structural Damage, Selling De-Registered","Automatic,",5,Petrol,https://manheim.co.nz/damaged-vehicles/000000000007425704/2005-mazda-axela-hatch?referringPage=SearchResults
Hyundai,I30,2019,No,N/A,N/A,," Front Damage, Rear Damage, Structural Damage, Selling De-Registered",N/A,5,Petrol,https://manheim.co.nz/damaged-vehicles/000000000007425729/2019-hyundai-i30-pd-i30-n-2-0t-2-0p-hatch?referringPage=SearchResults
BMW,650i,2005,No,$800,N/A,," Left Side Damage, Right Rear Damage, Right Side Damage, Structural Damage, Selling De-Registered","Automatic,",4,Petrol,https://manheim.co.nz/damaged-vehicles/000000000007425735/2005-bmw-650i-sedan?referringPage=SearchResults
Yamaha,R3,2017,No,$525,"15,004",," Left Side Damage, Structural Damage, Selling De-Registered",N/A,N/A,Petrol,https://manheim.co.nz/damaged-vehicles/000000000007415747/2017-yamaha-r3-motorcycle?referringPage=SearchResults
Ford,Focus,2007,No,$400,"339,511",," Front Damage, Rear Damage, Structural Damage, Selling De-Registered","Automatic,",5,Petrol,https://manheim.co.nz/damaged-vehicles/000000000007415756/2007-ford-focus-wag-2-0-auto-station-wagon?referringPage=SearchResults
Honda,fit,2006,Yes,$550,N/A,," Left Rear Damage, Selling Registered","Automatic,",5,Petrol,https://manheim.co.nz/damaged-vehicles/000000000007425753/2006-honda-fit-hatch?referringPage=SearchResults
Volkswagen,Passat,2010,No,$500,"233,832",," Front Damage, Structural Damage, Selling De-Registered","Automatic,",5,Diesel,https://manheim.co.nz/damaged-vehicles/000000000007415768/2010-volkswagen-passat-125-cr-var-station-wagon?referringPage=SearchResults
Toyota,C-hr,2017,No,N/A,"157,013",," Airbags Deployed, Front Damage, Structural Damage, Selling De-Registered","Automatic,",5,Hybrid,https://manheim.co.nz/damaged-vehicles/000000000007415776/2017-toyota-c-hr-hatch?referringPage=SearchResults
Honda,CBR,2019,No,"$1,000","16,261",," Front Damage, Right Side Damage, Structural Damage, Selling De-Registered","Automatic,",N/A,Petrol,https://manheim.co.nz/damaged-vehicles/000000000007405771/2019-honda-cbr-500-p-motorcycle?referringPage=SearchResults
HOBBY,Y10,1998,No,"$3,200",N/A,0," Interior Damage, Water Damage, Selling De-Registered","10spd,",N/A,N/A,https://manheim.co.nz/damaged-vehicles/000000000007385771/1998-hobby-y10-caravan?referringPage=SearchResults
Mercedes-Benz,C200,2010,No,"$1,500",N/A,," Front Damage, Structural Damage, Selling De-Registered","Automatic,",5,Petrol,https://manheim.co.nz/damaged-vehicles/000000000007425776/2010-mercedes-benz-c200-sedan?referringPage=SearchResults
Mitsubishi,Outlander,2007,No,$550,"169,613",," Left Rear Damage, Right Front Damage, Structural Damage, Selling De-Registered","Automatic,",5,Petrol,https://manheim.co.nz/damaged-vehicles/000000000007425790/2007-mitsubishi-outlander-station-wagon?referringPage=SearchResults
Honda,Saber,2000,Yes,$800,N/A,," Left Rear Damage, Selling Registered","Automatic,",5,Petrol,https://manheim.co.nz/damaged-vehicles/000000000007405800/2000-honda-saber-3-2-v-sedan?referringPage=SearchResults
Toyota,Echo,2005,No,$550,"155,708",," Left Front Damage, Left Side Damage, Structural Damage, Selling De-Registered","Automatic,",5,Petrol,https://manheim.co.nz/damaged-vehicles/000000000007425822/2005-toyota-echo-hatch?referringPage=SearchResults
Toyota,Vitz,2006,Yes,$950,N/A,," Left Rear Damage, Vandalised - Interior, Stolen & Recovered, Selling Registered","Automatic,",5,Petrol,https://manheim.co.nz/damaged-vehicles/000000000007425826/2006-toyota-vitz-hatch?referringPage=SearchResults
Holden,Cruze,2012,Yes,$350,"94,172",," Ignition Damage, Left Rear Damage, Right Side Damage, Stolen & Recovered, Selling Registered","6spd Automatic,",5,Petrol,https://manheim.co.nz/damaged-vehicles/000000000007425829/2012-holden-cruze-cd-hb-1-4t-at-hatch?referringPage=SearchResults
Mazda,Atenza,2011,No,"$1,200",N/A,," Right Side Damage, Selling De-Registered","5spd Automatic,",5,Petrol,https://manheim.co.nz/damaged-vehicles/000000000007405833/2011-mazda-atenza-sedan?referringPage=SearchResults
Mitsubishi,Colt,2008,Yes,$800,"130,099",," Left Side Damage, Right Front Damage, Right Side Damage, Dismantled - Interior, Selling Registered","CVT,",5,Petrol,https://manheim.co.nz/damaged-vehicles/000000000007405835/2008-mitsubishi-colt-hatch?referringPage=SearchResults
Ford,Falcon,2007,No,$0,N/A,," Left Front Damage, Left Rear Damage, Right Front Damage, Right Rear Damage, Right Side Damage, Selling De-Registered","Automatic,",5,Petrol,https://manheim.co.nz/damaged-vehicles/000000000007395853/2007-ford-falcon-bf2-xr6-sedan-a-sedan?referringPage=SearchResults
Ford,Fiesta,2012,No,$0,N/A,," Right Front Damage, Selling De-Registered","Automatic,",5,Petrol,https://manheim.co.nz/damaged-vehicles/000000000007395855/2012-ford-fiesta-5dr-1-6-lx-a-hatch?referringPage=SearchResults
Mitsubishi,Station Wagon,2012,No,$550,"244,499",," Airbags Deployed, Right Side Damage, Structural Damage, Selling De-Registered","Automatic,",5,Petrol,https://manheim.co.nz/damaged-vehicles/000000000007425853/2012-mitsubishi-station-wagon-station-wagon?referringPage=SearchResults
Toyota,Vitz,2018,No,"$1,500",N/A,," Airbags Deployed, Front Damage, Airbags Deployed, Structural Damage, Suspension Damage, Selling De-Registered","Automatic,",5,Hybrid,https://manheim.co.nz/damaged-vehicles/000000000007425869/2018-toyota-vitz-hatch?referringPage=SearchResults
Nissan,X-trail,2014,No,"$1,200",N/A,," Front Damage, Structural Damage, Accident Damage, Selling De-Registered",N/A,5,Petrol,https://manheim.co.nz/damaged-vehicles/000000000007415860/2014-nissan-x-trail-station-wagon?referringPage=SearchResults
Volvo,XC60,2022,No,N/A,"50,415",," Water Damage, Selling De-Registered","Automatic,",5,Hybrid,https://manheim.co.nz/damaged-vehicles/000000000007415865/2022-volvo-xc60-b5-ultimate-bright-station-wagon?referringPage=SearchResults
Ford,Falcon,2002,No,$0,N/A,," Right Front Damage, Right Side Damage, Selling De-Registered","Automatic,",6,Petrol,https://manheim.co.nz/damaged-vehicles/000000000007395872/2002-ford-falcon-auiii-forte-w-ca-station-wagon?referringPage=SearchResults
Toyota,IST,2008,No,$500,N/A,," Front Damage, Structural Damage, Selling De-Registered","Automatic,",5,Petrol,https://manheim.co.nz/damaged-vehicles/000000000007425873/2008-toyota-ist-hatch?referringPage=SearchResults
Hyundai,Imax,2018,No,N/A,"124,339",," Left Rear Damage, Rear Damage, Structural Damage, Selling De-Registered","5spd Automatic,",8,Diesel,https://manheim.co.nz/damaged-vehicles/000000000007405886/2018-hyundai-imax-2-5-crdi-auto-van?referringPage=SearchResults
Toyota,Auris,2010,No,$550,"140,932",," Glass Broken, Right Rear Damage, Structural Damage, Under Body Damage, Selling De-Registered",N/A,5,Petrol,https://manheim.co.nz/damaged-vehicles/000000000007405888/2010-toyota-auris-hatch?referringPage=SearchResults
Ford,Kuga,2013,No,$550,"212,265",," Front Damage, Left Front Damage, Right Front Damage, Structural Damage, Selling De-Registered","Automatic,",5,Petrol,https://manheim.co.nz/damaged-vehicles/000000000007425891/2013-ford-kuga-station-wagon?referringPage=SearchResults
Toyota,Hilux,1991,No,"$1,500","233,093",," Front Damage, Rear Damage, Structural Damage, Selling De-Registered","Automatic,",5,Diesel,https://manheim.co.nz/damaged-vehicles/000000000007425908/1991-toyota-hilux-surf-ssr-station-wagon?referringPage=SearchResults
Toyota,Hiace,2008,No,N/A,N/A,," Front Damage, Left Front Damage, Rear Damage, Roof Damage, Right Front Damage, Rolled, Right Rear Damage, Structural Damage, Selling De-Registered",N/A,10,Petrol,https://manheim.co.nz/damaged-vehicles/000000000007425912/2008-toyota-hiace-van?referringPage=SearchResults
Mitsubishi,Mirage,2017,No,$500,"26,200",," Structural Damage, Selling De-Registered","Automatic,",5,Petrol,https://manheim.co.nz/damaged-vehicles/000000000007425913/2017-mitsubishi-mirage-xls-1-2p-cvt-hatch?referringPage=SearchResults
Audi,A3,2013,Yes,$850,N/A,," Left Front Damage, Left Side Damage, Selling Registered","Automatic,",5,Petrol,https://manheim.co.nz/damaged-vehicles/000000000007426003/2013-audi-a3-station-wagon?referringPage=SearchResults
Lexus,IS250,2010,No,$800,N/A,," Right Side Damage, Structural Damage, Selling De-Registered",N/A,5,Petrol,https://manheim.co.nz/damaged-vehicles/000000000007426007/2010-lexus-is250-sedan?referringPage=SearchResults
Toyota,Vitz,2005,No,$800,N/A,," Right Front Damage, Right Rear Damage, Right Side Damage, Structural Damage, Selling De-Registered","Automatic,",5,Petrol,https://manheim.co.nz/damaged-vehicles/000000000007426009/2005-toyota-vitz-hatch?referringPage=SearchResults
Volvo,XC90,2012,No,"$1,500","85,147",," Right Front Damage, Right Side Damage, Structural Damage, Selling De-Registered","Automatic,",7,Petrol,https://manheim.co.nz/damaged-vehicles/000000000007416005/2012-volvo-xc90-t5-station-wagon?referringPage=SearchResults
Toyota,Markx,2006,No,$550,"126,805",," Glass Broken, Ignition Damage, Left Front Damage, Left Rear Damage, Left Side Damage, Right Side Damage, Vandalised - Interior, Structural Damage, Selling De-Registered","Automatic,",5,Petrol,https://manheim.co.nz/damaged-vehicles/000000000007426016/2006-toyota-markx-250g-sedan?referringPage=SearchResults
Honda,fit,2008,No,$150,"129,817",," Right Side Damage, Structural Damage, Selling De-Registered","Automatic,",5,Petrol,https://manheim.co.nz/damaged-vehicles/000000000007426017/2008-honda-fit-hatch?referringPage=SearchResults
Mazda,Axela,2007,No,$400,"301,545",," Right Side Damage, Structural Damage, Selling De-Registered","Automatic,",5,Petrol,https://manheim.co.nz/damaged-vehicles/000000000007426018/2007-mazda-axela-sport-hatch?referringPage=SearchResults
Mazda,Demio,2011,No,$150,"123,934",," Chassis Damage, Front Damage, Structural Damage, Selling De-Registered","Automatic,",5,Petrol,https://manheim.co.nz/damaged-vehicles/000000000007426021/2011-mazda-demio-hatch?referringPage=SearchResults
Toyota,Prado,1999,No,"$1,200",N/A,," Glass Broken, Rear Damage, Right Rear Damage, Structural Damage, Under Body Damage, Selling De-Registered","Automatic,",8,Petrol,https://manheim.co.nz/damaged-vehicles/000000000007426022/1999-toyota-prado-station-wagon?referringPage=SearchResults
Toyota,Prius,2014,No,"$1,200",N/A,," Front Damage, Structural Damage, Selling De-Registered","Automatic,",5,Hybrid,https://manheim.co.nz/damaged-vehicles/000000000007426023/2014-toyota-prius-hybrid-hatch?referringPage=SearchResults
Toyota,Camry,2016,No,N/A,N/A,," Front Damage, Structural Damage, Selling De-Registered",N/A,5,Hybrid,https://manheim.co.nz/damaged-vehicles/000000000007426024/2016-toyota-camry-atara-s-2-5ph-cvt-s-sedan?referringPage=SearchResults
Toyota,Aqua,2015,No,$800,"85,109",," Front Damage, Structural Damage, Selling De-Registered","Automatic,",5,Hybrid,https://manheim.co.nz/damaged-vehicles/000000000007426026/2015-toyota-aqua-hatch?referringPage=SearchResults
Ford,Ranger,2008,No,"$1,000",N/A,," Front Damage, Structural Damage, Selling De-Registered","Automatic,",4,Diesel,https://manheim.co.nz/damaged-vehicles/000000000007416029/2008-ford-ranger-3-0td-xl-rc-w-s-4x4-dual-cab-utility?referringPage=SearchResults
OMODA,C5,2026,No,$0,N/A,," Rear Damage, Selling De-Registered",N/A,5,Petrol,https://manheim.co.nz/damaged-vehicles/000000000007416032/2026-omoda-c5-ex-1-5pt-6at-station-wagon?referringPage=SearchResults
Hyundai,I30,2013,No,"$1,000",N/A,," Front Damage, Right Side Damage, Selling De-Registered","6spd Automatic,",5,Petrol,https://manheim.co.nz/damaged-vehicles/000000000007416033/2013-hyundai-i30-gde-wagon-1-6-a-station-wagon?referringPage=SearchResults
Mazda,Premacy,2006,No,$350,"213,171",," Front Damage, Structural Damage, Selling De-Registered","Automatic,",7,Petrol,https://manheim.co.nz/damaged-vehicles/000000000007426032/2006-mazda-premacy-station-wagon?referringPage=SearchResults
Toyota,Aqua,2017,No,"$1,300","186,487",," Front Damage, Left Rear Damage, Vandalised - Interior, Structural Damage, Stolen & Recovered, Selling De-Registered","4spd Automatic,",5,Hybrid,https://manheim.co.nz/damaged-vehicles/000000000007426040/2017-toyota-aqua-hatch?referringPage=SearchResults
Toyota,Wish,2008,No,$550,"206,656",," Right Front Damage, Structural Damage, Selling De-Registered","Automatic,",7,Petrol,https://manheim.co.nz/damaged-vehicles/000000000007426046/2008-toyota-wish-station-wagon?referringPage=SearchResults
Toyota,Hilux,1996,No,"$1,200","274,982",," Left Front Damage, Left Side Damage, Roof Damage, Rolled, Structural Damage, Selling De-Registered","Automatic,",5,Diesel,https://manheim.co.nz/damaged-vehicles/000000000007426050/1996-toyota-hilux-surf-station-wagon?referringPage=SearchResults
Toyota,Fielder,2015,No,"$1,500","147,133",," Left Front Damage, Left Rear Damage, Right Front Damage, Structural Damage, Selling De-Registered","Automatic,",5,Hybrid,https://manheim.co.nz/damaged-vehicles/000000000007406057/2015-toyota-fielder-station-wagon?referringPage=SearchResults
Honda,Shuttle,2015,No,"$1,200","114,812",," Rear Damage, Right Rear Damage, Structural Damage, Water Damage, Selling De-Registered","Automatic,",5,Hybrid,https://manheim.co.nz/damaged-vehicles/000000000007416067/2015-honda-shuttle-station-wagon?referringPage=SearchResults
Toyota,Aurion,2012,No,"$1,500",N/A,," Left Front Damage, Structural Damage, Selling De-Registered","Automatic,",5,Petrol,https://manheim.co.nz/damaged-vehicles/000000000007426060/2012-toyota-aurion-sportivo-sx6-3-5p-6-sedan?referringPage=SearchResults
Honda,Cr-z,2011,No,$700,N/A,," Right Rear Damage, Structural Damage, Selling De-Registered","Automatic,",4,Hybrid,https://manheim.co.nz/damaged-vehicles/000000000007426063/2011-honda-cr-z-hybrid-hatch?referringPage=SearchResults
Toyota,Isis,2006,No,$550,N/A,," Rear Damage, Structural Damage, Selling De-Registered","Automatic,",7,Petrol,https://manheim.co.nz/damaged-vehicles/000000000007426071/2006-toyota-isis-station-wagon?referringPage=SearchResults
Toyota,Hiace,2005,No,N/A,N/A,," Left Side Damage, Right Side Damage, Structural Damage, Selling De-Registered","Automatic,",3,Petrol,https://manheim.co.nz/damaged-vehicles/000000000007426074/2005-toyota-hiace-van?referringPage=SearchResults
Subaru,Impreza,2018,No,N/A,"101,218",," Left Front Damage, Rolled, Right Side Damage, Structural Damage, Selling De-Registered","Automatic,",5,Petrol,https://manheim.co.nz/damaged-vehicles/000000000007416077/2018-subaru-impreza-2-0-sport-slt-2-0p-hatch?referringPage=SearchResults
Toyota,Prius,2010,No,$550,N/A,," Front Damage, Structural Damage, Selling De-Registered","Automatic,",5,Hybrid,https://manheim.co.nz/damaged-vehicles/000000000007426080/2010-toyota-prius-hatch?referringPage=SearchResults
Honda,Civic,2004,Yes,$450,N/A,," Right Front Damage, Selling Registered","Automatic,",5,Petrol,https://manheim.co.nz/damaged-vehicles/000000000007426084/2004-honda-civic-vtx-1-7-5d-hb-5m-hatch?referringPage=SearchResults
Toyota,Hiace,2010,No,N/A,N/A,," Right Rear Damage, Structural Damage, Selling De-Registered","Automatic,",3,Petrol,https://manheim.co.nz/damaged-vehicles/000000000007426091/2010-toyota-hiace-van?referringPage=SearchResults
Ford,Transit,2023,No,N/A,"148,218",," Roof Damage, Structural Damage, Selling De-Registered","Automatic,",9,Diesel,https://manheim.co.nz/damaged-vehicles/000000000007416094/2023-ford-transit-tourneo-trend-2-0d-van?referringPage=SearchResults
Subaru,Forester,2012,No,$650,"263,529",," Front Damage, Structural Damage, Selling De-Registered","5spd Automatic,",5,Petrol,https://manheim.co.nz/damaged-vehicles/000000000007416115/2012-subaru-forester-x-aut-station-wagon?referringPage=SearchResults
Toyota,Prius,2019,No,N/A,N/A,," Left Front Damage, Left Side Damage, Structural Damage, Selling De-Registered","Automatic,",5,Hybrid,https://manheim.co.nz/damaged-vehicles/000000000007426118/2019-toyota-prius-hybrid-hatch?referringPage=SearchResults
Nissan,X-trail,2024,No,N/A,N/A,," Chassis Damage, Rear Damage, Right Rear Damage, Right Side Damage, Structural Damage, Selling De-Registered","Automatic,",5,Hybrid,https://manheim.co.nz/damaged-vehicles/000000000007426119/2024-nissan-x-trail-st-l-e-power-1-5peh-station-wagon?referringPage=SearchResults
Mitsubishi,Eclipse Cross,2023,No,N/A,N/A,," Left Front Damage, Structural Damage, Selling De-Registered","Automatic,",5,Hybrid,https://manheim.co.nz/damaged-vehicles/000000000007426120/2023-mitsubishi-eclipse-cross-xls-phev-4wd-at-station-wagon?referringPage=SearchResults
Toyota,Prius,2012,No,$800,N/A,," Front Damage, Structural Damage, Selling De-Registered","Automatic,",7,Hybrid,https://manheim.co.nz/damaged-vehicles/000000000007426154/2012-toyota-prius-hybrid-station-wagon?referringPage=SearchResults
Nissan,Tiida,2009,No,$500,N/A,," Rear Damage, Structural Damage, Selling De-Registered","Automatic,",5,Petrol,https://manheim.co.nz/damaged-vehicles/000000000007426155/2009-nissan-tiida-hatch?referringPage=SearchResults
CF Moto,300sr,2023,No,$600,1,," Right Side Damage, Structural Damage, Selling De-Registered","Automatic,",N/A,Petrol,https://manheim.co.nz/damaged-vehicles/000000000007426156/2023-cfmoto-300sr-motorcycle?referringPage=SearchResults
Volkswagen,Passat,2006,No,$550,N/A,," Rear Damage, Right Rear Damage, Structural Damage, Suspension Damage, Selling De-Registered","Automatic,",5,Petrol,https://manheim.co.nz/damaged-vehicles/000000000007426159/2006-volkswagen-passat-station-wagon?referringPage=SearchResults
Ford,Laser,2000,No,$500,N/A,, Selling De-Registered,"Manual,",5,Petrol,https://manheim.co.nz/damaged-vehicles/000000000007396174/2000-ford-laser-1-6-lx-5dr-man-hatch?referringPage=SearchResults
Mazda,Demio,2001,No,$650,"249,993",, Selling De-Registered,"Automatic,",5,Petrol,https://manheim.co.nz/damaged-vehicles/000000000007396180/2001-mazda-demio-hatch?referringPage=SearchResults
Nissan,Juke,2013,No,$650,"127,104",," Front Damage, Rear Damage, Structural Damage, Selling De-Registered","Automatic,",5,Petrol,https://manheim.co.nz/damaged-vehicles/000000000007416181/2013-nissan-juke-hatch?referringPage=SearchResults
Mercedes-Benz,C63,2017,No,N/A,N/A,," Chassis Damage, Left Front Damage, Structural Damage, Suspension Damage, Selling De-Registered","Automatic,",5,Petrol,https://manheim.co.nz/damaged-vehicles/000000000007416183/2017-mercedes-benz-c63-s-sedan?referringPage=SearchResults
Mitsubishi,Colt,2007,No,$350,"63,596",," Rear Damage, Structural Damage, Selling De-Registered",N/A,5,Petrol,https://manheim.co.nz/damaged-vehicles/000000000007416184/2007-mitsubishi-colt-hatch?referringPage=SearchResults
LDV,G10,2017,No,"$1,500","107,123",," Front Damage, Structural Damage, Selling De-Registered","Manual,",2,Petrol,https://manheim.co.nz/damaged-vehicles/000000000007416185/2017-ldv-g10-cargo-2-4-2-4p-5mt--panel-van?referringPage=SearchResults
Ford,Courier,2001,No,$800,"314,873",," Right Rear Damage, Structural Damage, Selling De-Registered","Automatic,",4,Diesel,https://manheim.co.nz/damaged-vehicles/000000000007426191/2001-ford-courier-xlt-chassis-cab-dual-cab-utility?referringPage=SearchResults
Nissan,Elgrand,2006,No,$350,"238,295",," Front Damage, Structural Damage, Selling De-Registered",N/A,8,Petrol,https://manheim.co.nz/damaged-vehicles/000000000007426195/2006-nissan-elgrand-station-wagon?referringPage=SearchResults
Honda,fit,2011,No,$500,"149,800",," Front Damage, Structural Damage, Selling De-Registered","Automatic,",5,Hybrid,https://manheim.co.nz/damaged-vehicles/000000000007426197/2011-honda-fit-hybrid-hatch?referringPage=SearchResults
Toyota,Corolla,2018,No,N/A,N/A,," Rear Damage, Structural Damage, Selling De-Registered","Automatic,",5,Petrol,https://manheim.co.nz/damaged-vehicles/000000000007426198/2018-toyota-corolla-glx-1-8p-cvt-sedan?referringPage=SearchResults
Ssangyong,Rexton,2013,No,$400,N/A,," Fire Damage, Interior Damage, Stolen & Recovered, Selling De-Registered",N/A,7,Diesel,https://manheim.co.nz/damaged-vehicles/000000000007426200/2013-ssangyong-rexton-sports402-2-7d4wd5a-station-wagon?referringPage=SearchResults
Toyota,Corolla,2007,No,$550,"154,242",," Front Damage, Structural Damage, Selling De-Registered","4spd Automatic,",5,Petrol,https://manheim.co.nz/damaged-vehicles/000000000007416204/2007-toyota-corolla-fielder-1-5-station-wagon?referringPage=SearchResults
Mazda,Axela,2005,No,$500,N/A,," Front Damage, Structural Damage, Selling De-Registered","Automatic,",5,Petrol,https://manheim.co.nz/damaged-vehicles/000000000007426212/2005-mazda-axela-station-wagon?referringPage=SearchResults
Mitsubishi,Pajero,2007,Yes,N/A,"222,362",," Left Side Damage, Selling Registered",N/A,7,Petrol,https://manheim.co.nz/damaged-vehicles/000000000007426214/2007-mitsubishi-pajero-station-wagon?referringPage=SearchResults
Nissan,Navara,2008,No,$650,"462,273",," Left Side Damage, Structural Damage, Selling De-Registered",N/A,5,Diesel,https://manheim.co.nz/damaged-vehicles/000000000007426216/2008-nissan-navara-2-5-2wd-mt-diesel-dual-cab-utility?referringPage=SearchResults
Mitsubishi,Galant,2007,No,$550,N/A,," Front Damage, Airbags Deployed, Structural Damage, Selling De-Registered","Automatic,",5,Petrol,https://manheim.co.nz/damaged-vehicles/000000000007426217/2007-mitsubishi-galant-fortis-sedan?referringPage=SearchResults
Toyota,Aqua,2016,No,$550,"159,499",," Front Damage, Right Front Damage, Right Side Damage, Airbags Deployed, Structural Damage, Selling De-Registered","Automatic,",5,Hybrid,https://manheim.co.nz/damaged-vehicles/000000000007416223/2016-toyota-aqua-hatch?referringPage=SearchResults
Toyota,Vitz,2001,No,$500,"203,743",," Right Rear Damage, Structural Damage, Selling De-Registered","Automatic,",5,Petrol,https://manheim.co.nz/damaged-vehicles/000000000007426234/2001-toyota-vitz-hatch?referringPage=SearchResults
Toyota,Corolla,2013,Yes,"$1,500",N/A,, Selling Registered,"CVT,",5,Petrol,https://manheim.co.nz/damaged-vehicles/000000000007416247/2013-toyota-corolla-gx-1-5p-wagon-cvt-station-wagon?referringPage=SearchResults
Mazda,MAZDA3,2013,No,$550,N/A,," Airbags Deployed, Front Damage, Left Side Damage, Airbags Deployed, Structural Damage, Selling De-Registered","Automatic,",5,Petrol,https://manheim.co.nz/damaged-vehicles/000000000007416249/2013-mazda-mazda3-hatch-glx-2-0-5at-hatch?referringPage=SearchResults
Ford,Kuga,2012,No,$600,N/A,," Left Front Damage, Right Front Damage, Dismantled - Entire Vehicle, Selling De-Registered","Automatic,",5,Petrol,https://manheim.co.nz/damaged-vehicles/000000000007386240/2012-ford-kuga-station-wagon?referringPage=SearchResults
LDV,V80,2016,No,"$1,200","168,092",," Malicious/Vandalised, Water Damage, Selling De-Registered","5spd Automatic,",3,Diesel,https://manheim.co.nz/damaged-vehicles/000000000007386246/2016-ldv-v80-bigger-amt-2-5d-6am-van?referringPage=SearchResults
Holden,Commodore,2008,No,$0,N/A,," Left Front Damage, Left Rear Damage, Selling De-Registered","Automatic,",5,Petrol,https://manheim.co.nz/damaged-vehicles/000000000007386259/2008-holden-commodore-sedan-v6-auto-sedan?referringPage=SearchResults
Honda,Cr-z,2010,No,$350,N/A,," Right Front Damage, Right Rear Damage, Right Side Damage, Structural Damage, Water Damage, Selling De-Registered","Automatic,",4,Petrol,https://manheim.co.nz/damaged-vehicles/000000000007406264/2010-honda-cr-z-hatch?referringPage=SearchResults
Nissan,Note,2015,No,$550,"63,345",," Rear Damage, Structural Damage, Selling De-Registered","Automatic,",5,Petrol,https://manheim.co.nz/damaged-vehicles/000000000007416270/2015-nissan-note-hatch?referringPage=SearchResults
Holden,Spark,2016,No,$0,"95,808",," Left Front Damage, Left Rear Damage, Selling De-Registered","Automatic,",5,Petrol,https://manheim.co.nz/damaged-vehicles/000000000007386282/2016-holden-spark-ls-1-4p-cvt-hatch?referringPage=SearchResults
Ford,Fiesta,2009,No,$700,"122,703",," Left Front Damage, Right Rear Damage, Selling De-Registered","5spd Manual,",5,Petrol,https://manheim.co.nz/damaged-vehicles/000000000007386294/2009-ford-fiesta-5dr-1-6-m-s-hatch?referringPage=SearchResults
Hyundai,Accent,2020,No,"$1,700","64,022",," Left Rear Damage, Left Side Damage, Rear Damage, Structural Damage, Selling De-Registered",N/A,5,Petrol,https://manheim.co.nz/damaged-vehicles/000000000007426306/2020-hyundai-accent-1-4p-cvt-hatch?referringPage=SearchResults
Holden,Trax,2019,No,"$1,500","162,054",," Left Front Damage, Structural Damage, Selling De-Registered","Automatic,",5,Petrol,https://manheim.co.nz/damaged-vehicles/000000000007426335/2019-holden-trax-ls-1-4p-6at-station-wagon?referringPage=SearchResults
Suzuki,Swift,2016,No,$700,N/A,," Rear Damage, Structural Damage, Selling De-Registered",N/A,5,Petrol,https://manheim.co.nz/damaged-vehicles/000000000007426336/2016-suzuki-swift-glb-1-4p-5mt-ha-5dr-hatch?referringPage=SearchResults
Holden,Barina,2017,No,$0,N/A,," Left Front Damage, Selling De-Registered","Automatic,",5,Petrol,https://manheim.co.nz/damaged-vehicles/000000000007386336/2017-holden-barina-lt-1-6p-6at-hatch?referringPage=SearchResults
Ford,Ecosport,2014,No,$0,"141,548",," Left Front Damage, Right Front Damage, Selling De-Registered","Automatic,",5,Petrol,https://manheim.co.nz/damaged-vehicles/000000000007386341/2014-ford-ecosport-trend-1-5p-6at-sw-5-station-wagon?referringPage=SearchResults
Ford,Kuga,2012,No,$700,"105,748",," Left Front Damage, Right Front Damage, Airbags Deployed, Dismantled - Interior, Selling De-Registered",N/A,5,Petrol,https://manheim.co.nz/damaged-vehicles/000000000007386346/2012-ford-kuga-awd-petrol-station-wagon?referringPage=SearchResults
Mazda,Demio,2004,No,$500,"166,449",," Ignition Damage, Left Rear Damage, Right Rear Damage, Vandalised - Interior, Structural Damage, Stolen & Recovered, Selling De-Registered","Automatic,",5,Petrol,https://manheim.co.nz/damaged-vehicles/000000000007426358/2004-mazda-demio-hatch?referringPage=SearchResults
Mazda,Axela,2013,No,$550,"137,743",," Right Rear Damage, Structural Damage, Selling De-Registered","Automatic,",5,Petrol,https://manheim.co.nz/damaged-vehicles/000000000007426360/2013-mazda-axela-hatch?referringPage=SearchResults
Honda,CBR 250R,2013,No,$50,N/A,," Left Side Damage, Right Side Damage, Structural Damage, Selling De-Registered",N/A,N/A,Petrol,https://manheim.co.nz/damaged-vehicles/000000000007406366/2013-honda-cbr-250r-motorcycle?referringPage=SearchResults
Mazda,Atenza,2008,No,$50,"249,204",," Structural Damage, Water Damage, Selling De-Registered","6spd,",5,Petrol,https://manheim.co.nz/damaged-vehicles/000000000007426372/2008-mazda-atenza-sedan?referringPage=SearchResults
Kia,Picanto,2011,No,$550,"144,634",," Left Front Damage, Structural Damage, Selling De-Registered","5spd Manual,",5,Petrol,https://manheim.co.nz/damaged-vehicles/000000000007426377/2011-kia-picanto-1-2-petrol-manual-l-hatch?referringPage=SearchResults
Toyota,Vitz,2011,No,"$1,000",N/A,," Rear Damage, Structural Damage, Selling De-Registered",N/A,5,Petrol,https://manheim.co.nz/damaged-vehicles/000000000007426386/2011-toyota-vitz-hatch?referringPage=SearchResults
Nissan,Serena,2013,No,"$1,200","118,833",," Left Side Damage, Structural Damage, Selling De-Registered","Automatic,",8,Hybrid,https://manheim.co.nz/damaged-vehicles/000000000007426390/2013-nissan-serena-station-wagon?referringPage=SearchResults
Mitsubishi,Outlander,2013,No,"$1,200","98,739",," Front Damage, Rear Damage, Structural Damage, Selling De-Registered","Automatic,",5,Hybrid,https://manheim.co.nz/damaged-vehicles/000000000007426395/2013-mitsubishi-outlander-phev-station-wagon?referringPage=SearchResults
CARAVAN,Bailey Olympus,2010,No,$0,N/A,0," Interior Damage, Water Damage, Selling De-Registered",N/A,N/A,N/A,https://manheim.co.nz/damaged-vehicles/000000000007426408/2010-caravan-bailey-olympus-caravan?referringPage=SearchResults
Ford,Focus,2012,No,$500,"166,442",," Glass Broken, Left Front Damage, Left Side Damage, Structural Damage, Selling De-Registered",N/A,5,Diesel,https://manheim.co.nz/damaged-vehicles/000000000007406404/2012-ford-focus-trend-2-0-auto-h-ds-hatch?referringPage=SearchResults
Ford,Focus,2013,No,$800,"96,362",," Right Front Damage, Right Side Damage, Airbags Deployed, Selling De-Registered","Automatic,",5,Petrol,https://manheim.co.nz/damaged-vehicles/000000000007386403/2013-ford-focus-hatch?referringPage=SearchResults
Mitsubishi,Colt,2005,Yes,$450,"225,088",," Left Side Damage, Selling Registered","Automatic,",5,Petrol,https://manheim.co.nz/damaged-vehicles/000000000007426410/2005-mitsubishi-colt-hatch?referringPage=SearchResults
Mercedes-Benz,ML350,2006,No,$350,N/A,," Front Damage, Glass Broken, Interior Damage, Left Front Damage, Left Side Damage, Rear Damage, Right Front Damage, Right Side Damage, Underbody Damage, Structural Damage, Stolen & Recovered, Selling De-Registered",N/A,5,Petrol,https://manheim.co.nz/damaged-vehicles/000000000007426414/2006-mercedes-benz-ml350-station-wagon?referringPage=SearchResults
Toyota,Corolla,2012,No,$550,"90,075",," Left Front Damage, Left Side Damage, Right Front Damage, Structural Damage, Selling De-Registered","Automatic,",5,Petrol,https://manheim.co.nz/damaged-vehicles/000000000007426420/2012-toyota-corolla-fielder-station-wagon?referringPage=SearchResults
Toyota,Aqua,2019,No,N/A,"123,897",," Right Side Damage, Structural Damage, Selling De-Registered","Automatic,",5,Hybrid,https://manheim.co.nz/damaged-vehicles/000000000007426421/2019-toyota-aqua-hybrid-hatch?referringPage=SearchResults
Volkswagen,Polo,2011,No,$550,N/A,," Left Side Damage, Structural Damage, Selling De-Registered",N/A,5,Petrol,https://manheim.co.nz/damaged-vehicles/000000000007416424/2011-volkswagen-polo-hatch?referringPage=SearchResults
Subaru,Legacy,2009,No,$650,"310,807",," Rear Damage, Structural Damage, Selling De-Registered","Automatic,",5,Petrol,https://manheim.co.nz/damaged-vehicles/000000000007416432/2009-subaru-legacy-sedan?referringPage=SearchResults
Mazda,Axela,2005,No,$550,N/A,," Rear Damage, Structural Damage, Selling De-Registered","Automatic,",5,Petrol,https://manheim.co.nz/damaged-vehicles/000000000007416433/2005-mazda-axela-sedan?referringPage=SearchResults
Nissan,Tiida,2005,No,$150,"340,853",," Front Damage, Structural Damage, Selling De-Registered",N/A,5,Petrol,https://manheim.co.nz/damaged-vehicles/000000000007426431/2005-nissan-tiida-hatch?referringPage=SearchResults
TRAILER,Elite 7X4,2014,No,"$1,200",N/A,0," Structural Damage, Selling De-Registered",N/A,N/A,N/A,https://manheim.co.nz/damaged-vehicles/000000000007426434/2014-trailer-elite-7x4-box-body-trailer?referringPage=SearchResults
Toyota,Yaris,2015,No,"$1,200","84,181",," Rear Damage, Structural Damage, Selling De-Registered","5spd Manual,",5,Petrol,https://manheim.co.nz/damaged-vehicles/000000000007426446/2015-toyota-yaris-gx-1-3p-5mt-ha-5dr--hatch?referringPage=SearchResults
MG,3,2022,No,$450,"55,302",," Front Damage, Airbags Deployed, Structural Damage, Selling De-Registered","5spd Automatic,",5,Petrol,https://manheim.co.nz/damaged-vehicles/000000000007426447/2022-mg-3-excite-1-5p-4at-hatch?referringPage=SearchResults
Daihatsu,Materia,2008,No,$500,"220,773",," Left Side Damage, Rear Damage, Structural Damage, Selling De-Registered","4spd Automatic,",5,Petrol,https://manheim.co.nz/damaged-vehicles/000000000007416450/2008-daihatsu-materia-1-5p-hatch5-4a-hatch?referringPage=SearchResults
Nissan,March,2005,No,$400,N/A,," Right Rear Damage, Structural Damage, Selling De-Registered",N/A,5,Petrol,https://manheim.co.nz/damaged-vehicles/000000000007416454/2005-nissan-march-hatch?referringPage=SearchResults
Honda,Accord,2005,No,$550,"210,898",," Rear Damage, Structural Damage, Selling De-Registered","Automatic,",5,Petrol,https://manheim.co.nz/damaged-vehicles/000000000007416460/2005-honda-accord-sedan?referringPage=SearchResults
Toyota,Yaris,2016,No,$650,N/A,," Front Damage, Left Front Damage, Right Front Damage, Airbags Deployed, Structural Damage, Suspension Damage, Selling De-Registered","Automatic,",5,Petrol,https://manheim.co.nz/damaged-vehicles/000000000007426467/2016-toyota-yaris-gx-1-3p-4at-ha-5dr--hatch?referringPage=SearchResults
Fiat,Bravo,2008,Yes,$700,"164,831",," Interior Damage, Selling Registered",N/A,5,Petrol,https://manheim.co.nz/damaged-vehicles/000000000007426470/2008-fiat-bravo-turbo-sport-5dr-hatch?referringPage=SearchResults
Hyundai,Santa FE,2016,Yes,N/A,"302,385",," Stolen & Recovered, Selling Registered","Automatic,",7,Petrol,https://manheim.co.nz/damaged-vehicles/000000000007416478/2016-hyundai-santa-fe-dm-2-4p-7s-station-wagon?referringPage=SearchResults
Triumph,Tiger,2011,No,$25,1,," Structural Damage, Selling De-Registered","Automatic,",N/A,Petrol,https://manheim.co.nz/damaged-vehicles/000000000007356483/2011-triumph-tiger-1050-motorcycle?referringPage=SearchResults
Holden,Barina,2012,No,"$1,100",N/A,," Stolen & Recovered, Selling De-Registered","Automatic,",5,Petrol,https://manheim.co.nz/damaged-vehicles/000000000007396498/2012-holden-barina-1-6-hatch-at-hatch?referringPage=SearchResults
BMW,Mini,2007,No,$550,"176,551",," Rear Damage, Structural Damage, Selling De-Registered","Automatic,",4,Petrol,https://manheim.co.nz/damaged-vehicles/000000000007416497/2007-bmw-mini-hatch?referringPage=SearchResults
Audi,A3,2011,No,$150,"142,383",," Left Side Damage, Structural Damage, Selling De-Registered","Automatic,",5,Petrol,https://manheim.co.nz/damaged-vehicles/000000000007426490/2011-audi-a3-sportback-1-4t-fsi-hatch?referringPage=SearchResults
TNT MOTOR,Roma,2024,No,$26,"3,880",," Right Rear Damage, Stolen & Recovered, Selling De-Registered","Automatic,",N/A,Petrol,https://manheim.co.nz/damaged-vehicles/000000000007426502/2024-tnt-motor-roma-2t-scooter?referringPage=SearchResults
Volkswagen,Golf,2011,No,$550,N/A,," Front Damage, Left Side Damage, Structural Damage, Selling De-Registered","Automatic,",5,Petrol,https://manheim.co.nz/damaged-vehicles/000000000007426524/2011-volkswagen-golf-tsi-hatch?referringPage=SearchResults
Mazda,MAZDA3,2007,No,$550,"322,136",," Left Side Damage, Structural Damage, Selling De-Registered","2spd Automatic,",5,Petrol,https://manheim.co.nz/damaged-vehicles/000000000007416523/2007-mazda-mazda3-sporthatch-sp23-2-3-hatch?referringPage=SearchResults
Toyota,Ractis,2015,No,$800,"75,180",," Left Front Damage, Left Side Damage, Structural Damage, Selling De-Registered","Automatic,",5,Petrol,https://manheim.co.nz/damaged-vehicles/000000000007416532/2015-toyota-ractis-hatch?referringPage=SearchResults
Toyota,Isis,2005,No,$550,N/A,," Left Side Damage, Structural Damage, Selling De-Registered","Automatic,",7,Petrol,https://manheim.co.nz/damaged-vehicles/000000000007426551/2005-toyota-isis-station-wagon?referringPage=SearchResults
Toyota,Prius,2013,No,$650,N/A,," Front Damage, Right Front Damage, Structural Damage, Selling De-Registered","Automatic,",5,Hybrid,https://manheim.co.nz/damaged-vehicles/000000000007426560/2013-toyota-prius-hatch?referringPage=SearchResults
Nissan,X-trail,2021,No,"$1,600",N/A,," Front Damage, Rear Damage, Roof Damage, Structural Damage, Selling De-Registered",N/A,7,Petrol,https://manheim.co.nz/damaged-vehicles/000000000007416562/2021-nissan-x-trail-st-2-5p-6cvt-sw-5dr-station-wagon?referringPage=SearchResults
Ford,Ranger,2022,No,N/A,"149,840",," Chassis Damage, Front Damage, Right Front Damage, Right Side Damage, Underbody Damage, Structural Damage, Selling De-Registered","Automatic,",5,Diesel,https://manheim.co.nz/damaged-vehicles/000000000007426574/2022-ford-ranger-xlt-double-cab-w-sa-dual-cab-utility?referringPage=SearchResults
Toyota,Auris,2016,No,"$1,500","229,809",," Rear Damage, Structural Damage, Selling De-Registered","Automatic,",5,Hybrid,https://manheim.co.nz/damaged-vehicles/000000000007426579/2016-toyota-auris-hatch?referringPage=SearchResults
Mazda,MAZDA3,2019,No,"$1,500","216,404",," Right Front Damage, Structural Damage, Selling De-Registered","Automatic,",5,Petrol,https://manheim.co.nz/damaged-vehicles/000000000007426592/2019-mazda-mazda3-sp25-2-5p-6at-hatch?referringPage=SearchResults
MG,ZS,2021,No,"$1,200",N/A,," Front Damage, Structural Damage, Selling De-Registered",N/A,5,Electric,https://manheim.co.nz/damaged-vehicles/000000000007416642/2021-mg-zs-ev-105kw-ev-at-station-wagon?referringPage=SearchResults
Mazda,Familia,1994,No,$500,"239,095",," Left Front Damage, Left Rear Damage, Selling De-Registered","5spd Manual,",5,Petrol,https://manheim.co.nz/damaged-vehicles/000000000007406680/1994-mazda-familia-hatch?referringPage=SearchResults
Kawasaki,ex,2025,No,$600,"6,476",," Structural Damage, Selling De-Registered",N/A,N/A,Petrol,https://manheim.co.nz/damaged-vehicles/000000000007406688/2025-kawasaki-ex-500j-motorcycle?referringPage=SearchResults
Honda,Stream,2007,No,$400,"245,358",," Left Side Damage, Structural Damage, Selling De-Registered","Automatic,",7,Petrol,https://manheim.co.nz/damaged-vehicles/000000000007426690/2007-honda-stream-rsz-station-wagon?referringPage=SearchResults
Toyota,Raum,2006,No,$550,"127,509",," Front Damage, Structural Damage, Selling De-Registered","Automatic,",5,Petrol,https://manheim.co.nz/damaged-vehicles/000000000007426707/2006-toyota-raum-station-wagon?referringPage=SearchResults
TRAILER,,2017,No,$0,N/A,0," Structural Damage, Selling De-Registered",N/A,N/A,N/A,https://manheim.co.nz/damaged-vehicles/000000000007426722/2017-trailer--boxbody-homebuilt-trailer--box-domestic-?referringPage=SearchResults
Suzuki,Swift,2004,No,$150,"212,290",," Left Front Damage, Structural Damage, Selling De-Registered","Automatic,",5,Petrol,https://manheim.co.nz/damaged-vehicles/000000000007426723/2004-suzuki-swift-hatch?referringPage=SearchResults
Toyota,Aqua,2015,No,$800,"111,540",," Right Side Damage, Structural Damage, Selling De-Registered","5spd Automatic,",5,Hybrid,https://manheim.co.nz/damaged-vehicles/000000000007426725/2015-toyota-aqua-hatch?referringPage=SearchResults
Subaru,Outback,2006,No,$200,"221,600",," Left Front Damage, Left Side Damage, Underbody Damage, Structural Damage, Selling De-Registered","Automatic,",5,Petrol,https://manheim.co.nz/damaged-vehicles/000000000007406734/2006-subaru-outback-station-wagon?referringPage=SearchResults
Honda,Logo,1996,No,$100,"120,540",," Front Damage, Structural Damage, Selling De-Registered","4spd Automatic,",5,Petrol,https://manheim.co.nz/damaged-vehicles/000000000007406736/1996-honda-logo-hatch?referringPage=SearchResults
Toyota,Yaris,2021,No,N/A,N/A,," Rear Damage, Structural Damage, Selling De-Registered","Automatic,",5,Hybrid,https://manheim.co.nz/damaged-vehicles/000000000007426742/2021-toyota-yaris-hybrid-hatch?referringPage=SearchResults
Ford,Mondeo,2016,Yes,"$1,300","254,952",," Engine Damage, Selling Registered","Automatic,",5,Diesel,https://manheim.co.nz/damaged-vehicles/000000000007386755/2016-ford-mondeo-ambiente-5dr-diesel-hatch?referringPage=SearchResults
Honda,fit,2004,No,$0,"252,610",," Front Damage, Left Front Damage, Left Rear Damage, Right Front Damage, Right Rear Damage, Right Side Damage, Structural Damage, Suspension Damage, Selling De-Registered","Automatic,",5,Petrol,https://manheim.co.nz/damaged-vehicles/000000000007426761/2004-honda-fit-hatch?referringPage=SearchResults
Ford,Fiesta,2009,No,$500,N/A,," Left Side Damage, Structural Damage, Selling De-Registered","Automatic,",5,Petrol,https://manheim.co.nz/damaged-vehicles/000000000007426766/2009-ford-fiesta-5dr-1-4-a-s-hatch?referringPage=SearchResults
Toyota,Aqua,2014,No,$800,N/A,," Chassis Damage, Front Damage, Structural Damage, Selling De-Registered","Automatic,",5,Hybrid,https://manheim.co.nz/damaged-vehicles/000000000007426767/2014-toyota-aqua-hatch?referringPage=SearchResults
Mazda,Atenza,2011,No,$550,N/A,," Front Damage, Airbags Deployed, Structural Damage, Selling De-Registered","Automatic,",5,Petrol,https://manheim.co.nz/damaged-vehicles/000000000007426768/2011-mazda-atenza-sedan?referringPage=SearchResults
Ford,Focus,2017,No,$550,"76,509",," Front Damage, Structural Damage, Selling De-Registered","Automatic,",5,Petrol,https://manheim.co.nz/damaged-vehicles/000000000007426770/2017-ford-focus-trend-1-5p-6at-hatch?referringPage=SearchResults
Ford,Focus,2012,No,$0,"149,171",," Left Rear Damage, Selling De-Registered","Automatic,",5,Diesel,https://manheim.co.nz/damaged-vehicles/000000000007386780/2012-ford-focus-trend-2-0-w-diesel-station-wagon?referringPage=SearchResults
MINI,Cooper,2007,Yes,$900,N/A,," Right Front Damage, Selling Registered",N/A,4,Petrol,https://manheim.co.nz/damaged-vehicles/000000000007416782/2007-mini-cooper-one-hatch?referringPage=SearchResults
QUINTEX,Coast Runner,2007,No,"$5,750",93 HR Showin,0," Stolen & Recovered, Selling De-Registered",N/A,N/A,N/A,https://manheim.co.nz/damaged-vehicles/000000000007416804/2007-quintex-coast-runner---trailer--boat--boat?referringPage=SearchResults
Suzuki,Swift,2010,No,$450,N/A,," Front Damage, Airbags Deployed, Structural Damage, Selling De-Registered",N/A,5,Petrol,https://manheim.co.nz/damaged-vehicles/000000000007416806/2010-suzuki-swift-glxhas-1-5-5dr-hatch?referringPage=SearchResults
Hyundai,Tucson,2008,No,$500,"221,744",," Right Front Damage, Structural Damage, Selling De-Registered","Automatic,",5,Petrol,https://manheim.co.nz/damaged-vehicles/000000000007426810/2008-hyundai-tucson-2-0p-city-4d-a4-station-wagon?referringPage=SearchResults
Toyota,Corolla,2015,Yes,N/A,"106,452",," Ignition Damage, Left Rear Damage, Stolen & Recovered, Selling Registered","Automatic,",5,Hybrid,https://manheim.co.nz/damaged-vehicles/000000000007426820/2015-toyota-corolla-fielder-hybrid-station-wagon?referringPage=SearchResults
Hyundai,Santa FE,2016,No,"$1,500",N/A,," Front Damage, Structural Damage, Selling De-Registered","Automatic,",7,Diesel,https://manheim.co.nz/damaged-vehicles/000000000007426824/2016-hyundai-santa-fe-dm-2-2d-elite-station-wagon?referringPage=SearchResults
Mercedes-Benz,C,2008,No,$800,"104,980",," Right Side Damage, Structural Damage, Selling De-Registered","Automatic,",5,Petrol,https://manheim.co.nz/damaged-vehicles/000000000007426827/2008-mercedes-benz-c-c200k-elegance-sedan?referringPage=SearchResults
Mazda,MPV,2005,No,$500,N/A,," Left Rear Damage, Right Front Damage, Right Side Damage, Airbags Deployed, Underbody Damage, Structural Damage, Selling De-Registered","Automatic,",7,Petrol,https://manheim.co.nz/damaged-vehicles/000000000007426829/2005-mazda-mpv-hatch?referringPage=SearchResults
Holden,Cruze,2013,No,$0,"133,500",," Left Front Damage, Right Front Damage, Dismantled - Interior, Selling De-Registered","Automatic,",5,Petrol,https://manheim.co.nz/damaged-vehicles/000000000007386831/2013-holden-cruze-cdx-sdn-1-8-at-sedan?referringPage=SearchResults
Hyundai,Getz,2004,No,$400,"204,997",," Right Rear Damage, Structural Damage, Selling De-Registered","5spd Manual,",5,Petrol,https://manheim.co.nz/damaged-vehicles/000000000007426878/2004-hyundai-getz-1-3-gl-5dr-m5-hatch?referringPage=SearchResults
Nissan,Elgrand,2012,No,"$1,400","141,472",," Left Rear Damage, Left Side Damage, Structural Damage, Selling De-Registered",N/A,7,Petrol,https://manheim.co.nz/damaged-vehicles/000000000007406882/2012-nissan-elgrand-station-wagon?referringPage=SearchResults
Toyota,Aqua,2012,No,$550,"162,209",," Glass Broken, Left Front Damage, Left Side Damage, Structural Damage, Selling De-Registered",N/A,5,Hybrid,https://manheim.co.nz/damaged-vehicles/000000000007406885/2012-toyota-aqua-hatch?referringPage=SearchResults
Toyota,Aqua,2017,No,"$1,300","170,106",," Right Side Damage, Structural Damage, Selling De-Registered",N/A,5,Hybrid,https://manheim.co.nz/damaged-vehicles/000000000007406886/2017-toyota-aqua-hatch?referringPage=SearchResults
Mitsubishi,Lancer,2005,Yes,$350,N/A,," Right Front Damage, Right Rear Damage, Selling Registered",N/A,5,Petrol,https://manheim.co.nz/damaged-vehicles/000000000007406889/2005-mitsubishi-lancer-2-0p-es-sedan-a-sedan?referringPage=SearchResults
Suzuki,VL250,2007,No,$50,N/A,," Left Side Damage, Right Front Damage, Right Side Damage, Structural Damage, Selling De-Registered","Automatic,",N/A,Petrol,https://manheim.co.nz/damaged-vehicles/000000000007406893/2007-suzuki-vl250-intruder-250lc-motorcycle?referringPage=SearchResults
Ford,Ranger,2013,No,N/A,"202,993",," Left Side Damage, Roof Damage, Right Side Damage, Structural Damage, Selling De-Registered",N/A,5,Diesel,https://manheim.co.nz/damaged-vehicles/000000000007416913/2013-ford-ranger-3-2td-xlt-dc-w-sa4x-dual-cab-utility?referringPage=SearchResults
Mazda,Axela,2005,No,$550,N/A,," Left Side Damage, Structural Damage, Selling De-Registered",N/A,5,Petrol,https://manheim.co.nz/damaged-vehicles/000000000007416921/2005-mazda-axela-sedan?referringPage=SearchResults
TNT MOTOR,Roma,2021,No,$25,"9,440",," Left Rear Damage, Selling De-Registered",N/A,N/A,Petrol,https://manheim.co.nz/damaged-vehicles/000000000007416939/2021-tnt-motor-roma-2t-scooter?referringPage=SearchResults
Nissan,Juke,2016,No,$650,"71,672",," Front Damage, Left Front Damage, Right Front Damage, Structural Damage, Selling De-Registered","Automatic,",5,Petrol,https://manheim.co.nz/damaged-vehicles/000000000007406941/2016-nissan-juke-juke-turbo-1-6p-4wd-hatch?referringPage=SearchResults
Honda,Accord,2006,No,$550,"140,162",," Water Damage, Selling De-Registered",N/A,5,Petrol,https://manheim.co.nz/damaged-vehicles/000000000007416953/2006-honda-accord-sedan?referringPage=SearchResults
Holden,Colorado,2013,No,"$1,500",N/A,," Front Damage, Structural Damage, Selling De-Registered","Automatic,",5,Diesel,https://manheim.co.nz/damaged-vehicles/000000000007416958/2013-holden-colorado-4x4-lx-dc-pu-2-8-mt-dual-cab-utility?referringPage=SearchResults
Honda,Civic,2005,Yes,$400,"196,797",," Glass Broken, Ignition Damage, Vandalised - Entire Vehicle, Stolen & Recovered, Selling Registered","Automatic,",5,Petrol,https://manheim.co.nz/damaged-vehicles/000000000007416968/2005-honda-civic-sedan?referringPage=SearchResults
Mazda,MAZDA2,2015,No,$500,"64,166",," Left Front Damage, Structural Damage, Selling De-Registered","Automatic,",5,Petrol,https://manheim.co.nz/damaged-vehicles/000000000007426964/2015-mazda-mazda2-gsx-1-5p-6at-ha-5dr-hatch?referringPage=SearchResults
Ford,Courier,2001,No,$650,N/A,," Engine Damage, Glass Broken, Interior Damage, Stolen & Recovered, Selling De-Registered",N/A,5,Diesel,https://manheim.co.nz/damaged-vehicles/000000000007416980/2001-ford-courier-xlx-crew-cab-utility?referringPage=SearchResults
Audi,S3,2011,No,$800,"90,392",," Front Damage, Airbags Deployed, Structural Damage, Selling De-Registered","Automatic,",5,Petrol,https://manheim.co.nz/damaged-vehicles/000000000007427001/2011-audi-s3-2-0t-fsi-4wd-hatch?referringPage=SearchResults
Honda,Odyssey,2005,No,$550,"233,241",," Left Side Damage, Airbags Deployed, Structural Damage, Selling De-Registered","Automatic,",7,Petrol,https://manheim.co.nz/damaged-vehicles/000000000007427009/2005-honda-odyssey-vti-7st-2-4-5dr-4a-station-wagon?referringPage=SearchResults
Mazda,Verisa,2006,No,$550,"103,630",," Right Rear Damage, Right Side Damage, Structural Damage, Selling De-Registered","Automatic,",5,Petrol,https://manheim.co.nz/damaged-vehicles/000000000007407015/2006-mazda-verisa-hatch?referringPage=SearchResults
Toyota,Landcruiser,2002,No,N/A,N/A,," Structural Damage, Stolen & Recovered, Selling De-Registered","5spd Manual,",3,Diesel,https://manheim.co.nz/damaged-vehicles/000000000007377033/2002-toyota-landcruiser-4-2d-4wd-c-c-wgn3-5-dual-cab-chassis?referringPage=SearchResults
Ford,Focus,2008,No,$550,N/A,," Left Front Damage, Right Front Damage, Right Rear Damage, Dismantled - Interior, Selling De-Registered","Automatic,",5,Petrol,https://manheim.co.nz/damaged-vehicles/000000000007407054/2008-ford-focus-2-0-auto-hatch?referringPage=SearchResults
Nissan,Bluebird,2000,Yes,$800,N/A,," Left Side Damage, Right Rear Damage, Selling Registered","4spd Automatic,",5,Petrol,https://manheim.co.nz/damaged-vehicles/000000000007417066/2000-nissan-bluebird-sylphy-sedan?referringPage=SearchResults
Toyota,Starlet,1998,No,$500,"139,016",," Right Front Damage, Structural Damage, Selling De-Registered","Automatic,",5,Petrol,https://manheim.co.nz/damaged-vehicles/000000000007427060/1998-toyota-starlet-hatch?referringPage=SearchResults
Ford,Falcon,2003,No,$0,"156,048",," Left Front Damage, Left Side Damage, Roof Damage, Right Rear Damage, Right Side Damage, Dismantled - Entire Vehicle, Dismantled - Engine, Selling De-Registered","Automatic,",5,Petrol,https://manheim.co.nz/damaged-vehicles/000000000007407071/2003-ford-falcon-ba-falcon-xr6t-4fa-sedan?referringPage=SearchResults
Ford,Mondeo,2011,No,$650,"142,869",," Left Front Damage, Left Rear Damage, Right Front Damage, Right Rear Damage, Airbags Deployed, Dismantled - Interior, Selling De-Registered","Automatic,",5,Petrol,https://manheim.co.nz/damaged-vehicles/000000000007407078/2011-ford-mondeo-wag-2-3-auto-station-wagon?referringPage=SearchResults
Holden,Captiva,2011,No,$700,N/A,," Left Front Damage, Left Rear Damage, Roof Damage, Right Front Damage, Right Rear Damage, Airbags Deployed, Selling De-Registered","Automatic,",7,Petrol,https://manheim.co.nz/damaged-vehicles/000000000007407107/2011-holden-captiva-7-cx-awd-3-0-at-station-wagon?referringPage=SearchResults
Mahindra,XUV,2017,No,"$1,500","120,572",," Left Front Damage, Right Rear Damage, Structural Damage, Selling De-Registered","Automatic,",7,Diesel,https://manheim.co.nz/damaged-vehicles/000000000007387109/2017-mahindra-xuv-w8-2-2d-6at-sw-5dr-station-wagon?referringPage=SearchResults
Suzuki,AN650,2011,No,$90,"35,263",," Structural Damage, Selling De-Registered","Automatic,",N/A,Petrol,https://manheim.co.nz/damaged-vehicles/000000000007387114/2011-suzuki-an650-al1-burgman-650-scooter?referringPage=SearchResults
Nissan,March,2010,No,$600,N/A,," Rear Damage, Structural Damage, Selling De-Registered","Automatic,",5,Petrol,https://manheim.co.nz/damaged-vehicles/000000000007427113/2010-nissan-march-hatch?referringPage=SearchResults
Nissan,Tiida,2011,No,$550,N/A,," Left Rear Damage, Rear Damage, Structural Damage, Selling De-Registered","Automatic,",5,Petrol,https://manheim.co.nz/damaged-vehicles/000000000007427118/2011-nissan-tiida-sedan?referringPage=SearchResults
TNT MOTOR,Roma,2022,No,$5,"9,555",," Front Damage, Structural Damage, Selling De-Registered","Automatic,",N/A,Petrol,https://manheim.co.nz/damaged-vehicles/000000000007417121/2022-tnt-motor-roma-2t-scooter?referringPage=SearchResults
Toyota,Corolla,2018,No,"$1,500",N/A,," Roof Damage, Right Front Damage, Structural Damage, Selling De-Registered","Automatic,",5,Petrol,https://manheim.co.nz/damaged-vehicles/000000000007427152/2018-toyota-corolla-gx-1-8p-cvt-hatch?referringPage=SearchResults
Audi,A3,2006,No,$550,N/A,," Rear Damage, Structural Damage, Selling De-Registered","Automatic,",5,Petrol,https://manheim.co.nz/damaged-vehicles/000000000007427165/2006-audi-a3-2-0-hatch?referringPage=SearchResults
Toyota,Aqua,2016,No,"$1,500","66,560",," Front Damage, Right Front Damage, Right Rear Damage, Right Side Damage, Structural Damage, Selling De-Registered","CVT,",5,Hybrid,https://manheim.co.nz/damaged-vehicles/000000000007427169/2016-toyota-aqua-hybrid-hatch?referringPage=SearchResults
Suzuki,SV650,2023,No,$800,1,," Rear Damage, Structural Damage, Selling De-Registered","Automatic,",N/A,Petrol,https://manheim.co.nz/damaged-vehicles/000000000007417184/2023-suzuki-sv650-am3-abs-motorcycle?referringPage=SearchResults
Holden,Barina,2012,No,$650,"95,199",," Left Front Damage, Left Rear Damage, Right Front Damage, Right Rear Damage, Dismantled - Interior, Selling De-Registered","6spd Automatic,",5,Petrol,https://manheim.co.nz/damaged-vehicles/000000000007407201/2012-holden-barina-1-6-hatch-at-hatch?referringPage=SearchResults
Ford,Capri,1990,No,$0,"179,195",," Left Front Damage, Left Rear Damage, Right Front Damage, Dismantled - Interior, Selling De-Registered","5spd Manual,",5,Petrol,https://manheim.co.nz/damaged-vehicles/000000000007407234/1990-ford-capri-hatch?referringPage=SearchResults
Ford,Falcon,2009,No,$0,N/A,," Left Front Damage, Left Rear Damage, Dismantled - Interior, Selling De-Registered","Automatic,",5,Petrol,https://manheim.co.nz/damaged-vehicles/000000000007407259/2009-ford-falcon-fg-xt-sedan-fa-sedan?referringPage=SearchResults
Holden,Cruze,2014,No,$900,N/A,," Right Rear Damage, Dismantled - Interior, Selling De-Registered","Automatic,",5,Petrol,https://manheim.co.nz/damaged-vehicles/000000000007407275/2014-holden-cruze-sri-z-1-6p-6at-sl-4-sedan?referringPage=SearchResults
Holden,Commodore,2018,No,"$2,000",N/A,," Left Front Damage, Right Front Damage, Airbags Deployed, Selling De-Registered","Automatic,",5,Petrol,https://manheim.co.nz/damaged-vehicles/000000000007407282/2018-holden-commodore-rs-2-0pt-9at-sedan?referringPage=SearchResults
Ford,Mondeo,2009,No,$700,N/A,," Left Front Damage, Left Rear Damage, Selling De-Registered","Automatic,",5,Petrol,https://manheim.co.nz/damaged-vehicles/000000000007407302/2009-ford-mondeo-2-3-sedan-aut-sedan?referringPage=SearchResults
Volkswagen,Beetle,2008,Yes,$550,N/A,," Roof Damage, Vandalised - Interior, Selling Registered","4spd Automatic,",4,Petrol,https://manheim.co.nz/damaged-vehicles/000000000007417318/2008-volkswagen-beetle-hatch?referringPage=SearchResults
Toyota,Avensis,2005,Yes,"$1,000",N/A,," Right Side Damage, Selling Registered","4spd Automatic,",5,Petrol,https://manheim.co.nz/damaged-vehicles/000000000007417320/2005-toyota-avensis-sedan?referringPage=SearchResults
Ford,Escape,2001,No,$700,N/A,," Left Rear Damage, Selling De-Registered","Automatic,",5,Petrol,https://manheim.co.nz/damaged-vehicles/000000000007407327/2001-ford-escape-station-wagon?referringPage=SearchResults
Ford,Territory,2013,No,$0,N/A,," Left Front Damage, Left Rear Damage, Right Front Damage, Right Rear Damage, Dismantled - Interior, Selling De-Registered","Automatic,",7,Petrol,https://manheim.co.nz/damaged-vehicles/000000000007407336/2013-ford-territory-titanium-rwd-petrol-station-wagon?referringPage=SearchResults
Nissan,Primera,2002,No,$400,N/A,," Glass Broken, Ignition Damage, Left Rear Damage, Vandalised - Interior, Structural Damage, Selling De-Registered","4spd Automatic,",5,Petrol,https://manheim.co.nz/damaged-vehicles/000000000007427330/2002-nissan-primera-sedan?referringPage=SearchResults
Mazda,Demio,2009,No,$400,"114,346",," Rear Damage, Right Rear Damage, Structural Damage, Selling De-Registered","Automatic,",5,Petrol,https://manheim.co.nz/damaged-vehicles/000000000007427353/2009-mazda-demio-hatch?referringPage=SearchResults
Mitsubishi,Colt,2004,No,$500,"158,304",," Left Rear Damage, Rear Damage, Structural Damage, Selling De-Registered","Automatic,",5,Petrol,https://manheim.co.nz/damaged-vehicles/000000000007427355/2004-mitsubishi-colt-plus-hatch?referringPage=SearchResults
Mazda,Familia,2002,No,$150,"118,016",," Left Side Damage, Structural Damage, Selling De-Registered","Automatic,",5,Petrol,https://manheim.co.nz/damaged-vehicles/000000000007427361/2002-mazda-familia-sedan?referringPage=SearchResults
Holden,Cruze,2011,No,$800,"110,815",," Left Front Damage, Left Rear Damage, Right Front Damage, Selling De-Registered","Automatic,",5,Petrol,https://manheim.co.nz/damaged-vehicles/000000000007407360/2011-holden-cruze-cd-1-8-at-sedan?referringPage=SearchResults
Volkswagen,Golf,2005,No,$800,N/A,," Airbags Deployed, Left Front Damage, Airbags Deployed, Selling De-Registered","6spd Automatic,",5,Diesel,https://manheim.co.nz/damaged-vehicles/000000000007417365/2005-volkswagen-golf-2-0-tdi-dsg-hatch?referringPage=SearchResults
Mazda,323,2000,No,$550,N/A,," Right Front Damage, Selling De-Registered","4spd Automatic,",5,Petrol,https://manheim.co.nz/damaged-vehicles/000000000007417367/2000-mazda-323-astina-glxi-1-6-aut-hatch?referringPage=SearchResults
Lexus,LX570,2011,No,N/A,N/A,," Front Damage, Rolled, Airbags Deployed, Structural Damage, Selling De-Registered","4spd Automatic,",5,Petrol,https://manheim.co.nz/damaged-vehicles/000000000007427372/2011-lexus-lx570-5-7p-wagon-6a-station-wagon?referringPage=SearchResults
Mazda,Axela,2004,No,$350,N/A,," Front Damage, Left Side Damage, Right Side Damage, Underbody Damage, Structural Damage, Selling De-Registered","4spd Automatic,",5,Petrol,https://manheim.co.nz/damaged-vehicles/000000000007427377/2004-mazda-axela-sedan?referringPage=SearchResults
KTM,390,2017,No,$700,"30,958",," Right Side Damage, Structural Damage, Selling De-Registered","Manual,",N/A,Petrol,https://manheim.co.nz/damaged-vehicles/000000000007417381/2017-ktm-390-duke-399p-motorcycle?referringPage=SearchResults
Ford,Explorer,2003,No,$800,N/A,," Left Front Damage, Right Front Damage, Right Rear Damage, Selling De-Registered","Automatic,",7,Petrol,https://manheim.co.nz/damaged-vehicles/000000000007407390/2003-ford-explorer-ltd-4-6l-au-station-wagon?referringPage=SearchResults
Mazda,Demio,2004,No,$400,"151,381",," Front Damage, Left Front Damage, Right Front Damage, Right Rear Damage, Structural Damage, Selling De-Registered","Automatic,",5,Petrol,https://manheim.co.nz/damaged-vehicles/000000000007427394/2004-mazda-demio-hatch?referringPage=SearchResults
Toyota,Aqua,2012,No,$550,N/A,," Front Damage, Structural Damage, Selling De-Registered","Automatic,",5,Hybrid,https://manheim.co.nz/damaged-vehicles/000000000007427396/2012-toyota-aqua-hatch?referringPage=SearchResults
Toyota,Corolla,2012,No,$550,"162,132",," Front Damage, Structural Damage, Selling De-Registered",N/A,5,Petrol,https://manheim.co.nz/damaged-vehicles/000000000007427439/2012-toyota-corolla-1-8p-gx-hatch-5-4a-hatch?referringPage=SearchResults
Suzuki,Swift,2008,No,$50,"186,689",," Left Front Damage, Structural Damage, Selling De-Registered","5spd,",5,Petrol,https://manheim.co.nz/damaged-vehicles/000000000007427444/2008-suzuki-swift-glxa-1-5-5dr-hatch?referringPage=SearchResults
Mitsubishi,Triton,2010,No,"$1,550","239,728",," Front Damage, Structural Damage, Selling De-Registered","Automatic,",5,Diesel,https://manheim.co.nz/damaged-vehicles/000000000007427475/2010-mitsubishi-triton-4wd-2-5d-d-cab-gls-dual-cab-utility?referringPage=SearchResults
Mazda,Atenza,2007,No,$400,"275,284",," Right Rear Damage, Structural Damage, Selling De-Registered",N/A,5,Petrol,https://manheim.co.nz/damaged-vehicles/000000000007427482/2007-mazda-atenza-sedan?referringPage=SearchResults
Holden,Commodore,2018,No,"$1,500","194,469",," Left Side Damage, Selling De-Registered","Automatic,",5,Petrol,https://manheim.co.nz/damaged-vehicles/000000000007407507/2018-holden-commodore-lt-2-0pt-9at-sedan?referringPage=SearchResults
Ford,Focus,2007,Yes,$0,N/A,," Right Side Damage, Selling Registered","5spd Manual,",5,Diesel,https://manheim.co.nz/damaged-vehicles/000000000007407510/2007-ford-focus-1-8td-wagon-station-wagon?referringPage=SearchResults
Toyota,Hiace,2017,No,N/A,"114,996",," Front Damage, Left Front Damage, Left Side Damage, Structural Damage, Selling De-Registered","Automatic,",12,Petrol,https://manheim.co.nz/damaged-vehicles/000000000007417540/2017-toyota-hiace-mini-bus?referringPage=SearchResults
Toyota,Vanguard,2012,No,"$1,600",N/A,," Right Front Damage, Structural Damage, Suspension Damage, Selling De-Registered","Automatic,",7,Petrol,https://manheim.co.nz/damaged-vehicles/000000000007417542/2012-toyota-vanguard-station-wagon?referringPage=SearchResults
Mazda,Demio,2008,No,$400,"219,662",," Front Damage, Ignition Damage, Rear Damage, Vandalised - Interior, Structural Damage, Stolen & Recovered, Selling De-Registered","Automatic,",5,Petrol,https://manheim.co.nz/damaged-vehicles/000000000007417546/2008-mazda-demio-hatch?referringPage=SearchResults
LDV,G10,2021,No,"$1,600",N/A,," Airbags Deployed, Front Damage, Left Front Damage, Left Rear Damage, Right Rear Damage, Airbags Deployed, Structural Damage, Selling De-Registered","Automatic,",2,Diesel,https://manheim.co.nz/damaged-vehicles/000000000007407681/2021-ldv-g10-cargo-diesel-auto-2-van?referringPage=SearchResults
Mitsubishi,Galant,2010,No,$350,"56,449",," Front Damage, Structural Damage, Selling De-Registered","Automatic,",5,Petrol,https://manheim.co.nz/damaged-vehicles/000000000007427694/2010-mitsubishi-galant-fortis-sedan?referringPage=SearchResults
LDV,V80,2022,No,N/A,"188,791",," Left Side Damage, Structural Damage, Selling De-Registered","Automatic,",3,Diesel,https://manheim.co.nz/damaged-vehicles/000000000007407721/2022-ldv-v80-bigger-amt-2-5d-6am-van?referringPage=SearchResults
Mazda,Atenza,2005,Yes,$350,N/A,," Front Damage, Glass Broken, Ignition Damage, Malicious/Vandalised, Rear Damage, Right Rear Damage, Selling Registered","Automatic,",5,Petrol,https://manheim.co.nz/damaged-vehicles/000000000007427967/2005-mazda-atenza-station-wagon?referringPage=SearchResults
Toyota,Yaris,2008,Yes,"$1,550","129,667",," Front Damage, Rear Damage, Selling Registered","Automatic,",5,Petrol,https://manheim.co.nz/damaged-vehicles/000000000007418248/2008-toyota-yaris-1-3p-hatch3-4a-hatch?referringPage=SearchResults
Nissan,March,2005,No,$150,"163,971",," Left Side Damage, Rear Damage, Structural Damage, Selling De-Registered","Automatic,",5,Petrol,https://manheim.co.nz/damaged-vehicles/000000000007418250/2005-nissan-march-hatch?referringPage=SearchResults
Mitsubishi,Triton,2021,No,N/A,"166,358",," Right Front Damage, Structural Damage, Selling De-Registered",N/A,5,Diesel,https://manheim.co.nz/damaged-vehicles/000000000007418266/2021-mitsubishi-triton-dc-glxr-6at-2-4d-4w-dual-cab-utility?referringPage=SearchResults
Toyota,Aqua,2019,No,"$1,600",N/A,," Chassis Damage, Front Damage, Left Front Damage, Structural Damage, Selling De-Registered","CVT,",5,Hybrid,https://manheim.co.nz/damaged-vehicles/000000000007418271/2019-toyota-aqua-hatch?referringPage=SearchResults
Honda,Vezel,2014,No,"$1,500","84,180",," Chassis Damage, Rear Damage, Structural Damage, Selling De-Registered","Automatic,",5,Hybrid,https://manheim.co.nz/damaged-vehicles/000000000007418273/2014-honda-vezel-station-wagon?referringPage=SearchResults
Toyota,Camry,2009,No,$800,"359,175",," Left Rear Damage, Rear Damage, Right Rear Damage, Structural Damage, Selling De-Registered","Automatic,",5,Petrol,https://manheim.co.nz/damaged-vehicles/000000000007418276/2009-toyota-camry-2-4p-gl-sedan-5a-sedan?referringPage=SearchResults
Toyota,Caldina,2005,No,$550,"198,684",," Left Rear Damage, Rear Damage, Structural Damage, Selling De-Registered","Automatic,",5,Petrol,https://manheim.co.nz/damaged-vehicles/000000000007418277/2005-toyota-caldina-station-wagon?referringPage=SearchResults
Suzuki,GSX250,2019,No,$600,N/A,," Ignition Damage, Structural Damage, Stolen & Recovered, Selling De-Registered","Automatic,",N/A,Petrol,https://manheim.co.nz/damaged-vehicles/000000000007418278/2019-suzuki-gsx250-rza-motorcycle?referringPage=SearchResults
Isuzu,Wizard,1997,Yes,$550,"332,400",," Front Damage, Left Front Damage, Selling Registered","4spd Automatic,",5,Diesel,https://manheim.co.nz/damaged-vehicles/000000000007418281/1997-isuzu-wizard-station-wagon?referringPage=SearchResults
Toyota,Prius,2010,No,$150,N/A,," Front Damage, Airbags Deployed, Structural Damage, Selling De-Registered","Automatic,",5,Hybrid,https://manheim.co.nz/damaged-vehicles/000000000007418283/2010-toyota-prius-hatch?referringPage=SearchResults
Mercedes-Benz,B200,2009,Yes,$400,"102,411",," Left Front Damage, Selling Registered","Automatic,",5,Petrol,https://manheim.co.nz/damaged-vehicles/000000000007418284/2009-mercedes-benz-b200-hatch?referringPage=SearchResults
Kia,Sportage,2016,No,"$1,500","60,620",," Rear Damage, Structural Damage, Selling De-Registered","Automatic,",5,Petrol,https://manheim.co.nz/damaged-vehicles/000000000007418285/2016-kia-sportage-urban-lx-2-0p-6at-s-station-wagon?referringPage=SearchResults
Honda,Accord,2004,No,$400,"264,394",," Left Rear Damage, Left Side Damage, Structural Damage, Selling De-Registered","Automatic,",5,Petrol,https://manheim.co.nz/damaged-vehicles/000000000007418286/2004-honda-accord-eurol-2-4-4d-sed-5a-sedan?referringPage=SearchResults
Ford,Transit,2007,No,$650,"392,691",," Left Side Damage, Structural Damage, Selling De-Registered","Automatic,",3,Diesel,https://manheim.co.nz/damaged-vehicles/000000000007418289/2007-ford-transit-350-jumbo-sd-high-roof-van?referringPage=SearchResults
Nissan,Leaf,2016,No,$650,N/A,," Left Front Damage, Right Side Damage, Structural Damage, Selling De-Registered","Automatic, Fuel Type, Electri",5,Electric,https://manheim.co.nz/damaged-vehicles/000000000007418290/2016-nissan-leaf-hatch?referringPage=SearchResults
Suzuki,Swift,2011,No,$500,"115,447",," Front Damage, Left Side Damage, Rear Damage, Structural Damage, Selling De-Registered","Automatic,",5,Petrol,https://manheim.co.nz/damaged-vehicles/000000000007418292/2011-suzuki-swift-hatch?referringPage=SearchResults
Nissan,Bluebird,2006,No,$500,"149,169",," Right Front Damage, Right Side Damage, Structural Damage, Selling De-Registered","Automatic,",5,Petrol,https://manheim.co.nz/damaged-vehicles/000000000007418294/2006-nissan-bluebird-sedan?referringPage=SearchResults
Subaru,Impreza,2008,No,$500,N/A,," Right Front Damage, Structural Damage, Stolen & Recovered, Selling De-Registered","Automatic,",5,Petrol,https://manheim.co.nz/damaged-vehicles/000000000007418297/2008-subaru-impreza-hatch?referringPage=SearchResults
Honda,Grace,2016,No,"$1,500",N/A,," Left Rear Damage, Structural Damage, Selling De-Registered","Automatic,",5,Petrol,https://manheim.co.nz/damaged-vehicles/000000000007418299/2016-honda-grace-sedan?referringPage=SearchResults
Toyota,Corolla,2006,No,$550,"60,443",," Front Damage, Left Side Damage, Structural Damage, Selling De-Registered","Automatic,",5,Petrol,https://manheim.co.nz/damaged-vehicles/000000000007418300/2006-toyota-corolla-1-8p-glx-sedan-4a-sedan?referringPage=SearchResults
Subaru,XV,2020,No,$650,N/A,," Front Damage, Structural Damage, Selling De-Registered","Automatic,",5,Petrol,https://manheim.co.nz/damaged-vehicles/000000000007418301/2020-subaru-xv-premium-2-0p-4wd-7a-station-wagon?referringPage=SearchResults
Mitsubishi,ASX,2025,No,N/A,"8,175",," Front Damage, Structural Damage, Selling De-Registered","Automatic,",5,Petrol,https://manheim.co.nz/damaged-vehicles/000000000007418304/2025-mitsubishi-asx-ls-2-0p-cvt-station-wagon?referringPage=SearchResults
Mazda,Premacy,2005,No,$300,"183,182",," Structural Damage, Selling De-Registered","Automatic,",7,Petrol,https://manheim.co.nz/damaged-vehicles/000000000007418305/2005-mazda-premacy-station-wagon?referringPage=SearchResults
BMW,135i,2009,No,$400,"70,940",," Front Damage, Structural Damage, Selling De-Registered","6spd Automatic,",4,Petrol,https://manheim.co.nz/damaged-vehicles/000000000007418306/2009-bmw-135i-sedan?referringPage=SearchResults
Mazda,Demio,2014,No,$350,N/A,," Ignition Damage, Left Side Damage, Right Side Damage, Structural Damage, Stolen & Recovered, Selling De-Registered","Automatic,",5,Petrol,https://manheim.co.nz/damaged-vehicles/000000000007418307/2014-mazda-demio-hatch?referringPage=SearchResults
Chrysler,300,2013,No,$550,"123,010",," Engine Damage, Interior Damage, Water Damage, Selling De-Registered","Automatic,",5,Petrol,https://manheim.co.nz/damaged-vehicles/000000000007418310/2013-chrysler-300-sedan?referringPage=SearchResults
Mazda,Atenza,2008,No,$150,N/A,," Front Damage, Glass Broken, Structural Damage, Selling De-Registered","Automatic,",5,Petrol,https://manheim.co.nz/damaged-vehicles/000000000007418311/2008-mazda-atenza-hatch?referringPage=SearchResults
Mitsubishi,Outlander,2009,No,$350,"310,814",," Front Damage, Left Side Damage, Right Side Damage, Structural Damage, Water Damage, Selling De-Registered","Automatic,",7,Petrol,https://manheim.co.nz/damaged-vehicles/000000000007418312/2009-mitsubishi-outlander-3-0p-ls-station-wagon?referringPage=SearchResults
Vespa,Sprint,2015,No,$500,"14,254",," Front Damage, Structural Damage, Selling De-Registered","Automatic,",N/A,Petrol,https://manheim.co.nz/damaged-vehicles/000000000007418315/2015-vespa-sprint-125-scooter?referringPage=SearchResults
Suzuki,Swift,2005,No,$400,"153,665",," Rear Damage, Structural Damage, Selling De-Registered","Automatic,",5,Petrol,https://manheim.co.nz/damaged-vehicles/000000000007418316/2005-suzuki-swift-glxha-1-5-5dr-hatch?referringPage=SearchResults
Audi,Q5,2012,No,"$1,200","218,731",," Front Damage, Structural Damage, Selling De-Registered","Automatic,",5,Petrol,https://manheim.co.nz/damaged-vehicles/000000000007418320/2012-audi-q5-station-wagon?referringPage=SearchResults
TRAILER,Rosser,2016,No,$0,N/A,0," Structural Damage, Selling De-Registered",N/A,N/A,N/A,https://manheim.co.nz/damaged-vehicles/000000000007428339/2016-trailer-rosser-a-tipping-trailer?referringPage=SearchResults
Toyota,Hilux,1997,No,$800,N/A,," Rolled, Structural Damage, Water Damage, Selling De-Registered","Automatic,",5,Diesel,https://manheim.co.nz/damaged-vehicles/000000000007418347/1997-toyota-hilux-station-wagon?referringPage=SearchResults
Holden,Captiva,2007,No,$700,N/A,," Right Rear Damage, Underbody Damage, Selling De-Registered","Automatic,",7,Petrol,https://manheim.co.nz/damaged-vehicles/000000000007418354/2007-holden-captiva-cx-3-2l-v6-auto-station-wagon?referringPage=SearchResults
Ford,Falcon,2005,No,"$1,100","117,629",," Left Front Damage, Left Rear Damage, Right Front Damage, Selling De-Registered","Automatic,",5,Petrol,https://manheim.co.nz/damaged-vehicles/000000000007418360/2005-ford-falcon-ba-futura-w-fa-station-wagon?referringPage=SearchResults
Holden,Barina,2006,No,$600,"35,969",," Left Front Damage, Roof Damage, Right Front Damage, Right Rear Damage, Right Side Damage, Airbags Deployed, Selling De-Registered","Automatic,",5,Petrol,https://manheim.co.nz/damaged-vehicles/000000000007418366/2006-holden-barina-5dr-hatch-auto-hatch?referringPage=SearchResults
Ford,Falcon,2004,No,"$1,000","164,194",," Right Front Damage, Right Side Damage, Dismantled - Entire Vehicle, Selling De-Registered","Automatic,",5,Petrol,https://manheim.co.nz/damaged-vehicles/000000000007418369/2004-ford-falcon-ba-falcon-xr6-a-sedan?referringPage=SearchResults
Holden,VX Commodore,2001,No,$800,N/A,," Left Rear Damage, Right Front Damage, Selling De-Registered","Automatic,",5,Petrol,https://manheim.co.nz/damaged-vehicles/000000000007418374/2001-holden-vx-commodore-3-8-s-c-calais-sed-sedan?referringPage=SearchResults
Nissan,Caravan,2013,No,N/A,"309,778",," Front Damage, Left Rear Damage, Rear Damage, Structural Damage, Selling De-Registered","Automatic,",3,Petrol,https://manheim.co.nz/damaged-vehicles/000000000007408384/2013-nissan-caravan-nv350-van?referringPage=SearchResults
Ford,Mondeo,2005,No,$0,"100,950",," Left Front Damage, Right Front Damage, Airbags Deployed, Selling De-Registered","Automatic,",5,Petrol,https://manheim.co.nz/damaged-vehicles/000000000007418407/2005-ford-mondeo-2-0-sedan-aut-sedan?referringPage=SearchResults
Audi,A4,2011,No,$800,N/A,," Interior Damage, Water Damage, Selling De-Registered","Automatic,",5,Petrol,https://manheim.co.nz/damaged-vehicles/000000000007418414/2011-audi-a4-1-8tfsi-sedan?referringPage=SearchResults
BMW,116i,2010,No,$550,"89,157",," Left Side Damage, Structural Damage, Selling De-Registered","Automatic,",5,Petrol,https://manheim.co.nz/damaged-vehicles/000000000007418417/2010-bmw-116i-hatch?referringPage=SearchResults
Ford,Mondeo,2016,No,"$1,200","102,770",," Left Front Damage, Right Front Damage, Airbags Deployed, Selling De-Registered","Automatic,",5,Diesel,https://manheim.co.nz/damaged-vehicles/000000000007418418/2016-ford-mondeo-ambiente-wgn-diesel-station-wagon?referringPage=SearchResults
Holden,Commodore,2004,No,$650,N/A,," Left Front Damage, Right Front Damage, Selling De-Registered","Automatic,",5,Petrol,https://manheim.co.nz/damaged-vehicles/000000000007418427/2004-holden-commodore-exec-sedan-3-6-auto-sedan?referringPage=SearchResults
Mitsubishi,Mirage,2015,No,$500,N/A,," Front Damage, Left Side Damage, Rear Damage, Right Side Damage, Structural Damage, Selling De-Registered",N/A,5,Petrol,https://manheim.co.nz/damaged-vehicles/000000000007418432/2015-mitsubishi-mirage-xls-1-2p-cvt-ha-5dr-hatch?referringPage=SearchResults
Audi,A4,2010,No,$500,"107,073",," Right Side Damage, Structural Damage, Selling De-Registered",N/A,5,Petrol,https://manheim.co.nz/damaged-vehicles/000000000007418435/2010-audi-a4-sedan?referringPage=SearchResults
Toyota,Prius,2010,No,$500,N/A,," Front Damage, Airbags Deployed, Structural Damage, Selling De-Registered","Automatic,",5,Hybrid,https://manheim.co.nz/damaged-vehicles/000000000007418441/2010-toyota-prius-hybrid-hatch?referringPage=SearchResults
Toyota,Hilux,2002,No,"$1,600","323,222",," Left Side Damage, Right Side Damage, Structural Damage, Selling De-Registered","Automatic,",5,Diesel,https://manheim.co.nz/damaged-vehicles/000000000007418442/2002-toyota-hilux-3-0td-4wd-sr5-d-c-5-dual-cab-utility?referringPage=SearchResults
Nissan,Tiida,2005,No,$500,N/A,," Rear Damage, Structural Damage, Selling De-Registered","Automatic,",5,Petrol,https://manheim.co.nz/damaged-vehicles/000000000007418456/2005-nissan-tiida-hatch?referringPage=SearchResults
CARAVAN,Caravell,1970,No,$800,1,0," Roof Damage, Structural Damage, Selling De-Registered",N/A,N/A,N/A,https://manheim.co.nz/damaged-vehicles/000000000007318474/1970-caravan-caravell-caravan?referringPage=SearchResults
Mazda,Demio,2010,No,$800,"163,697",," Glass Broken, Interior Damage, Ignition Damage, Left Side Damage, Stolen & Recovered, Selling De-Registered",N/A,5,Petrol,https://manheim.co.nz/damaged-vehicles/000000000007408507/2010-mazda-demio-hatch?referringPage=SearchResults
Ford,Laser,2002,No,$500,N/A,," Right Front Damage, Right Side Damage, Structural Damage, Selling De-Registered",N/A,5,Petrol,https://manheim.co.nz/damaged-vehicles/000000000007418506/2002-ford-laser-1-6-lxi-5dr-man-hatch?referringPage=SearchResults
Mazda,Axela,2010,No,$550,N/A,," Front Damage, Right Side Damage, Airbags Deployed, Structural Damage, Selling De-Registered","Automatic,",5,Petrol,https://manheim.co.nz/damaged-vehicles/000000000007418522/2010-mazda-axela-hatch?referringPage=SearchResults
Ford,Mondeo,2010,No,$0,"172,703",," Left Rear Damage, Right Front Damage, Right Rear Damage, Selling De-Registered","Automatic,",5,Diesel,https://manheim.co.nz/damaged-vehicles/000000000007418535/2010-ford-mondeo-2-0td-sedan-a-sedan?referringPage=SearchResults
Subaru,Impreza,2012,No,$350,"138,677",," Front Damage, Left Front Damage, Rear Damage, Structural Damage, Selling De-Registered","Automatic,",5,Petrol,https://manheim.co.nz/damaged-vehicles/000000000007418558/2012-subaru-impreza-hatch?referringPage=SearchResults
Toyota,Aqua,2013,No,$650,"132,317",," Left Front Damage, Left Side Damage, Right Front Damage, Airbags Deployed, Structural Damage, Selling De-Registered","Automatic,",5,Hybrid,https://manheim.co.nz/damaged-vehicles/000000000007408560/2013-toyota-aqua-hatch?referringPage=SearchResults
Toyota,Aqua,2016,No,$1,1,," Fire - Entire Vehicle, Structural Damage, Selling De-Registered","Automatic,",5,Hybrid,https://manheim.co.nz/damaged-vehicles/000000000007378580/2016-toyota-aqua-hatch?referringPage=SearchResults
Ford,Falcon,1997,No,$0,N/A,," Left Rear Damage, Left Side Damage, Right Rear Damage, Right Side Damage, Selling De-Registered","Automatic,",6,Petrol,https://manheim.co.nz/damaged-vehicles/000000000007418580/1997-ford-falcon-el-gli-ca-sedan?referringPage=SearchResults
Holden,Captiva,2015,No,$700,"80,001",," Vandalised - Entire Vehicle, Water Damage, Selling De-Registered","Automatic,",7,Petrol,https://manheim.co.nz/damaged-vehicles/000000000007418592/2015-holden-captiva-7-ls-equipe-2-4p-6a-station-wagon?referringPage=SearchResults
Holden,VX Commodore,2003,Yes,$0,N/A,," Left Front Damage, Left Side Damage, Right Front Damage, Selling Registered","Automatic,",5,Petrol,https://manheim.co.nz/damaged-vehicles/000000000007418598/2003-holden-vx-commodore-lumina-sedan-v6-aut-sedan?referringPage=SearchResults
Ford,Kuga,2011,No,$0,N/A,," Left Rear Damage, Selling De-Registered","Automatic,",5,Petrol,https://manheim.co.nz/damaged-vehicles/000000000007388612/2011-ford-kuga-2-5t-hatch?referringPage=SearchResults
Nissan,Bluebird,2006,Yes,$450,"165,150",," Left Side Damage, Right Side Damage, Vandalised - Interior, Stolen & Recovered, Selling Registered",N/A,5,Petrol,https://manheim.co.nz/damaged-vehicles/000000000007348625/2006-nissan-bluebird-sylphy-sedan?referringPage=SearchResults
BMW,Mini,2016,No,"$1,200","88,091",," Front Damage, Right Front Damage, Right Side Damage, Structural Damage, Selling De-Registered",N/A,5,Petrol,https://manheim.co.nz/damaged-vehicles/000000000007418629/2016-bmw-mini-cooper-hatch?referringPage=SearchResults
Ford,Mondeo,2016,No,"$1,100","99,543",," Left Front Damage, Right Front Damage, Selling De-Registered","Automatic,",5,Diesel,https://manheim.co.nz/damaged-vehicles/000000000007388636/2016-ford-mondeo-trend-5dr-diesel-2--hatch?referringPage=SearchResults
Nissan,March,2008,No,$1,N/A,," Fire Damage, Structural Damage, Stolen & Recovered, Selling De-Registered",N/A,5,Petrol,https://manheim.co.nz/damaged-vehicles/000000000007388667/2008-nissan-march-hatch?referringPage=SearchResults
Ford,Territory,2006,No,$650,"134,104",," Left Front Damage, Left Side Damage, Right Front Damage, Right Side Damage, Selling De-Registered","Automatic,",5,Petrol,https://manheim.co.nz/damaged-vehicles/000000000007418682/2006-ford-territory-sy-territory-tx-awd-station-wagon?referringPage=SearchResults
Ford,Falcon UTE,2004,No,$0,N/A,," Left Front Damage, Left Side Damage, Right Front Damage, Right Side Damage, Airbags Deployed, Selling De-Registered","Automatic,",2,Petrol,https://manheim.co.nz/damaged-vehicles/000000000007418688/2004-ford-falcon-ute-ba-xr8-pick-up-fa-coup%C3%A9?referringPage=SearchResults
MG,ZS,2022,No,N/A,N/A,," Front Damage, Airbags Deployed, Structural Damage, Selling De-Registered","Automatic,",5,Petrol,https://manheim.co.nz/damaged-vehicles/000000000007418709/2022-mg-zs-t-core-1-5p-cvt-station-wagon?referringPage=SearchResults
Triumph,Street Triple,2016,No,$900,"49,755",," Structural Damage, Selling De-Registered","Automatic,",N/A,Petrol,https://manheim.co.nz/damaged-vehicles/000000000007408717/2016-triumph-street-triple-660-abs-b1-ls7-motorcycle?referringPage=SearchResults
Yamaha,YZF,2019,No,$600,"31,006",," Front Damage, Structural Damage, Selling De-Registered",N/A,N/A,Petrol,https://manheim.co.nz/damaged-vehicles/000000000007408784/2019-yamaha-yzf-r3-aj2-motorcycle?referringPage=SearchResults
Mazda,Premacy,2012,No,$650,"180,097",," Structural Damage, Suspension Damage, Selling De-Registered","Automatic,",7,Petrol,https://manheim.co.nz/damaged-vehicles/000000000007398815/2012-mazda-premacy-station-wagon?referringPage=SearchResults
Mazda,Demio,2012,No,$400,"163,036",," Right Rear Damage, Structural Damage, Selling De-Registered","4spd Automatic,",5,Petrol,https://manheim.co.nz/damaged-vehicles/000000000007418826/2012-mazda-demio-hatch?referringPage=SearchResults
Nissan,Serena,2017,No,"$1,600","127,668",," Front Damage, Rear Damage, Structural Damage, Selling De-Registered","Automatic,",8,Hybrid,https://manheim.co.nz/damaged-vehicles/000000000007418834/2017-nissan-serena-station-wagon?referringPage=SearchResults
BMW,2 Series,2016,No,"$1,600",N/A,," Left Side Damage, Structural Damage, Selling De-Registered",N/A,5,Petrol,https://manheim.co.nz/damaged-vehicles/000000000007418838/2016-bmw-2-series-218i-1-5p-6at-ha-5d-hatch?referringPage=SearchResults
Mazda,Demio,2004,No,$500,"156,749",," Ignition Damage, Left Front Damage, Left Side Damage, Right Side Damage, Vandalised - Interior, Structural Damage, Selling De-Registered","Automatic,",5,Petrol,https://manheim.co.nz/damaged-vehicles/000000000007418839/2004-mazda-demio-hatch?referringPage=SearchResults
Toyota,Camry,2014,No,"$1,500","186,864",," Right Side Damage, Structural Damage, Selling De-Registered","4spd Automatic,",5,Hybrid,https://manheim.co.nz/damaged-vehicles/000000000007418848/2014-toyota-camry-sedan?referringPage=SearchResults
Volkswagen,Golf,2019,No,N/A,N/A,," Front Damage, Left Side Damage, Structural Damage, Selling De-Registered",N/A,5,Petrol,https://manheim.co.nz/damaged-vehicles/000000000007408849/2019-volkswagen-golf-gti-hatch?referringPage=SearchResults
Toyota,Aqua,2016,No,"$1,200",N/A,," Right Side Damage, Structural Damage, Selling De-Registered","Automatic,",5,Hybrid,https://manheim.co.nz/damaged-vehicles/000000000007398860/2016-toyota-aqua-hatch?referringPage=SearchResults
Mazda,Verisa,2007,No,$500,"134,105",," Front Damage, Left Front Damage, Structural Damage, Selling De-Registered","Automatic,",5,Petrol,https://manheim.co.nz/damaged-vehicles/000000000007418867/2007-mazda-verisa-hatch?referringPage=SearchResults
Audi,A4,2010,No,$800,N/A,," Fire Damage, Left Front Damage, Malicious/Vandalised, Roof Damage, Fire - Interior, Structural Damage, Selling De-Registered","Automatic,",5,Petrol,https://manheim.co.nz/damaged-vehicles/000000000007418887/2010-audi-a4-2-0t-quattro-sedan?referringPage=SearchResults
Mazda,Demio,2007,No,$400,N/A,," Right Side Damage, Structural Damage, Selling De-Registered",N/A,5,Petrol,https://manheim.co.nz/damaged-vehicles/000000000007418888/2007-mazda-demio-hatch?referringPage=SearchResults
Nissan,Tiida,2012,No,$700,"235,979",," Front Damage, Structural Damage, Suspension Damage, Selling De-Registered","4spd,",5,Petrol,https://manheim.co.nz/damaged-vehicles/000000000007398921/2012-nissan-tiida-latio-sedan?referringPage=SearchResults
Kia,Soul,2009,Yes,"$1,300","90,708",," Left Front Damage, Underbody Damage, Suspension Damage, Selling Registered","Automatic,",5,Diesel,https://manheim.co.nz/damaged-vehicles/000000000007358942/2009-kia-soul-hatch?referringPage=SearchResults
Mazda,Axela,2009,No,$350,N/A,," Front Damage, Right Front Damage, Structural Damage, Selling De-Registered","Automatic,",5,Petrol,https://manheim.co.nz/damaged-vehicles/000000000007358963/2009-mazda-axela-hatch?referringPage=SearchResults
Subaru,Outback,2013,No,$400,"156,912",," Structural Damage, Selling De-Registered","Automatic,",5,Petrol,https://manheim.co.nz/damaged-vehicles/000000000007419039/2013-subaru-outback-station-wagon?referringPage=SearchResults
Mazda,MAZDA3,2006,No,$250,"247,067",," Right Side Damage, Structural Damage, Selling De-Registered","Automatic,",5,Petrol,https://manheim.co.nz/damaged-vehicles/000000000007419045/2006-mazda-mazda3-hatch?referringPage=SearchResults
CARAVAN,Swift Corniche,1993,No,$600,N/A,0," Interior Damage, Structural Damage, Water Damage, Selling De-Registered",N/A,N/A,N/A,https://manheim.co.nz/damaged-vehicles/000000000007419047/1993-caravan-swift-corniche-caravan?referringPage=SearchResults
Toyota,Hilux,1997,No,"$1,300","221,550",," Left Front Damage, Right Rear Damage, Dismantled - Interior, Structural Damage, Selling De-Registered","4spd Automatic,",5,Diesel,https://manheim.co.nz/damaged-vehicles/000000000007379040/1997-toyota-hilux-surf-ssr-g-station-wagon?referringPage=SearchResults
Nissan,Tiida,2007,No,$500,N/A,," Engine Damage, Ignition Damage, Rear Damage, Vandalised - Interior, Structural Damage, Stolen & Recovered, Selling De-Registered","Automatic,",5,Petrol,https://manheim.co.nz/damaged-vehicles/000000000007419051/2007-nissan-tiida-hatch?referringPage=SearchResults
BMW,X1,2011,No,$800,N/A,," Front Damage, Right Side Damage, Structural Damage, Selling De-Registered",N/A,5,Petrol,https://manheim.co.nz/damaged-vehicles/000000000007419056/2011-bmw-x1-hatch?referringPage=SearchResults
Mitsubishi,Galant,2007,Yes,$350,"260,192",," Rear Damage, Selling Registered",N/A,5,Petrol,https://manheim.co.nz/damaged-vehicles/000000000007419068/2007-mitsubishi-galant-fortis-sedan?referringPage=SearchResults
Suzuki,Splash,2012,No,$550,"122,906",," Front Damage, Left Rear Damage, Right Front Damage, Structural Damage, Selling De-Registered","Automatic,",5,Petrol,https://manheim.co.nz/damaged-vehicles/000000000007419072/2012-suzuki-splash-hatch?referringPage=SearchResults
Audi,A4,2008,No,$550,N/A,," Front Damage, Structural Damage, Selling De-Registered","Automatic,",5,Petrol,https://manheim.co.nz/damaged-vehicles/000000000007419078/2008-audi-a4-2-0-station-wagon?referringPage=SearchResults
Mazda,MPV,2011,No,$0,"207,064",, Selling De-Registered,"Automatic,",8,Petrol,https://manheim.co.nz/damaged-vehicles/000000000007419082/2011-mazda-mpv-station-wagon?referringPage=SearchResults
Renault,Koleos,2015,No,$550,"148,617",," Front Damage, Structural Damage, Selling De-Registered",N/A,5,Petrol,https://manheim.co.nz/damaged-vehicles/000000000007419091/2015-renault-koleos-2-0-4x2-cvt-2-5p-cv-station-wagon?referringPage=SearchResults
Honda,TRX420FM1,2014,No,$650,N/A,," Front Damage, Structural Damage, Selling De-Registered, Non Reg Item",N/A,N/A,N/A,https://manheim.co.nz/damaged-vehicles/000000000007409090/2014-honda-trx420fm1-quad-bike?referringPage=SearchResults
Suzuki,GSX250FRLL9,2022,No,$500,1,," Structural Damage, Selling De-Registered","Automatic,",N/A,Petrol,https://manheim.co.nz/damaged-vehicles/000000000007409097/2022-suzuki-gsx250frll9-motorcycle?referringPage=SearchResults
Nissan,Note,2017,No,"$1,600",N/A,," Front Damage, Right Front Damage, Structural Damage, Selling De-Registered",N/A,4,Hybrid,https://manheim.co.nz/damaged-vehicles/000000000007409121/2017-nissan-note-e-power-hatch?referringPage=SearchResults
Toyota,Aqua,2013,No,$800,"164,174",," Right Side Damage, Structural Damage, Selling De-Registered","Automatic,",5,Hybrid,https://manheim.co.nz/damaged-vehicles/000000000007419123/2013-toyota-aqua-hybrid-hatch?referringPage=SearchResults
Hyundai,Tucson,2016,Yes,$0,N/A,, Selling Registered,"Automatic,",5,Petrol,https://manheim.co.nz/damaged-vehicles/000000000007419152/2016-hyundai-tucson-gdi-elite-2-0p-6at--station-wagon?referringPage=SearchResults
ADLY,SF-50,2016,No,$1,411,," Left Front Damage, Left Side Damage, Right Front Damage, Right Side Damage, Structural Damage, Stolen & Recovered, Selling De-Registered","Automatic,",N/A,Petrol,https://manheim.co.nz/damaged-vehicles/000000000007419172/2016-adly-sf-50-scooter?referringPage=SearchResults
Mitsubishi,Outlander,2007,No,$1,N/A,," Fire Damage, Structural Damage, Stolen & Recovered, Selling De-Registered",N/A,7,Petrol,https://manheim.co.nz/damaged-vehicles/000000000007409173/2007-mitsubishi-outlander-station-wagon?referringPage=SearchResults
Mitsubishi,Lancer,2011,No,$500,"214,354",," Rear Damage, Structural Damage, Selling De-Registered","Automatic,",5,Petrol,https://manheim.co.nz/damaged-vehicles/000000000007419213/2011-mitsubishi-lancer-2-0p-sei-hatch-auto-hatch?referringPage=SearchResults
Mazda,Roadster,2006,No,$650,"194,083",," Front Damage, Rear Damage, Airbags Deployed, Structural Damage, Selling De-Registered","Automatic,",2,Petrol,https://manheim.co.nz/damaged-vehicles/000000000007419238/2006-mazda-roadster-coup%C3%A9?referringPage=SearchResults
Honda,Accord,2009,No,$400,N/A,," Front Damage, Structural Damage, Selling De-Registered","5spd Automatic,",5,Petrol,https://manheim.co.nz/damaged-vehicles/000000000007419296/2009-honda-accord-sedan?referringPage=SearchResults
Mitsubishi,Lancer,2006,Yes,"$1,200","242,662",, Selling Registered,"4spd Automatic,",5,Petrol,https://manheim.co.nz/damaged-vehicles/000000000007399359/2006-mitsubishi-lancer-2-4p-ls-sp-sedan-a-sedan?referringPage=SearchResults
BMW,R1200,2014,No,"$1,500","81,033",," Left Side Damage, Structural Damage, Selling De-Registered","Automatic,",N/A,Petrol,https://manheim.co.nz/damaged-vehicles/000000000007419373/2014-bmw-r1200-gs-motorcycle?referringPage=SearchResults
Subaru,Impreza,2012,No,$650,"97,278",," Rear Damage, Structural Damage, Selling De-Registered","Automatic,",5,Petrol,https://manheim.co.nz/damaged-vehicles/000000000007419377/2012-subaru-impreza-sports-station-wagon?referringPage=SearchResults
Ford,Kuga,2012,No,$550,N/A,," Rear Damage, Right Rear Damage, Structural Damage, Selling De-Registered","Automatic,",5,Petrol,https://manheim.co.nz/damaged-vehicles/000000000007419412/2012-ford-kuga-station-wagon?referringPage=SearchResults
Mazda,MAZDA6,2008,No,$500,"175,383",," Right Rear Damage, Structural Damage, Selling De-Registered","5spd Automatic,",5,Petrol,https://manheim.co.nz/damaged-vehicles/000000000007419413/2008-mazda-mazda6-sport-ltd-2-3-5-aut-hatch?referringPage=SearchResults
Honda,Odyssey,2013,No,"$1,200",N/A,," Left Rear Damage, Rear Damage, Right Front Damage, Right Rear Damage, Right Side Damage, Airbags Deployed, Structural Damage, Selling De-Registered","Automatic,",7,Petrol,https://manheim.co.nz/damaged-vehicles/000000000007419415/2013-honda-odyssey-station-wagon?referringPage=SearchResults
BMW,Z4,2006,No,$550,"180,452",," Left Front Damage, Right Front Damage, Structural Damage, Selling De-Registered","Automatic,",2,Petrol,https://manheim.co.nz/damaged-vehicles/000000000007419417/2006-bmw-z4-coup%C3%A9?referringPage=SearchResults
Mitsubishi,Mirage,2017,No,$550,N/A,," Rear Damage, Right Rear Damage, Structural Damage, Selling De-Registered","Automatic,",5,Petrol,https://manheim.co.nz/damaged-vehicles/000000000007419418/2017-mitsubishi-mirage-xls-1-2p-cvt-ha-5dr-hatch?referringPage=SearchResults
Mazda,Atenza,2008,Yes,"$2,500","256,398",, Selling Registered,"5spd Automatic,",5,Petrol,https://manheim.co.nz/damaged-vehicles/000000000007399427/2008-mazda-atenza-sedan?referringPage=SearchResults
Honda,fit,2011,No,$500,"128,931",," Front Damage, Left Front Damage, Right Front Damage, Airbags Deployed, Structural Damage, Selling De-Registered","Automatic,",5,Petrol,https://manheim.co.nz/damaged-vehicles/000000000007409453/2011-honda-fit-hatch?referringPage=SearchResults
Mazda,Axela,2006,No,$400,"147,740",," Front Damage, Rear Damage, Structural Damage, Selling De-Registered","4spd Automatic,",5,Petrol,https://manheim.co.nz/damaged-vehicles/000000000007419457/2006-mazda-axela-hatch?referringPage=SearchResults
Honda,fit,2005,No,$500,N/A,," Rear Damage, Right Rear Damage, Structural Damage, Selling De-Registered","Automatic,",5,Petrol,https://manheim.co.nz/damaged-vehicles/000000000007419467/2005-honda-fit-hatch?referringPage=SearchResults
Honda,CRV,2012,No,$800,N/A,," Front Damage, Airbags Deployed, Structural Damage, Selling De-Registered","Automatic,",5,Petrol,https://manheim.co.nz/damaged-vehicles/000000000007419471/2012-honda-crv-sport-station-wagon?referringPage=SearchResults
Audi,A4,2014,No,$800,N/A,," Front Damage, Left Front Damage, Left Rear Damage, Right Front Damage, Right Side Damage, Airbags Deployed, Structural Damage, Selling De-Registered","Automatic,",5,Petrol,https://manheim.co.nz/damaged-vehicles/000000000007419475/2014-audi-a4-2-0t-quattro-station-wagon?referringPage=SearchResults
Mitsubishi,Galant,2006,No,$400,N/A,," Rear Damage, Structural Damage, Selling De-Registered","Automatic,",5,Petrol,https://manheim.co.nz/damaged-vehicles/000000000007419500/2006-mitsubishi-galant-2-0p-sedan-a-sedan?referringPage=SearchResults
Toyota,Aqua,2014,No,$800,N/A,," Front Damage, Left Front Damage, Structural Damage, Selling De-Registered","CVT,",5,Hybrid,https://manheim.co.nz/damaged-vehicles/000000000007419510/2014-toyota-aqua-hybrid-hatch?referringPage=SearchResults
Nissan,Tiida,2005,Yes,$800,N/A,," Glass Broken, Interior Damage, Left Front Damage, Left Rear Damage, Right Front Damage, Right Rear Damage, Right Side Damage, Vandalised - Interior, Stolen & Recovered, Selling Registered","Automatic,",5,Petrol,https://manheim.co.nz/damaged-vehicles/000000000007419515/2005-nissan-tiida-hatch?referringPage=SearchResults
Mitsubishi,Colt,2005,No,$350,"262,788",," Structural Damage, Selling De-Registered","Automatic,",5,Petrol,https://manheim.co.nz/damaged-vehicles/000000000007419556/2005-mitsubishi-colt-station-wagon?referringPage=SearchResults
Toyota,Corolla,2012,Yes,"$1,800",N/A,," Ignition Damage, Stolen & Recovered, Selling Registered","Automatic,",5,Petrol,https://manheim.co.nz/damaged-vehicles/000000000007419565/2012-toyota-corolla-1-8p-gx-hatch-5-4a-hatch?referringPage=SearchResults
Mitsubishi,Galant,2008,No,$500,"162,697",," Rear Damage, Right Side Damage, Structural Damage, Selling De-Registered","Automatic,",5,Petrol,https://manheim.co.nz/damaged-vehicles/000000000007419572/2008-mitsubishi-galant-fortis-sedan?referringPage=SearchResults
Holden,VY2 Commodore,2004,No,$500,"300,949",," Left Front Damage, Structural Damage, Suspension Damage, Selling De-Registered",N/A,5,Petrol,https://manheim.co.nz/damaged-vehicles/000000000007389572/2004-holden-vy2-commodore-executive-v6-sedan?referringPage=SearchResults
BMW,320d,2013,No,"$1,200",N/A,," Front Damage, Structural Damage, Selling De-Registered","Automatic,",5,Diesel,https://manheim.co.nz/damaged-vehicles/000000000007409581/2013-bmw-320d-sedan?referringPage=SearchResults
Mercedes-Benz,B180,2013,No,$500,N/A,," Front Damage, Structural Damage, Selling De-Registered","Automatic,",5,Petrol,https://manheim.co.nz/damaged-vehicles/000000000007419581/2013-mercedes-benz-b180-hatch?referringPage=SearchResults
Subaru,Forester,2005,Yes,$350,N/A,," Ignition Damage, Right Front Damage, Vandalised - Interior, Stolen & Recovered, Selling Registered","Automatic,",5,Petrol,https://manheim.co.nz/damaged-vehicles/000000000007419582/2005-subaru-forester-station-wagon?referringPage=SearchResults
Toyota,Prius,2017,No,"$1,600","73,181",," Front Damage, Left Front Damage, Right Front Damage, Right Side Damage, Airbags Deployed, Structural Damage, Selling De-Registered","Automatic,",5,Hybrid,https://manheim.co.nz/damaged-vehicles/000000000007399594/2017-toyota-prius-hatch?referringPage=SearchResults
Toyota,Aqua,2019,No,"$1,700",N/A,," Left Front Damage, Structural Damage, Selling De-Registered",N/A,5,Hybrid,https://manheim.co.nz/damaged-vehicles/000000000007399603/2019-toyota-aqua-hatch?referringPage=SearchResults
Subaru,Impreza,2012,No,$500,N/A,," Front Damage, Left Side Damage, Right Side Damage, Airbags Deployed, Dismantled - Interior, Underbody Damage, Structural Damage, Selling De-Registered","Automatic,",5,Petrol,https://manheim.co.nz/damaged-vehicles/000000000007359622/2012-subaru-impreza-hatch?referringPage=SearchResults
Suzuki,Swift,2025,No,"$1,700",N/A,," Front Damage, Rear Damage, Structural Damage, Selling De-Registered",N/A,5,Hybrid,https://manheim.co.nz/damaged-vehicles/000000000007409637/2025-suzuki-swift-rs-hybrid-1-2ph-hatch?referringPage=SearchResults
Volkswagen,Golf,2014,No,$550,"168,508",," Left Rear Damage, Left Side Damage, Structural Damage, Selling De-Registered","Automatic,",5,Petrol,https://manheim.co.nz/damaged-vehicles/000000000007419631/2014-volkswagen-golf-tsi-highline-7dsg-hatch?referringPage=SearchResults
Toyota,Aqua,2018,No,$25,N/A,," Fire Damage, Fire - Entire Vehicle, Structural Damage, Stolen & Recovered, Selling De-Registered","Automatic,",5,Hybrid,https://manheim.co.nz/damaged-vehicles/000000000007419639/2018-toyota-aqua-hatch?referringPage=SearchResults
Honda,fit,2011,No,$400,"104,496",," Front Damage, Right Side Damage, Structural Damage, Selling De-Registered","Automatic,",5,Petrol,https://manheim.co.nz/damaged-vehicles/000000000007409640/2011-honda-fit-hatch?referringPage=SearchResults
Mitsubishi,Pajero,2007,No,$1,N/A,," Fire - Entire Vehicle, Structural Damage, Selling De-Registered",N/A,5,Petrol,https://manheim.co.nz/damaged-vehicles/000000000007279677/2007-mitsubishi-pajero-station-wagon?referringPage=SearchResults
Hamelex,4A,2000,Yes,"$5,000",N/A,, Selling Registered,N/A,N/A,N/A,https://manheim.co.nz/damaged-vehicles/000000000007329750/2000-hamelex-4a-f673-tipping-trailer?referringPage=SearchResults
Subaru,Sport 4WD,N/A,No,$50,"469,176",," Left Front Damage, Right Front Damage, Right Rear Damage, Dismantled - Entire Vehicle, Selling De-Registered","Manual,",2,Petrol,https://manheim.co.nz/damaged-vehicles/000000000007409834/subaru-sport-4wd-dl-utility?referringPage=SearchResults
Honda,Odyssey,2013,No,"$1,500",N/A,," Front Damage, Rear Damage, Right Side Damage, Structural Damage, Suspension Damage, Selling De-Registered","5spd Automatic,",7,Petrol,https://manheim.co.nz/damaged-vehicles/000000000007409868/2013-honda-odyssey-absolute-station-wagon?referringPage=SearchResults
Suzuki,GSX150,2019,No,$300,N/A,," Front Damage, Structural Damage, Selling De-Registered","Automatic,",N/A,Petrol,https://manheim.co.nz/damaged-vehicles/000000000007419860/2019-suzuki-gsx150-dxa-gixxer-motorcycle?referringPage=SearchResults
Volvo,XC60,2012,No,$350,"217,416",," Engine Damage, Water Damage, Selling De-Registered","Automatic,",5,Diesel,https://manheim.co.nz/damaged-vehicles/000000000007419862/2012-volvo-xc60-d5-2-4-d-station-wagon?referringPage=SearchResults
BMW,116i,2012,No,$800,"96,317",," Right Rear Damage, Structural Damage, Selling De-Registered","Automatic,",5,Petrol,https://manheim.co.nz/damaged-vehicles/000000000007419863/2012-bmw-116i-touring?referringPage=SearchResults
Toyota,Aqua,2013,No,$800,N/A,," Left Front Damage, Left Rear Damage, Left Side Damage, Rear Damage, Structural Damage, Selling De-Registered","CVT,",5,Hybrid,https://manheim.co.nz/damaged-vehicles/000000000007419866/2013-toyota-aqua-hybrid-hatch?referringPage=SearchResults
Mazda,Bongo,2011,No,$600,N/A,," Front Damage, Glass Broken, Left Front Damage, Structural Damage, Selling De-Registered","Automatic,",5,Petrol,https://manheim.co.nz/damaged-vehicles/000000000007419868/2011-mazda-bongo-van?referringPage=SearchResults
Toyota,Prius,2015,No,"$1,500",N/A,," Rear Damage, Structural Damage, Selling De-Registered","Automatic,",5,Hybrid,https://manheim.co.nz/damaged-vehicles/000000000007419869/2015-toyota-prius-hybrid-hatch?referringPage=SearchResults
ROADCHIEF,6X4 Single Axle,2011,No,$0,N/A,0," Structural Damage, Selling De-Registered",N/A,N/A,N/A,https://manheim.co.nz/damaged-vehicles/000000000007429860/2011-roadchief-6x4-single-axle-trailer?referringPage=SearchResults
Suzuki,Swift,2014,No,$400,"172,037",," Structural Damage, Selling De-Registered",N/A,5,Petrol,https://manheim.co.nz/damaged-vehicles/000000000007419872/2014-suzuki-swift-glab-1-4p-4at-ha-5d-hatch?referringPage=SearchResults
Mazda,Demio,2008,No,$350,"130,251",," Left Front Damage, Structural Damage, Suspension Damage, Selling De-Registered","Automatic,",5,Petrol,https://manheim.co.nz/damaged-vehicles/000000000007419874/2008-mazda-demio-hatch?referringPage=SearchResults
Toyota,SAI,2012,No,"$1,400",N/A,," Right Rear Damage, Right Side Damage, Structural Damage, Selling De-Registered","Automatic,",5,Hybrid,https://manheim.co.nz/damaged-vehicles/000000000007419875/2012-toyota-sai-hybrid-sedan?referringPage=SearchResults
Peugeot,308,2008,No,$500,N/A,," Left Side Damage, Right Side Damage, Structural Damage, Selling De-Registered","Automatic,",5,Diesel,https://manheim.co.nz/damaged-vehicles/000000000007419878/2008-peugeot-308-hdi-at-1-6-hatch?referringPage=SearchResults
Toyota,Prius,2004,No,$550,N/A,," Rear Damage, Structural Damage, Selling De-Registered",N/A,5,Hybrid,https://manheim.co.nz/damaged-vehicles/000000000007419879/2004-toyota-prius-hatch?referringPage=SearchResults
Toyota,Corolla,2009,No,$550,"116,502",," Front Damage, Structural Damage, Selling De-Registered","Automatic,",5,Petrol,https://manheim.co.nz/damaged-vehicles/000000000007419880/2009-toyota-corolla-fielder-station-wagon?referringPage=SearchResults
Holden,Barina,2014,No,$550,N/A,," Left Side Damage, Structural Damage, Selling De-Registered","Automatic,",5,Petrol,https://manheim.co.nz/damaged-vehicles/000000000007419887/2014-holden-barina-rs-1-4p-6at-ha-4dr--hatch?referringPage=SearchResults
Toyota,Crown,2007,No,$650,"205,192",," Structural Damage, Under Body Damage, Selling De-Registered","Automatic,",5,Petrol,https://manheim.co.nz/damaged-vehicles/000000000007419901/2007-toyota-crown-sedan?referringPage=SearchResults
BMW,320i,2008,No,$550,N/A,," Left Side Damage, Right Side Damage, Structural Damage, Selling De-Registered",N/A,5,Petrol,https://manheim.co.nz/damaged-vehicles/000000000007419911/2008-bmw-320i-touring?referringPage=SearchResults
Hyundai,Santa FE,2015,No,"$1,700","198,386",," Front Damage, Structural Damage, Selling De-Registered",N/A,7,Diesel,https://manheim.co.nz/damaged-vehicles/000000000007419914/2015-hyundai-santa-fe-dm-2-2d-elite-station-wagon?referringPage=SearchResults
Yamaha,YZF,2016,No,$600,"19,658",," Structural Damage, Selling De-Registered","Automatic,",N/A,Petrol,https://manheim.co.nz/damaged-vehicles/000000000007419916/2016-yamaha-yzf-r3-motorcycle?referringPage=SearchResults
Audi,A4,2014,No,"$1,500",N/A,," Left Front Damage, Roof Damage, Right Front Damage, Rolled, Structural Damage, Selling De-Registered","Automatic,",5,Petrol,https://manheim.co.nz/damaged-vehicles/000000000007409912/2014-audi-a4-sedan?referringPage=SearchResults
Nissan,Note,2017,No,"$1,200","62,872",," Left Side Damage, Right Side Damage, Structural Damage, Selling De-Registered","Automatic,",5,Hybrid,https://manheim.co.nz/damaged-vehicles/000000000007409931/2017-nissan-note-hatch?referringPage=SearchResults
Mazda,Axela,2008,Yes,"$1,250",N/A,," Left Front Damage, Right Rear Damage, Selling Registered",N/A,5,Petrol,https://manheim.co.nz/damaged-vehicles/000000000007419948/2008-mazda-axela-hatch?referringPage=SearchResults
Honda,fit,2005,Yes,"$1,300",N/A,," Left Front Damage, Right Rear Damage, Selling Registered",N/A,5,Petrol,https://manheim.co.nz/damaged-vehicles/000000000007419956/2005-honda-fit-hatch?referringPage=SearchResults
Toyota,Aqua,2016,No,"$1,500",N/A,," Rear Damage, Structural Damage, Selling De-Registered",N/A,5,Hybrid,https://manheim.co.nz/damaged-vehicles/000000000007409955/2016-toyota-aqua-hybrid-hatch?referringPage=SearchResults
Honda,fit,2012,No,$550,N/A,," Front Damage, Left Side Damage, Right Rear Damage, Right Side Damage, Structural Damage, Selling De-Registered","Automatic,",5,Petrol,https://manheim.co.nz/damaged-vehicles/000000000007419975/2012-honda-fit-rs-hatch?referringPage=SearchResults
Mazda,Axela,2006,No,$500,"165,039",," Front Damage, Structural Damage, Selling De-Registered","Automatic,",5,Petrol,https://manheim.co.nz/damaged-vehicles/000000000007419976/2006-mazda-axela-hatch?referringPage=SearchResults
Skoda,Octavia,2017,No,"$1,300",N/A,," Front Damage, Left Side Damage, Structural Damage, Selling De-Registered","Automatic,",5,Petrol,https://manheim.co.nz/damaged-vehicles/000000000007419977/2017-skoda-octavia-rs-tsi-169kw-6dsg-l-sedan?referringPage=SearchResults
Mazda,Bounty,2006,No,$6,N/A,," Vandalised - Entire Vehicle, Dismantled - Entire Vehicle, Structural Damage, Stolen & Recovered, Selling De-Registered","Automatic,",5,Diesel,https://manheim.co.nz/damaged-vehicles/000000000007419979/2006-mazda-bounty-d-c-w-s-4wd-sdx-ab-dual-cab-utility?referringPage=SearchResults
Subaru,XV,2014,No,$800,"154,089",," Left Rear Damage, Rear Damage, Right Rear Damage, Structural Damage, Selling De-Registered","Automatic,",5,Petrol,https://manheim.co.nz/damaged-vehicles/000000000007419980/2014-subaru-xv-hatch?referringPage=SearchResults
Ford,Mondeo,2007,No,$400,"224,449",," Front Damage, Structural Damage, Selling De-Registered",N/A,5,Petrol,https://manheim.co.nz/damaged-vehicles/000000000007419985/2007-ford-mondeo-2-3-sedan-aut-sedan?referringPage=SearchResults
CHERY,Tiggo 4 PRO,2026,No,"$1,500","4,209",," Front Damage, Structural Damage, Selling De-Registered",N/A,5,Petrol,https://manheim.co.nz/damaged-vehicles/000000000007419998/2026-chery-tiggo-4-pro-ultimate-1-5pt-cvt-station-wagon?referringPage=SearchResults
