Manufacturer,Model,Year,Registration Status,Price,Mileage,Keys,Damage description,Transmission,Seats,Fuel Type,Link
Toyota,Hiace,2009,No,N/A,"355,934",," Right Side Damage, Structural Damage, Selling De-Registered","Automatic,",12,Diesel,https://manheim.co.nz/damaged-vehicles/000000000007410007/2009-toyota-hiace-3-0dt-4a-12-seat-mini-bus?referringPage=SearchResults
Mitsubishi,Galant,2008,No,$0,"1,234",," Fire - Entire Vehicle, Structural Damage, Selling De-Registered","Automatic,",5,Petrol,https://manheim.co.nz/damaged-vehicles/000000000007430076/2008-mitsubishi-galant-fortis-sedan?referringPage=SearchResults
Mazda,CX-5,2012,No,$0,"144,668",," Rolled, Structural Damage, Selling De-Registered","Automatic,",5,Diesel,https://manheim.co.nz/damaged-vehicles/000000000007430077/2012-mazda-cx-5-hatch?referringPage=SearchResults
Holden,Commodore,2010,No,$0,"223,412",," Front Damage, Structural Damage, Selling De-Registered","5spd Automatic,",5,Petrol,https://manheim.co.nz/damaged-vehicles/000000000007430078/2010-holden-commodore-sv6-sedan-at-sedan?referringPage=SearchResults
Nissan,350z,2003,No,$0,N/A,," Right Front Damage, Structural Damage, Selling De-Registered",N/A,2,Petrol,https://manheim.co.nz/damaged-vehicles/000000000007430081/2003-nissan-350z-6-spd-manual-coupe-coup%C3%A9?referringPage=SearchResults
Toyota,Aqua,2013,No,$0,"195,351",," Interior Damage, Water Damage, Selling De-Registered","5spd Automatic,",5,Hybrid,https://manheim.co.nz/damaged-vehicles/000000000007430091/2013-toyota-aqua-hybrid-hatch?referringPage=SearchResults
Toyota,Corolla,2004,No,$0,"226,441",," Front Damage, Structural Damage, Selling De-Registered",N/A,5,Petrol,https://manheim.co.nz/damaged-vehicles/000000000007430092/2004-toyota-corolla-1-8p-ts-hatch5-4a-hatch?referringPage=SearchResults
Toyota,Passo,2007,No,$0,N/A,," Rear Damage, Structural Damage, Selling De-Registered",N/A,5,Petrol,https://manheim.co.nz/damaged-vehicles/000000000007430093/2007-toyota-passo-hatch?referringPage=SearchResults
Mazda,Axela,2007,Yes,$0,"237,055",," Left Side Damage, Selling Registered","Automatic,",5,Petrol,https://manheim.co.nz/damaged-vehicles/000000000007430106/2007-mazda-axela-hatch?referringPage=SearchResults
Toyota,Camry,2013,No,$0,N/A,," Hard Hit, Left Rear Damage, Structural Damage, Selling De-Registered",N/A,5,Petrol,https://manheim.co.nz/damaged-vehicles/000000000007430107/2013-toyota-camry-gl-2-5p-sdn-6a-sedan?referringPage=SearchResults
BMW,Mini,2014,No,$0,"101,390",," Left Front Damage, Structural Damage, Selling De-Registered","Automatic,",4,Petrol,https://manheim.co.nz/damaged-vehicles/000000000007430115/2014-bmw-mini-cooper-hatch?referringPage=SearchResults
Toyota,Aqua,2015,No,$0,N/A,," Rear Damage, Structural Damage, Selling De-Registered",N/A,5,Hybrid,https://manheim.co.nz/damaged-vehicles/000000000007430116/2015-toyota-aqua-hatch?referringPage=SearchResults
Mercedes-Benz,Cla-class,2015,No,$0,N/A,," Front Damage, Structural Damage, Selling De-Registered",N/A,5,Petrol,https://manheim.co.nz/damaged-vehicles/000000000007430141/2015-mercedes-benz-cla-class-cla-200-1-6p-7at-sp-sedan?referringPage=SearchResults
Volkswagen,Polo,2012,No,$0,"135,691",," Front Damage, Structural Damage, Selling De-Registered","Automatic,",5,Petrol,https://manheim.co.nz/damaged-vehicles/000000000007430148/2012-volkswagen-polo-77kw-tsi-7dsg-hatch?referringPage=SearchResults
Toyota,RAV4,1996,No,$0,"246,128",," Front Damage, Left Front Damage, Left Side Damage, Suspension Damage, Selling De-Registered",N/A,5,Petrol,https://manheim.co.nz/damaged-vehicles/000000000007430150/1996-toyota-rav4-l-v-station-wagon?referringPage=SearchResults
Toyota,Markx,2007,No,$0,N/A,," Rear Damage, Structural Damage, Suspension Damage, Selling De-Registered","Automatic,",5,Petrol,https://manheim.co.nz/damaged-vehicles/000000000007430156/2007-toyota-markx-250g-sedan?referringPage=SearchResults
Holden,Commodore Exec,1993,No,$0,"207,275",," Water Damage, Selling De-Registered","Automatic,",5,Petrol,https://manheim.co.nz/damaged-vehicles/000000000007430159/1993-holden-commodore-exec-sedan?referringPage=SearchResults
Mazda,CX-5,2013,No,N/A,N/A,, Selling De-Registered,"Automatic,",5,Diesel,https://manheim.co.nz/damaged-vehicles/000000000007420160/2013-mazda-cx-5-station-wagon?referringPage=SearchResults
Honda,Accord,2006,Yes,$0,N/A,," Left Side Damage, Rear Damage, Right Side Damage, Suspension Damage, Selling Registered","Automatic,",5,Petrol,https://manheim.co.nz/damaged-vehicles/000000000007420175/2006-honda-accord-type-s-sedan?referringPage=SearchResults
Ford,Ranger,2015,Yes,N/A,"387,013",, Selling Registered,"Automatic,",5,Diesel,https://manheim.co.nz/damaged-vehicles/000000000007430178/2015-ford-ranger-td-xlt-dc-w-sa-3-2d-dual-cab-utility?referringPage=SearchResults
Suzuki,Swift,2011,No,$0,"82,386",," Airbags Deployed, Front Damage, Structural Damage, Selling De-Registered",N/A,5,Petrol,https://manheim.co.nz/damaged-vehicles/000000000007430202/2011-suzuki-swift-ltda-1-4-5dr-hatch?referringPage=SearchResults
Toyota,Vanguard,2009,No,$0,N/A,," Right Rear Damage, Structural Damage, Selling De-Registered","Automatic,",5,Petrol,https://manheim.co.nz/damaged-vehicles/000000000007430204/2009-toyota-vanguard-station-wagon?referringPage=SearchResults
Toyota,RAV4,2004,No,$0,"196,473",," Left Rear Damage, Structural Damage, Selling De-Registered","Automatic,",4,Petrol,https://manheim.co.nz/damaged-vehicles/000000000007430206/2004-toyota-rav4-station-wagon?referringPage=SearchResults
Mazda,Demio,2005,Yes,$0,"113,983",," Front Damage, Left Front Damage, Left Rear Damage, Right Side Damage, Selling Registered","Automatic,",5,Petrol,https://manheim.co.nz/damaged-vehicles/000000000007430207/2005-mazda-demio-hatch?referringPage=SearchResults
Audi,S6,2013,No,$0,"156,891",," Front Damage, Glass Broken, Left Side Damage, Rear Damage, Roof Damage, Rolled, Right Side Damage, Structural Damage, Selling De-Registered",N/A,5,Petrol,https://manheim.co.nz/damaged-vehicles/000000000007430208/2013-audi-s6-station-wagon?referringPage=SearchResults
Suzuki,Swift,2006,No,$0,"157,731",," Front Damage, Structural Damage, Selling De-Registered","4spd Automatic,",5,Petrol,https://manheim.co.nz/damaged-vehicles/000000000007430209/2006-suzuki-swift-hatch?referringPage=SearchResults
Mazda,Demio,2009,No,$0,"125,891",," Chassis Damage, Front Damage, Structural Damage, Selling De-Registered","4spd,",5,Petrol,https://manheim.co.nz/damaged-vehicles/000000000007430210/2009-mazda-demio-hatch?referringPage=SearchResults
Audi,A5,2014,No,$0,N/A,," Front Damage, Airbags Deployed, Structural Damage, Selling De-Registered","Automatic,",4,Petrol,https://manheim.co.nz/damaged-vehicles/000000000007430253/2014-audi-a5-2-0t-hatch?referringPage=SearchResults
Toyota,Corolla,2006,No,$0,"344,462",," Rear Damage, Structural Damage, Selling De-Registered",N/A,5,Petrol,https://manheim.co.nz/damaged-vehicles/000000000007430257/2006-toyota-corolla-1-8p-gl-sedan-4a-sedan?referringPage=SearchResults
Nissan,March,2006,No,$0,"83,589",," Left Rear Damage, Right Front Damage, Structural Damage, Selling De-Registered","Automatic,",5,Petrol,https://manheim.co.nz/damaged-vehicles/000000000007430273/2006-nissan-march-hatch?referringPage=SearchResults
Mazda,Demio,2008,No,$0,"165,508",," Rear Damage, Right Rear Damage, Structural Damage, Selling De-Registered","Automatic,",5,Petrol,https://manheim.co.nz/damaged-vehicles/000000000007430276/2008-mazda-demio-hatch?referringPage=SearchResults
Toyota,Aqua,2018,No,$0,"114,798",," Front Damage, Left Front Damage, Right Front Damage, Structural Damage, Selling De-Registered","Automatic,",5,Hybrid,https://manheim.co.nz/damaged-vehicles/000000000007430278/2018-toyota-aqua-hatch?referringPage=SearchResults
Toyota,Hilux,2017,No,N/A,"171,573",," Left Side Damage, Structural Damage, Suspension Damage, Selling De-Registered",N/A,5,Diesel,https://manheim.co.nz/damaged-vehicles/000000000007430281/2017-toyota-hilux-sr-td-dc-2-8d-4wd-6-dual-cab-utility?referringPage=SearchResults
Toyota,Hilux,2007,No,N/A,N/A,," Left Side Damage, Right Front Damage, Right Rear Damage, Right Side Damage, Structural Damage, Selling De-Registered","Automatic,",5,Diesel,https://manheim.co.nz/damaged-vehicles/000000000007430282/2007-toyota-hilux-3-0td-4wd-sr5-dcu-4-dual-cab-utility?referringPage=SearchResults
Toyota,RAV4,2010,No,$0,"230,403",," Left Side Damage, Roof Damage, Structural Damage, Selling De-Registered",N/A,5,Petrol,https://manheim.co.nz/damaged-vehicles/000000000007430286/2010-toyota-rav4-2-4p-4wd-wagon5-5a-station-wagon?referringPage=SearchResults
Nissan,X-trail,2017,No,$0,N/A,," Left Side Damage, Structural Damage, Selling De-Registered","Automatic,",5,Petrol,https://manheim.co.nz/damaged-vehicles/000000000007370319/2017-nissan-x-trail-station-wagon?referringPage=SearchResults
Toyota,Aqua,2017,No,$0,N/A,," Front Damage, Airbags Deployed, Structural Damage, Selling De-Registered","Automatic,",5,Hybrid,https://manheim.co.nz/damaged-vehicles/000000000007430382/2017-toyota-aqua-hatch?referringPage=SearchResults
Mazda,Demio,2006,No,$0,"207,380",," Roof Damage, Structural Damage, Stolen & Recovered, Selling De-Registered","Automatic,",5,Petrol,https://manheim.co.nz/damaged-vehicles/000000000007430393/2006-mazda-demio-hatch?referringPage=SearchResults
Holden,Barina Spark,2014,No,$0,N/A,," Right Front Damage, Structural Damage, Selling De-Registered","Automatic,",5,Petrol,https://manheim.co.nz/damaged-vehicles/000000000007420415/2014-holden-barina-spark-cd-1-2p4a-ha5s-hatch?referringPage=SearchResults
Ford,Focus,2005,No,$0,"194,265",," Front Damage, Left Front Damage, Left Side Damage, Structural Damage, Selling De-Registered","Automatic,",5,Petrol,https://manheim.co.nz/damaged-vehicles/000000000007430423/2005-ford-focus-hatch?referringPage=SearchResults
Nissan,Qashqai,2020,No,N/A,"67,730",," Right Rear Damage, Airbags Deployed, Structural Damage, Selling De-Registered","Automatic,",5,Petrol,https://manheim.co.nz/damaged-vehicles/000000000007430426/2020-nissan-qashqai-ti-2-0p-cvt-hatch?referringPage=SearchResults
Mazda,Atenza,2008,No,$0,N/A,," Right Rear Damage, Structural Damage, Selling De-Registered","Automatic,",5,Petrol,https://manheim.co.nz/damaged-vehicles/000000000007430438/2008-mazda-atenza-station-wagon?referringPage=SearchResults
Nissan,Serena,2015,No,$0,N/A,," Left Side Damage, Structural Damage, Selling De-Registered","Automatic,",8,Hybrid,https://manheim.co.nz/damaged-vehicles/000000000007430441/2015-nissan-serena-station-wagon?referringPage=SearchResults
Toyota,Hiace,2018,No,N/A,"120,565",," Front Damage, Rear Damage, Structural Damage, Selling De-Registered","Automatic,",6,Diesel,https://manheim.co.nz/damaged-vehicles/000000000007430449/2018-toyota-hiace-van?referringPage=SearchResults
Mazda,Roadster,2007,No,$0,N/A,," Stolen & Recovered, Selling De-Registered","Automatic,",2,Petrol,https://manheim.co.nz/damaged-vehicles/000000000007430453/2007-mazda-roadster-coup%C3%A9?referringPage=SearchResults
Mitsubishi,Outlander,2012,No,$0,"114,313",," Rear Damage, Structural Damage, Selling De-Registered","Automatic,",7,Petrol,https://manheim.co.nz/damaged-vehicles/000000000007430458/2012-mitsubishi-outlander-station-wagon?referringPage=SearchResults
Mercedes-Benz,SLK230,1999,Yes,$0,N/A,," Rear Damage, Selling Registered",N/A,2,Petrol,https://manheim.co.nz/damaged-vehicles/000000000007430465/1999-mercedes-benz-slk230-coup%C3%A9?referringPage=SearchResults
Honda,Grace,2015,No,$0,N/A,," Chassis Damage, Left Front Damage, Left Rear Damage, Airbags Deployed, Structural Damage, Selling De-Registered",N/A,5,Hybrid,https://manheim.co.nz/damaged-vehicles/000000000007420472/2015-honda-grace-sedan?referringPage=SearchResults
Hyundai,Kona,2022,No,N/A,"81,328",," Rear Damage, Structural Damage, Selling De-Registered","Automatic, Drive Type, Front Wheel Drive, Fuel Type, Electri",5,Electric,https://manheim.co.nz/damaged-vehicles/000000000007420477/2022-hyundai-kona-ev-64kwh-64kwh-ev-f-station-wagon?referringPage=SearchResults
Mitsubishi,Eclipse Cross,2022,No,N/A,"66,702",, Selling De-Registered,"Automatic,",5,N/A,https://manheim.co.nz/damaged-vehicles/000000000007420481/2022-mitsubishi-eclipse-cross-xls-phev-4wd-at-station-wagon?referringPage=SearchResults
Audi,A3,2022,No,N/A,"48,913",, Selling De-Registered,"7spd Automatic,",5,Petrol,https://manheim.co.nz/damaged-vehicles/000000000007420500/2022-audi-a3-sedan?referringPage=SearchResults
Vespa,Primavera,2018,Yes,$0,"8,400",, Selling Registered,"Automatic,",N/A,Petrol,https://manheim.co.nz/damaged-vehicles/000000000007430526/2018-vespa-primavera-150-iget-scooter?referringPage=SearchResults
Suzuki,Swift,2009,Yes,$0,"136,481",," Left Rear Damage, Right Rear Damage, Selling Registered","Automatic,",5,Petrol,https://manheim.co.nz/damaged-vehicles/000000000007430538/2009-suzuki-swift-hatch?referringPage=SearchResults
Ford,Territory,2009,No,$0,N/A,," Left Front Damage, Left Rear Damage, Left Side Damage, Right Rear Damage, Airbags Deployed, Selling De-Registered","Tiptronic,",7,Petrol,https://manheim.co.nz/damaged-vehicles/000000000007390530/2009-ford-territory-territory-ghia-awd-station-wagon?referringPage=SearchResults
Holden,Trax,2014,No,$0,"72,150",," Left Front Damage, Right Front Damage, Selling De-Registered","Automatic,",5,Petrol,https://manheim.co.nz/damaged-vehicles/000000000007390544/2014-holden-trax-ltz-1-8p-6at-sw-4dr-station-wagon?referringPage=SearchResults
Hyundai,I30,2010,No,$0,N/A,," Airbags Deployed, Left Rear Damage, Left Side Damage, Right Rear Damage, Right Side Damage, Structural Damage, Selling De-Registered","Automatic,",5,Diesel,https://manheim.co.nz/damaged-vehicles/000000000007410571/2010-hyundai-i30-1-6-crdi-elite-a4-hatch?referringPage=SearchResults
Ford,Kuga,2014,Yes,$0,N/A,," Left Front Damage, Dismantled - Engine, Selling Registered","Automatic,",5,Diesel,https://manheim.co.nz/damaged-vehicles/000000000007410589/2014-ford-kuga-awd-2-0-diesel-auto-station-wagon?referringPage=SearchResults
Toyota,Vitz,2007,No,$0,N/A,," Front Damage, Rear Damage, Vandalised - Interior, Structural Damage, Selling De-Registered","Automatic,",5,Petrol,https://manheim.co.nz/damaged-vehicles/000000000007420597/2007-toyota-vitz-hatch?referringPage=SearchResults
Mercedes-Benz,C180,2006,Yes,$0,"179,824",," Front Damage, Selling Registered","Automatic,",4,Petrol,https://manheim.co.nz/damaged-vehicles/000000000007430600/2006-mercedes-benz-c180-kompressor-hatch?referringPage=SearchResults
Yamaha,YZF-R3A,2023,No,$0,"30,400",," Structural Damage, Selling De-Registered","Automatic,",N/A,Petrol,https://manheim.co.nz/damaged-vehicles/000000000007430609/2023-yamaha-yzf-r3a-n-motorcycle?referringPage=SearchResults
GWM,Haval Jolion,2024,No,$0,N/A,," Front Damage, Left Front Damage, Left Side Damage, Right Front Damage, Structural Damage, Selling De-Registered",N/A,5,Hybrid,https://manheim.co.nz/damaged-vehicles/000000000007420616/2024-gwm-haval-jolion-ultra-2wd-hybrid-1--station-wagon?referringPage=SearchResults
Nissan,Skyline,2007,No,$0,N/A,," Rear Damage, Right Rear Damage, Structural Damage, Selling De-Registered","Automatic,",5,Petrol,https://manheim.co.nz/damaged-vehicles/000000000007420715/2007-nissan-skyline-250gt-sedan?referringPage=SearchResults
Honda,CBR,2021,No,$0,1,," Front Fork Damaged, Structural Damage, Selling De-Registered","Automatic,",N/A,Petrol,https://manheim.co.nz/damaged-vehicles/000000000007390754/2021-honda-cbr-650-p-motorcycle?referringPage=SearchResults
Kia,Stonic,2022,No,N/A,"127,804",," Front Damage, Left Front Damage, Right Front Damage, Structural Damage, Selling De-Registered","Automatic,",5,Petrol,https://manheim.co.nz/damaged-vehicles/000000000007430773/2022-kia-stonic-lx-1-4p-6at-hatch?referringPage=SearchResults
Honda,Civic,2005,Yes,$0,N/A,," Glass Broken, Selling Registered",N/A,5,Petrol,https://manheim.co.nz/damaged-vehicles/000000000007430779/2005-honda-civic-sedan?referringPage=SearchResults
Mitsubishi,Eclipse Cross,2018,Yes,N/A,"150,920",," Left Rear Damage, Left Side Damage, Stolen & Recovered, Selling Registered","CVT,",5,Petrol,https://manheim.co.nz/damaged-vehicles/000000000007400853/2018-mitsubishi-eclipse-cross-xls-1-5p-8cvt-station-wagon?referringPage=SearchResults
Harley-Davidson,Street,2017,No,$0,"20,852",," Structural Damage, Selling De-Registered","Automatic,",N/A,Petrol,https://manheim.co.nz/damaged-vehicles/000000000007430881/2017-harley-davidson-street-17-street-500-motorcycle?referringPage=SearchResults
Mercedes-Benz,GLA180,2014,No,$0,"113,258",,N/A,"7spd Automatic,",5,Petrol,https://manheim.co.nz/damaged-vehicles/000000000007420881/2014-mercedes-benz-gla180-station-wagon?referringPage=SearchResults
Mitsubishi,Outlander,2025,No,N/A,"8,192",," Engine Damage, Interior Damage, Water Damage, Selling De-Registered","Automatic,",5,Petrol,https://manheim.co.nz/damaged-vehicles/000000000007420978/2025-mitsubishi-outlander-ls-2-5p-4wd-cvt-station-wagon?referringPage=SearchResults
Ford,Fiesta,2012,No,$0,"17,000",," Left Front Damage, Left Side Damage, Right Front Damage, Right Side Damage, Airbags Deployed, Selling De-Registered","5spd Manual,",5,Petrol,https://manheim.co.nz/damaged-vehicles/000000000007401004/2012-ford-fiesta-5dr-1-6-m-zetec-hatch?referringPage=SearchResults
Toyota,Vellfire,2013,No,N/A,N/A,," Left Side Damage, Structural Damage, Selling De-Registered",N/A,7,Petrol,https://manheim.co.nz/damaged-vehicles/000000000007401126/2013-toyota-vellfire-station-wagon?referringPage=SearchResults
BMW,3 Series,2018,No,N/A,"98,823",," Front Damage, Rear Damage, Structural Damage, Selling De-Registered","Automatic,",5,Petrol,https://manheim.co.nz/damaged-vehicles/000000000007431133/2018-bmw-3-series-320i-2-0p-8at-sl-4d-sedan?referringPage=SearchResults
Toyota,Aqua,2015,Yes,N/A,N/A,," Ignition Damage, Vandalised - Entire Vehicle, Stolen & Recovered, Selling Registered",N/A,5,Hybrid,https://manheim.co.nz/damaged-vehicles/000000000007411138/2015-toyota-aqua-hybrid-hatch?referringPage=SearchResults
Toyota,RAV4,2018,No,N/A,N/A,," Front Damage, Airbags Deployed, Structural Damage, Selling De-Registered",N/A,5,Petrol,https://manheim.co.nz/damaged-vehicles/000000000007431171/2018-toyota-rav4-gxl-suv-2-0p-cvt-sw-station-wagon?referringPage=SearchResults
Mazda,BT-50,2023,No,N/A,"88,293",," Airbags Deployed, Front Damage, Left Front Damage, Left Side Damage, Structural Damage, Selling De-Registered","Automatic,",5,Diesel,https://manheim.co.nz/damaged-vehicles/000000000007391193/2023-mazda-bt-50-ltd-d-c-w-s-3-0dt-dual-cab-utility?referringPage=SearchResults
Toyota,Corolla,2006,No,$0,N/A,," Right Side Damage, Structural Damage, Suspension Damage, Selling De-Registered",N/A,5,Petrol,https://manheim.co.nz/damaged-vehicles/000000000007421308/2006-toyota-corolla-1-8p-gl-hatch5-4a-hatch?referringPage=SearchResults
Yamaha,MT03LA,2019,No,$0,1,," Structural Damage, Selling De-Registered",N/A,N/A,Petrol,https://manheim.co.nz/damaged-vehicles/000000000007401316/2019-yamaha-mt03la-k-motorcycle?referringPage=SearchResults
Suzuki,GSX250FRLL9,2021,No,$0,N/A,, Selling De-Registered,"Automatic,",N/A,Petrol,https://manheim.co.nz/damaged-vehicles/000000000007411314/2021-suzuki-gsx250frll9-motorcycle?referringPage=SearchResults
Toyota,Aqua,2014,No,$0,N/A,," Right Rear Damage, Structural Damage, Selling De-Registered","Automatic,",5,Hybrid,https://manheim.co.nz/damaged-vehicles/000000000007421346/2014-toyota-aqua-hatch?referringPage=SearchResults
Toyota,Hilux,2013,No,N/A,N/A,," Left Front Damage, Left Rear Damage, Left Side Damage, Right Rear Damage, Right Side Damage, Airbags Deployed, Structural Damage, Selling De-Registered","5spd Manual,",5,Diesel,https://manheim.co.nz/damaged-vehicles/000000000007421387/2013-toyota-hilux-sr5-4wd-3-0td-dc-5m-dual-cab-utility?referringPage=SearchResults
TRAILER,Hiliner Tandem,1984,No,"$4,000",N/A,0," Fire Damage, Structural Damage, Water Damage, Selling De-Registered",N/A,N/A,N/A,https://manheim.co.nz/damaged-vehicles/000000000007431414/1984-trailer-hiliner-tandem-trailer--box-domestic-?referringPage=SearchResults
Holden,Cruze,2015,Yes,$0,"149,134",, Selling Registered,N/A,5,Petrol,https://manheim.co.nz/damaged-vehicles/000000000007421487/2015-holden-cruze-equipe-1-8p-6at-sl--sedan?referringPage=SearchResults
Subaru,Impreza,2012,No,$0,N/A,," Front Damage, Airbags Deployed, Structural Damage, Selling De-Registered","Automatic,",5,Petrol,https://manheim.co.nz/damaged-vehicles/000000000007351490/2012-subaru-impreza-hatch?referringPage=SearchResults
BMW,X7,2021,Yes,N/A,"75,459",," Right Front Damage, Right Side Damage, Dismantled - Engine, Underbody Damage, Stolen & Recovered, Selling Registered",N/A,7,Diesel,https://manheim.co.nz/damaged-vehicles/000000000007431502/2021-bmw-x7-x30d-3-0dt-4wd-8at-touring?referringPage=SearchResults
Toyota,Hilux,2010,No,N/A,"431,808",," Front Damage, Left Side Damage, Right Front Damage, Right Side Damage, Structural Damage, Selling De-Registered","Automatic,",5,Diesel,https://manheim.co.nz/damaged-vehicles/000000000007421518/2010-toyota-hilux-3-0td-4wd-sr5-dc-4a-dual-cab-utility?referringPage=SearchResults
Isuzu,D-max,2020,No,N/A,N/A,," Roof Damage, Right Side Damage, Structural Damage, Selling De-Registered","Automatic,",5,Diesel,https://manheim.co.nz/damaged-vehicles/000000000007421568/2020-isuzu-d-max-ls-dc-3-0d-4wd-6at-utility?referringPage=SearchResults
Hyundai,Getz,2009,Yes,$0,"81,145",," Left Side Damage, Selling Registered",N/A,5,Petrol,https://manheim.co.nz/damaged-vehicles/000000000007421649/2009-hyundai-getz-1-4-5d-a4-hatch?referringPage=SearchResults
Nissan,Tiida,2006,No,$0,N/A,," Right Side Damage, Structural Damage, Selling De-Registered",N/A,5,Petrol,https://manheim.co.nz/damaged-vehicles/000000000007411792/2006-nissan-tiida-sedan?referringPage=SearchResults
Honda,fit,2005,Yes,$0,N/A,," Glass Broken, Ignition Damage, Left Front Damage, Selling Registered",N/A,5,Petrol,https://manheim.co.nz/damaged-vehicles/000000000007421865/2005-honda-fit-hatch?referringPage=SearchResults
Toyota,Aqua,2013,No,$0,"83,222",," Front Damage, Right Front Damage, Structural Damage, Accident Damage, Selling De-Registered","4spd Automatic,",5,Hybrid,https://manheim.co.nz/damaged-vehicles/000000000007421872/2013-toyota-aqua-hybrid-hatch?referringPage=SearchResults
FOTON,Tunland,2018,No,$0,"155,090",," Right Side Damage, Structural Damage, Selling De-Registered",N/A,5,Diesel,https://manheim.co.nz/damaged-vehicles/000000000007421884/2018-foton-tunland-4wd-s-2-8dt-4wd-6at-dual-cab-utility?referringPage=SearchResults
Mazda,Axela,2009,No,$0,"167,446",," Hail Dmg, Structural Damage, Selling De-Registered",N/A,5,Petrol,https://manheim.co.nz/damaged-vehicles/000000000007421893/2009-mazda-axela-hatch?referringPage=SearchResults
Toyota,Prius,2013,No,$0,"121,087",," Chassis Damage, Left Front Damage, Structural Damage, Selling De-Registered","Automatic,",5,Hybrid,https://manheim.co.nz/damaged-vehicles/000000000007421894/2013-toyota-prius-hatch?referringPage=SearchResults
Toyota,Hiace,2003,No,$0,"198,558",," Rear Damage, Structural Damage, Selling De-Registered","Manual,",3,Diesel,https://manheim.co.nz/damaged-vehicles/000000000007421899/2003-toyota-hiace-3-0d-zr-van-5m-van?referringPage=SearchResults
Toyota,Hilux,2010,No,N/A,N/A,," Right Side Damage, Stolen & Recovered, Selling De-Registered","Automatic,",5,Diesel,https://manheim.co.nz/damaged-vehicles/000000000007421913/2010-toyota-hilux-3-0td-4wd-sr5-dc-4a-dual-cab-utility?referringPage=SearchResults
Toyota,SAI,2010,No,$0,N/A,," Rear Damage, Structural Damage, Selling De-Registered","Automatic,",5,Hybrid,https://manheim.co.nz/damaged-vehicles/000000000007421916/2010-toyota-sai-sedan?referringPage=SearchResults
Mazda,Axela,2013,No,$0,"103,672",," Front Damage, Structural Damage, Selling De-Registered",N/A,5,Petrol,https://manheim.co.nz/damaged-vehicles/000000000007421926/2013-mazda-axela-hatch?referringPage=SearchResults
Ford,Falcon,2016,No,$0,N/A,," Left Front Damage, Left Rear Damage, Left Side Damage, Selling De-Registered","Automatic,",5,Petrol,https://manheim.co.nz/damaged-vehicles/000000000007392021/2016-ford-falcon-xr6-sedan-auto-4-0p-sedan?referringPage=SearchResults
Mazda,Atenza,2009,No,$0,"164,568",," Right Side Damage, Structural Damage, Selling De-Registered",N/A,5,Petrol,https://manheim.co.nz/damaged-vehicles/000000000007422037/2009-mazda-atenza-sedan?referringPage=SearchResults
BMW,M3,2002,No,N/A,N/A,," Left Front Damage, Right Side Damage, Structural Damage, Selling De-Registered","Manual,",5,Petrol,https://manheim.co.nz/damaged-vehicles/000000000007422070/2002-bmw-m3-sedan?referringPage=SearchResults
Mitsubishi,Triton,2018,No,N/A,"198,551",," Front Damage, Right Side Damage, Structural Damage, Selling De-Registered","Automatic,",5,Diesel,https://manheim.co.nz/damaged-vehicles/000000000007422108/2018-mitsubishi-triton-dc-glxr-5at-2-4d-4w-dual-cab-chassis?referringPage=SearchResults
Nissan,Navara,2012,No,$0,"194,808",," Left Front Damage, Left Rear Damage, Left Side Damage, Structural Damage, Suspension Damage, Selling De-Registered","Automatic,",5,Diesel,https://manheim.co.nz/damaged-vehicles/000000000007372218/2012-nissan-navara-d-c-2-5d-2wd-st-x-a-dual-cab-utility?referringPage=SearchResults
Mazda,Demio,2012,No,$0,N/A,," Front Damage, Left Front Damage, Right Side Damage, Structural Damage, Selling De-Registered",N/A,5,Petrol,https://manheim.co.nz/damaged-vehicles/000000000007412229/2012-mazda-demio-hatch?referringPage=SearchResults
Ford,Endura,2019,No,$0,"139,762",," Front Damage, Airbags Deployed, Structural Damage, Selling De-Registered","Automatic,",5,Diesel,https://manheim.co.nz/damaged-vehicles/000000000007422238/2019-ford-endura-st-line-2-0d-4wd-8a-station-wagon?referringPage=SearchResults
GWM,GWM Cannon,2024,No,N/A,"37,123",," Front Damage, Structural Damage, Water Damage, Selling De-Registered","Automatic,",5,Diesel,https://manheim.co.nz/damaged-vehicles/000000000007422273/2024-gwm-gwm-cannon-luxury-4x2-2-0dt-dual-cab-utility?referringPage=SearchResults
Honda,Vezel,2016,No,$0,"167,467",," Left Front Damage, Left Side Damage, Structural Damage, Selling De-Registered","Automatic,",5,Hybrid,https://manheim.co.nz/damaged-vehicles/000000000007422311/2016-honda-vezel-station-wagon?referringPage=SearchResults
Toyota,Aqua,2014,No,$0,"80,867",," Left Front Damage, Structural Damage, Selling De-Registered","Automatic,",5,Hybrid,https://manheim.co.nz/damaged-vehicles/000000000007362339/2014-toyota-aqua-hybrid-hatch?referringPage=SearchResults
TRAILER,Outpost 10X6,2016,No,$400,N/A,0," Structural Damage, Selling De-Registered",N/A,N/A,N/A,https://manheim.co.nz/damaged-vehicles/000000000007432422/2016-trailer-outpost-10x6-trailer?referringPage=SearchResults
Toyota,Aqua,2013,No,$0,"139,021",," Front Damage, Left Front Damage, Right Front Damage, Structural Damage, Selling De-Registered",N/A,5,Hybrid,https://manheim.co.nz/damaged-vehicles/000000000007392439/2013-toyota-aqua-hatch?referringPage=SearchResults
Holden,Colorado,2014,No,$0,"212,784",," Front Damage, Left Side Damage, Rear Damage, Underbody Damage, Structural Damage, Suspension Damage, Selling De-Registered","Automatic,",5,Diesel,https://manheim.co.nz/damaged-vehicles/000000000007342476/2014-holden-colorado-ltz-dc-pu-2-8d-6at--dual-cab-utility?referringPage=SearchResults
BMW,3 Series,2025,No,N/A,"4,185",," Left Front Damage, Left Side Damage, Structural Damage, Selling De-Registered","Automatic,",5,Petrol,https://manheim.co.nz/damaged-vehicles/000000000007422574/2025-bmw-3-series-m3-comp-3-0pt-4wd-sedan?referringPage=SearchResults
Subaru,Impreza,2009,No,N/A,N/A,," Left Front Damage, Right Front Damage, Right Rear Damage, Selling De-Registered",N/A,5,Petrol,https://manheim.co.nz/damaged-vehicles/000000000007422575/2009-subaru-impreza-hatch?referringPage=SearchResults
Honda,Accord,2010,No,$0,"226,528",,N/A,N/A,5,Petrol,https://manheim.co.nz/damaged-vehicles/000000000007422596/2010-honda-accord-station-wagon?referringPage=SearchResults
Toyota,Vellfire,2017,No,N/A,"149,726",," Right Front Damage, Rolled, Right Side Damage, Structural Damage, Selling De-Registered",N/A,7,Hybrid,https://manheim.co.nz/damaged-vehicles/000000000007422599/2017-toyota-vellfire-station-wagon?referringPage=SearchResults
Toyota,Caldina,1998,No,$0,"265,251",," Glass Broken, Rear Damage, Right Rear Damage, Right Side Damage, Structural Damage, Accident Damage, Selling De-Registered",N/A,5,Petrol,https://manheim.co.nz/damaged-vehicles/000000000007422603/1998-toyota-caldina-gt-t-station-wagon?referringPage=SearchResults
RED ROO,SG350,N/A,No,$0,N/A,N/A, Dismantled - Engine,N/A,N/A,Petrol,https://manheim.co.nz/damaged-vehicles/000000000007432606/red-roo-sg350-stump-grinder--manual-?referringPage=SearchResults
Mazda,Axela,2005,No,$0,"132,689",," Front Damage, Left Rear Damage, Airbags Deployed, Structural Damage, Selling De-Registered","5spd Manual,",5,Petrol,https://manheim.co.nz/damaged-vehicles/000000000007392628/2005-mazda-axela-sedan?referringPage=SearchResults
CF Moto,C Force 520 Quad,2022,No,$0,N/A,," Rolled, Selling De-Registered",N/A,N/A,N/A,https://manheim.co.nz/damaged-vehicles/000000000007422624/2022-cf-moto-c-force-520-quad-quad-bike?referringPage=SearchResults
Subaru,Impreza,2010,No,$0,N/A,," Front Damage, Structural Damage, Selling De-Registered",N/A,5,Petrol,https://manheim.co.nz/damaged-vehicles/000000000007402717/2010-subaru-impreza-hatch?referringPage=SearchResults
Toyota,Aqua,2014,Yes,N/A,N/A,," Ignition Damage, Right Front Damage, Vandalised - Interior, Stolen & Recovered, Selling Registered","Automatic,",5,Hybrid,https://manheim.co.nz/damaged-vehicles/000000000007422775/2014-toyota-aqua-hatch?referringPage=SearchResults
Toyota,Prius,2016,No,N/A,N/A,," Interior Damage, Vandalised - Entire Vehicle, Water Damage, Selling De-Registered","Automatic,",5,Hybrid,https://manheim.co.nz/damaged-vehicles/000000000007422837/2016-toyota-prius-hatch?referringPage=SearchResults
Toyota,Hilux,1997,No,$0,"294,523",," Roof Damage, Structural Damage, Selling De-Registered","Automatic,",5,Petrol,https://manheim.co.nz/damaged-vehicles/000000000007422840/1997-toyota-hilux-surf-station-wagon?referringPage=SearchResults
Toyota,Prius,2012,No,$0,"247,363",," Rear Damage, Structural Damage, Selling De-Registered","Automatic,",5,Hybrid,https://manheim.co.nz/damaged-vehicles/000000000007422907/2012-toyota-prius-hatch?referringPage=SearchResults
BMW,116i,2010,Yes,$0,"101,936",, Selling Registered,"Automatic,",5,Petrol,https://manheim.co.nz/damaged-vehicles/000000000007412979/2010-bmw-116i-hatch?referringPage=SearchResults
Nissan,Serena,2012,No,$0,N/A,," Left Rear Damage, Rear Damage, Structural Damage, Selling De-Registered","Automatic,",8,Hybrid,https://manheim.co.nz/damaged-vehicles/000000000007423064/2012-nissan-serena-station-wagon?referringPage=SearchResults
Ford,Mustang,2016,No,N/A,N/A,," Airbags Deployed, Front Damage, Structural Damage, Selling De-Registered",N/A,4,Petrol,https://manheim.co.nz/damaged-vehicles/000000000007413115/2016-ford-mustang-2-3l-fastback-at-2--coup%C3%A9?referringPage=SearchResults
Nissan,Pulsar,2006,No,$0,N/A,," Rear Damage, Structural Damage, Selling De-Registered",N/A,5,Petrol,https://manheim.co.nz/damaged-vehicles/000000000007423122/2006-nissan-pulsar-1-8-hatch-auto-hatch?referringPage=SearchResults
Mazda,Axela,2006,No,$0,"234,828",," Front Damage, Structural Damage, Selling De-Registered",N/A,5,Petrol,https://manheim.co.nz/damaged-vehicles/000000000007413162/2006-mazda-axela-hatch?referringPage=SearchResults
Toyota,Yaris,2021,No,N/A,"46,212",," Airbags Deployed, Left Side Damage, Airbags Deployed, Underbody Damage, Structural Damage, Selling De-Registered","Automatic,",5,Hybrid,https://manheim.co.nz/damaged-vehicles/000000000007423304/2021-toyota-yaris-cross-hatch?referringPage=SearchResults
Chevrolet,Cruze,2005,No,$0,"170,522",," Left Rear Damage, Structural Damage, Selling De-Registered",N/A,5,Petrol,https://manheim.co.nz/damaged-vehicles/000000000007423306/2005-chevrolet-cruze-hatch?referringPage=SearchResults
Lexus,IS250,2008,No,$0,N/A,," Left Side Damage, Rear Damage, Right Side Damage, Structural Damage, Selling De-Registered","Automatic,",5,Petrol,https://manheim.co.nz/damaged-vehicles/000000000007403398/2008-lexus-is250-sedan?referringPage=SearchResults
Subaru,Impreza,2016,No,$0,N/A,," Right Front Damage, Right Side Damage, Structural Damage, Selling De-Registered",N/A,5,Hybrid,https://manheim.co.nz/damaged-vehicles/000000000007423442/2016-subaru-impreza-hatch?referringPage=SearchResults
Holden,Rodeo 4X4,2003,No,$0,"269,799",," Left Side Damage, Structural Damage, Selling De-Registered",N/A,5,Diesel,https://manheim.co.nz/damaged-vehicles/000000000007423457/2003-holden-rodeo-4x4-crew-p-u-le-3-0l-ds-dual-cab-chassis?referringPage=SearchResults
Toyota,Hilux,2010,No,N/A,"255,692",," Glass Broken, Roof Damage, Structural Damage, Selling De-Registered","Automatic,",5,Diesel,https://manheim.co.nz/damaged-vehicles/000000000007403464/2010-toyota-hilux-3-0td-4wd-sr5-dc-5m-dual-cab-chassis?referringPage=SearchResults
Mitsubishi,ASX,2025,No,N/A,"5,559",," Airbags Deployed, Front Damage, Left Front Damage, Right Front Damage, Airbags Deployed, Structural Damage, Selling De-Registered","CVT,",5,Petrol,https://manheim.co.nz/damaged-vehicles/000000000007413475/2025-mitsubishi-asx-ls-2-0p-cvt-station-wagon?referringPage=SearchResults
Subaru,Impreza,2012,No,$0,N/A,," Front Damage, Structural Damage, Selling De-Registered",N/A,5,Petrol,https://manheim.co.nz/damaged-vehicles/000000000007413507/2012-subaru-impreza-hatch?referringPage=SearchResults
Holden,Colorado,2018,No,N/A,"197,455",," Right Side Damage, Structural Damage, Selling De-Registered","Automatic,",5,Diesel,https://manheim.co.nz/damaged-vehicles/000000000007423717/2018-holden-colorado-ltz-dc-pu-2-8dt-4wd-dual-cab-utility?referringPage=SearchResults
Honda,VTR,1998,No,$0,"904,334",," Light Dmg, Selling De-Registered",N/A,N/A,Petrol,https://manheim.co.nz/damaged-vehicles/000000000007393735/1998-honda-vtr-250-motorcycle?referringPage=SearchResults
Toyota,Hilux,2009,No,N/A,N/A,," Hard Hit, Roof Damage, Structural Damage, Selling De-Registered",N/A,N/A,Diesel,https://manheim.co.nz/damaged-vehicles/000000000007423760/2009-toyota-hilux-3-0tdi-utility?referringPage=SearchResults
Subaru,Impreza,2007,No,$0,"212,407",," Front Damage, Right Side Damage, Structural Damage, Selling De-Registered","Automatic,",5,Petrol,https://manheim.co.nz/damaged-vehicles/000000000007423772/2007-subaru-impreza-hatch?referringPage=SearchResults
Suzuki,Swift,2013,No,$0,"131,058",," Rear Damage, Structural Damage, Selling De-Registered",N/A,5,Petrol,https://manheim.co.nz/damaged-vehicles/000000000007423797/2013-suzuki-swift-hatch?referringPage=SearchResults
Toyota,Aqua,2015,No,$0,N/A,," Left Front Damage, Structural Damage, Selling De-Registered","CVT,",5,Hybrid,https://manheim.co.nz/damaged-vehicles/000000000007423832/2015-toyota-aqua-hatch?referringPage=SearchResults
Land Rover,Defender,2026,No,N/A,"6,697",," Front Damage, Right Side Damage, Structural Damage, Selling De-Registered",N/A,5,Diesel,https://manheim.co.nz/damaged-vehicles/000000000007423842/2026-land-rover-defender-110-d250-s-3-0dt-4w-station-wagon?referringPage=SearchResults
Nissan,Navara,1998,Yes,$0,"578,026",," Left Side Damage, Selling Registered","5spd Manual,",5,Diesel,https://manheim.co.nz/damaged-vehicles/000000000007423869/1998-nissan-navara-2-7d-2wd-d-c-vent-dual-cab-utility?referringPage=SearchResults
Hyundai,Santa FE,2017,No,N/A,"118,838",," Front Damage, Left Front Damage, Left Side Damage, Right Front Damage, Structural Damage, Selling De-Registered","Automatic,",7,Diesel,https://manheim.co.nz/damaged-vehicles/000000000007413929/2017-hyundai-santa-fe-dm-2-2d-elite-station-wagon?referringPage=SearchResults
Ford,Mondeo,2009,No,$0,"246,928",," Front Damage, Airbags Deployed, Structural Damage, Selling De-Registered","Automatic,",5,Diesel,https://manheim.co.nz/damaged-vehicles/000000000007423944/2009-ford-mondeo-wag-2-0td-auto-station-wagon?referringPage=SearchResults
Jeep,Grand Cherokee,2014,No,N/A,N/A,," Engine Damage, Selling De-Registered","8spd,",5,Hybrid,https://manheim.co.nz/damaged-vehicles/000000000007423967/2014-jeep-grand-cherokee-limited-3-0d4wd8a-s-station-wagon?referringPage=SearchResults
Subaru,Impreza,2013,No,$0,"89,354",," Rear Damage, Structural Damage, Selling De-Registered","Automatic,",5,Petrol,https://manheim.co.nz/damaged-vehicles/000000000007423970/2013-subaru-impreza-g4-sedan?referringPage=SearchResults
Skoda,Kodiaq,2022,No,N/A,"57,418",, Selling De-Registered,"Automatic,",7,Diesel,https://manheim.co.nz/damaged-vehicles/000000000007413984/2022-skoda-kodiaq-sportline-tdi-147kw-station-wagon?referringPage=SearchResults
Holden,Trax,2020,No,$0,N/A,," Right Front Damage, Structural Damage, Suspension Damage, Selling De-Registered",N/A,5,Petrol,https://manheim.co.nz/damaged-vehicles/000000000007423990/2020-holden-trax-ltz-1-4p-6at-station-wagon?referringPage=SearchResults
Ford,Ranger,2020,Yes,N/A,"190,309",,N/A,"Automatic,",5,N/A,https://manheim.co.nz/damaged-vehicles/000000000007434003/2020-ford-ranger-fx4-double-cab-w-sa-4d-dual-cab-utility?referringPage=SearchResults
Toyota,Camry,2012,No,$0,"169,280",," Rear Damage, Structural Damage, Selling De-Registered","Automatic,",5,Hybrid,https://manheim.co.nz/damaged-vehicles/000000000007424045/2012-toyota-camry-sedan?referringPage=SearchResults
Ford,Falcon,2015,Yes,N/A,"66,573",," Right Front Damage, Selling Registered",N/A,5,Petrol,https://manheim.co.nz/damaged-vehicles/000000000007424064/2015-ford-falcon-g6e-sedan-auto-4-0p-sedan?referringPage=SearchResults
Mitsubishi,ASX,2026,No,N/A,"14,635",," Right Front Damage, Right Side Damage, Selling De-Registered","CVT,",5,Petrol,https://manheim.co.nz/damaged-vehicles/000000000007414075/2026-mitsubishi-asx-ls-2-0p-cvt-station-wagon?referringPage=SearchResults
Mazda,CX-5,2012,No,$0,"197,191",," Left Side Damage, Structural Damage, Selling De-Registered",N/A,5,Petrol,https://manheim.co.nz/damaged-vehicles/000000000007424087/2012-mazda-cx-5-station-wagon?referringPage=SearchResults
Kawasaki,ex,2025,Yes,$0,"2,883",, Selling Registered,N/A,N/A,Petrol,https://manheim.co.nz/damaged-vehicles/000000000007404173/2025-kawasaki-ex-500g-motorcycle?referringPage=SearchResults
Ford,Falcon,2008,No,$0,"219,261",," Left Side Damage, Rear Damage, Structural Damage, Selling De-Registered",N/A,5,Petrol,https://manheim.co.nz/damaged-vehicles/000000000007424285/2008-ford-falcon-fg-xr6-sedan-a-sedan?referringPage=SearchResults
Honda,fit,2015,No,$0,N/A,," Right Rear Damage, Structural Damage, Selling De-Registered","Automatic,",5,Hybrid,https://manheim.co.nz/damaged-vehicles/000000000007424286/2015-honda-fit-hatch?referringPage=SearchResults
Toyota,Camry,2019,No,N/A,"217,479",," Front Damage, Airbags Deployed, Structural Damage, Selling De-Registered","Automatic,",5,Hybrid,https://manheim.co.nz/damaged-vehicles/000000000007424289/2019-toyota-camry-sx-2-5ph-cvt-sedan?referringPage=SearchResults
Ford,Falcon,2010,No,$0,"85,000",," Left Front Damage, Left Rear Damage, Left Side Damage, Roof Damage, Right Front Damage, Right Rear Damage, Dismantled - Entire Vehicle, Selling De-Registered","Automatic,",5,Petrol,https://manheim.co.nz/damaged-vehicles/000000000007414346/2010-ford-falcon-fg-xr6-sedan-a-sedan?referringPage=SearchResults
Ford,Ranger,2017,No,N/A,N/A,," Left Side Damage, No Keys, Roof Damage, Right Front Damage, Rolled, Right Rear Damage, Right Side Damage, Vandalised - Interior, Airbags Deployed, Underbody Damage, Structural Damage, Selling De-Registered","Manual,",5,Diesel,https://manheim.co.nz/damaged-vehicles/000000000007404358/2017-ford-ranger-xl-double-cab-w-s-3-dual-cab-utility?referringPage=SearchResults
Mitsubishi,Triton,2019,No,N/A,N/A,," Front Damage, Rear Damage, Structural Damage, Selling De-Registered","Automatic,",5,Diesel,https://manheim.co.nz/damaged-vehicles/000000000007424390/2019-mitsubishi-triton-dc-glxr-6at-2-4d-6a-dual-cab-chassis?referringPage=SearchResults
CF Moto,Uforce 600 EPS Veloc,2026,No,$0,N/A,," Chassis Damage, Engine Damage, Structural Damage, Suspension Damage, Selling De-Registered","Automatic,",N/A,N/A,https://manheim.co.nz/damaged-vehicles/000000000007424411/2026-cf-moto-uforce-600-eps-veloc-off-road?referringPage=SearchResults
Toyota,Prius,2019,No,N/A,"96,565",," Front Damage, Structural Damage, Selling De-Registered","CVT,",5,Hybrid,https://manheim.co.nz/damaged-vehicles/000000000007424564/2019-toyota-prius-hatch?referringPage=SearchResults
Honda,Hr-v,2019,No,$0,"99,275",," Front Damage, Structural Damage, Selling De-Registered","Automatic,",5,Petrol,https://manheim.co.nz/damaged-vehicles/000000000007424566/2019-honda-hr-v-active-1-8p-cvt-station-wagon?referringPage=SearchResults
Toyota,Vitz,2008,No,$0,N/A,," Front Damage, Right Front Damage, Structural Damage, Selling De-Registered","Automatic,",5,Petrol,https://manheim.co.nz/damaged-vehicles/000000000007424578/2008-toyota-vitz-hatch?referringPage=SearchResults
Kawasaki,ex,2024,No,$0,"12,959",," Front Damage, Structural Damage, Selling De-Registered","Manual,",N/A,Petrol,https://manheim.co.nz/damaged-vehicles/000000000007424629/2024-kawasaki-ex-650-lams-motorcycle?referringPage=SearchResults
Hyundai,Iload,2016,No,N/A,N/A,," Left Side Damage, Structural Damage, Selling De-Registered","6spd Manual,",3,Diesel,https://manheim.co.nz/damaged-vehicles/000000000007434712/2016-hyundai-iload-2-5-crdi-manual-van?referringPage=SearchResults
Toyota,Auris,2014,No,$0,"80,956",," Front Damage, Structural Damage, Selling De-Registered","Automatic,",5,Petrol,https://manheim.co.nz/damaged-vehicles/000000000007424972/2014-toyota-auris-hatch?referringPage=SearchResults
Toyota,Aqua,2014,No,$0,N/A,," Left Rear Damage, Structural Damage, Selling De-Registered","Automatic,",5,Hybrid,https://manheim.co.nz/damaged-vehicles/000000000007424980/2014-toyota-aqua-hatch?referringPage=SearchResults
Toyota,Prius,2012,No,$0,N/A,," Left Side Damage, Structural Damage, Selling De-Registered","Automatic,",5,Hybrid,https://manheim.co.nz/damaged-vehicles/000000000007425010/2012-toyota-prius-hatch?referringPage=SearchResults
Nissan,Teana,2010,No,$0,"117,065",," Right Side Damage, Structural Damage, Selling De-Registered",N/A,5,Petrol,https://manheim.co.nz/damaged-vehicles/000000000007425019/2010-nissan-teana-sedan?referringPage=SearchResults
Nissan,Fuga,2007,No,$0,N/A,, Selling De-Registered,N/A,5,Petrol,https://manheim.co.nz/damaged-vehicles/000000000007425020/2007-nissan-fuga-sedan?referringPage=SearchResults
Nissan,Primera,2001,Yes,$0,N/A,," Front Damage, Selling Registered","Automatic,",5,Petrol,https://manheim.co.nz/damaged-vehicles/000000000007425026/2001-nissan-primera-2-0-gxe-sedan-auto-sedan?referringPage=SearchResults
Mercedes-Benz,C250,2008,No,$0,N/A,, Selling De-Registered,N/A,5,Petrol,https://manheim.co.nz/damaged-vehicles/000000000007425034/2008-mercedes-benz-c250-sedan?referringPage=SearchResults
Nissan,Tiida,2010,No,$0,"126,030",," Left Side Damage, Structural Damage, Selling De-Registered","Automatic,",5,Petrol,https://manheim.co.nz/damaged-vehicles/000000000007425041/2010-nissan-tiida-1-8-petrol-hatch-st-hatch?referringPage=SearchResults
Kia,Optima,2019,No,$0,"60,506",," Front Damage, Structural Damage, Selling De-Registered",N/A,5,Petrol,https://manheim.co.nz/damaged-vehicles/000000000007425048/2019-kia-optima-gt-2-0pt-6at-sedan?referringPage=SearchResults
Honda,Elysion,2004,No,$0,N/A,, Selling De-Registered,N/A,8,Petrol,https://manheim.co.nz/damaged-vehicles/000000000007425052/2004-honda-elysion-station-wagon?referringPage=SearchResults
Mitsubishi,ASX,2022,No,N/A,N/A,," Front Damage, Right Side Damage, Structural Damage, Selling De-Registered","Automatic,",5,Petrol,https://manheim.co.nz/damaged-vehicles/000000000007395091/2022-mitsubishi-asx-ls-2-0p-cvt-station-wagon?referringPage=SearchResults
Mitsubishi,Triton,2021,No,N/A,"70,549",," Front Damage, Right Rear Damage, Structural Damage, Selling De-Registered",N/A,5,Diesel,https://manheim.co.nz/damaged-vehicles/000000000007435112/2021-mitsubishi-triton-dc-glxr-6at-2-4d-4w-dual-cab-utility?referringPage=SearchResults
Holden,Captiva,2010,Yes,N/A,"161,174",, Selling Registered,"5spd Manual,",5,Petrol,https://manheim.co.nz/damaged-vehicles/000000000007415141/2010-holden-captiva-5-2-4l-fwd-mt-station-wagon?referringPage=SearchResults
Mazda,CX-5,2017,No,$0,1,," Front Damage, Structural Damage, Selling De-Registered",N/A,5,Diesel,https://manheim.co.nz/damaged-vehicles/000000000007425188/2017-mazda-cx-5-gsx-dsl-2-2d-4wd-6a-station-wagon?referringPage=SearchResults
Toyota,Regius,2018,No,N/A,"193,772",," Front Damage, Structural Damage, Selling De-Registered","Automatic,",3,Diesel,https://manheim.co.nz/damaged-vehicles/000000000007405302/2018-toyota-regius-ace-van?referringPage=SearchResults
Lexus,IS250,2014,No,$0,"117,267",," Left Front Damage, Structural Damage, Selling De-Registered","Automatic,",5,Petrol,https://manheim.co.nz/damaged-vehicles/000000000007425341/2014-lexus-is250-sedan?referringPage=SearchResults
BMW,316i,2014,No,$0,"126,191",," Rear Damage, Structural Damage, Selling De-Registered","Automatic,",5,Petrol,https://manheim.co.nz/damaged-vehicles/000000000007425344/2014-bmw-316i-1-6-sedan?referringPage=SearchResults
Toyota,Corolla,2005,No,$0,"101,189",," Water Damage, Selling De-Registered","Automatic,",5,Petrol,https://manheim.co.nz/damaged-vehicles/000000000007425349/2005-toyota-corolla-1-8p-gl-hatch5-4a-hatch?referringPage=SearchResults
Nissan,Elgrand,1998,No,$0,N/A,," Front Damage, Right Side Damage, Structural Damage, Selling De-Registered",N/A,8,Diesel,https://manheim.co.nz/damaged-vehicles/000000000007425357/1998-nissan-elgrand-homy-van?referringPage=SearchResults
Toyota,Wish,2010,No,$0,"66,433",," Front Damage, Left Front Damage, Right Front Damage, Structural Damage, Selling De-Registered","Automatic,",7,Petrol,https://manheim.co.nz/damaged-vehicles/000000000007425359/2010-toyota-wish-station-wagon?referringPage=SearchResults
Subaru,Impreza,2007,No,$0,"239,409",, Selling De-Registered,"5spd Automatic,",5,Petrol,https://manheim.co.nz/damaged-vehicles/000000000007425378/2007-subaru-impreza-station-wagon?referringPage=SearchResults
Jeep,Wrangler,2017,No,N/A,"64,000",," Ignition Damage, Vandalised - Interior, Structural Damage, Vandalized Interior Slashed, Selling De-Registered",N/A,5,Petrol,https://manheim.co.nz/damaged-vehicles/000000000007415370/2017-jeep-wrangler-sport-unlimited-3-6-station-wagon?referringPage=SearchResults
Toyota,Ractis,2005,No,$0,"190,479",," Right Rear Damage, Right Side Damage, Structural Damage, Selling De-Registered","Automatic,",5,Petrol,https://manheim.co.nz/damaged-vehicles/000000000007425382/2005-toyota-ractis-station-wagon?referringPage=SearchResults
Holden,Colorado,2019,No,N/A,"143,601",," Front Damage, Right Front Damage, Structural Damage, Selling De-Registered","Automatic,",5,Diesel,https://manheim.co.nz/damaged-vehicles/000000000007425437/2019-holden-colorado-ls-dc-pu-2-8d-6at-utility?referringPage=SearchResults
Hyundai,Tucson,2009,No,$0,1,," Right Front Damage, Right Side Damage, Structural Damage, Selling De-Registered",N/A,5,Diesel,https://manheim.co.nz/damaged-vehicles/000000000007425438/2009-hyundai-tucson-2-0d-4wd-elite-m6su-station-wagon?referringPage=SearchResults
Toyota,Prius,2010,No,$0,N/A,," Front Damage, Structural Damage, Selling De-Registered","Automatic,",5,Hybrid,https://manheim.co.nz/damaged-vehicles/000000000007425440/2010-toyota-prius-hatch?referringPage=SearchResults
Yamaha,JOG CV50,2009,Yes,$0,"16,241",," Front Damage, Selling Registered","Automatic,",N/A,Petrol,https://manheim.co.nz/damaged-vehicles/000000000007425498/2009-yamaha-jog-cv50-scooter?referringPage=SearchResults
Nissan,X-trail,2022,No,N/A,N/A,," Rolled, Structural Damage, Selling De-Registered","Automatic,",5,Petrol,https://manheim.co.nz/damaged-vehicles/000000000007415531/2022-nissan-x-trail-st-2-5p-4wd-6cvt-station-wagon?referringPage=SearchResults
LDV,V80,2015,No,$0,N/A,," Front Damage, Left Side Damage, Right Side Damage, Airbags Deployed, Structural Damage, Selling De-Registered","Automatic,",3,Diesel,https://manheim.co.nz/damaged-vehicles/000000000007425673/2015-ldv-v80-lwbhr-2-5d-5mt-lv-5-van?referringPage=SearchResults
Nissan,Vanette,2014,No,$0,N/A,," Rear Damage, Structural Damage, Selling De-Registered","Automatic,",2,Petrol,https://manheim.co.nz/damaged-vehicles/000000000007425678/2014-nissan-vanette-nv200-van?referringPage=SearchResults
Toyota,RAV4,2017,No,N/A,N/A,," Airbags Deployed, Front Damage, Airbags Deployed, Structural Damage, Selling De-Registered","Automatic,",5,Petrol,https://manheim.co.nz/damaged-vehicles/000000000007425687/2017-toyota-rav4-gxl-suv-2-5p-4wd-6a-station-wagon?referringPage=SearchResults
LDV,V80,2020,No,N/A,N/A,," Front Damage, Left Front Damage, Left Rear Damage, Left Side Damage, Right Front Damage, Right Rear Damage, Right Side Damage, Structural Damage, Selling De-Registered","Automatic,",3,Diesel,https://manheim.co.nz/damaged-vehicles/000000000007415694/2020-ldv-v80-bigger-amt-2-5d-6am-van?referringPage=SearchResults
Kia,Niro,2025,No,N/A,N/A,," Front Damage, Airbags Deployed, Structural Damage, Selling De-Registered","Automatic,",5,Hybrid,https://manheim.co.nz/damaged-vehicles/000000000007425712/2025-kia-niro-water-1-6ph-6am-station-wagon?referringPage=SearchResults
Toyota,Corolla,2001,No,$0,N/A,," Left Front Damage, Structural Damage, Selling De-Registered",N/A,5,Petrol,https://manheim.co.nz/damaged-vehicles/000000000007425728/2001-toyota-corolla-1-6p-xl-hatch-4a-hatch?referringPage=SearchResults
Hyundai,I30,2019,No,N/A,N/A,," Front Damage, Rear Damage, Structural Damage, Selling De-Registered",N/A,5,Petrol,https://manheim.co.nz/damaged-vehicles/000000000007425729/2019-hyundai-i30-pd-i30-n-2-0t-2-0p-hatch?referringPage=SearchResults
Honda,Civic,2005,No,$0,N/A,," Left Front Damage, Left Rear Damage, Rear Damage, Structural Damage, Selling De-Registered","Automatic,",5,Petrol,https://manheim.co.nz/damaged-vehicles/000000000007425746/2005-honda-civic-ferio-sedan?referringPage=SearchResults
Toyota,Ipsum,2005,No,$0,N/A,," Front Damage, Selling De-Registered","Automatic,",7,Petrol,https://manheim.co.nz/damaged-vehicles/000000000007425761/2005-toyota-ipsum-station-wagon?referringPage=SearchResults
Honda,CBR,2019,No,$0,"16,261",," Front Damage, Right Side Damage, Structural Damage, Selling De-Registered","Automatic,",N/A,Petrol,https://manheim.co.nz/damaged-vehicles/000000000007405771/2019-honda-cbr-500-p-motorcycle?referringPage=SearchResults
Toyota,Fortuner,2016,No,N/A,"146,871",," Chassis Damage, Left Side Damage, Structural Damage, Selling De-Registered","Automatic,",7,Diesel,https://manheim.co.nz/damaged-vehicles/000000000007405820/2016-toyota-fortuner-gxl-2-8d-4wd-6at-sw-station-wagon?referringPage=SearchResults
Mercedes-Benz,ML,2009,No,$0,N/A,," Right Front Damage, Structural Damage, Selling De-Registered","Automatic,",5,Petrol,https://manheim.co.nz/damaged-vehicles/000000000007425823/2009-mercedes-benz-ml-550-4matic-station-wagon?referringPage=SearchResults
Holden,Calais,1992,No,$0,"171,364",," Front Damage, Structural Damage, Selling De-Registered","Automatic,",5,Petrol,https://manheim.co.nz/damaged-vehicles/000000000007425824/1992-holden-calais-sedan?referringPage=SearchResults
Toyota,Prius,2012,No,$0,"354,502",," Left Front Damage, Rear Damage, Right Side Damage, Structural Damage, Selling De-Registered","4spd Automatic,",5,Hybrid,https://manheim.co.nz/damaged-vehicles/000000000007415890/2012-toyota-prius-hatch?referringPage=SearchResults
Nissan,Dualis,2007,No,$0,"310,009",," Front Damage, Structural Damage, Accident Damage, Selling De-Registered",N/A,N/A,Petrol,https://manheim.co.nz/damaged-vehicles/000000000007425983/2007-nissan-dualis-station-wagon?referringPage=SearchResults
Toyota,Yaris,2013,No,$0,N/A,," Left Side Damage, Right Front Damage, Right Rear Damage, Right Side Damage, Structural Damage, Selling De-Registered","Automatic,",5,Petrol,https://manheim.co.nz/damaged-vehicles/000000000007426004/2013-toyota-yaris-yr-1-3p-hatch5-4a-hatch?referringPage=SearchResults
Holden,Commodore,2007,Yes,N/A,"172,681",," Engine Damage, Front Damage, Selling Registered","Automatic,",5,Petrol,https://manheim.co.nz/damaged-vehicles/000000000007416003/2007-holden-commodore-ss-sedan-auto-sedan?referringPage=SearchResults
Holden,Rodeo 4X2,2004,No,$0,N/A,," Water Damage, Selling De-Registered",N/A,5,Diesel,https://manheim.co.nz/damaged-vehicles/000000000007426052/2004-holden-rodeo-4x2-lt-crew-pu-3l-man-dual-cab-chassis?referringPage=SearchResults
Toyota,Hiace,2005,No,N/A,N/A,," Left Side Damage, Right Side Damage, Structural Damage, Selling De-Registered","Automatic,",3,Petrol,https://manheim.co.nz/damaged-vehicles/000000000007426074/2005-toyota-hiace-van?referringPage=SearchResults
Toyota,Hiace,2010,No,N/A,N/A,," Right Rear Damage, Structural Damage, Selling De-Registered","Automatic,",3,Petrol,https://manheim.co.nz/damaged-vehicles/000000000007426091/2010-toyota-hiace-van?referringPage=SearchResults
Ford,Transit,2023,No,N/A,"148,218",," Roof Damage, Structural Damage, Selling De-Registered","Automatic,",9,Diesel,https://manheim.co.nz/damaged-vehicles/000000000007416094/2023-ford-transit-tourneo-trend-2-0d-van?referringPage=SearchResults
Honda,fit,2006,No,$0,N/A,," Left Rear Damage, Right Front Damage, Structural Damage, Selling De-Registered","Automatic,",5,Petrol,https://manheim.co.nz/damaged-vehicles/000000000007426112/2006-honda-fit-hatch?referringPage=SearchResults
Hyundai,I40,2014,No,$0,N/A,," Rear Damage, Structural Damage, Selling De-Registered","Automatic,",5,Diesel,https://manheim.co.nz/damaged-vehicles/000000000007426151/2014-hyundai-i40-wagon-1-7-crdi-station-wagon?referringPage=SearchResults
Mazda,Axela,2010,No,$0,"236,854",," Left Front Damage, Left Rear Damage, Left Side Damage, Structural Damage, Suspension Damage, Selling De-Registered","Automatic,",5,Petrol,https://manheim.co.nz/damaged-vehicles/000000000007426152/2010-mazda-axela-hatch?referringPage=SearchResults
CF Moto,300sr,2023,No,$0,1,," Right Side Damage, Structural Damage, Selling De-Registered","Automatic,",N/A,Petrol,https://manheim.co.nz/damaged-vehicles/000000000007426156/2023-cfmoto-300sr-motorcycle?referringPage=SearchResults
Mercedes-Benz,C63,2017,No,N/A,N/A,," Chassis Damage, Left Front Damage, Structural Damage, Suspension Damage, Selling De-Registered","Automatic,",5,Petrol,https://manheim.co.nz/damaged-vehicles/000000000007416183/2017-mercedes-benz-c63-s-sedan?referringPage=SearchResults
Mazda,Axela,2011,No,$0,N/A,," Front Damage, Left Front Damage, Left Side Damage, Structural Damage, Selling De-Registered","Automatic,",5,Petrol,https://manheim.co.nz/damaged-vehicles/000000000007426194/2011-mazda-axela-hatch?referringPage=SearchResults
Nissan,Tiida,2006,Yes,$0,N/A,," Ignition Damage, Left Front Damage, Right Side Damage, Vandalised - Interior, Stolen & Recovered, Selling Registered","Automatic,",5,Petrol,https://manheim.co.nz/damaged-vehicles/000000000007426213/2006-nissan-tiida-hatch?referringPage=SearchResults
Ford,Courier 4X4,1987,Yes,$0,"276,330",," Interior Damage, Ignition Damage, Right Side Damage, Stolen & Recovered, Selling Registered",N/A,2,Petrol,https://manheim.co.nz/damaged-vehicles/000000000007426232/1987-ford-courier-4x4-x-cab-utility?referringPage=SearchResults
Subaru,XV,2015,No,$0,"207,262",," Front Damage, Structural Damage, Selling De-Registered","Automatic,",5,Petrol,https://manheim.co.nz/damaged-vehicles/000000000007416263/2015-subaru-xv-station-wagon?referringPage=SearchResults
Toyota,Prius,2010,No,$0,"325,347",," Right Rear Damage, Right Side Damage, Structural Damage, Selling De-Registered","Automatic,",5,Hybrid,https://manheim.co.nz/damaged-vehicles/000000000007416280/2010-toyota-prius-hatch?referringPage=SearchResults
Ford,Fiesta,2009,No,$0,"122,703",," Left Front Damage, Right Rear Damage, Selling De-Registered","5spd Manual,",5,Petrol,https://manheim.co.nz/damaged-vehicles/000000000007386294/2009-ford-fiesta-5dr-1-6-m-s-hatch?referringPage=SearchResults
Nissan,Bluebird,2008,No,$0,N/A,," Left Side Damage, Structural Damage, Selling De-Registered","Automatic,",5,Petrol,https://manheim.co.nz/damaged-vehicles/000000000007426307/2008-nissan-bluebird-sylphy-sedan?referringPage=SearchResults
Ford,Ecosport,2014,No,$0,"141,548",," Left Front Damage, Right Front Damage, Selling De-Registered","Automatic,",5,Petrol,https://manheim.co.nz/damaged-vehicles/000000000007386341/2014-ford-ecosport-trend-1-5p-6at-sw-5-station-wagon?referringPage=SearchResults
Ford,Territory,2006,Yes,$0,"270,486",," Left Rear Damage, Right Rear Damage, Right Side Damage, Stolen & Recovered, Selling Registered","Automatic,",7,Petrol,https://manheim.co.nz/damaged-vehicles/000000000007426356/2006-ford-territory-sy-territory-ts-awd-station-wagon?referringPage=SearchResults
Mitsubishi,Mirage,2015,No,$0,"103,865",," Rear Damage, Structural Damage, Selling De-Registered","5spd Automatic,",5,Petrol,https://manheim.co.nz/damaged-vehicles/000000000007426379/2015-mitsubishi-mirage-xls-1-2p-cvt-ha-5dr-hatch?referringPage=SearchResults
Nissan,Tiida,2005,No,$0,N/A,," Ignition Damage, Vandalised - Interior, Stolen & Recovered, Selling De-Registered","Automatic,",5,Petrol,https://manheim.co.nz/damaged-vehicles/000000000007426385/2005-nissan-tiida-hatch?referringPage=SearchResults
Nissan,Tiida,2008,Yes,$0,N/A,," Ignition Damage, Right Side Damage, Stolen & Recovered, Selling Registered","Automatic,",5,Petrol,https://manheim.co.nz/damaged-vehicles/000000000007426392/2008-nissan-tiida-hatch?referringPage=SearchResults
Toyota,Yaris,2016,No,$0,"218,877",," Right Rear Damage, Structural Damage, Selling De-Registered","4spd Automatic,",5,Petrol,https://manheim.co.nz/damaged-vehicles/000000000007426397/2016-toyota-yaris-gx-1-3p-4at-hatch?referringPage=SearchResults
Subaru,Outback,2006,No,$0,"224,162",," Rear Damage, Structural Damage, Selling De-Registered",N/A,5,Petrol,https://manheim.co.nz/damaged-vehicles/000000000007426400/2006-subaru-outback-station-wagon?referringPage=SearchResults
Subaru,Impreza,2013,No,$0,"116,422",," Underbody Damage, Structural Damage, Selling De-Registered","Automatic,",5,Petrol,https://manheim.co.nz/damaged-vehicles/000000000007426423/2013-subaru-impreza-hatch?referringPage=SearchResults
Toyota,Aqua,2013,No,$0,N/A,," Front Damage, Rear Damage, Structural Damage, Selling De-Registered","Automatic,",5,Hybrid,https://manheim.co.nz/damaged-vehicles/000000000007416429/2013-toyota-aqua-hatch?referringPage=SearchResults
Mazda,Demio,2008,Yes,$0,"136,862",," Left Side Damage, Right Side Damage, Dismantled - Interior, Stolen & Recovered, Selling Registered","Automatic,",5,Petrol,https://manheim.co.nz/damaged-vehicles/000000000007406439/2008-mazda-demio-hatch?referringPage=SearchResults
TRAILER,Elite 7X4,2014,No,"$1,200",N/A,0," Structural Damage, Selling De-Registered",N/A,N/A,N/A,https://manheim.co.nz/damaged-vehicles/000000000007426434/2014-trailer-elite-7x4-box-body-trailer?referringPage=SearchResults
Toyota,Hiace,2015,No,N/A,"589,031",," Front Damage, Right Rear Damage, Structural Damage, Selling De-Registered","5spd Manual,",2,Diesel,https://manheim.co.nz/damaged-vehicles/000000000007426445/2015-toyota-hiace-zl-td-3-0d-5mt-lv-5-van?referringPage=SearchResults
Toyota,Corolla,2007,No,$0,"182,282",," Right Side Damage, Structural Damage, Selling De-Registered","5spd Manual,",5,Petrol,https://manheim.co.nz/damaged-vehicles/000000000007426448/2007-toyota-corolla-1-8p-gx-hatch-5-6m-hatch?referringPage=SearchResults
Toyota,Echo,2001,Yes,$0,"166,850",, Selling Registered,"5spd Manual,",5,Petrol,https://manheim.co.nz/damaged-vehicles/000000000007416443/2001-toyota-echo-1-3-p-hatch-5-5m-hatch?referringPage=SearchResults
Mitsubishi,Triton,2022,No,N/A,N/A,," Right Side Damage, Airbags Deployed, Structural Damage, Selling De-Registered","Automatic,",4,Diesel,https://manheim.co.nz/damaged-vehicles/000000000007416459/2022-mitsubishi-triton-cc-c-glx-4wd-6at-2--utility?referringPage=SearchResults
Mazda,Atenza,2009,No,$0,"120,970",," Front Damage, Light Dmg, Structural Damage, Selling De-Registered","Automatic,",5,Petrol,https://manheim.co.nz/damaged-vehicles/000000000007426469/2009-mazda-atenza-station-wagon?referringPage=SearchResults
Hyundai,Lavita,2006,No,$0,N/A,," Right Front Damage, Structural Damage, Selling De-Registered",N/A,5,Petrol,https://manheim.co.nz/damaged-vehicles/000000000007426475/2006-hyundai-lavita-1-8-gls-5d-a4-hatch?referringPage=SearchResults
Volkswagen,Polo,2017,No,$0,"38,968",," Airbags Deployed, Chassis Damage, Front Damage, Left Front Damage, Left Side Damage, Structural Damage, Suspension Damage, Selling De-Registered","Automatic,",5,Petrol,https://manheim.co.nz/damaged-vehicles/000000000007426476/2017-volkswagen-polo-tsi-66kw-hl-1-2p-7a-hatch?referringPage=SearchResults
Honda,VTR,2003,Yes,$0,"68,137",," Stolen & Recovered, Selling Registered",N/A,N/A,Petrol,https://manheim.co.nz/damaged-vehicles/000000000007426479/2003-honda-vtr-250-quad-bike?referringPage=SearchResults
Toyota,Prado,2007,No,N/A,"184,648",," Structural Damage, Selling De-Registered","6spd Automatic,",8,Petrol,https://manheim.co.nz/damaged-vehicles/000000000007426486/2007-toyota-prado-station-wagon?referringPage=SearchResults
CARAVAN,Oxford,1978,No,$200,N/A,0," Left Side Damage, Roof Damage, Structural Damage, Selling De-Registered",N/A,N/A,N/A,https://manheim.co.nz/damaged-vehicles/000000000007396482/1978-caravan-oxford-caravan?referringPage=SearchResults
Toyota,Fielder,2005,No,$0,N/A,," Front Damage, Structural Damage, Selling De-Registered","Automatic,",5,Petrol,https://manheim.co.nz/damaged-vehicles/000000000007396500/2005-toyota-fielder-station-wagon?referringPage=SearchResults
Lexus,SC430,2007,No,$0,"99,377",," Front Damage, Structural Damage, Selling De-Registered",N/A,4,Petrol,https://manheim.co.nz/damaged-vehicles/000000000007426505/2007-lexus-sc430-coup%C3%A9?referringPage=SearchResults
Toyota,Alphard,2007,No,$0,N/A,," Rear Damage, Structural Damage, Selling De-Registered","Automatic,",8,Petrol,https://manheim.co.nz/damaged-vehicles/000000000007426512/2007-toyota-alphard-hatch?referringPage=SearchResults
Ford,Mondeo,2010,No,$0,"183,818",," Right Front Damage, Structural Damage, Suspension Damage, Selling De-Registered","4spd Automatic,",5,Petrol,https://manheim.co.nz/damaged-vehicles/000000000007326555/2010-ford-mondeo-2-3-sedan-aut-sedan?referringPage=SearchResults
Nissan,Leaf,2017,No,$0,N/A,," Right Front Damage, Structural Damage, Selling De-Registered","Automatic, Fuel Type, Electri",5,Electric,https://manheim.co.nz/damaged-vehicles/000000000007416584/2017-nissan-leaf-hatch?referringPage=SearchResults
Ford,Fiesta,2018,No,$0,"61,275",," Front Damage, Interior Damage, Airbags Deployed, Structural Damage, Selling De-Registered","Automatic,",5,Petrol,https://manheim.co.nz/damaged-vehicles/000000000007416615/2018-ford-fiesta-trend-1-5p-6at-ha-5-hatch?referringPage=SearchResults
Holden,Colorado,2011,No,$0,"476,000",," Front Damage, Airbags Deployed, Structural Damage, Selling De-Registered","4spd Automatic,",5,Diesel,https://manheim.co.nz/damaged-vehicles/000000000007426701/2011-holden-colorado-4x2-lt-crw-pu-dsl-a-dual-cab-utility?referringPage=SearchResults
Toyota,C-hr,2019,No,N/A,"69,358",," Rear Damage, Structural Damage, Selling De-Registered","Automatic,",5,Petrol,https://manheim.co.nz/damaged-vehicles/000000000007426705/2019-toyota-c-hr-1-2pt-4wd-cvt-station-wagon?referringPage=SearchResults
Mazda,Demio,2009,No,$0,N/A,," Rear Damage, Structural Damage, Selling De-Registered","Automatic,",5,Petrol,https://manheim.co.nz/damaged-vehicles/000000000007426728/2009-mazda-demio-hatch?referringPage=SearchResults
Mazda,Demio,2005,No,$0,"224,719",," Right Front Damage, Structural Damage, Selling De-Registered","Automatic,",5,Petrol,https://manheim.co.nz/damaged-vehicles/000000000007426743/2005-mazda-demio-hatch?referringPage=SearchResults
Honda,Stream,2008,No,$0,"114,895",," Front Damage, Structural Damage, Selling De-Registered","Automatic,",7,Petrol,https://manheim.co.nz/damaged-vehicles/000000000007426745/2008-honda-stream-station-wagon?referringPage=SearchResults
Mitsubishi,Eclipse Cross,2019,No,$0,N/A,," Airbags Deployed, Left Front Damage, Left Side Damage, Airbags Deployed, Structural Damage, Selling De-Registered","Automatic,",5,Petrol,https://manheim.co.nz/damaged-vehicles/000000000007426746/2019-mitsubishi-eclipse-cross-xls-1-5p-8cvt-station-wagon?referringPage=SearchResults
BMW,3 Series,2018,No,N/A,N/A,," Front Damage, Structural Damage, Selling De-Registered","Automatic,",5,Diesel,https://manheim.co.nz/damaged-vehicles/000000000007426748/2018-bmw-3-series-320d-2-0d-4wd-8at-s-touring?referringPage=SearchResults
Nissan,Serena,2016,No,$0,N/A,," Front Damage, Structural Damage, Selling De-Registered","Automatic,",8,Petrol,https://manheim.co.nz/damaged-vehicles/000000000007426749/2016-nissan-serena-station-wagon?referringPage=SearchResults
Ford,Escape,2023,No,N/A,"134,239",," Interior Damage, Right Front Damage, Water Damage, Selling De-Registered","Automatic,",5,Hybrid,https://manheim.co.nz/damaged-vehicles/000000000007426773/2023-ford-escape-st-line-fhev-2-5ph-station-wagon?referringPage=SearchResults
Suzuki,Swift,2009,No,$0,"101,597",," Left Rear Damage, Right Front Damage, Structural Damage, Selling De-Registered","Automatic,",5,Petrol,https://manheim.co.nz/damaged-vehicles/000000000007426777/2009-suzuki-swift-hatch?referringPage=SearchResults
Ford,Focus,2012,No,$0,"149,171",," Left Rear Damage, Selling De-Registered","Automatic,",5,Diesel,https://manheim.co.nz/damaged-vehicles/000000000007386780/2012-ford-focus-trend-2-0-w-diesel-station-wagon?referringPage=SearchResults
Toyota,Aqua,2013,No,$0,N/A,," Left Front Damage, Left Side Damage, Right Side Damage, Structural Damage, Suspension Damage, Selling De-Registered","Automatic,",5,Hybrid,https://manheim.co.nz/damaged-vehicles/000000000007426825/2013-toyota-aqua-hatch?referringPage=SearchResults
Toyota,Wish,2010,No,$0,N/A,," Left Front Damage, Structural Damage, Suspension Damage, Selling De-Registered","Automatic,",7,Petrol,https://manheim.co.nz/damaged-vehicles/000000000007426826/2010-toyota-wish-station-wagon?referringPage=SearchResults
Holden,Cruze,2013,No,$0,"133,500",," Left Front Damage, Right Front Damage, Dismantled - Interior, Selling De-Registered","Automatic,",5,Petrol,https://manheim.co.nz/damaged-vehicles/000000000007386831/2013-holden-cruze-cdx-sdn-1-8-at-sedan?referringPage=SearchResults
Toyota,Aqua,2014,No,$0,N/A,," Front Damage, Structural Damage, Selling De-Registered",N/A,5,Hybrid,https://manheim.co.nz/damaged-vehicles/000000000007406888/2014-toyota-aqua-hybrid-hatch?referringPage=SearchResults
Suzuki,VL250,2007,No,$0,N/A,," Left Side Damage, Right Front Damage, Right Side Damage, Structural Damage, Selling De-Registered","Automatic,",N/A,Petrol,https://manheim.co.nz/damaged-vehicles/000000000007406893/2007-suzuki-vl250-intruder-250lc-motorcycle?referringPage=SearchResults
Holden,Colorado,2012,No,$0,"362,364",," Front Damage, Structural Damage, Selling De-Registered","Automatic,",8,Diesel,https://manheim.co.nz/damaged-vehicles/000000000007406899/2012-holden-colorado-4x4-dx-rc-cc-2-8-mt-utility?referringPage=SearchResults
TNT MOTOR,Roma,2021,No,$0,"9,440",," Left Rear Damage, Selling De-Registered",N/A,N/A,Petrol,https://manheim.co.nz/damaged-vehicles/000000000007416939/2021-tnt-motor-roma-2t-scooter?referringPage=SearchResults
Mazda,Biante,2010,No,$0,N/A,, Selling De-Registered,"Automatic,",8,Petrol,https://manheim.co.nz/damaged-vehicles/000000000007406955/2010-mazda-biante-station-wagon?referringPage=SearchResults
Subaru,Impreza,2012,No,$0,"71,668",," Right Side Damage, Structural Damage, Selling De-Registered","Automatic,",5,Petrol,https://manheim.co.nz/damaged-vehicles/000000000007426956/2012-subaru-impreza-sports-station-wagon?referringPage=SearchResults
Mazda,Demio,2015,No,N/A,N/A,, Selling De-Registered,"Automatic,",5,Petrol,https://manheim.co.nz/damaged-vehicles/000000000007406973/2015-mazda-demio-skyactiv-hatch?referringPage=SearchResults
Kawasaki,ex,2020,Yes,$0,1,," Stolen & Recovered, Selling Registered","Automatic,",N/A,Petrol,https://manheim.co.nz/damaged-vehicles/000000000007427037/2020-kawasaki-ex-400-motorcycle?referringPage=SearchResults
Honda,Jazz,2005,No,$0,N/A,," Front Damage, Structural Damage, Selling De-Registered","Automatic,",5,Petrol,https://manheim.co.nz/damaged-vehicles/000000000007427046/2005-honda-jazz-1-3i-5d-cvt-hatch-hatch?referringPage=SearchResults
Nissan,March,2007,Yes,$0,"125,610",," Front Damage, Right Rear Damage, Selling Registered","Automatic,",5,Petrol,https://manheim.co.nz/damaged-vehicles/000000000007427052/2007-nissan-march-hatch?referringPage=SearchResults
Toyota,RAV4,2006,No,$0,N/A,," Interior Damage, Water Damage, Selling De-Registered","Automatic,",5,Petrol,https://manheim.co.nz/damaged-vehicles/000000000007427073/2006-toyota-rav4-station-wagon?referringPage=SearchResults
Toyota,Prius,2014,No,$0,"170,964",," Rear Damage, Structural Damage, Selling De-Registered","Automatic,",5,Hybrid,https://manheim.co.nz/damaged-vehicles/000000000007427085/2014-toyota-prius-hatch?referringPage=SearchResults
Nissan,Bluebird,2006,No,$0,N/A,," Rear Damage, Structural Damage, Selling De-Registered","Automatic,",5,Petrol,https://manheim.co.nz/damaged-vehicles/000000000007427095/2006-nissan-bluebird-sylphy-sedan?referringPage=SearchResults
Mazda,CX-5,2013,No,$0,N/A,," Fire Damage, Fire - Entire Vehicle, Structural Damage, Stolen & Recovered, Selling De-Registered","Automatic,",5,Diesel,https://manheim.co.nz/damaged-vehicles/000000000007427106/2013-mazda-cx-5-station-wagon?referringPage=SearchResults
Mazda,Axela,2011,No,$0,"86,629",," Right Front Damage, Structural Damage, Suspension Damage, Selling De-Registered","Automatic,",5,Petrol,https://manheim.co.nz/damaged-vehicles/000000000007427127/2011-mazda-axela-sedan?referringPage=SearchResults
TNT MOTOR,Roma,2022,No,$0,"9,555",," Front Damage, Structural Damage, Selling De-Registered","Automatic,",N/A,Petrol,https://manheim.co.nz/damaged-vehicles/000000000007417121/2022-tnt-motor-roma-2t-scooter?referringPage=SearchResults
Kia,Cerato,2006,No,$0,"142,634",," Right Rear Damage, Structural Damage, Selling De-Registered","4spd Automatic,",5,Petrol,https://manheim.co.nz/damaged-vehicles/000000000007427134/2006-kia-cerato-2-0-auto-hatch-hatch?referringPage=SearchResults
Subaru,Forester,2007,No,$0,"312,016",," Front Damage, Glass Broken, Left Front Damage, Structural Damage, Selling De-Registered","Automatic,",5,Petrol,https://manheim.co.nz/damaged-vehicles/000000000007427160/2007-subaru-forester-station-wagon?referringPage=SearchResults
Mercedes-Benz,C200,2011,No,$0,N/A,," Front Damage, Structural Damage, Selling De-Registered","Automatic,",5,Petrol,https://manheim.co.nz/damaged-vehicles/000000000007427163/2011-mercedes-benz-c200-sedan?referringPage=SearchResults
Toyota,Corolla,2007,No,$0,"234,496",," Front Damage, Rear Damage, Rolled, Structural Damage, Selling De-Registered","Automatic,",5,Petrol,https://manheim.co.nz/damaged-vehicles/000000000007427167/2007-toyota-corolla-1-8p-gx-hatch-5-4a-hatch?referringPage=SearchResults
Suzuki,SV650,2023,No,$0,1,," Rear Damage, Structural Damage, Selling De-Registered","Automatic,",N/A,Petrol,https://manheim.co.nz/damaged-vehicles/000000000007417184/2023-suzuki-sv650-am3-abs-motorcycle?referringPage=SearchResults
Toyota,IST,2003,No,$0,"234,436",," Front Damage, Structural Damage, Selling De-Registered","Automatic,",5,Petrol,https://manheim.co.nz/damaged-vehicles/000000000007427192/2003-toyota-ist-hatch?referringPage=SearchResults
Mercedes-Benz,Vito,2023,No,N/A,N/A,," Front Damage, Left Side Damage, Roof Damage, Right Side Damage, Airbags Deployed, Dismantled - Interior, Structural Damage, Selling De-Registered","Manual,",2,Diesel,https://manheim.co.nz/damaged-vehicles/000000000007397223/2023-mercedes-benz-vito-109-vito-lwb-fl-au-panel-van?referringPage=SearchResults
Holden,Commodore,2018,No,$0,N/A,," Left Front Damage, Right Front Damage, Airbags Deployed, Selling De-Registered","Automatic,",5,Petrol,https://manheim.co.nz/damaged-vehicles/000000000007407282/2018-holden-commodore-rs-2-0pt-9at-sedan?referringPage=SearchResults
Ford,Mondeo,2009,No,$0,N/A,," Left Front Damage, Left Rear Damage, Selling De-Registered","Automatic,",5,Petrol,https://manheim.co.nz/damaged-vehicles/000000000007407302/2009-ford-mondeo-2-3-sedan-aut-sedan?referringPage=SearchResults
Honda,Accord,2013,No,$0,N/A,," Left Front Damage, Right Side Damage, Structural Damage, Selling De-Registered",N/A,5,Hybrid,https://manheim.co.nz/damaged-vehicles/000000000007427307/2013-honda-accord-hybrid-sedan?referringPage=SearchResults
Holden,Barina,2018,No,$0,"72,587",," Front Damage, Airbags Deployed, Structural Damage, Selling De-Registered","Automatic,",5,Petrol,https://manheim.co.nz/damaged-vehicles/000000000007427308/2018-holden-barina-lt-1-6p-6at-hatch?referringPage=SearchResults
Daihatsu,Sirion,2006,No,$0,"113,242",," Rear Damage, Structural Damage, Selling De-Registered",N/A,5,Petrol,https://manheim.co.nz/damaged-vehicles/000000000007427309/2006-daihatsu-sirion-1-3p-hatch-4a-hatch?referringPage=SearchResults
Honda,Odyssey,2015,No,$0,"85,760",," Water Damage, Selling De-Registered","Automatic,",8,Petrol,https://manheim.co.nz/damaged-vehicles/000000000007427310/2015-honda-odyssey-station-wagon?referringPage=SearchResults
Toyota,Wish,2010,No,$0,"256,764",," Left Rear Damage, Structural Damage, Selling De-Registered","Automatic,",6,Petrol,https://manheim.co.nz/damaged-vehicles/000000000007427311/2010-toyota-wish-station-wagon?referringPage=SearchResults
Mazda,Familia,1998,No,$0,"236,361",," Interior Damage, Airbags Deployed, Water Damage, Selling De-Registered","Automatic,",5,Petrol,https://manheim.co.nz/damaged-vehicles/000000000007427312/1998-mazda-familia-sedan?referringPage=SearchResults
Toyota,Yaris,2007,Yes,$0,"215,243",," Front Damage, Selling Registered","Automatic,",5,Petrol,https://manheim.co.nz/damaged-vehicles/000000000007427313/2007-toyota-yaris-1-3p-hatch5-5m-hatch?referringPage=SearchResults
Toyota,Prius,2017,No,N/A,N/A,," Rear Damage, Structural Damage, Selling De-Registered","CVT,",5,Hybrid,https://manheim.co.nz/damaged-vehicles/000000000007427315/2017-toyota-prius-hatch?referringPage=SearchResults
Mazda,Axela,2004,No,$0,"304,984",," Left Side Damage, Structural Damage, Selling De-Registered","Automatic,",5,Petrol,https://manheim.co.nz/damaged-vehicles/000000000007427334/2004-mazda-axela-hatch?referringPage=SearchResults
Toyota,Aqua,2014,No,$0,N/A,," Front Damage, Rear Damage, Structural Damage, Selling De-Registered","Automatic,",5,Hybrid,https://manheim.co.nz/damaged-vehicles/000000000007427337/2014-toyota-aqua-hatch?referringPage=SearchResults
Nissan,Tiida,2009,No,$0,N/A,," Front Damage, Rear Damage, Airbags Deployed, Structural Damage, Selling De-Registered","4spd Automatic,",5,Petrol,https://manheim.co.nz/damaged-vehicles/000000000007427343/2009-nissan-tiida-hatch?referringPage=SearchResults
Toyota,Corolla,2014,No,$0,"232,319",," Left Side Damage, Structural Damage, Selling De-Registered","Automatic,",5,Petrol,https://manheim.co.nz/damaged-vehicles/000000000007427351/2014-toyota-corolla-gx-1-5p-wagon-cvt-station-wagon?referringPage=SearchResults
Toyota,Prius,2017,No,N/A,"123,782",," Right Side Damage, Structural Damage, Selling De-Registered","Automatic,",5,Hybrid,https://manheim.co.nz/damaged-vehicles/000000000007427352/2017-toyota-prius-hatch?referringPage=SearchResults
Ford,Ranger,2022,No,N/A,"190,203",," Left Side Damage, Structural Damage, Selling De-Registered","Automatic,",5,Diesel,https://manheim.co.nz/damaged-vehicles/000000000007427354/2022-ford-ranger-wildtrak-3-0d-4wd-dual-cab-utility?referringPage=SearchResults
Nissan,X-trail,2014,No,$0,"213,844",," Airbags Deployed, Front Damage, Structural Damage, Selling De-Registered","Automatic,",5,Petrol,https://manheim.co.nz/damaged-vehicles/000000000007427356/2014-nissan-x-trail-st-l-2-5p-6cvt-sw-5-station-wagon?referringPage=SearchResults
Honda,fit,2013,No,$0,"142,944",," Right Rear Damage, Right Side Damage, Structural Damage, Selling De-Registered","Automatic,",5,Hybrid,https://manheim.co.nz/damaged-vehicles/000000000007427357/2013-honda-fit-shuttle-station-wagon?referringPage=SearchResults
Lexus,LX570,2011,No,N/A,N/A,," Front Damage, Rolled, Airbags Deployed, Structural Damage, Selling De-Registered","4spd Automatic,",5,Petrol,https://manheim.co.nz/damaged-vehicles/000000000007427372/2011-lexus-lx570-5-7p-wagon-6a-station-wagon?referringPage=SearchResults
Honda,Inspire,2008,No,$0,"160,052",," Right Front Damage, Structural Damage, Selling De-Registered","Automatic,",5,Petrol,https://manheim.co.nz/damaged-vehicles/000000000007427380/2008-honda-inspire-sedan?referringPage=SearchResults
Mitsubishi,Outlander,2013,No,$0,"191,349",," Front Damage, Underbody Damage, Structural Damage, Selling De-Registered","Automatic,",5,Hybrid,https://manheim.co.nz/damaged-vehicles/000000000007427383/2013-mitsubishi-outlander-station-wagon?referringPage=SearchResults
BMW,2 Series,2016,No,$0,"95,473",," Front Damage, Structural Damage, Selling De-Registered","Automatic,",5,Diesel,https://manheim.co.nz/damaged-vehicles/000000000007427391/2016-bmw-2-series-218d-2-0d-8at-ha-5d-hatch?referringPage=SearchResults
Nissan,Vanette,2003,No,$0,"171,210",," Front Damage, Structural Damage, Selling De-Registered",N/A,3,Petrol,https://manheim.co.nz/damaged-vehicles/000000000007427399/2003-nissan-vanette-utility?referringPage=SearchResults
Toyota,Corolla,2002,No,$0,"218,188",," Rear Damage, Structural Damage, Selling De-Registered","Automatic,",5,Petrol,https://manheim.co.nz/damaged-vehicles/000000000007427435/2002-toyota-corolla-runx-hatch?referringPage=SearchResults
Holden,Captiva,2013,No,$0,N/A,," Fire Damage, Fire - Entire Vehicle, Structural Damage, Stolen & Recovered, Selling De-Registered","Automatic,",5,Diesel,https://manheim.co.nz/damaged-vehicles/000000000007427448/2013-holden-captiva-5-ltz-awd-2-2d-at-station-wagon?referringPage=SearchResults
Mazda,CX-5,2015,No,$0,"166,819",," Interior Damage, Structural Damage, Water Damage, Selling De-Registered","Automatic,",5,Petrol,https://manheim.co.nz/damaged-vehicles/000000000007427451/2015-mazda-cx-5-station-wagon?referringPage=SearchResults
Toyota,Aqua,2014,No,$0,N/A,," Front Damage, Left Rear Damage, Airbags Deployed, Structural Damage, Selling De-Registered","Automatic,",5,Hybrid,https://manheim.co.nz/damaged-vehicles/000000000007427460/2014-toyota-aqua-hatch?referringPage=SearchResults
Nissan,Tiida,2006,No,$0,"119,521",," Rear Damage, Structural Damage, Selling De-Registered","Automatic,",5,Petrol,https://manheim.co.nz/damaged-vehicles/000000000007427461/2006-nissan-tiida-18g-hatch?referringPage=SearchResults
Toyota,SAI,2014,No,$0,"155,154",," Left Front Damage, Structural Damage, Selling De-Registered","Automatic,",5,Hybrid,https://manheim.co.nz/damaged-vehicles/000000000007427468/2014-toyota-sai-hybrid-sedan?referringPage=SearchResults
Toyota,Hiace,2007,No,N/A,"271,318",," Right Rear Damage, Structural Damage, Selling De-Registered","Automatic,",3,Petrol,https://manheim.co.nz/damaged-vehicles/000000000007427476/2007-toyota-hiace-van?referringPage=SearchResults
Toyota,Aqua,2017,No,$0,N/A,," Front Damage, Roof Damage, Right Side Damage, Airbags Deployed, Structural Damage, Selling De-Registered","Automatic,",5,Hybrid,https://manheim.co.nz/damaged-vehicles/000000000007427479/2017-toyota-aqua-hybrid-hatch?referringPage=SearchResults
Toyota,Hilux,2017,No,N/A,"207,973",," Interior Damage, Structural Damage, Water Damage, Selling De-Registered","5spd Automatic,",5,Diesel,https://manheim.co.nz/damaged-vehicles/000000000007427492/2017-toyota-hilux-sr5-td-dc-2-8d-4wd--dual-cab-utility?referringPage=SearchResults
Nissan,Tiida,2005,Yes,$0,N/A,," Front Damage, Glass Broken, Left Rear Damage, Rear Damage, Right Rear Damage, Stolen & Recovered, Selling Registered","Automatic,",5,Petrol,https://manheim.co.nz/damaged-vehicles/000000000007427497/2005-nissan-tiida-hatch?referringPage=SearchResults
BMW,320i,2014,No,$0,N/A,," Airbags Deployed, Front Damage, Airbags Deployed, Structural Damage, Selling De-Registered","Automatic,",5,Petrol,https://manheim.co.nz/damaged-vehicles/000000000007427508/2014-bmw-320i-sedan?referringPage=SearchResults
Holden,Commodore,2018,No,$0,"194,469",," Left Side Damage, Selling De-Registered","Automatic,",5,Petrol,https://manheim.co.nz/damaged-vehicles/000000000007407507/2018-holden-commodore-lt-2-0pt-9at-sedan?referringPage=SearchResults
Suzuki,Swift,2011,No,$0,"192,993",," Rear Damage, Structural Damage, Selling De-Registered","Automatic,",5,Petrol,https://manheim.co.nz/damaged-vehicles/000000000007427511/2011-suzuki-swift-glxa-1-4-5dr-hatch?referringPage=SearchResults
Suzuki,Swift,2005,No,$0,N/A,," Right Front Damage, Suspension Damage, Selling De-Registered","Automatic,",5,Petrol,https://manheim.co.nz/damaged-vehicles/000000000007427516/2005-suzuki-swift-hatch?referringPage=SearchResults
Porsche,Macan,2016,No,N/A,"139,009",," Front Damage, Left Side Damage, Structural Damage, Selling De-Registered","Automatic,",5,Diesel,https://manheim.co.nz/damaged-vehicles/000000000007427529/2016-porsche-macan-s-diesel-3-0d-4wd-7-station-wagon?referringPage=SearchResults
Toyota,Aqua,2017,No,$0,N/A,," Front Damage, Structural Damage, Stolen & Recovered, Selling De-Registered","Automatic,",5,Hybrid,https://manheim.co.nz/damaged-vehicles/000000000007427532/2017-toyota-aqua-hybrid-hatch?referringPage=SearchResults
Toyota,Hiace,2017,No,N/A,"114,996",," Front Damage, Left Front Damage, Left Side Damage, Structural Damage, Selling De-Registered","Automatic,",12,Petrol,https://manheim.co.nz/damaged-vehicles/000000000007417540/2017-toyota-hiace-mini-bus?referringPage=SearchResults
Toyota,Prius,2011,No,$0,N/A,," Left Rear Damage, Structural Damage, Selling De-Registered","Automatic,",5,Hybrid,https://manheim.co.nz/damaged-vehicles/000000000007427556/2011-toyota-prius-hatch?referringPage=SearchResults
BMW,335i,2006,No,$0,N/A,," Front Damage, Airbags Deployed, Structural Damage, Selling De-Registered","Automatic,",5,Petrol,https://manheim.co.nz/damaged-vehicles/000000000007427564/2006-bmw-335i-coup%C3%A9?referringPage=SearchResults
Toyota,Corolla,2004,No,$0,N/A,," Front Damage, Right Front Damage, Structural Damage, Selling De-Registered","Automatic,",5,Petrol,https://manheim.co.nz/damaged-vehicles/000000000007427572/2004-toyota-corolla-1-8p-gl-hatch5-5m-hatch?referringPage=SearchResults
Suzuki,Swift,2004,No,$0,"232,929",," Front Damage, Structural Damage, Selling De-Registered","Automatic,",5,Petrol,https://manheim.co.nz/damaged-vehicles/000000000007427573/2004-suzuki-swift-hatch?referringPage=SearchResults
Mazda,Atenza,2008,No,$0,"136,370",," Left Side Damage, Right Rear Damage, Right Side Damage, Structural Damage, Selling De-Registered","Automatic,",5,Petrol,https://manheim.co.nz/damaged-vehicles/000000000007427578/2008-mazda-atenza-station-wagon?referringPage=SearchResults
Toyota,Vitz,2000,No,$0,N/A,," Front Damage, Structural Damage, Selling De-Registered","Automatic,",5,Petrol,https://manheim.co.nz/damaged-vehicles/000000000007427581/2000-toyota-vitz-hatch?referringPage=SearchResults
Renault,Master,2020,No,N/A,"119,764",," Front Damage, Structural Damage, Selling De-Registered","Manual,",3,Diesel,https://manheim.co.nz/damaged-vehicles/000000000007427593/2020-renault-master-l3h2-2-3d-6am-high-roof-van?referringPage=SearchResults
Toyota,Yaris,2008,Yes,$0,"243,313",," Rear Damage, Right Rear Damage, Selling Registered","Automatic,",5,Petrol,https://manheim.co.nz/damaged-vehicles/000000000007427601/2008-toyota-yaris-1-3p-hatch5-4a-hatch?referringPage=SearchResults
Toyota,Hiace,2015,No,$0,N/A,," Fire Damage, Fire - Entire Vehicle, Structural Damage, Selling De-Registered","5spd Manual,",2,Diesel,https://manheim.co.nz/damaged-vehicles/000000000007427610/2015-toyota-hiace-zl-td-3-0d-5mt-lv-5-van?referringPage=SearchResults
Nissan,Note,2013,No,$0,"85,073",," Front Damage, Left Front Damage, Right Front Damage, Right Side Damage, Structural Damage, Selling De-Registered","Automatic,",5,Petrol,https://manheim.co.nz/damaged-vehicles/000000000007427696/2013-nissan-note-hatch?referringPage=SearchResults
Toyota,Aqua,2016,No,$0,"102,435",," Left Side Damage, Structural Damage, Selling De-Registered","Automatic,",5,Hybrid,https://manheim.co.nz/damaged-vehicles/000000000007427697/2016-toyota-aqua-hatch?referringPage=SearchResults
Ford,Ranger,2012,No,N/A,"285,747",, Selling De-Registered,"6spd Manual,",5,Diesel,https://manheim.co.nz/damaged-vehicles/000000000007427698/2012-ford-ranger-3-2td-xlt-dc-w-s-4x-dual-cab-utility?referringPage=SearchResults
Honda,CRV,2007,No,$0,"114,492",," Left Rear Damage, Rear Damage, Structural Damage, Selling De-Registered","Automatic,",5,Petrol,https://manheim.co.nz/damaged-vehicles/000000000007427699/2007-honda-crv-station-wagon?referringPage=SearchResults
Ford,XG Falcon UTE S 4,1994,No,$0,"275,144",," Left Front Damage, Left Side Damage, Structural Damage, Selling De-Registered","Automatic,",2,Petrol,https://manheim.co.nz/damaged-vehicles/000000000007427723/1994-ford-xg-falcon-ute-s-4-utility?referringPage=SearchResults
Honda,Cr-x,1992,No,$0,"217,686",," Engine Damage, Interior Damage, Ignition Damage, Structural Damage, Selling De-Registered","Automatic,",2,Petrol,https://manheim.co.nz/damaged-vehicles/000000000007427734/1992-honda-cr-x-delsol-sir-coup%C3%A9?referringPage=SearchResults
Toyota,Corolla,2015,No,$0,"103,543",," Right Front Damage, Structural Damage, Selling De-Registered","Automatic,",5,Petrol,https://manheim.co.nz/damaged-vehicles/000000000007427738/2015-toyota-corolla-fielder-station-wagon?referringPage=SearchResults
Mazda,Axela,2006,Yes,$0,N/A,," Engine Damage, Left Front Damage, Left Rear Damage, Dismantled - Engine, Selling Registered","Automatic,",5,Petrol,https://manheim.co.nz/damaged-vehicles/000000000007427740/2006-mazda-axela-hatch?referringPage=SearchResults
Ford,Territory,2014,Yes,N/A,"167,901",, Selling Registered,"6spd Automatic,",7,Petrol,https://manheim.co.nz/damaged-vehicles/000000000007427773/2014-ford-territory-titanium-rwd-petrol-station-wagon?referringPage=SearchResults
Toyota,Allion,2008,No,$0,N/A,," Rear Damage, Structural Damage, Selling De-Registered","Automatic,",5,Petrol,https://manheim.co.nz/damaged-vehicles/000000000007427779/2008-toyota-allion-sedan?referringPage=SearchResults
Mazda,Demio,2003,No,$0,"178,475",," Front Damage, Ignition Damage, Left Front Damage, Vandalised - Interior, Structural Damage, Stolen & Recovered, Selling De-Registered","Automatic,",5,Petrol,https://manheim.co.nz/damaged-vehicles/000000000007427782/2003-mazda-demio-hatch?referringPage=SearchResults
Toyota,Wish,2010,No,$0,"240,761",," Right Side Damage, Structural Damage, Suspension Damage, Selling De-Registered","Automatic,",7,Petrol,https://manheim.co.nz/damaged-vehicles/000000000007427785/2010-toyota-wish-station-wagon?referringPage=SearchResults
Toyota,Vitz,2017,No,N/A,N/A,," Front Damage, Selling De-Registered","CVT,",5,Hybrid,https://manheim.co.nz/damaged-vehicles/000000000007427791/2017-toyota-vitz-1-5l-hybrid-cvt-hatch?referringPage=SearchResults
Mercedes-Benz,A180,2013,No,$0,N/A,," Left Front Damage, Structural Damage, Selling De-Registered","Automatic,",5,Petrol,https://manheim.co.nz/damaged-vehicles/000000000007427802/2013-mercedes-benz-a180-hatch?referringPage=SearchResults
Mercedes-Benz,C200,2015,No,N/A,N/A,," Right Rear Damage, Structural Damage, Selling De-Registered","Automatic,",5,Petrol,https://manheim.co.nz/damaged-vehicles/000000000007427805/2015-mercedes-benz-c200-sedan?referringPage=SearchResults
Nissan,Pulsar,2004,No,$0,"179,975",," Rear Damage, Structural Damage, Selling De-Registered","5spd Manual,",5,Petrol,https://manheim.co.nz/damaged-vehicles/000000000007427808/2004-nissan-pulsar-1-8-ls-hatch-man-hatch?referringPage=SearchResults
Suzuki,SX4,2008,No,$0,"111,018",," Front Damage, Rear Damage, Structural Damage, Selling De-Registered","Automatic,",5,Petrol,https://manheim.co.nz/damaged-vehicles/000000000007427814/2008-suzuki-sx4-glxfa2-2-0-5dr-hatch?referringPage=SearchResults
BMW,Mini,2009,No,$0,N/A,," Front Damage, Structural Damage, Selling De-Registered","Automatic,",4,Petrol,https://manheim.co.nz/damaged-vehicles/000000000007427832/2009-bmw-mini-cooper-sedan?referringPage=SearchResults
Nissan,March,2006,No,$0,N/A,," Right Rear Damage, Structural Damage, Selling De-Registered","Automatic,",5,Petrol,https://manheim.co.nz/damaged-vehicles/000000000007427834/2006-nissan-march-hatch?referringPage=SearchResults
Mazda,Demio,2013,No,$0,"132,866",," Right Side Damage, Structural Damage, Selling De-Registered","Automatic,",5,Petrol,https://manheim.co.nz/damaged-vehicles/000000000007427835/2013-mazda-demio-hatch?referringPage=SearchResults
Honda,fit,2014,No,$0,"105,267",," Rear Damage, Structural Damage, Selling De-Registered","Automatic,",5,Hybrid,https://manheim.co.nz/damaged-vehicles/000000000007427836/2014-honda-fit-hatch?referringPage=SearchResults
Toyota,Prius,2012,No,$0,N/A,," Left Rear Damage, Right Rear Damage, Structural Damage, Selling De-Registered","Automatic,",5,Hybrid,https://manheim.co.nz/damaged-vehicles/000000000007427839/2012-toyota-prius-alpha-hybrid-station-wagon?referringPage=SearchResults
Nissan,Tiida,2007,Yes,$0,"157,116",," Left Side Damage, Rear Damage, Right Front Damage, Selling Registered","4spd Automatic,",5,Petrol,https://manheim.co.nz/damaged-vehicles/000000000007427846/2007-nissan-tiida-hatch?referringPage=SearchResults
Hyundai,Tucson,2023,No,N/A,"117,140",," Front Damage, Right Front Damage, Right Side Damage, Structural Damage, Selling De-Registered","Automatic,",5,Petrol,https://manheim.co.nz/damaged-vehicles/000000000007427881/2023-hyundai-tucson-elite-1-6pt-station-wagon?referringPage=SearchResults
Toyota,Markx,2010,No,$0,"131,816",," Front Damage, Left Front Damage, Structural Damage, Selling De-Registered","Automatic,",5,Petrol,https://manheim.co.nz/damaged-vehicles/000000000007427884/2010-toyota-markx-250g-sedan?referringPage=SearchResults
Nissan,X-trail,2014,Yes,N/A,N/A,," Left Front Damage, Left Side Damage, Stolen & Recovered, Selling Registered","6spd CVT,",5,Petrol,https://manheim.co.nz/damaged-vehicles/000000000007427906/2014-nissan-x-trail-st-l-2-5p-6cvt-sw-5-station-wagon?referringPage=SearchResults
Nissan,Tiida,2004,No,$0,"173,724",," Left Rear Damage, Vandalised - Interior, Stolen & Recovered, Selling De-Registered","4spd Automatic,",5,Petrol,https://manheim.co.nz/damaged-vehicles/000000000007427911/2004-nissan-tiida-latio-hatch?referringPage=SearchResults
Ford,Ranger,2018,Yes,N/A,"179,542",," Engine Damage, Selling Registered","Automatic,",5,Diesel,https://manheim.co.nz/damaged-vehicles/000000000007427920/2018-ford-ranger-wildtrak-3-2d-4wd-utility?referringPage=SearchResults
Mercedes-Benz,B-class,2019,No,$0,N/A,," Fire Damage, Structural Damage, Selling De-Registered","Automatic,",5,Petrol,https://manheim.co.nz/damaged-vehicles/000000000007427943/2019-mercedes-benz-b-class-b180-1-6p-7at-ha-4d-hatch?referringPage=SearchResults
Holden,Equinox,2018,No,$0,"188,672",," Left Front Damage, Left Side Damage, Structural Damage, Selling De-Registered","5spd Automatic,",5,Petrol,https://manheim.co.nz/damaged-vehicles/000000000007427945/2018-holden-equinox-ltz-v-2-0p-4wd-9at-station-wagon?referringPage=SearchResults
Toyota,Wish,2009,Yes,$0,"202,563",, Selling Registered,"Automatic,",7,Petrol,https://manheim.co.nz/damaged-vehicles/000000000007427946/2009-toyota-wish-1-8l-station-wagon?referringPage=SearchResults
Suzuki,GW250,2014,No,$0,"49,863",," Engine Damage, Frame Damaged, Structural Damage, Selling De-Registered","14spd Automatic,",N/A,Petrol,https://manheim.co.nz/damaged-vehicles/000000000007397980/2014-suzuki-gw250-inazuma-lam-motorcycle?referringPage=SearchResults
Honda,Stepwagon,2009,Yes,$0,"129,127",," Left Side Damage, Selling Registered","4spd Automatic,",8,Petrol,https://manheim.co.nz/damaged-vehicles/000000000007428098/2009-honda-stepwagon-spada-station-wagon?referringPage=SearchResults
Nissan,Tiida,2005,No,$0,"202,105",," Rear Damage, Structural Damage, Selling De-Registered","Automatic,",5,Petrol,https://manheim.co.nz/damaged-vehicles/000000000007428108/2005-nissan-tiida-hatch?referringPage=SearchResults
Toyota,SAI,2010,No,$0,N/A,," Rear Damage, Structural Damage, Selling De-Registered","Automatic,",5,Hybrid,https://manheim.co.nz/damaged-vehicles/000000000007428110/2010-toyota-sai-sedan?referringPage=SearchResults
BMW,Mini,2007,Yes,$0,"155,874",," Left Rear Damage, Selling Registered","6spd Manual,",4,Petrol,https://manheim.co.nz/damaged-vehicles/000000000007428119/2007-bmw-mini-hatch?referringPage=SearchResults
Honda,Civic,2007,No,$0,"183,130",," Rear Damage, Structural Damage, Selling De-Registered","5spd Manual,",5,Petrol,https://manheim.co.nz/damaged-vehicles/000000000007428121/2007-honda-civic-sedan?referringPage=SearchResults
Honda,fit,2004,No,$0,"166,260",," Right Front Damage, Right Rear Damage, Right Side Damage, Structural Damage, Selling De-Registered","Automatic,",5,Petrol,https://manheim.co.nz/damaged-vehicles/000000000007428122/2004-honda-fit-hatch?referringPage=SearchResults
Toyota,RAV4,2006,No,$0,"157,305",," Rear Damage, Structural Damage, Selling De-Registered",N/A,5,Petrol,https://manheim.co.nz/damaged-vehicles/000000000007428124/2006-toyota-rav4-station-wagon?referringPage=SearchResults
Mazda,Axela,2004,No,$0,"125,578",," Chassis Damage, Front Damage, Right Side Damage, Structural Damage, Selling De-Registered","Automatic,",5,Petrol,https://manheim.co.nz/damaged-vehicles/000000000007428141/2004-mazda-axela-sedan?referringPage=SearchResults
Honda,Civic,2011,No,$0,"79,377",," Front Damage, Left Side Damage, Structural Damage, Selling De-Registered","5spd Automatic,",5,Petrol,https://manheim.co.nz/damaged-vehicles/000000000007428142/2011-honda-civic-sedan?referringPage=SearchResults
Toyota,Platz,2005,No,$0,"104,174",," Rear Damage, Structural Damage, Selling De-Registered","Automatic,",5,Petrol,https://manheim.co.nz/damaged-vehicles/000000000007428143/2005-toyota-platz-sedan?referringPage=SearchResults
Nissan,Leaf,2013,No,$0,"143,996",," Left Front Damage, Structural Damage, Selling De-Registered","Automatic, Fuel Type, Electri",5,Electric,https://manheim.co.nz/damaged-vehicles/000000000007428145/2013-nissan-leaf-hatch?referringPage=SearchResults
Toyota,Vitz,2004,Yes,$0,N/A,," Interior Damage, Selling Registered","Automatic,",5,Petrol,https://manheim.co.nz/damaged-vehicles/000000000007428157/2004-toyota-vitz-hatch?referringPage=SearchResults
Hyundai,Elantra,2005,No,$0,"169,544",," Front Damage, Left Front Damage, Structural Damage, Selling De-Registered","Automatic,",5,Petrol,https://manheim.co.nz/damaged-vehicles/000000000007428165/2005-hyundai-elantra-2-0-gls-5d-a4-hatch?referringPage=SearchResults
Hyundai,IX35,2015,Yes,N/A,"178,593",, Selling Registered,"6spd Automatic,",5,Petrol,https://manheim.co.nz/damaged-vehicles/000000000007428167/2015-hyundai-ix35-gdi2-0elite6a-2-0p6-station-wagon?referringPage=SearchResults
Toyota,Trueno,1995,Yes,$0,"119,549",," Left Front Damage, Left Side Damage, Selling Registered","Automatic,",4,Petrol,https://manheim.co.nz/damaged-vehicles/000000000007428169/1995-toyota-trueno-sedan?referringPage=SearchResults
Nissan,Note,2017,No,$0,N/A,," Airbags Deployed, Front Damage, Airbags Deployed, Structural Damage, Selling De-Registered","Automatic,",5,Hybrid,https://manheim.co.nz/damaged-vehicles/000000000007428175/2017-nissan-note-hatch?referringPage=SearchResults
Toyota,Prius,2014,No,$0,"153,067",," Front Damage, Structural Damage, Selling De-Registered","CVT,",5,Hybrid,https://manheim.co.nz/damaged-vehicles/000000000007428183/2014-toyota-prius-hatch?referringPage=SearchResults
Toyota,Vanguard,2010,No,$0,N/A,," Left Side Damage, Structural Damage, Selling De-Registered",N/A,5,Petrol,https://manheim.co.nz/damaged-vehicles/000000000007428211/2010-toyota-vanguard-station-wagon?referringPage=SearchResults
Ford,Focus,2014,No,$0,"259,776",," Right Side Damage, Structural Damage, Selling De-Registered","Automatic,",5,Petrol,https://manheim.co.nz/damaged-vehicles/000000000007428212/2014-ford-focus-trend-2-0-auto-hatc-hatch?referringPage=SearchResults
Mazda,Axela,2006,No,$0,"92,793",," Front Damage, Left Front Damage, Right Front Damage, Structural Damage, Selling De-Registered","Automatic,",5,Petrol,https://manheim.co.nz/damaged-vehicles/000000000007428217/2006-mazda-axela-sedan?referringPage=SearchResults
Toyota,Vitz,2000,No,$0,N/A,," Rear Damage, Structural Damage, Selling De-Registered","Automatic,",5,Petrol,https://manheim.co.nz/damaged-vehicles/000000000007428228/2000-toyota-vitz-hatch?referringPage=SearchResults
Holden,Commodore,2005,No,$0,N/A,," Front Damage, Structural Damage, Stolen & Recovered, Selling De-Registered","Automatic,",5,Petrol,https://manheim.co.nz/damaged-vehicles/000000000007428233/2005-holden-commodore-s-v8-auto-sedan?referringPage=SearchResults
Toyota,Corolla,2024,No,N/A,N/A,," Front Damage, Left Side Damage, Structural Damage, Selling De-Registered","Automatic,",5,Hybrid,https://manheim.co.nz/damaged-vehicles/000000000007428235/2024-toyota-corolla-zr-1-8ph-hd-hatch?referringPage=SearchResults
Ford,Ranger,2021,No,N/A,N/A,," Left Side Damage, Structural Damage, Selling De-Registered",N/A,5,Diesel,https://manheim.co.nz/damaged-vehicles/000000000007428242/2021-ford-ranger-wildtrak-2-0d-4wd-dual-cab-utility?referringPage=SearchResults
Suzuki,Swift,2016,No,$0,"209,189",," Front Damage, Structural Damage, Selling De-Registered","Automatic,",5,Petrol,https://manheim.co.nz/damaged-vehicles/000000000007428252/2016-suzuki-swift-hatch?referringPage=SearchResults
Toyota,Porte,2008,No,$0,"155,865",," Rear Damage, Structural Damage, Selling De-Registered","Automatic,",5,Petrol,https://manheim.co.nz/damaged-vehicles/000000000007428253/2008-toyota-porte-hatch?referringPage=SearchResults
Nissan,Tiida,2007,No,$0,"133,709",," Right Front Damage, Right Side Damage, Structural Damage, Selling De-Registered",N/A,5,Petrol,https://manheim.co.nz/damaged-vehicles/000000000007428256/2007-nissan-tiida-hatch?referringPage=SearchResults
Toyota,Vitz,2005,No,$0,"275,605",," Front Damage, Structural Damage, Selling De-Registered","Automatic,",5,Petrol,https://manheim.co.nz/damaged-vehicles/000000000007428257/2005-toyota-vitz-rs-hatch?referringPage=SearchResults
Toyota,Prius,2012,No,$0,N/A,," Right Front Damage, Structural Damage, Selling De-Registered","Automatic,",5,Hybrid,https://manheim.co.nz/damaged-vehicles/000000000007428260/2012-toyota-prius-hatch?referringPage=SearchResults
Suzuki,Swift,2007,No,$0,"156,306",," Left Rear Damage, Right Side Damage, Structural Damage, Selling De-Registered","4spd Automatic,",5,Petrol,https://manheim.co.nz/damaged-vehicles/000000000007428265/2007-suzuki-swift-hatch?referringPage=SearchResults
Nissan,Tiida,2005,No,$0,"152,780",," Rear Damage, Structural Damage, Selling De-Registered","Automatic,",5,Petrol,https://manheim.co.nz/damaged-vehicles/000000000007418265/2005-nissan-tiida-hatch?referringPage=SearchResults
Suzuki,GSX250,2019,No,$0,N/A,," Ignition Damage, Structural Damage, Stolen & Recovered, Selling De-Registered","Automatic,",N/A,Petrol,https://manheim.co.nz/damaged-vehicles/000000000007418278/2019-suzuki-gsx250-rza-motorcycle?referringPage=SearchResults
Mazda,MAZDA6,2011,Yes,$0,"392,291",," Right Side Damage, Selling Registered","Automatic,",5,Petrol,https://manheim.co.nz/damaged-vehicles/000000000007428289/2011-mazda-mazda6-wagon-gsx-2-5-5at-station-wagon?referringPage=SearchResults
Toyota,Corolla Cross,2022,No,N/A,"236,390",," Front Damage, Structural Damage, Selling De-Registered","Automatic,",5,Hybrid,https://manheim.co.nz/damaged-vehicles/000000000007428298/2022-toyota-corolla-cross-limited-2-0ph-hd-station-wagon?referringPage=SearchResults
Toyota,Aqua,2014,No,$0,"151,409",," Front Damage, Right Side Damage, Structural Damage, Stolen & Recovered, Selling De-Registered",N/A,N/A,Petrol,https://manheim.co.nz/damaged-vehicles/000000000007428300/2014-toyota-aqua-hatch?referringPage=SearchResults
Toyota,RAV4,2014,No,N/A,"90,199",," Airbags Deployed, Right Side Damage, Structural Damage, Selling De-Registered","Automatic,",5,Petrol,https://manheim.co.nz/damaged-vehicles/000000000007428304/2014-toyota-rav4-gx-2-0p-suv-cvt-station-wagon?referringPage=SearchResults
Mitsubishi,ASX,2025,No,N/A,"8,175",," Front Damage, Structural Damage, Selling De-Registered","Automatic,",5,Petrol,https://manheim.co.nz/damaged-vehicles/000000000007418304/2025-mitsubishi-asx-ls-2-0p-cvt-station-wagon?referringPage=SearchResults
Vespa,Sprint,2015,No,$0,"14,254",," Front Damage, Structural Damage, Selling De-Registered","Automatic,",N/A,Petrol,https://manheim.co.nz/damaged-vehicles/000000000007418315/2015-vespa-sprint-125-scooter?referringPage=SearchResults
Honda,fit,2005,No,$0,"144,980",," Front Damage, Right Front Damage, Structural Damage, Selling De-Registered","Automatic,",5,Petrol,https://manheim.co.nz/damaged-vehicles/000000000007428316/2005-honda-fit-hatch?referringPage=SearchResults
Toyota,SAI,2011,No,$0,N/A,," Left Front Damage, Left Side Damage, Structural Damage, Selling De-Registered","Automatic,",5,Hybrid,https://manheim.co.nz/damaged-vehicles/000000000007428332/2011-toyota-sai-sedan?referringPage=SearchResults
Nissan,Serena,2005,No,$0,N/A,," Front Damage, Structural Damage, Selling De-Registered","Automatic,",8,Petrol,https://manheim.co.nz/damaged-vehicles/000000000007428335/2005-nissan-serena-station-wagon?referringPage=SearchResults
LDV,T60,2021,No,N/A,"66,042",," Right Side Damage, Structural Damage, Selling De-Registered","Automatic,",5,Diesel,https://manheim.co.nz/damaged-vehicles/000000000007428338/2021-ldv-t60-elite-4wd-mt-2-0dt-dual-cab-utility?referringPage=SearchResults
Audi,A1,2011,No,$0,"167,001",," Right Front Damage, Right Side Damage, Structural Damage, Suspension Damage, Selling De-Registered","7spd Automatic,",4,Petrol,https://manheim.co.nz/damaged-vehicles/000000000007428365/2011-audi-a1-hatch?referringPage=SearchResults
Hyundai,I20,2015,No,$0,"67,636",," Right Side Damage, Structural Damage, Selling De-Registered",N/A,5,Petrol,https://manheim.co.nz/damaged-vehicles/000000000007418364/2015-hyundai-i20-pb-1-4-a4-hatch?referringPage=SearchResults
Holden,Barina,2006,No,$0,"35,969",," Left Front Damage, Roof Damage, Right Front Damage, Right Rear Damage, Right Side Damage, Airbags Deployed, Selling De-Registered","Automatic,",5,Petrol,https://manheim.co.nz/damaged-vehicles/000000000007418366/2006-holden-barina-5dr-hatch-auto-hatch?referringPage=SearchResults
Toyota,Yaris,2019,No,N/A,N/A,," Front Damage, Rear Damage, Structural Damage, Selling De-Registered","Automatic,",5,Petrol,https://manheim.co.nz/damaged-vehicles/000000000007418367/2019-toyota-yaris-gx-1-3p-4at-hatch?referringPage=SearchResults
Toyota,Vanguard,2008,Yes,$0,"200,626",, Selling Registered,"Automatic,",5,Petrol,https://manheim.co.nz/damaged-vehicles/000000000007428381/2008-toyota-vanguard-station-wagon?referringPage=SearchResults
Honda,Inspire,2004,Yes,$0,"136,047",," Left Side Damage, Selling Registered","4spd Automatic,",5,Petrol,https://manheim.co.nz/damaged-vehicles/000000000007428422/2004-honda-inspire-sedan?referringPage=SearchResults
Nissan,NV350,2013,No,$0,"329,936",," Right Rear Damage, Structural Damage, Selling De-Registered","Manual,",6,Diesel,https://manheim.co.nz/damaged-vehicles/000000000007428423/2013-nissan-nv350-caravan-van?referringPage=SearchResults
Toyota,Corolla,2002,No,$0,"311,443",," Left Side Damage, Rear Damage, Roof Damage, Structural Damage, Selling De-Registered","Automatic,",5,Petrol,https://manheim.co.nz/damaged-vehicles/000000000007428424/2002-toyota-corolla-runx-hatch?referringPage=SearchResults
Mazda,MAZDA3,2014,No,$0,"113,354",," Front Damage, Structural Damage, Selling De-Registered","Automatic,",5,Petrol,https://manheim.co.nz/damaged-vehicles/000000000007428425/2014-mazda-mazda3-gsx-2-0p-6at-ha-5dr-hatch?referringPage=SearchResults
Subaru,Legacy,2005,No,$0,"177,390",," Front Damage, Left Front Damage, Structural Damage, Selling De-Registered","Automatic,",5,Petrol,https://manheim.co.nz/damaged-vehicles/000000000007428426/2005-subaru-legacy-station-wagon?referringPage=SearchResults
Audi,A3,2014,No,$0,"160,491",," Front Damage, Right Front Damage, Structural Damage, Selling De-Registered","Automatic,",5,Petrol,https://manheim.co.nz/damaged-vehicles/000000000007418475/2014-audi-a3-hatch?referringPage=SearchResults
CARAVAN,Caravell,1970,No,"$1,160",1,0," Roof Damage, Structural Damage, Selling De-Registered",N/A,N/A,N/A,https://manheim.co.nz/damaged-vehicles/000000000007318474/1970-caravan-caravell-caravan?referringPage=SearchResults
Nissan,Tiida,2007,No,$0,N/A,," Front Damage, Right Rear Damage, Structural Damage, Selling De-Registered","Automatic,",5,Petrol,https://manheim.co.nz/damaged-vehicles/000000000007418490/2007-nissan-tiida-1-5l-sedan?referringPage=SearchResults
Honda,fit,2013,No,$0,"80,736",," Front Damage, Structural Damage, Selling De-Registered",N/A,5,Hybrid,https://manheim.co.nz/damaged-vehicles/000000000007418527/2013-honda-fit-shuttle-station-wagon?referringPage=SearchResults
Ford,Mondeo,2010,No,$0,"172,703",," Left Rear Damage, Right Front Damage, Right Rear Damage, Selling De-Registered","Automatic,",5,Diesel,https://manheim.co.nz/damaged-vehicles/000000000007418535/2010-ford-mondeo-2-0td-sedan-a-sedan?referringPage=SearchResults
Toyota,Prius,2015,No,$0,N/A,," Front Damage, Structural Damage, Selling De-Registered","Automatic,",7,Hybrid,https://manheim.co.nz/damaged-vehicles/000000000007418576/2015-toyota-prius-hybrid-alpha-station-wagon?referringPage=SearchResults
Ford,Falcon,1997,No,$0,N/A,," Left Rear Damage, Left Side Damage, Right Rear Damage, Right Side Damage, Selling De-Registered","Automatic,",6,Petrol,https://manheim.co.nz/damaged-vehicles/000000000007418580/1997-ford-falcon-el-gli-ca-sedan?referringPage=SearchResults
Holden,VX Commodore,2003,Yes,$0,N/A,," Left Front Damage, Left Side Damage, Right Front Damage, Selling Registered","Automatic,",5,Petrol,https://manheim.co.nz/damaged-vehicles/000000000007418598/2003-holden-vx-commodore-lumina-sedan-v6-aut-sedan?referringPage=SearchResults
Ford,Territory,2006,No,$0,"134,104",," Left Front Damage, Left Side Damage, Right Front Damage, Right Side Damage, Selling De-Registered","Automatic,",5,Petrol,https://manheim.co.nz/damaged-vehicles/000000000007418682/2006-ford-territory-sy-territory-tx-awd-station-wagon?referringPage=SearchResults
Toyota,Markx,2005,No,$0,N/A,," Left Front Damage, Right Front Damage, Structural Damage, Selling De-Registered","Automatic,",5,Petrol,https://manheim.co.nz/damaged-vehicles/000000000007418737/2005-toyota-markx-250g-sedan?referringPage=SearchResults
Suzuki,DL1050,2022,No,$0,"19,797",," Structural Damage, Selling De-Registered","Manual,",N/A,Petrol,https://manheim.co.nz/damaged-vehicles/000000000007418738/2022-suzuki-dl1050-rcm0-v-strom-1050xt-motorcycle?referringPage=SearchResults
Mitsubishi,Nimbus,2002,No,$0,N/A,," Left Side Damage, Structural Damage, Selling De-Registered","Automatic,",7,Petrol,https://manheim.co.nz/damaged-vehicles/000000000007418743/2002-mitsubishi-nimbus-2-4p-glxi-wagon-a-station-wagon?referringPage=SearchResults
Toyota,Wish,2004,No,$0,N/A,," Front Damage, Structural Damage, Selling De-Registered","Automatic,",7,Petrol,https://manheim.co.nz/damaged-vehicles/000000000007428753/2004-toyota-wish-station-wagon?referringPage=SearchResults
Suzuki,Swift,2008,No,$0,N/A,," Front Damage, Left Front Damage, Left Side Damage, Structural Damage, Selling De-Registered","Automatic,",5,Petrol,https://manheim.co.nz/damaged-vehicles/000000000007428754/2008-suzuki-swift-hatch?referringPage=SearchResults
Hyundai,Tucson,2016,No,N/A,N/A,," Right Side Damage, Structural Damage, Suspension Damage, Under Body Damage, Selling De-Registered","Automatic,",5,Diesel,https://manheim.co.nz/damaged-vehicles/000000000007428755/2016-hyundai-tucson-2-0-crdi-elite-2-0d-station-wagon?referringPage=SearchResults
Volkswagen,Touran,2004,No,$0,N/A,," Rolled, Right Side Damage, Structural Damage, Selling De-Registered","Automatic,",7,Petrol,https://manheim.co.nz/damaged-vehicles/000000000007428757/2004-volkswagen-touran-2-0-fsi-tip-station-wagon?referringPage=SearchResults
Toyota,Yaris,2016,Yes,$0,"126,801",," Hail Dmg, Selling Registered","Manual,",5,Petrol,https://manheim.co.nz/damaged-vehicles/000000000007428761/2016-toyota-yaris-gx-1-3p-5mt-ha-5dr--hatch?referringPage=SearchResults
Mazda,Demio,2005,No,$0,N/A,," Ignition Damage, Stolen & Recovered, Water Damage, Selling De-Registered","Automatic,",5,Petrol,https://manheim.co.nz/damaged-vehicles/000000000007428762/2005-mazda-demio-1500-hatch?referringPage=SearchResults
Ford,Focus,2006,No,$0,"98,419",," Right Side Damage, Structural Damage, Selling De-Registered","Automatic,",5,Petrol,https://manheim.co.nz/damaged-vehicles/000000000007428766/2006-ford-focus-2-0-a-hatch-hatch?referringPage=SearchResults
Mazda,Demio,2011,No,$0,N/A,," Front Damage, Rear Damage, Structural Damage, Selling De-Registered",N/A,5,Petrol,https://manheim.co.nz/damaged-vehicles/000000000007418766/2011-mazda-demio-hatch?referringPage=SearchResults
Yamaha,YZF,2019,No,$0,"31,006",," Front Damage, Structural Damage, Selling De-Registered",N/A,N/A,Petrol,https://manheim.co.nz/damaged-vehicles/000000000007408784/2019-yamaha-yzf-r3-aj2-motorcycle?referringPage=SearchResults
Nissan,Navara,2010,No,$0,"322,560",," Front Damage, Structural Damage, Selling De-Registered","Automatic,",5,Diesel,https://manheim.co.nz/damaged-vehicles/000000000007428783/2010-nissan-navara-dx-4wd-d-c-2-5d-dual-cab-utility?referringPage=SearchResults
Mitsubishi,Outlander,2006,No,$0,N/A,," Front Damage, Right Rear Damage, Structural Damage, Selling De-Registered","Automatic,",5,Petrol,https://manheim.co.nz/damaged-vehicles/000000000007428784/2006-mitsubishi-outlander-station-wagon?referringPage=SearchResults
Audi,Q3,2014,No,$0,N/A,," Rear Damage, Right Side Damage, Structural Damage, Selling De-Registered","Automatic,",5,Petrol,https://manheim.co.nz/damaged-vehicles/000000000007428787/2014-audi-q3-q31-4tfsicod-1-4p-6-station-wagon?referringPage=SearchResults
Mercedes-Benz,C300,2007,No,$0,N/A,," Rear Damage, Right Rear Damage, Structural Damage, Selling De-Registered","Automatic,",5,Petrol,https://manheim.co.nz/damaged-vehicles/000000000007408807/2007-mercedes-benz-c300-sedan?referringPage=SearchResults
Volkswagen,Golf,2019,No,N/A,N/A,," Front Damage, Left Side Damage, Structural Damage, Selling De-Registered",N/A,5,Petrol,https://manheim.co.nz/damaged-vehicles/000000000007408849/2019-volkswagen-golf-gti-hatch?referringPage=SearchResults
Toyota,Hilux,2019,Yes,N/A,"155,293",," Stolen & Recovered, Selling Registered","Automatic,",5,Diesel,https://manheim.co.nz/damaged-vehicles/000000000007378962/2019-toyota-hilux-sr-td-dc-2-8dt-dual-cab-utility?referringPage=SearchResults
Ford,Ranger,2017,No,N/A,"217,032",," Front Damage, Left Front Damage, Left Side Damage, Structural Damage, Selling De-Registered",N/A,5,Diesel,https://manheim.co.nz/damaged-vehicles/000000000007419070/2017-ford-ranger-wildtrak-3-2d-4wd-dual-cab-utility?referringPage=SearchResults
BAILEY,Senator Indiana,2006,No,"$1,650",N/A,0," Structural Damage, Water Damage, Selling De-Registered",N/A,N/A,N/A,https://manheim.co.nz/damaged-vehicles/000000000007429091/2006-bailey-senator-indiana-caravan?referringPage=SearchResults
Mazda,Verisa,2005,Yes,$0,N/A,," Left Side Damage, Rear Damage, Selling Registered","Automatic,",5,Petrol,https://manheim.co.nz/damaged-vehicles/000000000007419154/2005-mazda-verisa-hatch?referringPage=SearchResults
Toyota,Prius,2016,No,N/A,N/A,," Left Front Damage, Left Side Damage, Structural Damage, Selling De-Registered",N/A,5,Hybrid,https://manheim.co.nz/damaged-vehicles/000000000007419176/2016-toyota-prius-hatch?referringPage=SearchResults
Toyota,Platz,2001,No,$0,"273,007",," Structural Damage, Selling De-Registered","Automatic,",5,Petrol,https://manheim.co.nz/damaged-vehicles/000000000007419205/2001-toyota-platz-sedan?referringPage=SearchResults
Mitsubishi,Delica,2008,No,$0,N/A,," Front Damage, Right Rear Damage, Structural Damage, Selling De-Registered","4spd Automatic,",8,Petrol,https://manheim.co.nz/damaged-vehicles/000000000007419258/2008-mitsubishi-delica-station-wagon?referringPage=SearchResults
Toyota,Hiace,2017,No,N/A,N/A,," Front Damage, Structural Damage, Selling De-Registered","Automatic,",5,N/A,https://manheim.co.nz/damaged-vehicles/000000000007409302/2017-toyota-hiace-zx-td-3-0dt-4at-van?referringPage=SearchResults
Mazda,Demio,2007,No,$0,N/A,," Front Damage, Structural Damage, Selling De-Registered",N/A,5,Petrol,https://manheim.co.nz/damaged-vehicles/000000000007419374/2007-mazda-demio-hatch?referringPage=SearchResults
Toyota,Prius,2013,No,$0,"114,341",," Right Rear Damage, Structural Damage, Selling De-Registered",N/A,5,Hybrid,https://manheim.co.nz/damaged-vehicles/000000000007409449/2013-toyota-prius-hatch?referringPage=SearchResults
Nissan,Wingroad,2011,No,$0,N/A,," Rear Damage, Right Side Damage, Structural Damage, Selling De-Registered",N/A,5,Petrol,https://manheim.co.nz/damaged-vehicles/000000000007429499/2011-nissan-wingroad-1-8-petrol-wagon-station-wagon?referringPage=SearchResults
Kia,Sportage,2012,No,$0,"107,175",," Front Damage, Structural Damage, Selling De-Registered","Automatic,",5,Petrol,https://manheim.co.nz/damaged-vehicles/000000000007429504/2012-kia-sportage-2-0-petrol-auto-station-wagon?referringPage=SearchResults
Toyota,Camry,2016,No,N/A,N/A,," Front Damage, Structural Damage, Selling De-Registered",N/A,5,N/A,https://manheim.co.nz/damaged-vehicles/000000000007429512/2016-toyota-camry-atara-s-2-5ph-cvt-s-sedan?referringPage=SearchResults
Toyota,Corolla,2018,No,$0,N/A,," Front Damage, Left Front Damage, Right Front Damage, Airbags Deployed, Structural Damage, Selling De-Registered","10spd CVT,",5,Petrol,https://manheim.co.nz/damaged-vehicles/000000000007429513/2018-toyota-corolla-gx-2-0p-10cvt-hatch?referringPage=SearchResults
Ford,Falcon,2007,No,$0,"147,607",," Front Damage, Structural Damage, Selling De-Registered","Automatic,",5,Petrol,https://manheim.co.nz/damaged-vehicles/000000000007399511/2007-ford-falcon-bf2-xr6-sedan-a-sedan?referringPage=SearchResults
Lexus,HS250H,2012,No,$0,N/A,," Right Front Damage, Structural Damage, Selling De-Registered",N/A,5,Hybrid,https://manheim.co.nz/damaged-vehicles/000000000007419534/2012-lexus-hs250h-sedan?referringPage=SearchResults
Toyota,Avensis,2007,No,$0,"101,013",," Right Rear Damage, Structural Damage, Selling De-Registered",N/A,5,Petrol,https://manheim.co.nz/damaged-vehicles/000000000007429535/2007-toyota-avensis-t3-x-hatch?referringPage=SearchResults
Mitsubishi,ASX,2022,No,N/A,"124,637",," Front Damage, Airbags Deployed, Selling De-Registered","CVT,",5,Petrol,https://manheim.co.nz/damaged-vehicles/000000000007429537/2022-mitsubishi-asx-ls-2-0p-cvt-station-wagon?referringPage=SearchResults
Toyota,MR2,1990,No,$0,"192,909",," Fire Damage, Left Side Damage, Fire - Engine, Structural Damage, Selling De-Registered","5spd Manual,",2,Petrol,https://manheim.co.nz/damaged-vehicles/000000000007409542/1990-toyota-mr2-coup%C3%A9?referringPage=SearchResults
Mazda,6,2014,No,$0,N/A,," Rear Damage, Right Rear Damage, Structural Damage, Selling De-Registered","Automatic,",5,Diesel,https://manheim.co.nz/damaged-vehicles/000000000007429555/2014-mazda-6-sedan?referringPage=SearchResults
Suzuki,Jimny,2010,No,$0,"180,535",," Left Side Damage, Structural Damage, Selling De-Registered",N/A,4,Petrol,https://manheim.co.nz/damaged-vehicles/000000000007429559/2010-suzuki-jimny-station-wagon?referringPage=SearchResults
Toyota,Aqua,2013,No,$0,N/A,," Rear Damage, Structural Damage, Selling De-Registered",N/A,5,Hybrid,https://manheim.co.nz/damaged-vehicles/000000000007429587/2013-toyota-aqua-hybrid-hatch?referringPage=SearchResults
Holden,Colorado,2016,No,N/A,"83,960",," Front Damage, Structural Damage, Stolen & Recovered, Selling De-Registered",N/A,5,Diesel,https://manheim.co.nz/damaged-vehicles/000000000007429609/2016-holden-colorado-z71-dc-pu-2-8dt-4wd-dual-cab-utility?referringPage=SearchResults
Toyota,Corolla,2007,No,$0,N/A,," Left Front Damage, Left Rear Damage, Structural Damage, Selling De-Registered",N/A,5,Petrol,https://manheim.co.nz/damaged-vehicles/000000000007429616/2007-toyota-corolla-1-8p-gx-hatch-5-4a-hatch?referringPage=SearchResults
Suzuki,Swift,2026,No,N/A,N/A,," Front Damage, Rear Damage, Structural Damage, Selling De-Registered",N/A,5,Petrol,https://manheim.co.nz/damaged-vehicles/000000000007429620/2026-suzuki-swift-sport-1-4pt-6at-hatch?referringPage=SearchResults
Toyota,Hilux,1994,No,$0,"298,591",," Chassis Damage, Left Front Damage, Structural Damage, Suspension Damage, Selling De-Registered",N/A,5,Diesel,https://manheim.co.nz/damaged-vehicles/000000000007429648/1994-toyota-hilux-surf-station-wagon?referringPage=SearchResults
Holden,Colorado,2018,No,N/A,N/A,," Front Damage, Structural Damage, Selling De-Registered",N/A,5,Diesel,https://manheim.co.nz/damaged-vehicles/000000000007429712/2018-holden-colorado-ltz-dc-pu-2-8dt-4wd-dual-cab-utility?referringPage=SearchResults
Toyota,Caldina,2005,No,$0,N/A,," Right Rear Damage, Right Side Damage, Structural Damage, Selling De-Registered",N/A,5,Petrol,https://manheim.co.nz/damaged-vehicles/000000000007429736/2005-toyota-caldina-station-wagon?referringPage=SearchResults
Volkswagen,Golf,2007,No,$0,N/A,," Left Side Damage, Roof Damage, Right Front Damage, Structural Damage, Selling De-Registered",N/A,5,Petrol,https://manheim.co.nz/damaged-vehicles/000000000007429740/2007-volkswagen-golf-gti-hatch?referringPage=SearchResults
Toyota,Vitz,2008,No,$0,N/A,," Rear Damage, Structural Damage, Selling De-Registered",N/A,5,Petrol,https://manheim.co.nz/damaged-vehicles/000000000007429747/2008-toyota-vitz-hatch?referringPage=SearchResults
Land Rover,Range Rover,2004,No,$0,N/A,," Front Damage, Left Side Damage, Rear Damage, Right Side Damage, Structural Damage, Selling De-Registered","Automatic,",5,Petrol,https://manheim.co.nz/damaged-vehicles/000000000007429755/2004-landrover-range-rover-hse-station-wagon?referringPage=SearchResults
Toyota,Prius,2010,No,$0,"134,499",," Left Rear Damage, Rear Damage, Right Rear Damage, Structural Damage, Selling De-Registered","Automatic,",5,Hybrid,https://manheim.co.nz/damaged-vehicles/000000000007429756/2010-toyota-prius-sedan?referringPage=SearchResults
Hyundai,Accent,2006,Yes,$0,N/A,," Right Front Damage, Selling Registered",N/A,5,Petrol,https://manheim.co.nz/damaged-vehicles/000000000007429758/2006-hyundai-accent-1-6p-3d-a4-hatch-hatch?referringPage=SearchResults
Hamelex,4A,2000,Yes,$0,N/A,, Selling Registered,N/A,N/A,N/A,https://manheim.co.nz/damaged-vehicles/000000000007329750/2000-hamelex-4a-f673-tipping-trailer?referringPage=SearchResults
Toyota,Prius,2014,No,$0,N/A,," Left Side Damage, Rear Damage, Structural Damage, Selling De-Registered",N/A,5,Hybrid,https://manheim.co.nz/damaged-vehicles/000000000007429768/2014-toyota-prius-hatch?referringPage=SearchResults
Honda,Jazz,2007,Yes,$0,"256,589",," Left Side Damage, Selling Registered","5spd Automatic,",5,Petrol,https://manheim.co.nz/damaged-vehicles/000000000007429771/2007-honda-jazz-1-3i-5d-cvt-hatch-hatch?referringPage=SearchResults
Mazda,Eunos,1991,Yes,$0,"226,007",," Interior Damage, Vandalised - Entire Vehicle, Stolen & Recovered, Selling Registered","Automatic,",2,Petrol,https://manheim.co.nz/damaged-vehicles/000000000007429777/1991-mazda-eunos-roadster-roadster?referringPage=SearchResults
Honda,CRV,2005,No,$0,"154,710",," Rear Damage, Structural Damage, Selling De-Registered",N/A,5,Petrol,https://manheim.co.nz/damaged-vehicles/000000000007429787/2005-honda-crv-station-wagon?referringPage=SearchResults
Mitsubishi,Outlander,2017,No,N/A,"199,221",," Left Side Damage, Structural Damage, Selling De-Registered",N/A,7,Petrol,https://manheim.co.nz/damaged-vehicles/000000000007429788/2017-mitsubishi-outlander-ls-2-4p-4wd-cvt-station-wagon?referringPage=SearchResults
Nissan,Qashqai,2016,Yes,$0,"332,028",," Front Damage, Selling Registered","Automatic,",5,Petrol,https://manheim.co.nz/damaged-vehicles/000000000007429789/2016-nissan-qashqai-st-2-0p-cvt-station-wagon?referringPage=SearchResults
Toyota,Markx,2011,No,$0,"154,525",," Rear Damage, Right Side Damage, Structural Damage, Selling De-Registered",N/A,5,Petrol,https://manheim.co.nz/damaged-vehicles/000000000007429798/2011-toyota-markx-sedan?referringPage=SearchResults
Mazda,Demio,2010,No,$0,N/A,," Left Front Damage, Structural Damage, Selling De-Registered","Automatic,",5,Petrol,https://manheim.co.nz/damaged-vehicles/000000000007429812/2010-mazda-demio-hatch?referringPage=SearchResults
Yamaha,MW,2016,No,$0,N/A,," Front Damage, Structural Damage, Selling De-Registered",N/A,2,Petrol,https://manheim.co.nz/damaged-vehicles/000000000007429836/2016-yamaha-mw-125f-motorcycle?referringPage=SearchResults
Mazda,Atenza,2002,No,$0,"214,986",," Front Damage, Left Front Damage, Right Front Damage, Airbags Deployed, Structural Damage, Selling De-Registered","Automatic,",5,Petrol,https://manheim.co.nz/damaged-vehicles/000000000007429846/2002-mazda-atenza-hatch?referringPage=SearchResults
Mazda,CX-7,2011,No,N/A,1,, Selling De-Registered,"Automatic,",5,Petrol,https://manheim.co.nz/damaged-vehicles/000000000007419848/2011-mazda-cx-7-station-wagon?referringPage=SearchResults
Ford,Ranger,2007,No,$0,"201,265",," Front Damage, Structural Damage, Selling De-Registered",N/A,4,Diesel,https://manheim.co.nz/damaged-vehicles/000000000007429855/2007-ford-ranger-3-0td-xlt-rc-w-s-4x-utility?referringPage=SearchResults
Suzuki,GSX150,2019,No,$0,N/A,," Front Damage, Structural Damage, Selling De-Registered","Automatic,",N/A,Petrol,https://manheim.co.nz/damaged-vehicles/000000000007419860/2019-suzuki-gsx150-dxa-gixxer-motorcycle?referringPage=SearchResults
Toyota,Corolla,2004,No,$0,"176,454",," Front Damage, Left Front Damage, Right Front Damage, Structural Damage, Selling De-Registered","Automatic,",5,Petrol,https://manheim.co.nz/damaged-vehicles/000000000007419861/2004-toyota-corolla-1-8p-gl-hatch5-4a-hatch?referringPage=SearchResults
Ford,Fiesta,2017,No,$0,"91,013",," Rear Damage, Structural Damage, Selling De-Registered","Automatic,",5,Petrol,https://manheim.co.nz/damaged-vehicles/000000000007429881/2017-ford-fiesta-trend-1-5p-6at-ha-5-hatch?referringPage=SearchResults
Honda,Logo,2001,Yes,$0,"157,296",," Glass Broken, Ignition Damage, Selling Registered",N/A,5,Petrol,https://manheim.co.nz/damaged-vehicles/000000000007429892/2001-honda-logo-hatch?referringPage=SearchResults
Toyota,Prius,2011,No,$0,N/A,," Rear Damage, Structural Damage, Selling De-Registered",N/A,5,Hybrid,https://manheim.co.nz/damaged-vehicles/000000000007429898/2011-toyota-prius-hybrid-hatch?referringPage=SearchResults
Nissan,Safari,1991,No,N/A,"227,714",," Glass Broken, Interior Damage, Water Damage, Selling De-Registered","Automatic,",5,Diesel,https://manheim.co.nz/damaged-vehicles/000000000007419894/1991-nissan-safari-station-wagon?referringPage=SearchResults
Toyota,Hilux,2022,No,N/A,"92,450",," Airbags Deployed, Front Damage, Structural Damage, Selling De-Registered","Automatic,",5,Diesel,https://manheim.co.nz/damaged-vehicles/000000000007409901/2022-toyota-hilux-sr-td-dc-2-8dt-4wd-utility?referringPage=SearchResults
Toyota,Prius,2012,Yes,$0,N/A,," Left Side Damage, Selling Registered","Automatic,",5,Hybrid,https://manheim.co.nz/damaged-vehicles/000000000007419912/2012-toyota-prius-hybrid-hatch?referringPage=SearchResults
Ford,Courier,2005,No,$0,"94,901",," Ignition Damage, Vandalised - Entire Vehicle, Dismantled - Entire Vehicle, Stolen & Recovered, Selling De-Registered","5spd Manual,",4,Diesel,https://manheim.co.nz/damaged-vehicles/000000000007419915/2005-ford-courier-xlt-wellside-dual-cab-utility?referringPage=SearchResults
Toyota,Caldina,2005,No,$0,"339,356",," Chassis Damage, Front Damage, Structural Damage, Selling De-Registered","Automatic,",5,Petrol,https://manheim.co.nz/damaged-vehicles/000000000007429937/2005-toyota-caldina-station-wagon?referringPage=SearchResults
Toyota,Aqua,2015,Yes,N/A,N/A,," Glass Broken, Ignition Damage, Left Front Damage, Rear Damage, Right Side Damage, Selling Registered",N/A,5,Hybrid,https://manheim.co.nz/damaged-vehicles/000000000007429943/2015-toyota-aqua-hatch?referringPage=SearchResults
Toyota,Highlander,2019,No,N/A,N/A,," Front Damage, Structural Damage, Selling De-Registered",N/A,7,Petrol,https://manheim.co.nz/damaged-vehicles/000000000007429948/2019-toyota-highlander-gxl-3-5p-4wd-8at-station-wagon?referringPage=SearchResults
Nissan,Navara,2017,No,$0,N/A,," Fire - Entire Vehicle, Structural Damage, Selling De-Registered","Automatic,",5,Diesel,https://manheim.co.nz/damaged-vehicles/000000000007429951/2017-nissan-navara-st-2-3d-7am-ut-4dr--dual-cab-utility?referringPage=SearchResults
Suzuki,Swift,2013,No,$0,"87,114",," Airbags Deployed, Front Damage, Left Front Damage, Right Front Damage, Airbags Deployed, Structural Damage, Selling De-Registered",N/A,5,Petrol,https://manheim.co.nz/damaged-vehicles/000000000007429965/2013-suzuki-swift-glxa-1-4-5dr-hatch?referringPage=SearchResults
Toyota,Corolla,2004,No,$0,N/A,," Front Damage, Right Rear Damage, Structural Damage, Selling De-Registered",N/A,5,Petrol,https://manheim.co.nz/damaged-vehicles/000000000007429968/2004-toyota-corolla-1-8p-gl-hatch5-4a-hatch?referringPage=SearchResults
Toyota,Hilux,2013,No,N/A,"290,166",," Rolled, Structural Damage, Selling De-Registered","5spd Automatic,",5,Diesel,https://manheim.co.nz/damaged-vehicles/000000000007419960/2013-toyota-hilux-sr5-4wd-3-0td-dc-5m-dual-cab-utility?referringPage=SearchResults
Nissan,NV350,2016,No,$0,N/A,," Front Damage, Right Side Damage, Structural Damage, Selling De-Registered","Automatic,",3,Diesel,https://manheim.co.nz/damaged-vehicles/000000000007419973/2016-nissan-nv350-caravan-van?referringPage=SearchResults
