Manufacturer,Model,Year,Registration Status,Price,Mileage,Keys,Damage description,Transmission,Seats,Fuel Type,Link
Mazda,Premacy,2012,No,$0,"151,742",," Rear Damage, Right Rear Damage, Structural Damage, Selling De-Registered",N/A,7,Petrol,https://manheim.co.nz/damaged-vehicles/000000000007420018/2012-mazda-premacy-station-wagon?referringPage=SearchResults
Mitsubishi,Lancer,2003,No,$0,"182,896",," Rear Damage, Structural Damage, Selling De-Registered","Automatic,",5,Petrol,https://manheim.co.nz/damaged-vehicles/000000000007420024/2003-mitsubishi-lancer-2-0p-vr-x-sedan-a-sedan?referringPage=SearchResults
Toyota,Aqua,2014,No,$0,N/A,," Front Damage, Structural Damage, Selling De-Registered","Automatic,",5,Hybrid,https://manheim.co.nz/damaged-vehicles/000000000007420028/2014-toyota-aqua-hatch?referringPage=SearchResults
Ford,Courier,2003,No,$0,"229,968",," Right Side Damage, Structural Damage, Selling De-Registered",N/A,5,Diesel,https://manheim.co.nz/damaged-vehicles/000000000007420033/2003-ford-courier-xlx-crew-cab-dual-cab-utility?referringPage=SearchResults
Nissan,Qashqai,2021,No,N/A,N/A,," Engine Damage, Glass Broken, Interior Damage, Right Side Damage, Water Damage, Selling De-Registered","Automatic,",5,Petrol,https://manheim.co.nz/damaged-vehicles/000000000007420042/2021-nissan-qashqai-st-l-2-0p-cvt-hatch?referringPage=SearchResults
Subaru,Forester,2008,No,$0,"256,123",," Has Key, Rear Damage, Structural Damage, Selling De-Registered","Automatic,",5,Petrol,https://manheim.co.nz/damaged-vehicles/000000000007390040/2008-subaru-forester-station-wagon?referringPage=SearchResults
Toyota,C-hr,2017,No,N/A,N/A,," Left Side Damage, Right Side Damage, Structural Damage, Selling De-Registered","Automatic,",5,Hybrid,https://manheim.co.nz/damaged-vehicles/000000000007420053/2017-toyota-c-hr-hatch?referringPage=SearchResults
Suzuki,Swift,2005,No,$0,"146,211",," Rear Damage, Structural Damage, Selling De-Registered","Automatic,",5,Petrol,https://manheim.co.nz/damaged-vehicles/000000000007420055/2005-suzuki-swift-hatch?referringPage=SearchResults
Toyota,Landcruiser,1998,No,$0,"328,690",," Engine Damage, Front Damage, Structural Damage, Stolen & Recovered, Transmission Failure, Water Damage, Selling De-Registered","Automatic,",8,Diesel,https://manheim.co.nz/damaged-vehicles/000000000007420058/1998-toyota-landcruiser-prado-tx-limited-station-wagon?referringPage=SearchResults
Holden,Barina Spark,2014,No,$0,"196,844",," Left Side Damage, Structural Damage, Selling De-Registered","4spd Automatic,",5,Petrol,https://manheim.co.nz/damaged-vehicles/000000000007420060/2014-holden-barina-spark-cd-1-2p-4at-ha-4dr--hatch?referringPage=SearchResults
Ford,Kuga,2013,Yes,$0,"144,703",," Left Side Damage, Selling Registered",N/A,5,N/A,https://manheim.co.nz/damaged-vehicles/000000000007420068/2013-ford-kuga-awd-2-0-diesel-auto-station-wagon?referringPage=SearchResults
Toyota,RAV4,2022,Yes,N/A,"58,161",," Stolen & Recovered, Selling Registered","8spd Automatic,",5,Petrol,https://manheim.co.nz/damaged-vehicles/000000000007380064/2022-toyota-rav4-gxl-2-5p-4wd-8at-station-wagon?referringPage=SearchResults
Toyota,IST,2002,No,$0,"168,065",," Left Rear Damage, Structural Damage, Selling De-Registered",N/A,5,Petrol,https://manheim.co.nz/damaged-vehicles/000000000007420077/2002-toyota-ist-sedan?referringPage=SearchResults
KTM,390,2021,Yes,$0,"10,383",," Stolen & Recovered, Selling Registered",N/A,N/A,Petrol,https://manheim.co.nz/damaged-vehicles/000000000007410100/2021-ktm-390-duke-399p-motorcycle?referringPage=SearchResults
CF Moto,675sr-r,2025,No,$0,"8,582",," Left Side Damage, Right Side Damage, Structural Damage, Selling De-Registered",N/A,N/A,Petrol,https://manheim.co.nz/damaged-vehicles/000000000007420113/2025-cfmoto-675sr-r-motorcycle?referringPage=SearchResults
Toyota,Vitz,2000,No,$0,"134,268",," Left Side Damage, Selling De-Registered","Automatic,",5,Petrol,https://manheim.co.nz/damaged-vehicles/000000000007420149/2000-toyota-vitz-hatch?referringPage=SearchResults
Honda,Civic,2004,No,$0,"295,857",," Front Damage, Airbags Deployed, Structural Damage, Selling De-Registered","Manual,",5,Petrol,https://manheim.co.nz/damaged-vehicles/000000000007420151/2004-honda-civic-ferio-sedan?referringPage=SearchResults
Mitsubishi,Colt,2005,No,$0,"149,114",," Left Side Damage, Structural Damage, Selling De-Registered","Automatic,",5,Petrol,https://manheim.co.nz/damaged-vehicles/000000000007420152/2005-mitsubishi-colt-plus-hatch?referringPage=SearchResults
Nissan,Primera,1997,No,$0,"357,572",," Interior Damage, Stolen & Recovered, Selling De-Registered","4spd Automatic,",5,Petrol,https://manheim.co.nz/damaged-vehicles/000000000007420154/1997-nissan-primera-camino-2-0-sedan?referringPage=SearchResults
Nissan,Tiida,2007,No,$0,"125,474",," Left Rear Damage, Structural Damage, Selling De-Registered","Automatic,",5,Petrol,https://manheim.co.nz/damaged-vehicles/000000000007420155/2007-nissan-tiida-hatch?referringPage=SearchResults
Toyota,Spade,2013,No,$0,"106,208",," Stolen & Recovered, Water Damage, Selling De-Registered","Automatic,",5,Petrol,https://manheim.co.nz/damaged-vehicles/000000000007420158/2013-toyota-spade-hatch?referringPage=SearchResults
Suzuki,SX4,2008,No,$0,"84,751",," Rolled, Dismantled - Entire Vehicle, Structural Damage, Selling De-Registered","Automatic,",5,Petrol,https://manheim.co.nz/damaged-vehicles/000000000007420159/2008-suzuki-sx4-hatch?referringPage=SearchResults
Ford,Ranger,2021,No,N/A,"95,099",," Chassis Damage, Front Damage, Airbags Deployed, Structural Damage, Selling De-Registered","Automatic,",5,Diesel,https://manheim.co.nz/damaged-vehicles/000000000007420167/2021-ford-ranger-wildtrak-3-2d-4wd-dual-cab-utility?referringPage=SearchResults
Holden,Trax,2019,No,$0,N/A,," Front Damage, Rear Damage, Structural Damage, Selling De-Registered","Automatic,",5,Petrol,https://manheim.co.nz/damaged-vehicles/000000000007420182/2019-holden-trax-ltz-1-4p-6at-station-wagon?referringPage=SearchResults
Mazda,BT-50,2016,No,N/A,N/A,," Front Damage, Structural Damage, Selling De-Registered","Automatic,",4,Diesel,https://manheim.co.nz/damaged-vehicles/000000000007420188/2016-mazda-bt-50-glx-f-c-c-c-3-2d-6a-dual-cab-chassis?referringPage=SearchResults
Honda,fit,2012,No,$0,N/A,," Front Damage, Airbags Deployed, Structural Damage, Selling De-Registered","Automatic,",5,Hybrid,https://manheim.co.nz/damaged-vehicles/000000000007420194/2012-honda-fit-hybrid-hatch?referringPage=SearchResults
Mitsubishi,Outlander,2023,No,N/A,"62,624",," Water Damage, Selling De-Registered","Automatic,",5,Hybrid,https://manheim.co.nz/damaged-vehicles/000000000007390208/2023-mitsubishi-outlander-ls-phev-4wd-at-station-wagon?referringPage=SearchResults
Toyota,SAI,2014,No,$0,N/A,," Right Rear Damage, Structural Damage, Selling De-Registered","Automatic,",5,Hybrid,https://manheim.co.nz/damaged-vehicles/000000000007420215/2014-toyota-sai-sedan?referringPage=SearchResults
Nissan,Tiida,2005,No,$0,N/A,," Front Damage, Airbags Deployed, Structural Damage, Selling De-Registered","Automatic,",5,Petrol,https://manheim.co.nz/damaged-vehicles/000000000007420224/2005-nissan-tiida-hatch?referringPage=SearchResults
Nissan,Fuga,2007,No,$0,N/A,," Right Rear Damage, Structural Damage, Selling De-Registered",N/A,5,Petrol,https://manheim.co.nz/damaged-vehicles/000000000007420231/2007-nissan-fuga-250gt-sedan?referringPage=SearchResults
Nissan,Leaf,2012,No,$0,N/A,," Front Damage, Airbags Deployed, Structural Damage, Selling De-Registered",N/A,5,Electric,https://manheim.co.nz/damaged-vehicles/000000000007420233/2012-nissan-leaf-hatch?referringPage=SearchResults
Mercedes-Benz,C-class,2015,No,N/A,N/A,," Front Damage, Structural Damage, Selling De-Registered",N/A,5,Petrol,https://manheim.co.nz/damaged-vehicles/000000000007420235/2015-mercedes-benz-c-class-c-200-2-0p-7at-sl-4-sedan?referringPage=SearchResults
Nissan,Pulsar,2014,No,$0,N/A,," Left Rear Damage, Structural Damage, Selling De-Registered",N/A,5,Petrol,https://manheim.co.nz/damaged-vehicles/000000000007420236/2014-nissan-pulsar-st-sedan?referringPage=SearchResults
Toyota,Aqua,2012,No,$0,N/A,," Front Damage, Glass Broken, Left Front Damage, Right Front Damage, Right Rear Damage, Structural Damage, Selling De-Registered",N/A,5,Hybrid,https://manheim.co.nz/damaged-vehicles/000000000007390232/2012-toyota-aqua-hybrid-hatch?referringPage=SearchResults
BMW,320d,2012,No,$0,"107,016",," Right Rear Damage, Structural Damage, Selling De-Registered","Automatic,",5,Diesel,https://manheim.co.nz/damaged-vehicles/000000000007420271/2012-bmw-320d-sedan-4dr-8a-2-0l-sedan?referringPage=SearchResults
Suzuki,Swift,2013,No,$0,N/A,," Left Front Damage, Left Side Damage, Structural Damage, Selling De-Registered","Automatic,",5,Petrol,https://manheim.co.nz/damaged-vehicles/000000000007420272/2013-suzuki-swift-hatch?referringPage=SearchResults
Toyota,Prius,2016,No,$0,"122,260",," Front Damage, Left Front Damage, Right Front Damage, Structural Damage, Selling De-Registered","Automatic,",5,Hybrid,https://manheim.co.nz/damaged-vehicles/000000000007420275/2016-toyota-prius-hatch?referringPage=SearchResults
Suzuki,Swift,2012,No,$0,"99,093",," Rear Damage, Structural Damage, Selling De-Registered","5spd Manual,",5,Petrol,https://manheim.co.nz/damaged-vehicles/000000000007420276/2012-suzuki-swift-gl-1-4-5dr-hatch?referringPage=SearchResults
Subaru,Legacy,2005,No,$0,"197,334",," Rear Damage, Structural Damage, Selling De-Registered","6spd Manual,",5,Petrol,https://manheim.co.nz/damaged-vehicles/000000000007420337/2005-subaru-legacy-station-wagon?referringPage=SearchResults
Nissan,Tiida,2004,No,$0,"176,959",," Left Rear Damage, Rear Damage, Right Rear Damage, Structural Damage, Selling De-Registered","Automatic,",5,Petrol,https://manheim.co.nz/damaged-vehicles/000000000007420341/2004-nissan-tiida-hatch?referringPage=SearchResults
Mazda,Bounty,2005,No,$0,"259,067",," Front Damage, Structural Damage, Selling De-Registered","Automatic,",3,Diesel,https://manheim.co.nz/damaged-vehicles/000000000007420349/2005-mazda-bounty-std-cab-c-c-2wd-dx-x-cab-utility?referringPage=SearchResults
Mitsubishi,Triton,2018,No,N/A,N/A,," Front Damage, Structural Damage, Selling De-Registered","Automatic,",5,Diesel,https://manheim.co.nz/damaged-vehicles/000000000007420355/2018-mitsubishi-triton-dual-cab-utility?referringPage=SearchResults
CRUSADER,Single Axle,1975,No,$400,N/A,0," Left Side Damage, Right Side Damage, Structural Damage, Selling De-Registered",N/A,N/A,N/A,https://manheim.co.nz/damaged-vehicles/000000000007420359/1975-crusader-single-axle-caravan?referringPage=SearchResults
Toyota,Aqua,2018,No,$0,N/A,," Structural Damage, Suspension Damage, Under Body Damage, Selling De-Registered",N/A,5,Hybrid,https://manheim.co.nz/damaged-vehicles/000000000007420369/2018-toyota-aqua-hatch?referringPage=SearchResults
Toyota,Crown,2008,No,$0,"169,334",," Front Damage, Structural Damage, Selling De-Registered","Automatic,",5,Petrol,https://manheim.co.nz/damaged-vehicles/000000000007420371/2008-toyota-crown-majesta-sedan?referringPage=SearchResults
Toyota,Will,2004,Yes,$0,"180,454",," Glass Broken, Ignition Damage, Vandalised - Entire Vehicle, Stolen & Recovered, Selling Registered","Automatic,",5,Petrol,https://manheim.co.nz/damaged-vehicles/000000000007420376/2004-toyota-will-cypha-station-wagon?referringPage=SearchResults
Toyota,Vitz,2006,No,$0,"198,638",," Front Damage, Structural Damage, Selling De-Registered","Automatic,",6,Petrol,https://manheim.co.nz/damaged-vehicles/000000000007420378/2006-toyota-vitz-rs-hatch?referringPage=SearchResults
Nissan,Teana,2004,No,$0,"145,024",," Rear Damage, Right Rear Damage, Structural Damage, Selling De-Registered","Automatic,",5,Petrol,https://manheim.co.nz/damaged-vehicles/000000000007420396/2004-nissan-teana-sedan?referringPage=SearchResults
Honda,fit,2009,No,$0,"78,761",," Right Front Damage, Structural Damage, Selling De-Registered","Automatic,",5,Petrol,https://manheim.co.nz/damaged-vehicles/000000000007420413/2009-honda-fit-hatch?referringPage=SearchResults
Suzuki,Jimny,2010,No,$0,"77,422",," Right Front Damage, Structural Damage, Selling De-Registered","5spd Manual,",4,Petrol,https://manheim.co.nz/damaged-vehicles/000000000007420416/2010-suzuki-jimny-station-wagon?referringPage=SearchResults
Mazda,Demio,2013,No,$0,N/A,," Left Rear Damage, Rear Damage, Right Rear Damage, Structural Damage, Selling De-Registered","Automatic,",5,Petrol,https://manheim.co.nz/damaged-vehicles/000000000007420419/2013-mazda-demio-hatch?referringPage=SearchResults
Toyota,Corolla,2003,No,$0,"198,682",," Rear Damage, Structural Damage, Selling De-Registered","Automatic,",5,Petrol,https://manheim.co.nz/damaged-vehicles/000000000007420448/2003-toyota-corolla-1-8p-gl-sedan-4a-sedan?referringPage=SearchResults
Honda,Rafaga,1994,No,$0,"174,562",," Rear Damage, Structural Damage, Selling De-Registered","4spd Automatic,",5,Petrol,https://manheim.co.nz/damaged-vehicles/000000000007420449/1994-honda-rafaga-sedan?referringPage=SearchResults
Skoda,Scala,2019,No,$0,"220,163",," Water Damage, Selling De-Registered","Automatic,",5,Petrol,https://manheim.co.nz/damaged-vehicles/000000000007410467/2019-skoda-scala-sport-tsi-110kw-1-5-hatch?referringPage=SearchResults
Toyota,Prius,2009,No,$0,N/A,," Front Damage, Left Front Damage, Left Side Damage, Structural Damage, Selling De-Registered",N/A,5,Hybrid,https://manheim.co.nz/damaged-vehicles/000000000007420473/2009-toyota-prius-hatch?referringPage=SearchResults
Mazda,2,2015,No,$0,"120,882",," Front Damage, Structural Damage, Selling De-Registered","Automatic,",5,Petrol,https://manheim.co.nz/damaged-vehicles/000000000007420475/2015-mazda-2-dj-neo-hatch?referringPage=SearchResults
Suzuki,Swift,2007,No,$0,"128,277",," Front Damage, Structural Damage, Selling De-Registered","4spd Automatic,",5,Petrol,https://manheim.co.nz/damaged-vehicles/000000000007420476/2007-suzuki-swift-glxha2-1-5-5dr-hatch?referringPage=SearchResults
Triumph,Bonneville,2006,Yes,$0,"52,537",, Selling Registered,"Automatic,",N/A,Petrol,https://manheim.co.nz/damaged-vehicles/000000000007420478/2006-triumph-bonneville-america-motorcycle?referringPage=SearchResults
Ford,Falcon,2010,No,$0,"173,808",," Front Damage, Left Front Damage, Roof Damage, Right Front Damage, Right Side Damage, Structural Damage, Selling De-Registered","Automatic,",5,Petrol,https://manheim.co.nz/damaged-vehicles/000000000007420480/2010-ford-falcon-fg-xr6-sedan-a-sedan?referringPage=SearchResults
Toyota,Hilux,2017,No,$0,N/A,," Fire - Entire Vehicle, Structural Damage, Stolen & Recovered, Selling De-Registered","Automatic,",2,Diesel,https://manheim.co.nz/damaged-vehicles/000000000007420482/2017-toyota-hilux-s-td-sc-cc-2-8d-5mt-dual-cab-chassis?referringPage=SearchResults
Toyota,Corolla,2008,No,$0,N/A,," Front Damage, Interior Fire Damage, Structural Damage, Selling De-Registered","Automatic,",5,Petrol,https://manheim.co.nz/damaged-vehicles/000000000007420483/2008-toyota-corolla-1-8p-gx-hatch-5-6m-hatch?referringPage=SearchResults
Ford,Falcon,2007,No,$0,N/A,," Rolled, Structural Damage, Stolen & Recovered, Selling De-Registered","Automatic,",5,Petrol,https://manheim.co.nz/damaged-vehicles/000000000007420484/2007-ford-falcon-bf2-xr8-6spd-a-sedan?referringPage=SearchResults
Honda,fit,2002,No,$0,"259,380",," Interior Damage, Water Damage, Selling De-Registered","Automatic,",5,Petrol,https://manheim.co.nz/damaged-vehicles/000000000007420491/2002-honda-fit-hatch?referringPage=SearchResults
Toyota,Cavalier,1998,No,$0,"122,121",," Left Side Damage, Structural Damage, Selling De-Registered","Automatic,",5,Petrol,https://manheim.co.nz/damaged-vehicles/000000000007420492/1998-toyota-cavalier-sedan?referringPage=SearchResults
Toyota,Corolla,2019,Yes,N/A,N/A,," Stolen & Recovered, Selling Registered","Automatic,",5,Petrol,https://manheim.co.nz/damaged-vehicles/000000000007420495/2019-toyota-corolla-sx-2-0p-10cvt-sedan?referringPage=SearchResults
Mazda,MAZDA2,2003,No,$0,N/A,," Left Front Damage, Left Rear Damage, Left Side Damage, Structural Damage, Selling De-Registered",N/A,5,Petrol,https://manheim.co.nz/damaged-vehicles/000000000007420496/2003-mazda-mazda2-hatch-5-dr-1-5-auto-hatch?referringPage=SearchResults
Dodge.,Journey,2016,No,$0,"188,715",," Right Rear Damage, Structural Damage, Selling De-Registered","Automatic,",7,Petrol,https://manheim.co.nz/damaged-vehicles/000000000007420497/2016-dodge-journey-sxt-3-6p-6at-sw-5dr-station-wagon?referringPage=SearchResults
Toyota,Wish,2004,Yes,$0,"198,175",," Ignition Damage, Right Front Damage, Stolen & Recovered, Selling Registered","Automatic,",7,Petrol,https://manheim.co.nz/damaged-vehicles/000000000007420498/2004-toyota-wish-station-wagon?referringPage=SearchResults
Ford,Fiesta,2008,No,$0,"47,365",," Front Damage, Structural Damage, Selling De-Registered","Automatic,",5,Petrol,https://manheim.co.nz/damaged-vehicles/000000000007420499/2008-ford-fiesta-5dr-1-6-a-hatch?referringPage=SearchResults
Holden,Captiva,2014,No,$0,"190,454",," Right Rear Damage, Right Side Damage, Selling De-Registered","Automatic,",5,Diesel,https://manheim.co.nz/damaged-vehicles/000000000007390491/2014-holden-captiva-ltz-2-2d-4wd-6at-sw-station-wagon?referringPage=SearchResults
Holden,Captiva,2008,No,$0,N/A,," Left Rear Damage, Dismantled - Engine, Selling De-Registered","Automatic,",7,Petrol,https://manheim.co.nz/damaged-vehicles/000000000007390495/2008-holden-captiva-lx-3-2l-v6-auto-station-wagon?referringPage=SearchResults
Audi,A3,2022,No,N/A,"48,913",, Selling De-Registered,"7spd Automatic,",5,Petrol,https://manheim.co.nz/damaged-vehicles/000000000007420500/2022-audi-a3-sedan?referringPage=SearchResults
BMW,116i,2012,No,$0,"187,411",," Rear Damage, Structural Damage, Selling De-Registered",N/A,5,Petrol,https://manheim.co.nz/damaged-vehicles/000000000007420502/2012-bmw-116i-hatch-8a-5dr-1-6l-hatch?referringPage=SearchResults
Ford,Ranger,2023,No,N/A,"95,515",," Chassis Damage, Rear Damage, Structural Damage, Selling De-Registered",N/A,5,N/A,https://manheim.co.nz/damaged-vehicles/000000000007420503/2023-ford-ranger-xlt-double-cab-w-sa-dual-cab-utility?referringPage=SearchResults
Nissan,Latio,2015,No,$0,N/A,," Left Side Damage, Right Side Damage, Vandalised - Interior, Structural Damage, Stolen & Recovered, Selling De-Registered","Automatic,",5,Petrol,https://manheim.co.nz/damaged-vehicles/000000000007420506/2015-nissan-latio-1-2l-petrol-sedan?referringPage=SearchResults
Mazda,Demio,2013,No,$0,"51,908",," Water Damage, Selling De-Registered","Automatic,",5,Petrol,https://manheim.co.nz/damaged-vehicles/000000000007420507/2013-mazda-demio-hatch?referringPage=SearchResults
Toyota,Vitz,2001,No,$0,N/A,," Front Damage, Structural Damage, Selling De-Registered","Automatic,",5,Petrol,https://manheim.co.nz/damaged-vehicles/000000000007420514/2001-toyota-vitz-hatch?referringPage=SearchResults
Toyota,Hilux,2012,No,N/A,"187,306",," Front Damage, Left Rear Damage, Left Side Damage, Roof Damage, Rolled, Right Side Damage, Structural Damage, Selling De-Registered","5spd Manual,",5,N/A,https://manheim.co.nz/damaged-vehicles/000000000007400517/2012-toyota-hilux-2wd-3-0td-dc-ute-5m-dual-cab-utility?referringPage=SearchResults
Ssangyong,Korando,2014,No,$0,N/A,," Interior Damage, Right Side Damage, Structural Damage, Selling De-Registered","Automatic,",5,Petrol,https://manheim.co.nz/damaged-vehicles/000000000007420524/2014-ssangyong-korando-petrol-auto-limited-station-wagon?referringPage=SearchResults
Toyota,Aqua,2017,No,$0,N/A,," Rear Damage, Structural Damage, Selling De-Registered",N/A,5,Hybrid,https://manheim.co.nz/damaged-vehicles/000000000007420530/2017-toyota-aqua-hybrid-hatch?referringPage=SearchResults
Holden,Cruze,2015,No,$0,"17,067",," Left Front Damage, Left Side Damage, Roof Damage, Selling De-Registered","Automatic,",5,Petrol,https://manheim.co.nz/damaged-vehicles/000000000007410551/2015-holden-cruze-equipe-1-8p-6at-ha--hatch?referringPage=SearchResults
Ford,KA,2000,No,$0,N/A,," Left Rear Damage, Right Rear Damage, Right Side Damage, Selling De-Registered","5spd Manual,",5,Petrol,https://manheim.co.nz/damaged-vehicles/000000000007410562/2000-ford-ka-1-3-3-dr-m-hatch?referringPage=SearchResults
Toyota,Corolla,2012,Yes,$0,N/A,," Interior Damage, Left Side Damage, Right Rear Damage, Right Side Damage, Vandalised - Interior, Stolen & Recovered, Selling Registered","CVT,",5,Petrol,https://manheim.co.nz/damaged-vehicles/000000000007420568/2012-toyota-corolla-gx-1-5p-wagon-cvt-station-wagon?referringPage=SearchResults
Audi,A3,2015,No,N/A,"68,192",, Selling De-Registered,"Automatic,",5,Hybrid,https://manheim.co.nz/damaged-vehicles/000000000007420577/2015-audi-a3-station-wagon?referringPage=SearchResults
Ford,Territory,2009,No,$0,N/A,," Left Front Damage, Left Side Damage, Right Side Damage, Selling De-Registered","Automatic,",7,Petrol,https://manheim.co.nz/damaged-vehicles/000000000007410581/2009-ford-territory-territory-ghia-awd-station-wagon?referringPage=SearchResults
Mazda,Atenza,2008,No,$0,"254,437",," Roof Damage, Right Front Damage, Right Side Damage, Structural Damage, Selling De-Registered",N/A,5,Petrol,https://manheim.co.nz/damaged-vehicles/000000000007420659/2008-mazda-atenza-station-wagon?referringPage=SearchResults
Toyota,Corolla,1997,No,$0,"305,430",," Front Damage, Left Rear Damage, Left Side Damage, Rear Damage, Structural Damage, Selling De-Registered","Automatic,",5,Petrol,https://manheim.co.nz/damaged-vehicles/000000000007400650/1997-toyota-corolla-station-wagon?referringPage=SearchResults
Honda,fit,2013,No,$0,"161,233",," Left Front Damage, Structural Damage, Selling De-Registered","7spd,",5,Petrol,https://manheim.co.nz/damaged-vehicles/000000000007420664/2013-honda-fit-hybrid-hatch?referringPage=SearchResults
Ford,Kuga,2013,No,$0,"179,162",," Water Damage, Selling De-Registered","Automatic,",5,Petrol,https://manheim.co.nz/damaged-vehicles/000000000007410744/2013-ford-kuga-station-wagon?referringPage=SearchResults
Honda,CBR,2021,No,$0,1,," Front Fork Damaged, Structural Damage, Selling De-Registered","Automatic,",N/A,Petrol,https://manheim.co.nz/damaged-vehicles/000000000007390754/2021-honda-cbr-650-p-motorcycle?referringPage=SearchResults
Nissan,Juke,2013,No,N/A,N/A,,N/A,N/A,5,Petrol,https://manheim.co.nz/damaged-vehicles/000000000007410767/2013-nissan-juke-station-wagon?referringPage=SearchResults
Mazda,Atenza,2014,No,$0,N/A,," Right Front Damage, Right Rear Damage, Airbags Deployed, Structural Damage, Selling De-Registered",N/A,5,Petrol,https://manheim.co.nz/damaged-vehicles/000000000007420772/2014-mazda-atenza-sedan?referringPage=SearchResults
Ford,Kuga,2014,No,$0,"87,000",," Right Side Damage, Selling De-Registered","Automatic,",5,Petrol,https://manheim.co.nz/damaged-vehicles/000000000007390806/2014-ford-kuga-awd-1-6p-ecoboost-a-station-wagon?referringPage=SearchResults
Holden,Commodore,2004,No,$0,"220,786",," Left Rear Damage, Right Rear Damage, Dismantled - Entire Vehicle, Selling De-Registered","Automatic,",5,Petrol,https://manheim.co.nz/damaged-vehicles/000000000007400803/2004-holden-commodore-acclaim-sedan-auto-sedan?referringPage=SearchResults
Nissan,X-trail,2015,No,$0,"62,645",," Interior Damage, Dismantled - Interior, Water Damage, Selling De-Registered","Automatic,",5,Petrol,https://manheim.co.nz/damaged-vehicles/000000000007420838/2015-nissan-x-trail-station-wagon?referringPage=SearchResults
Fiat,Abarth 595,2022,No,$0,N/A,," Front Damage, Airbags Deployed, Structural Damage, Selling De-Registered",N/A,4,Petrol,https://manheim.co.nz/damaged-vehicles/000000000007420879/2022-fiat-abarth-595-1-4pt-5at-hatch?referringPage=SearchResults
Mazda,Familia,2000,No,$0,"258,576",," Front Damage, Rear Damage, Structural Damage, Selling De-Registered","Automatic,",5,Petrol,https://manheim.co.nz/damaged-vehicles/000000000007420938/2000-mazda-familia-sp20-station-wagon?referringPage=SearchResults
Ford,Escape,2008,No,$0,"188,958",," Left Front Damage, Roof Damage, Right Front Damage, Vandalised - Interior, Selling De-Registered","Automatic,",5,Petrol,https://manheim.co.nz/damaged-vehicles/000000000007400969/2008-ford-escape-xlt-v6-sport-station-wagon?referringPage=SearchResults
Toyota,SAI,2015,No,$0,N/A,," Front Damage, Left Front Damage, Left Side Damage, Right Front Damage, Structural Damage, Selling De-Registered","Automatic,",5,Hybrid,https://manheim.co.nz/damaged-vehicles/000000000007401020/2015-toyota-sai-sedan?referringPage=SearchResults
Ford,Falcon,2003,No,$0,N/A,," Roof Damage, Right Side Damage, Dismantled - Interior, Selling De-Registered","Automatic,",5,Petrol,https://manheim.co.nz/damaged-vehicles/000000000007401022/2003-ford-falcon-ba-falcon-xt-w-fa-station-wagon?referringPage=SearchResults
Ford,Focus,2010,No,$0,"178,829",," Left Front Damage, Left Side Damage, Right Front Damage, Selling De-Registered","5spd Manual,",5,Diesel,https://manheim.co.nz/damaged-vehicles/000000000007401030/2010-ford-focus-1-8td-wagon-station-wagon?referringPage=SearchResults
Suzuki,GSX150,2020,No,$0,"5,663",," Structural Damage, Selling De-Registered",N/A,N/A,Petrol,https://manheim.co.nz/damaged-vehicles/000000000007381041/2020-suzuki-gsx150-fdza-gixxer-motorcycle?referringPage=SearchResults
Honda,Jazz,2016,No,$0,"77,297",," Left Side Damage, Airbags Deployed, Structural Damage, Selling De-Registered","CVT,",5,Petrol,https://manheim.co.nz/damaged-vehicles/000000000007421040/2016-honda-jazz-rs-1-5p-cvt-ha-5dr--hatch?referringPage=SearchResults
Nissan,Note,2019,No,$0,N/A,," Airbags Deployed, Structural Damage, Selling De-Registered","Automatic,",5,Petrol,https://manheim.co.nz/damaged-vehicles/000000000007391162/2019-nissan-note-hatch?referringPage=SearchResults
Honda,fit,2006,No,$0,N/A,," Right Front Damage, Structural Damage, Selling De-Registered",N/A,5,Petrol,https://manheim.co.nz/damaged-vehicles/000000000007421170/2006-honda-fit-hatch?referringPage=SearchResults
Ssangyong,Rexton,2015,Yes,$0,"178,080",," Rear Damage, Structural Damage, Selling Registered","Automatic,",7,Diesel,https://manheim.co.nz/damaged-vehicles/000000000007421179/2015-ssangyong-rexton-station-wagon?referringPage=SearchResults
Ford,Focus,2002,No,$0,"142,188",," Right Front Damage, Structural Damage, Selling De-Registered",N/A,5,Petrol,https://manheim.co.nz/damaged-vehicles/000000000007421188/2002-ford-focus-hatch?referringPage=SearchResults
Toyota,Aqua,2018,Yes,N/A,"100,356",, Selling Registered,"CVT,",5,Hybrid,https://manheim.co.nz/damaged-vehicles/000000000007421190/2018-toyota-aqua-hatch?referringPage=SearchResults
Honda,CRZ,2012,No,$0,N/A,," Left Side Damage, Structural Damage, Selling De-Registered","Automatic,",4,Hybrid,https://manheim.co.nz/damaged-vehicles/000000000007421208/2012-honda-crz-sr-1-5ph-cvt-coup%C3%A9?referringPage=SearchResults
Audi,A7,2011,No,$0,"114,244",," Front Damage, Structural Damage, Selling De-Registered",N/A,5,Petrol,https://manheim.co.nz/damaged-vehicles/000000000007421214/2011-audi-a7-sportback-3-0t-fsi-sedan?referringPage=SearchResults
Honda,fit,2012,No,$0,"90,706",," Rear Damage, Structural Damage, Selling De-Registered",N/A,5,Hybrid,https://manheim.co.nz/damaged-vehicles/000000000007421224/2012-honda-fit-shuttle-station-wagon?referringPage=SearchResults
Peugeot,308,2008,No,$0,"201,992",," Left Side Damage, Structural Damage, Selling De-Registered","Automatic,",5,Diesel,https://manheim.co.nz/damaged-vehicles/000000000007421227/2008-peugeot-308-hdi-auto-hatch?referringPage=SearchResults
Mazda,MAZDA3,2008,No,$0,N/A,," Front Damage, Left Side Damage, Rear Damage, Roof Damage, Right Front Damage, Right Side Damage, Airbags Deployed, Structural Damage, Selling De-Registered","Automatic,",5,Petrol,https://manheim.co.nz/damaged-vehicles/000000000007421254/2008-mazda-mazda3-sporthatch-mps-2-3-hatch?referringPage=SearchResults
Toyota,Aqua,2017,No,$0,"193,869",," Front Damage, Structural Damage, Selling De-Registered",N/A,5,Hybrid,https://manheim.co.nz/damaged-vehicles/000000000007411255/2017-toyota-aqua-hatch?referringPage=SearchResults
SWIFT,Challenger 460,2005,No,$800,N/A,0," Left Side Damage, Structural Damage, Selling De-Registered",N/A,N/A,N/A,https://manheim.co.nz/damaged-vehicles/000000000007411305/2005-swift-challenger-460-caravan?referringPage=SearchResults
Nissan,Tiida,2006,No,$0,"145,772",," Left Rear Damage, Structural Damage, Selling De-Registered","Automatic,",5,Petrol,https://manheim.co.nz/damaged-vehicles/000000000007421302/2006-nissan-tiida-hatch?referringPage=SearchResults
Suzuki,GSX250FRLL9,2021,Yes,$0,N/A,," Structural Damage, Selling Registered","Automatic,",N/A,Petrol,https://manheim.co.nz/damaged-vehicles/000000000007411314/2021-suzuki-gsx250frll9-motorcycle?referringPage=SearchResults
Yamaha,MT03LA,2019,No,$0,1,," Structural Damage, Selling De-Registered",N/A,N/A,Petrol,https://manheim.co.nz/damaged-vehicles/000000000007401316/2019-yamaha-mt03la-k-motorcycle?referringPage=SearchResults
Daihatsu,Sirion,2008,No,$0,"128,915",," Interior Damage, Water Damage, Selling De-Registered",N/A,5,Petrol,https://manheim.co.nz/damaged-vehicles/000000000007421330/2008-daihatsu-sirion-1-3p-hatch-4a-hatch?referringPage=SearchResults
KTM,200,2015,No,$0,"24,476",," Left Side Damage, Right Side Damage, Structural Damage, Selling De-Registered","Manual,",N/A,Petrol,https://manheim.co.nz/damaged-vehicles/000000000007401348/2015-ktm-200-duke-motorcycle?referringPage=SearchResults
Mazda,Demio,2005,No,$0,"189,309",," Interior Damage, Ignition Damage, Left Front Damage, Left Rear Damage, Vandalised - Interior, Structural Damage, Stolen & Recovered, Selling De-Registered","Automatic,",5,Petrol,https://manheim.co.nz/damaged-vehicles/000000000007421399/2005-mazda-demio-hatch?referringPage=SearchResults
Pontiac,Grand-prix,1977,No,N/A,"44,211",," Left Side Damage, Rear Damage, Right Side Damage, Structural Damage, Selling De-Registered",N/A,4,Petrol,https://manheim.co.nz/damaged-vehicles/000000000007421401/1977-pontiac-grand-prix-coup%C3%A9?referringPage=SearchResults
Ford,Mondeo,2020,No,$0,"78,729",," Rear Damage, Structural Damage, Under Body Damage, Selling De-Registered",N/A,5,Petrol,https://manheim.co.nz/damaged-vehicles/000000000007421429/2020-ford-mondeo-ambiente-5dr-petrol-hatch?referringPage=SearchResults
Kia,Stonic,2024,No,N/A,"13,216",," Front Damage, Left Front Damage, Structural Damage, Selling De-Registered",N/A,5,Petrol,https://manheim.co.nz/damaged-vehicles/000000000007421436/2024-kia-stonic-sx-1-0pt-7am-hatch?referringPage=SearchResults
Kawasaki,ex,2011,Yes,$0,"37,540",," Left Front Damage, Left Side Damage, Right Side Damage, Selling Registered","Manual,",N/A,Petrol,https://manheim.co.nz/damaged-vehicles/000000000007411438/2011-kawasaki-ex-250j-motorcycle?referringPage=SearchResults
Honda,Pioneer,2025,No,$0,N/A,," Front Damage, Structural Damage, Suspension Damage, Selling De-Registered",N/A,N/A,N/A,https://manheim.co.nz/damaged-vehicles/000000000007411453/2025-honda-pioneer-quad-bike?referringPage=SearchResults
Indian,Scout,2022,No,$0,"5,670",," Structural Damage, Selling De-Registered",N/A,N/A,Petrol,https://manheim.co.nz/damaged-vehicles/000000000007411478/2022-indian-scout-bobber-motorcycle?referringPage=SearchResults
Toyota,Avensis,2007,Yes,$0,N/A,," Right Front Damage, Right Side Damage, Selling Registered","Automatic,",5,Petrol,https://manheim.co.nz/damaged-vehicles/000000000007391490/2007-toyota-avensis-2-0-sedan?referringPage=SearchResults
Nissan,Tiida,2007,Yes,$0,"336,499",," Glass Broken, Ignition Damage, Left Front Damage, Stolen & Recovered, Selling Registered","Automatic,",5,Petrol,https://manheim.co.nz/damaged-vehicles/000000000007421509/2007-nissan-tiida-latio-sedan?referringPage=SearchResults
Holden,Colorado,2016,No,N/A,"154,275",," Roof Damage, Structural Damage, Water Damage, Selling De-Registered","Automatic,",5,Diesel,https://manheim.co.nz/damaged-vehicles/000000000007421545/2016-holden-colorado-z71-dc-pu-2-8d-4wd--dual-cab-utility?referringPage=SearchResults
Toyota,Hiace,2010,No,N/A,"251,114",," Left Front Damage, Structural Damage, Selling De-Registered",N/A,3,Petrol,https://manheim.co.nz/damaged-vehicles/000000000007421564/2010-toyota-hiace-van?referringPage=SearchResults
Harley-Davidson,Flstf,2011,Yes,$0,1,," Front Damage, Left Side Damage, Right Side Damage, Selling Registered","Manual,",N/A,Petrol,https://manheim.co.nz/damaged-vehicles/000000000007421565/2011-harley-davidson-flstf-fat-boy-motorcycle?referringPage=SearchResults
Toyota,Hilux,2016,No,N/A,"116,358",," Airbags Deployed, Chassis Damage, Front Damage, Right Front Damage, Right Side Damage, Structural Damage, Selling De-Registered","Automatic,",5,Diesel,https://manheim.co.nz/damaged-vehicles/000000000007421588/2016-toyota-hilux-sr5-td-dc-2-8d-6at--dual-cab-utility?referringPage=SearchResults
Nissan,Note,2017,No,$0,"110,171",," Front Damage, Left Front Damage, Structural Damage, Selling De-Registered","Automatic,",5,Petrol,https://manheim.co.nz/damaged-vehicles/000000000007411606/2017-nissan-note-hatch?referringPage=SearchResults
Maserati,Ghibli,2015,No,N/A,"70,287",," Structural Damage, Under Body Damage, Selling De-Registered","Automatic,",5,Diesel,https://manheim.co.nz/damaged-vehicles/000000000007421611/2015-maserati-ghibli-dv6-auto-sedan?referringPage=SearchResults
Toyota,Yaris,2021,No,N/A,N/A,," Rear Damage, Structural Damage, Selling De-Registered","Automatic,",5,Petrol,https://manheim.co.nz/damaged-vehicles/000000000007421614/2021-toyota-yaris-hatch?referringPage=SearchResults
Mazda,CX-5,2016,No,$0,N/A,," Left Side Damage, Roof Damage, Right Side Damage, Structural Damage, Selling De-Registered","Automatic,",5,Diesel,https://manheim.co.nz/damaged-vehicles/000000000007401646/2016-mazda-cx-5-station-wagon?referringPage=SearchResults
Nissan,Tiida,2006,Yes,$0,N/A,," Ignition Damage, Stolen & Recovered, Selling Registered","Automatic,",5,Petrol,https://manheim.co.nz/damaged-vehicles/000000000007421652/2006-nissan-tiida-hatch?referringPage=SearchResults
Honda,Jazz,2021,Yes,N/A,"38,553",," Interior Damage, Selling Registered","CVT,",5,Petrol,https://manheim.co.nz/damaged-vehicles/000000000007421763/2021-honda-jazz-life-1-5p-cvt-hatch?referringPage=SearchResults
Mazda,Bounty,2004,Yes,$0,"265,512",," Ignition Damage, Selling Registered","Manual,",5,Diesel,https://manheim.co.nz/damaged-vehicles/000000000007421764/2004-mazda-bounty-dbl-cab-w-s-2wd-td-dual-cab-utility?referringPage=SearchResults
Triumph,Speedmaster,2012,No,$0,"50,745",," Hard Hit, Right Rear Damage, Structural Damage, Accident Damage, Selling De-Registered",N/A,N/A,Petrol,https://manheim.co.nz/damaged-vehicles/000000000007421770/2012-triumph-speedmaster-a2-ml5-motorcycle?referringPage=SearchResults
Nissan,Maxima,2004,No,$0,"216,442",," Front Damage, Left Front Damage, Structural Damage, Selling De-Registered",N/A,5,Petrol,https://manheim.co.nz/damaged-vehicles/000000000007411822/2004-nissan-maxima-st-3-5-auto-sedan?referringPage=SearchResults
Yamaha,MT-03,2016,No,$0,N/A,," Engine Damage, Ignition Damage, Stolen & Recovered, Selling De-Registered","Automatic,",N/A,Petrol,https://manheim.co.nz/damaged-vehicles/000000000007421864/2016-yamaha-mt-03-la-motorcycle?referringPage=SearchResults
Suzuki,Escudo,2001,Yes,$0,"249,649",," Glass Broken, Left Front Damage, Left Rear Damage, Right Side Damage, Accident Damage, Selling Registered","4spd Automatic,",5,Petrol,https://manheim.co.nz/damaged-vehicles/000000000007421874/2001-suzuki-escudo-station-wagon?referringPage=SearchResults
Mazda,Demio,2005,Yes,$0,"211,592",," Right Side Damage, Selling Registered",N/A,5,Petrol,https://manheim.co.nz/damaged-vehicles/000000000007421878/2005-mazda-demio-hatch?referringPage=SearchResults
Honda,CRV,1996,No,$0,"173,592",," Front Damage, Left Side Damage, Structural Damage, Selling De-Registered","Automatic,",5,Petrol,https://manheim.co.nz/damaged-vehicles/000000000007421881/1996-honda-crv-station-wagon?referringPage=SearchResults
Toyota,Hilux,2023,No,N/A,N/A,," Chassis Damage, Rear Damage, Right Side Damage, Structural Damage, Selling De-Registered","Automatic,",5,Diesel,https://manheim.co.nz/damaged-vehicles/000000000007421886/2023-toyota-hilux-utility?referringPage=SearchResults
Mitsubishi,Eclipse Cross,2024,No,N/A,N/A,, Selling De-Registered,"8spd CVT,",5,Petrol,https://manheim.co.nz/damaged-vehicles/000000000007422131/2024-mitsubishi-eclipse-cross-xls-1-5pt-4wd-8cvt-station-wagon?referringPage=SearchResults
LDV,T60,2021,No,N/A,"95,690",, Selling De-Registered,"6spd Automatic,",5,Diesel,https://manheim.co.nz/damaged-vehicles/000000000007422135/2021-ldv-t60-4wd-at-2-8dt-4wd-6a-dual-cab-utility?referringPage=SearchResults
Nissan,Sylphy,2013,No,N/A,"217,012",,N/A,N/A,5,Petrol,https://manheim.co.nz/damaged-vehicles/000000000007412144/2013-nissan-sylphy-sedan?referringPage=SearchResults
Mazda,MAZDA6,2010,No,$0,"297,740",," Water Damage, Selling De-Registered","Automatic,",5,Petrol,https://manheim.co.nz/damaged-vehicles/000000000007402185/2010-mazda-mazda6-wagon-gsx-2-5-5at-station-wagon?referringPage=SearchResults
Mercedes-Benz,A180,2014,No,$0,"78,673",," Front Damage, Left Front Damage, Right Front Damage, Structural Damage, Selling De-Registered","Automatic,",5,Petrol,https://manheim.co.nz/damaged-vehicles/000000000007392197/2014-mercedes-benz-a180-hatch?referringPage=SearchResults
Mazda,Demio,2005,No,$0,N/A,," Ignition Damage, Structural Damage, Stolen & Recovered, Selling De-Registered","Automatic,",5,Petrol,https://manheim.co.nz/damaged-vehicles/000000000007422294/2005-mazda-demio-hatch?referringPage=SearchResults
Holden,Commodore,2008,No,$0,N/A,," Left Side Damage, Right Side Damage, Selling De-Registered","Automatic,",5,Petrol,https://manheim.co.nz/damaged-vehicles/000000000007392351/2008-holden-commodore-omega-sedan-auto-sedan?referringPage=SearchResults
Mazda,MPV,2004,No,$0,"240,682",," Front Damage, Structural Damage, Selling De-Registered","Automatic,",7,Petrol,https://manheim.co.nz/damaged-vehicles/000000000007412367/2004-mazda-mpv-station-wagon?referringPage=SearchResults
Toyota,Corolla,2017,No,N/A,N/A,," Vandalised - Interior, Stolen & Recovered, Selling De-Registered","Automatic,",5,Petrol,https://manheim.co.nz/damaged-vehicles/000000000007412544/2017-toyota-corolla-gx-1-8p-cvt-sedan?referringPage=SearchResults
Toyota,Corolla,2020,No,N/A,N/A,," Right Front Damage, Right Rear Damage, Dismantled - Interior, Selling De-Registered","CVT,",5,Petrol,https://manheim.co.nz/damaged-vehicles/000000000007412553/2020-toyota-corolla-touring-station-wagon?referringPage=SearchResults
Toyota,Vellfire,2017,No,N/A,"149,726",," Right Front Damage, Rolled, Right Side Damage, Structural Damage, Selling De-Registered",N/A,7,Hybrid,https://manheim.co.nz/damaged-vehicles/000000000007422599/2017-toyota-vellfire-station-wagon?referringPage=SearchResults
VICTORY,Vegas 8-ball,2012,No,$0,N/A,," Front Damage, Structural Damage, Selling De-Registered",N/A,N/A,Petrol,https://manheim.co.nz/damaged-vehicles/000000000007422650/2012-victory-vegas-8-ball-motorcycle?referringPage=SearchResults
Ford,Ranger,2017,Yes,N/A,N/A,," Stolen & Recovered, Selling Registered","Automatic,",5,Diesel,https://manheim.co.nz/damaged-vehicles/000000000007422652/2017-ford-ranger-xlt-double-cab-w-s-dual-cab-chassis?referringPage=SearchResults
BMW,640i,2014,Yes,N/A,"102,785",, Selling Registered,"Automatic,",5,Petrol,https://manheim.co.nz/damaged-vehicles/000000000007412677/2014-bmw-640i-sedan?referringPage=SearchResults
Ford,Ranger,2014,No,N/A,N/A,,N/A,"Automatic,",5,Diesel,https://manheim.co.nz/damaged-vehicles/000000000007412693/2014-ford-ranger-td-xlt-dc-w-sa-3-2d-dual-cab-utility?referringPage=SearchResults
Audi,RS4,2021,No,N/A,"87,140",," Airbags Deployed, Front Damage, Structural Damage, Selling De-Registered","Automatic,",5,Petrol,https://manheim.co.nz/damaged-vehicles/000000000007412710/2021-audi-rs4-rs-4-avant-2-9pt-4w-station-wagon?referringPage=SearchResults
Ford,Ranger,2016,No,N/A,"241,791",," Front Damage, Structural Damage, Selling De-Registered","Automatic,",5,Diesel,https://manheim.co.nz/damaged-vehicles/000000000007422718/2016-ford-ranger-xlt-double-cab-w-s-dual-cab-utility?referringPage=SearchResults
Suzuki,GN125H,2015,No,$0,"6,775",," Stolen & Recovered, Selling De-Registered",N/A,N/A,Petrol,https://manheim.co.nz/damaged-vehicles/000000000007402726/2015-suzuki-gn125h-motorcycle?referringPage=SearchResults
Toyota,Aqua,2014,Yes,N/A,N/A,," Ignition Damage, Right Front Damage, Vandalised - Interior, Stolen & Recovered, Selling Registered","Automatic,",5,Hybrid,https://manheim.co.nz/damaged-vehicles/000000000007422775/2014-toyota-aqua-hatch?referringPage=SearchResults
Mitsubishi,Triton,2022,No,N/A,"72,400",," Front Damage, Left Rear Damage, Left Side Damage, Rear Damage, Roof Damage, Structural Damage, Selling De-Registered","Automatic,",5,Diesel,https://manheim.co.nz/damaged-vehicles/000000000007422784/2022-mitsubishi-triton-dc-glxr-6at-2-4d-dual-cab-utility?referringPage=SearchResults
Holden,Captiva,2017,No,$0,N/A,," Left Rear Damage, Left Side Damage, Structural Damage, Selling De-Registered",N/A,7,Petrol,https://manheim.co.nz/damaged-vehicles/000000000007412843/2017-holden-captiva-ls-equipe-2-4p-6at-station-wagon?referringPage=SearchResults
Toyota,Hiace,2020,No,N/A,N/A,," Front Damage, Rear Damage, Structural Damage, Selling De-Registered","Automatic,",10,Petrol,https://manheim.co.nz/damaged-vehicles/000000000007392846/2020-toyota-hiace-van?referringPage=SearchResults
Hyundai,I30,2019,No,N/A,"127,581",," Right Side Damage, Structural Damage, Selling De-Registered","Automatic,",5,Petrol,https://manheim.co.nz/damaged-vehicles/000000000007422864/2019-hyundai-i30-pde-wagon-1-6p-6at-station-wagon?referringPage=SearchResults
Nissan,Qashqai,2018,No,N/A,"92,211",," Front Damage, Rear Damage, Structural Damage, Selling De-Registered","Automatic,",5,Petrol,https://manheim.co.nz/damaged-vehicles/000000000007422869/2018-nissan-qashqai-n-tec-2-0p-cvt-station-wagon?referringPage=SearchResults
Toyota,Corolla,2019,No,N/A,"37,207",," Front Damage, Rear Damage, Structural Damage, Selling De-Registered","Automatic,",5,Hybrid,https://manheim.co.nz/damaged-vehicles/000000000007422942/2019-toyota-corolla-gx-1-8p-cvt-hatch?referringPage=SearchResults
Nissan,Tiida,2008,Yes,$0,N/A,," Left Front Damage, Right Front Damage, Stolen & Recovered, Selling Registered","Automatic,",5,Petrol,https://manheim.co.nz/damaged-vehicles/000000000007422950/2008-nissan-tiida-hatch?referringPage=SearchResults
Toyota,Ipsum,1996,Yes,$0,N/A,," Front Damage, Rear Damage, Selling Registered","4spd Automatic,",7,Petrol,https://manheim.co.nz/damaged-vehicles/000000000007423010/1996-toyota-ipsum-station-wagon?referringPage=SearchResults
KTM,390,2024,Yes,$0,N/A,," Ignition Damage, Tank Damage, Frame Damaged, Selling Registered","Automatic,",N/A,Petrol,https://manheim.co.nz/damaged-vehicles/000000000007413035/2024-ktm-390-duke-399p-motorcycle?referringPage=SearchResults
Nissan,Tiida,2008,Yes,$0,N/A,," Front Damage, Left Side Damage, Selling Registered","Automatic,",5,Petrol,https://manheim.co.nz/damaged-vehicles/000000000007423061/2008-nissan-tiida-hatch?referringPage=SearchResults
Mazda,Atenza,2004,Yes,$0,N/A,," Left Front Damage, Right Side Damage, Selling Registered","Automatic,",5,Petrol,https://manheim.co.nz/damaged-vehicles/000000000007423063/2004-mazda-atenza-sedan?referringPage=SearchResults
Toyota,Corolla,2021,No,N/A,"51,048",," Left Side Damage, Right Rear Damage, Structural Damage, Selling De-Registered","Automatic,",5,Hybrid,https://manheim.co.nz/damaged-vehicles/000000000007423065/2021-toyota-corolla-zr-1-8ph-cvt-hatch?referringPage=SearchResults
Hyundai,Getz,2005,Yes,$0,"175,724",," Front Damage, Right Front Damage, Selling Registered","Automatic,",5,Petrol,https://manheim.co.nz/damaged-vehicles/000000000007423070/2005-hyundai-getz-1-3-gl-5d-a4-hatch?referringPage=SearchResults
Mitsubishi,Express,2021,Yes,N/A,"122,173",, Selling Registered,N/A,3,Diesel,https://manheim.co.nz/damaged-vehicles/000000000007413175/2021-mitsubishi-express-swb-2-0d-6at-van?referringPage=SearchResults
Mazda,CX-5,2013,Yes,$0,"133,148",," Left Side Damage, Right Front Damage, Right Rear Damage, Right Side Damage, Selling Registered",N/A,5,Petrol,https://manheim.co.nz/damaged-vehicles/000000000007383206/2013-mazda-cx-5-station-wagon?referringPage=SearchResults
Mazda,MPV,2006,No,$0,"166,580",," Airbags Deployed, Front Damage, Left Rear Damage, Structural Damage, Selling De-Registered",N/A,8,Petrol,https://manheim.co.nz/damaged-vehicles/000000000007413226/2006-mazda-mpv-station-wagon?referringPage=SearchResults
Ford,Ranger,2021,No,N/A,N/A,," Front Damage, Left Front Damage, Right Front Damage, Right Side Damage, Airbags Deployed, Underbody Damage, Structural Damage, Selling De-Registered","Automatic,",5,Diesel,https://manheim.co.nz/damaged-vehicles/000000000007423249/2021-ford-ranger-xlt-double-cab-w-sa-dual-cab-utility?referringPage=SearchResults
Mitsubishi,Pajero Sport,2020,No,N/A,"161,478",," Front Damage, Rear Damage, Right Side Damage, Structural Damage, Selling De-Registered",N/A,7,Diesel,https://manheim.co.nz/damaged-vehicles/000000000007423250/2020-mitsubishi-pajero-sport-vrx-2-4d-4wd-8at-station-wagon?referringPage=SearchResults
Ford,Focus,2006,Yes,$0,"177,297",," Rear Damage, Selling Registered","Automatic,",5,Petrol,https://manheim.co.nz/damaged-vehicles/000000000007423257/2006-ford-focus-hatch?referringPage=SearchResults
Nissan,Pulsar,1995,Yes,$0,"120,182",," Glass Broken, Ignition Damage, Left Rear Damage, Vandalised - Interior, Stolen & Recovered, Selling Registered","5spd Manual,",5,Petrol,https://manheim.co.nz/damaged-vehicles/000000000007413283/1995-nissan-pulsar-sedan?referringPage=SearchResults
Mitsubishi,ASX,2025,No,$0,N/A,," Airbags Deployed, Front Damage, Left Front Damage, Right Front Damage, Airbags Deployed, Underbody Damage, Structural Damage, Selling De-Registered","CVT,",5,Petrol,https://manheim.co.nz/damaged-vehicles/000000000007413295/2025-mitsubishi-asx-ls-2-0p-cvt-station-wagon?referringPage=SearchResults
Ford,Focus,2012,No,$0,"90,618",," Front Damage, Structural Damage, Selling De-Registered","Automatic,",5,Petrol,https://manheim.co.nz/damaged-vehicles/000000000007413327/2012-ford-focus-trend-2-0-auto-hatc-hatch?referringPage=SearchResults
Toyota,Aqua,2013,Yes,N/A,N/A,," Glass Broken, Ignition Damage, Left Side Damage, Stolen & Recovered, Selling Registered","Automatic,",5,Hybrid,https://manheim.co.nz/damaged-vehicles/000000000007423373/2013-toyota-aqua-hatch?referringPage=SearchResults
Toyota,Aqua,2014,No,$0,"112,752",," Front Damage, Rear Damage, Structural Damage, Selling De-Registered",N/A,5,Hybrid,https://manheim.co.nz/damaged-vehicles/000000000007403397/2014-toyota-aqua-hatch?referringPage=SearchResults
Nissan,Bluebird,2006,Yes,$0,N/A,," Glass Broken, Ignition Damage, Selling Registered","Automatic,",5,Petrol,https://manheim.co.nz/damaged-vehicles/000000000007423400/2006-nissan-bluebird-sylphy-sedan?referringPage=SearchResults
Honda,Hr-v,2019,No,N/A,"86,021",," Front Damage, Left Side Damage, Right Side Damage, Airbags Deployed, Underbody Damage, Structural Damage, Selling De-Registered","CVT,",5,Petrol,https://manheim.co.nz/damaged-vehicles/000000000007403421/2019-honda-hr-v-s-1-8p-cvt-station-wagon?referringPage=SearchResults
Honda,CRV,2008,No,$0,N/A,," Engine Damage, Front Damage, Glass Broken, Left Side Damage, Roof Damage, Right Front Damage, Right Side Damage, Structural Damage, Selling De-Registered","Automatic,",5,Petrol,https://manheim.co.nz/damaged-vehicles/000000000007403429/2008-honda-crv-hatch?referringPage=SearchResults
Mazda,NAZDA3,2004,No,$0,"288,451",," Front Damage, Glass Broken, Has Key, Structural Damage, Selling De-Registered","Automatic,",5,Petrol,https://manheim.co.nz/damaged-vehicles/000000000007403434/2004-mazda-nazda3-hatch?referringPage=SearchResults
Toyota,Wish,2005,No,$0,"281,181",," Left Front Damage, Left Side Damage, Dismantled - Interior, Underbody Damage, Selling De-Registered","Automatic,",7,Petrol,https://manheim.co.nz/damaged-vehicles/000000000007353433/2005-toyota-wish-station-wagon?referringPage=SearchResults
Peugeot,Partner,2023,Yes,N/A,"95,012",,N/A,"Automatic,",3,Petrol,https://manheim.co.nz/damaged-vehicles/000000000007383448/2023-peugeot-partner-lwb-petrol-1-2pt-5d-van?referringPage=SearchResults
Nissan,Bluebird,2002,Yes,$0,"129,829",," Glass Broken, Ignition Damage, Malicious/Vandalised, Selling Registered",N/A,5,Petrol,https://manheim.co.nz/damaged-vehicles/000000000007423458/2002-nissan-bluebird-sylphy-sedan?referringPage=SearchResults
Toyota,Hiace,2012,No,N/A,N/A,," Left Rear Damage, Right Rear Damage, Structural Damage, Selling De-Registered","Automatic,",9,Diesel,https://manheim.co.nz/damaged-vehicles/000000000007423462/2012-toyota-hiace-van?referringPage=SearchResults
Mitsubishi,ASX,2025,No,N/A,"5,559",," Airbags Deployed, Front Damage, Left Front Damage, Right Front Damage, Airbags Deployed, Structural Damage, Selling De-Registered","CVT,",5,Petrol,https://manheim.co.nz/damaged-vehicles/000000000007413475/2025-mitsubishi-asx-ls-2-0p-cvt-station-wagon?referringPage=SearchResults
Volkswagen,Tiguan,2021,No,N/A,"70,533",," Rear Damage, Structural Damage, Selling De-Registered","Automatic,",5,Petrol,https://manheim.co.nz/damaged-vehicles/000000000007423507/2021-volkswagen-tiguan-tsi-life-2wd-1-4pt-station-wagon?referringPage=SearchResults
BMW,F800,2014,No,$0,"12,066",," Structural Damage, Selling De-Registered","Automatic,",N/A,Petrol,https://manheim.co.nz/damaged-vehicles/000000000007423565/2014-bmw-f800-gt-motorcycle?referringPage=SearchResults
Mazda,Demio,2005,Yes,$0,"168,360",," Left Front Damage, Suspension Damage, Selling Registered","4spd Automatic,",5,Petrol,https://manheim.co.nz/damaged-vehicles/000000000007423567/2005-mazda-demio-hatch?referringPage=SearchResults
Nissan,Qashqai,2023,No,N/A,"103,206",," Front Damage, Selling De-Registered","CVT,",5,Petrol,https://manheim.co.nz/damaged-vehicles/000000000007423574/2023-nissan-qashqai-st-1-3pt-6cvt-station-wagon?referringPage=SearchResults
Isuzu,D-max,2014,No,N/A,"260,522",," Front Damage, Structural Damage, Selling De-Registered","5spd Manual,",5,Diesel,https://manheim.co.nz/damaged-vehicles/000000000007393660/2014-isuzu-d-max-lxdc-3-0d-4wd-5mt-u-dual-cab-utility?referringPage=SearchResults
Honda,Insight,2012,No,$0,"136,687",," Structural Damage, Selling De-Registered","Automatic,",5,Petrol,https://manheim.co.nz/damaged-vehicles/000000000007393666/2012-honda-insight-hatch?referringPage=SearchResults
ROYAL ENFIELD,Classic,2018,No,$0,"47,576",," Front Damage, Structural Damage, Selling De-Registered",N/A,N/A,Petrol,https://manheim.co.nz/damaged-vehicles/000000000007393673/2018-royal-enfield-classic-motorcycle?referringPage=SearchResults
Mitsubishi,Colt,2005,No,$0,N/A,," Ignition Damage, Right Side Damage, Vandalised - Interior, Stolen & Recovered, Selling De-Registered","Automatic,",5,Petrol,https://manheim.co.nz/damaged-vehicles/000000000007413695/2005-mitsubishi-colt-1-5p-5dr-hatch-hatch?referringPage=SearchResults
Honda,VTR,1998,No,$0,"904,334",," Light Dmg, Selling De-Registered",N/A,N/A,Petrol,https://manheim.co.nz/damaged-vehicles/000000000007393735/1998-honda-vtr-250-motorcycle?referringPage=SearchResults
Toyota,86,2018,No,N/A,"67,753",," Front Damage, Right Rear Damage, Right Side Damage, Airbags Deployed, Structural Damage, Selling De-Registered","Automatic,",4,Petrol,https://manheim.co.nz/damaged-vehicles/000000000007403732/2018-toyota-86-gt86-2-0p-6at-coup%C3%A9?referringPage=SearchResults
CARAVAN,Acesupreme Globestar,2007,No,$850,N/A,0," Left Side Damage, Right Side Damage, Selling De-Registered",N/A,N/A,N/A,https://manheim.co.nz/damaged-vehicles/000000000007423835/2007-caravan-acesupreme-globestar-caravan?referringPage=SearchResults
Kia,Sportage,2019,No,N/A,N/A,," Front Damage, Structural Damage, Selling De-Registered",N/A,5,Diesel,https://manheim.co.nz/damaged-vehicles/000000000007423887/2019-kia-sportage-lx-2-0d-4wd-8at-station-wagon?referringPage=SearchResults
Mazda,CX-5,2020,No,N/A,"31,014",," Chassis Damage, Front Damage, Structural Damage, Selling De-Registered","6spd Automatic,",5,Petrol,https://manheim.co.nz/damaged-vehicles/000000000007423888/2020-mazda-cx-5-gsx-ptr-2-0p-6at-station-wagon?referringPage=SearchResults
Kia,Seltos Ex 2.0P/IV Station WAG,2021,No,N/A,"76,751",," Rear Damage, Structural Damage, Selling De-Registered","Automatic,",5,Petrol,https://manheim.co.nz/damaged-vehicles/000000000007423904/2021-kia-seltos-ex-2-0p-iv-station-wag-station-wagon?referringPage=SearchResults
Nissan,Tiida,2005,Yes,$0,N/A,," Ignition Damage, Stolen & Recovered, Selling Registered","Automatic,",5,Petrol,https://manheim.co.nz/damaged-vehicles/000000000007423921/2005-nissan-tiida-sedan?referringPage=SearchResults
Nissan,Bluebird,2005,Yes,$0,N/A,," Glass Broken, Interior Damage, Ignition Damage, Selling Registered","Automatic,",5,Petrol,https://manheim.co.nz/damaged-vehicles/000000000007423942/2005-nissan-bluebird-sylphy-sedan?referringPage=SearchResults
BMW,530i,2008,Yes,$0,N/A,," Glass Broken, Stolen & Recovered, Selling Registered",N/A,5,Petrol,https://manheim.co.nz/damaged-vehicles/000000000007423948/2008-bmw-530i-sedan?referringPage=SearchResults
Kia,Sorento,2014,No,N/A,"241,469",," Structural Damage, Selling De-Registered",N/A,N/A,Diesel,https://manheim.co.nz/damaged-vehicles/000000000007423950/2014-kia-sorento-station-wagon?referringPage=SearchResults
Toyota,Corolla H/B AUT,1993,Yes,$0,"363,681",," Glass Broken, Ignition Damage, Selling Registered","Automatic,",5,Petrol,https://manheim.co.nz/damaged-vehicles/000000000007423963/1993-toyota-corolla-h-b-aut-hatch?referringPage=SearchResults
Toyota,Hilux,2006,No,N/A,"330,911",," Structural Damage, Selling De-Registered",N/A,5,Diesel,https://manheim.co.nz/damaged-vehicles/000000000007423969/2006-toyota-hilux-3-0td-4wd-sr5-dcu-4-dual-cab-utility?referringPage=SearchResults
Ford,Falcon,1999,Yes,$0,"313,215",," Front Damage, Left Front Damage, Left Rear Damage, Selling Registered","4spd Automatic,",6,Petrol,https://manheim.co.nz/damaged-vehicles/000000000007423982/1999-ford-falcon-au-forte-w-ca-station-wagon?referringPage=SearchResults
Hyundai,Tucson,2023,No,N/A,"77,551",," Front Damage, Left Side Damage, Right Rear Damage, Right Side Damage, Airbags Deployed, Structural Damage, Selling De-Registered","Automatic,",5,Hybrid,https://manheim.co.nz/damaged-vehicles/000000000007423987/2023-hyundai-tucson-1-6-hybrid-elite-2w-station-wagon?referringPage=SearchResults
Skoda,Kodiaq,2022,No,N/A,"57,418",, Selling De-Registered,"Automatic,",7,Diesel,https://manheim.co.nz/damaged-vehicles/000000000007413984/2022-skoda-kodiaq-sportline-tdi-147kw-station-wagon?referringPage=SearchResults
Toyota,Vellfire,2017,No,N/A,N/A,," Right Rear Damage, Structural Damage, Selling De-Registered","Automatic,",8,Petrol,https://manheim.co.nz/damaged-vehicles/000000000007424034/2017-toyota-vellfire-station-wagon?referringPage=SearchResults
Toyota,RAV4,2019,No,N/A,"142,443",," Front Damage, Structural Damage, Selling De-Registered",N/A,5,Petrol,https://manheim.co.nz/damaged-vehicles/000000000007424044/2019-toyota-rav4-gxl-station-wagon?referringPage=SearchResults
Mitsubishi,Galant,2003,Yes,$0,N/A,," Glass Broken, Ignition Damage, Vandalised - Entire Vehicle, Vandalised - Interior, Vandalized Glass Broken, Selling Registered","Automatic,",5,Petrol,https://manheim.co.nz/damaged-vehicles/000000000007424049/2003-mitsubishi-galant-2-5p-vr-sedan-a-sedan?referringPage=SearchResults
Ford,Territory,2004,No,$0,N/A,," Left Front Damage, Left Side Damage, Dismantled - Entire Vehicle, Selling De-Registered","Automatic,",7,Petrol,https://manheim.co.nz/damaged-vehicles/000000000007394058/2004-ford-territory-tx-rwd-station-wagon?referringPage=SearchResults
Toyota,Hiace,2008,No,N/A,N/A,," Left Front Damage, Left Side Damage, Rear Damage, Right Rear Damage, Structural Damage, Selling De-Registered","Automatic,",3,Diesel,https://manheim.co.nz/damaged-vehicles/000000000007424067/2008-toyota-hiace-regius-ace-van?referringPage=SearchResults
Ford,Falcon,2003,No,$0,N/A,," Left Side Damage, Roof Damage, Right Side Damage, Dismantled - Entire Vehicle, Selling De-Registered","Automatic,",5,Petrol,https://manheim.co.nz/damaged-vehicles/000000000007394126/2003-ford-falcon-ba-futura-4fa-sedan?referringPage=SearchResults
Honda,fit,2014,No,$0,"230,985",," Left Front Damage, Left Rear Damage, Right Front Damage, Structural Damage, Selling De-Registered","Automatic,",5,Hybrid,https://manheim.co.nz/damaged-vehicles/000000000007404199/2014-honda-fit-shuttle-hatch?referringPage=SearchResults
Suzuki,LT A500X,2011,No,$0,"3,467",," Structural Damage, Selling De-Registered","Automatic,",N/A,N/A,https://manheim.co.nz/damaged-vehicles/000000000007414217/2011-suzuki-lt-a500x-quad-bike?referringPage=SearchResults
Toyota,Hilux,2001,No,$0,"301,998",," Glass Broken, Interior Damage, Ignition Damage, Vandalised - Entire Vehicle, Dismantled - Entire Vehicle, Structural Damage, Stolen & Recovered, Suspension Damage, Selling De-Registered","Manual,",5,Diesel,https://manheim.co.nz/damaged-vehicles/000000000007404235/2001-toyota-hilux-3-0d-2wd-sr5-d-c-5m-dual-cab-chassis?referringPage=SearchResults
Yamaha,YZF-R7LA,2025,No,$0,"4,182",," Front Damage, Rear Damage, Structural Damage, Selling De-Registered","Automatic,",N/A,Petrol,https://manheim.co.nz/damaged-vehicles/000000000007424253/2025-yamaha-yzf-r7la-s-motorcycle?referringPage=SearchResults
Holden,Colorado,2017,No,N/A,N/A,," Left Front Damage, Structural Damage, Selling De-Registered","Automatic,",5,Diesel,https://manheim.co.nz/damaged-vehicles/000000000007424261/2017-holden-colorado-z71-dc-pu-2-8dt-4wd-dual-cab-chassis?referringPage=SearchResults
Toyota,Hiace,2005,No,$0,"267,111",," Rolled, Structural Damage, Accident Damage, Selling De-Registered",N/A,3,Petrol,https://manheim.co.nz/damaged-vehicles/000000000007414283/2005-toyota-hiace-van?referringPage=SearchResults
Mazda,Axela,2005,No,$0,"318,899",," Left Front Damage, Structural Damage, Selling De-Registered, Selling Registered","Automatic,",5,Petrol,https://manheim.co.nz/damaged-vehicles/000000000007424291/2005-mazda-axela-station-wagon?referringPage=SearchResults
Toyota,Hilux,2016,No,N/A,N/A,," Front Damage, Structural Damage, Selling De-Registered","Automatic,",5,Diesel,https://manheim.co.nz/damaged-vehicles/000000000007424316/2016-toyota-hilux-sr5-td-dc-2-8d-4wd--dual-cab-utility?referringPage=SearchResults
Nissan,Pathfinder,2014,Yes,N/A,N/A,," Stolen & Recovered, Selling Registered","CVT,",7,Petrol,https://manheim.co.nz/damaged-vehicles/000000000007424329/2014-nissan-pathfinder-3-5p6cvt-sw5d7s-station-wagon?referringPage=SearchResults
Nissan,Skyline,2007,Yes,$0,N/A,," Stolen & Recovered, Selling Registered","Automatic,",5,Petrol,https://manheim.co.nz/damaged-vehicles/000000000007424353/2007-nissan-skyline-sedan?referringPage=SearchResults
TRAILER,GT Trailer,2015,No,$680,N/A,0," Rear Damage, Structural Damage, Selling De-Registered",N/A,N/A,N/A,https://manheim.co.nz/damaged-vehicles/000000000007424428/2015-trailer-gt-trailer-trailer?referringPage=SearchResults
BMW,Mini,2014,Yes,$0,"144,932",, Selling Registered,"Automatic,",4,Petrol,https://manheim.co.nz/damaged-vehicles/000000000007424563/2014-bmw-mini-hatch?referringPage=SearchResults
Ford,Everest,2025,No,N/A,N/A,, Selling De-Registered,"10spd Automatic,",7,Diesel,https://manheim.co.nz/damaged-vehicles/000000000007354584/2025-ford-everest-black-edition-2-0d-station-wagon?referringPage=SearchResults
CARAVAN,Elddis Xplore,2009,No,$800,N/A,1," Chassis Damage, Front Damage, Rear Damage, Structural Damage, Selling De-Registered",N/A,N/A,N/A,https://manheim.co.nz/damaged-vehicles/000000000007424583/2009-caravan-elddis-xplore-caravan?referringPage=SearchResults
Mazda,Demio,2006,Yes,$0,"157,613",," Front Damage, Ignition Damage, Left Side Damage, Vandalised - Interior, Stolen & Recovered, Selling Registered",N/A,5,Petrol,https://manheim.co.nz/damaged-vehicles/000000000007424587/2006-mazda-demio-hatch?referringPage=SearchResults
Ford,Focus,2006,No,$0,"170,723",," Engine Damage, Water Damage, Selling De-Registered","Automatic,",5,Petrol,https://manheim.co.nz/damaged-vehicles/000000000007414592/2006-ford-focus-2-0-m-hatch-hatch?referringPage=SearchResults
Toyota,Hiace,2010,No,N/A,N/A,," Front Damage, Structural Damage, Selling De-Registered",N/A,3,Petrol,https://manheim.co.nz/damaged-vehicles/000000000007424590/2010-toyota-hiace-van?referringPage=SearchResults
Nissan,Primera,2004,Yes,$0,N/A,," Ignition Damage, Stolen & Recovered, Selling Registered","4spd Automatic,",5,Petrol,https://manheim.co.nz/damaged-vehicles/000000000007424593/2004-nissan-primera-wagon-station-wagon?referringPage=SearchResults
Honda,Jazz,2022,No,N/A,"105,592",," Left Rear Damage, Rear Damage, Right Rear Damage, Structural Damage, Selling De-Registered","Automatic,",5,Hybrid,https://manheim.co.nz/damaged-vehicles/000000000007424598/2022-honda-jazz-e-hev-luxe-1-5ph-e--hatch?referringPage=SearchResults
Toyota,Vitz,2008,Yes,$0,N/A,," Left Side Damage, Selling Registered",N/A,5,Petrol,https://manheim.co.nz/damaged-vehicles/000000000007424605/2008-toyota-vitz-hatch?referringPage=SearchResults
VICTORY,Gunner,2015,No,$0,"94,966",," Right Side Damage, Structural Damage, Selling De-Registered","Manual,",N/A,Petrol,https://manheim.co.nz/damaged-vehicles/000000000007414611/2015-victory-gunner-motorcycle?referringPage=SearchResults
Suzuki,DS250,2025,Yes,$0,N/A,," Ignition Damage, Vandalised - Entire Bike, Stolen & Recovered, Selling Registered","Automatic,",N/A,Petrol,https://manheim.co.nz/damaged-vehicles/000000000007424617/2025-suzuki-ds250-rlm4-motorcycle?referringPage=SearchResults
Kawasaki,ex,2024,No,$0,"12,959",," Front Damage, Structural Damage, Selling De-Registered","Manual,",N/A,Petrol,https://manheim.co.nz/damaged-vehicles/000000000007424629/2024-kawasaki-ex-650-lams-motorcycle?referringPage=SearchResults
Yamaha,MT-07,2014,No,$0,"25,009",," Structural Damage, Selling De-Registered",N/A,N/A,Petrol,https://manheim.co.nz/damaged-vehicles/000000000007414631/2014-yamaha-mt-07-f-motorcycle?referringPage=SearchResults
Subaru,Impreza,2010,Yes,N/A,"192,628",," Stolen & Recovered, Selling Registered","5spd Tiptronic,",5,Petrol,https://manheim.co.nz/damaged-vehicles/000000000007424632/2010-subaru-impreza-sti-hatch?referringPage=SearchResults
Ford,Fiesta,2012,No,$0,N/A,," Right Front Damage, Right Rear Damage, Right Side Damage, Underbody Damage, Selling De-Registered","5spd Manual,",5,Diesel,https://manheim.co.nz/damaged-vehicles/000000000007414651/2012-ford-fiesta-5dr-1-6-lx-m-diesel-hatch?referringPage=SearchResults
Toyota,RAV4,2009,No,$0,N/A,," Structural Damage, Selling De-Registered","Automatic,",5,Petrol,https://manheim.co.nz/damaged-vehicles/000000000007414663/2009-toyota-rav4-2-4-4wd-ltd-wagon-4-station-wagon?referringPage=SearchResults
CF Moto,Cforce 500,2023,No,$0,N/A,," Engine Damage, Gearbox Damage, Water Damage, Selling De-Registered",N/A,N/A,Petrol,https://manheim.co.nz/damaged-vehicles/000000000007424669/2023-cf-moto-cforce-500-quad-bike?referringPage=SearchResults
Toyota,RAV4,2020,No,N/A,"207,027",," Front Damage, Structural Damage, Selling De-Registered","Automatic,",5,Hybrid,https://manheim.co.nz/damaged-vehicles/000000000007404711/2020-toyota-rav4-limited-2-5ph-4wd-h-station-wagon?referringPage=SearchResults
BMW,320i,2013,No,$0,"124,143",," Rear Damage, Structural Damage, Selling De-Registered","Automatic,",5,Diesel,https://manheim.co.nz/damaged-vehicles/000000000007334732/2013-bmw-320i-sedan?referringPage=SearchResults
Honda,WW,2021,No,$0,"35,612",," Left Rear Damage, Structural Damage, Selling De-Registered","Automatic,",N/A,Petrol,https://manheim.co.nz/damaged-vehicles/000000000007424767/2021-honda-ww-150-scooter?referringPage=SearchResults
Toyota,Corolla,2018,No,N/A,"71,300",," Left Side Damage, Structural Damage, Suspension Damage, Selling De-Registered",N/A,5,Petrol,https://manheim.co.nz/damaged-vehicles/000000000007404778/2018-toyota-corolla-gx-1-5p-cvt-station-wagon?referringPage=SearchResults
Mazda,CX-5,2015,No,$0,N/A,," Fire Damage, Fire - Entire Vehicle, Structural Damage, Stolen & Recovered, Selling De-Registered","6spd Automatic,",5,Diesel,https://manheim.co.nz/damaged-vehicles/000000000007394908/2015-mazda-cx-5-gsxdsl-2-2d-4wd-6at-station-wagon?referringPage=SearchResults
Volkswagen,Amarok,2018,No,N/A,"132,514",," Front Damage, Structural Damage, Selling De-Registered","Automatic,",5,Diesel,https://manheim.co.nz/damaged-vehicles/000000000007414916/2018-volkswagen-amarok-dc-4m-v6-550nm-hl-3-dual-cab-utility?referringPage=SearchResults
Toyota,Aqua,2018,No,$0,N/A,," Front Damage, Left Front Damage, Left Side Damage, Right Rear Damage, Right Side Damage, Underbody Damage, Structural Damage, Selling De-Registered","Automatic,",5,Hybrid,https://manheim.co.nz/damaged-vehicles/000000000007404928/2018-toyota-aqua-hybrid-hatch?referringPage=SearchResults
Subaru,Impreza,2008,No,$0,N/A,," Rear Damage, Structural Damage, Suspension Damage, Selling De-Registered","Automatic,",5,Petrol,https://manheim.co.nz/damaged-vehicles/000000000007414962/2008-subaru-impreza-hatch?referringPage=SearchResults
Nissan,Serena,2018,No,N/A,"83,661",," Structural Damage, Under Body Damage, Selling De-Registered","Automatic,",7,Hybrid,https://manheim.co.nz/damaged-vehicles/000000000007414969/2018-nissan-serena-e-power-station-wagon?referringPage=SearchResults
Toyota,Camry,2019,No,N/A,"290,609",," Right Side Damage, Structural Damage, Selling De-Registered","Automatic,",5,Hybrid,https://manheim.co.nz/damaged-vehicles/000000000007415014/2019-toyota-camry-sx-2-5ph-cvt-sedan?referringPage=SearchResults
Lexus,RX400H,2006,Yes,$0,"200,789",," Front Damage, Selling Registered","Automatic,",5,Hybrid,https://manheim.co.nz/damaged-vehicles/000000000007425042/2006-lexus-rx400h-3-3p-hybrid-5dr-ecv-station-wagon?referringPage=SearchResults
Toyota,Hilux,2009,No,N/A,N/A,," Front Damage, Structural Damage, Selling De-Registered","Automatic,",5,Diesel,https://manheim.co.nz/damaged-vehicles/000000000007415054/2009-toyota-hilux-utility?referringPage=SearchResults
Toyota,Landcruiser,1995,No,N/A,"326,665",," Ignition Damage, Stolen & Recovered, Selling De-Registered","Automatic,",5,Diesel,https://manheim.co.nz/damaged-vehicles/000000000007425070/1995-toyota-landcruiser-vx-limited-station-wagon?referringPage=SearchResults
Nissan,Tiida,2004,Yes,$0,N/A,," Left Side Damage, Selling Registered",N/A,5,Petrol,https://manheim.co.nz/damaged-vehicles/000000000007425083/2004-nissan-tiida-hatch?referringPage=SearchResults
Mazda,BT-50,2019,No,N/A,"156,658",," Airbags Deployed, Front Damage, Glass Broken, Structural Damage, Selling De-Registered",N/A,5,Diesel,https://manheim.co.nz/damaged-vehicles/000000000007415102/2019-mazda-bt-50-ltd-d-c-w-s-3-2d-4w-dual-cab-utility?referringPage=SearchResults
Nissan,AD,2017,No,$0,N/A,," Front Damage, Interior Damage, Vandalised - Interior, Structural Damage, Stolen & Recovered, Selling De-Registered",N/A,5,Petrol,https://manheim.co.nz/damaged-vehicles/000000000007385101/2017-nissan-ad-station-wagon?referringPage=SearchResults
BMW,530i,2017,Yes,N/A,"86,504",," Ignition Damage, Stolen & Recovered, Selling Registered","Automatic,",5,Petrol,https://manheim.co.nz/damaged-vehicles/000000000007425102/2017-bmw-530i-m-sport-sedan?referringPage=SearchResults
Toyota,Prius,2011,Yes,$0,N/A,," Left Front Damage, Left Rear Damage, Stolen & Recovered, Selling Registered","4spd Automatic,",5,Hybrid,https://manheim.co.nz/damaged-vehicles/000000000007425105/2011-toyota-prius-zvw30-hatch?referringPage=SearchResults
Honda,CBR,2012,Yes,$0,N/A,," Ignition Damage, Stolen & Recovered, Selling Registered","Automatic,",N/A,Petrol,https://manheim.co.nz/damaged-vehicles/000000000007415113/2012-honda-cbr-250r-motorcycle?referringPage=SearchResults
Ford,Mondeo,2010,Yes,$0,"236,729",," Ignition Damage, Left Rear Damage, Right Rear Damage, Stolen & Recovered, Selling Registered",N/A,5,Petrol,https://manheim.co.nz/damaged-vehicles/000000000007405130/2010-ford-mondeo-2-3-sedan-aut-sedan?referringPage=SearchResults
Nissan,Wingroad,2008,Yes,$0,N/A,," Interior Damage, Stolen & Recovered, Selling Registered","Automatic,",5,Petrol,https://manheim.co.nz/damaged-vehicles/000000000007425131/2008-nissan-wingroad-station-wagon?referringPage=SearchResults
Holden,Captiva,2010,No,N/A,"161,174",,N/A,"5spd Manual,",5,Petrol,https://manheim.co.nz/damaged-vehicles/000000000007415141/2010-holden-captiva-5-2-4l-fwd-mt-station-wagon?referringPage=SearchResults
Nissan,Vanette,2008,Yes,$0,"265,484",," Ignition Damage, Left Side Damage, Right Front Damage, Vandalised - Interior, Stolen & Recovered, Selling Registered","Automatic,",3,Petrol,https://manheim.co.nz/damaged-vehicles/000000000007425155/2008-nissan-vanette-van?referringPage=SearchResults
Holden,Commodore,2006,No,$0,"235,646",," Hail Dmg, Interior Damage, Right Side Damage, Stolen & Recovered, Selling De-Registered","Automatic,",5,Petrol,https://manheim.co.nz/damaged-vehicles/000000000007415270/2006-holden-commodore-s-v6-auto-sedan?referringPage=SearchResults
Ford,Ranger,2016,No,N/A,"250,289",," Left Rear Damage, Right Front Damage, Structural Damage, Selling De-Registered","Automatic,",5,Diesel,https://manheim.co.nz/damaged-vehicles/000000000007415275/2016-ford-ranger-xlt-double-cab-w-sa-utility?referringPage=SearchResults
Mitsubishi,Pajero,1994,Yes,$0,"325,217",," Front Damage, Selling Registered","Automatic,",7,Diesel,https://manheim.co.nz/damaged-vehicles/000000000007425336/1994-mitsubishi-pajero-2800-station-wagon?referringPage=SearchResults
Toyota,Prius,2017,No,N/A,"163,333",," Rear Damage, Structural Damage, Selling De-Registered","CVT,",5,Hybrid,https://manheim.co.nz/damaged-vehicles/000000000007415355/2017-toyota-prius-sedan?referringPage=SearchResults
Jeep,Wrangler,2017,No,N/A,N/A,," Vandalised - Interior, Selling De-Registered",N/A,5,Petrol,https://manheim.co.nz/damaged-vehicles/000000000007415370/2017-jeep-wrangler-sport-unlimited-3-6-station-wagon?referringPage=SearchResults
Mazda,Axela,2004,Yes,$0,"190,123",," Front Damage, Selling Registered","Automatic,",5,Petrol,https://manheim.co.nz/damaged-vehicles/000000000007425374/2004-mazda-axela-station-wagon?referringPage=SearchResults
Mitsubishi,Outlander,2022,No,N/A,"83,606",," Front Damage, Left Front Damage, Right Front Damage, Airbags Deployed, Structural Damage, Selling De-Registered","CVT,",7,Petrol,https://manheim.co.nz/damaged-vehicles/000000000007425399/2022-mitsubishi-outlander-xls-2-5p-4wd-cvt-station-wagon?referringPage=SearchResults
Suzuki,SX4 S-cross,2018,No,$0,"82,562",," Left Rear Damage, Rear Damage, Right Front Damage, Right Rear Damage, Structural Damage, Suspension Damage, Selling De-Registered","Automatic,",5,Petrol,https://manheim.co.nz/damaged-vehicles/000000000007395415/2018-suzuki-sx4-s-cross-ltd-1-6p-6at-hatch?referringPage=SearchResults
Mitsubishi,ASX,2021,No,N/A,"55,948",," Front Damage, Rear Damage, Structural Damage, Selling De-Registered","CVT,",5,Petrol,https://manheim.co.nz/damaged-vehicles/000000000007425432/2021-mitsubishi-asx-ls-2-0p-cvt-station-wagon?referringPage=SearchResults
Holden,Colorado,2019,No,N/A,"143,601",," Front Damage, Right Front Damage, Structural Damage, Selling De-Registered","Automatic,",5,Diesel,https://manheim.co.nz/damaged-vehicles/000000000007425437/2019-holden-colorado-ls-dc-pu-2-8d-6at-utility?referringPage=SearchResults
Toyota,Aqua,2019,No,N/A,N/A,," Front Damage, Left Front Damage, Left Rear Damage, Left Side Damage, Rear Damage, Right Front Damage, Right Rear Damage, Structural Damage, Selling De-Registered","Automatic,",5,Hybrid,https://manheim.co.nz/damaged-vehicles/000000000007415451/2019-toyota-aqua-hatch?referringPage=SearchResults
Ford,Mondeo,2006,No,$0,"59,759",," Left Front Damage, Left Side Damage, Selling De-Registered","Automatic,",5,Petrol,https://manheim.co.nz/damaged-vehicles/000000000007395521/2006-ford-mondeo-2-0-sedan-aut-sedan?referringPage=SearchResults
Toyota,Hiace,2011,No,N/A,N/A,," Rear Damage, Structural Damage, Selling De-Registered","Automatic,",3,Diesel,https://manheim.co.nz/damaged-vehicles/000000000007425527/2011-toyota-hiace-van?referringPage=SearchResults
Ford,Mondeo,2009,No,$0,"126,145",," Left Front Damage, Selling De-Registered","Automatic,",5,Diesel,https://manheim.co.nz/damaged-vehicles/000000000007395534/2009-ford-mondeo-2-0td-sedan-a-sedan?referringPage=SearchResults
Nissan,X-trail,2022,No,N/A,N/A,," Rolled, Structural Damage, Selling De-Registered","Automatic,",5,Petrol,https://manheim.co.nz/damaged-vehicles/000000000007415531/2022-nissan-x-trail-st-2-5p-4wd-6cvt-station-wagon?referringPage=SearchResults
Suzuki,GW250,2015,No,$0,"52,328",," Front Damage, Stolen & Recovered, Selling De-Registered","Automatic,",N/A,Petrol,https://manheim.co.nz/damaged-vehicles/000000000007395553/2015-suzuki-gw250-inazuma-lam-motorcycle?referringPage=SearchResults
Toyota,Camry,2011,No,$0,"138,252",," Front Damage, Left Front Damage, Left Side Damage, Structural Damage, Selling De-Registered","Automatic,",5,Petrol,https://manheim.co.nz/damaged-vehicles/000000000007365630/2011-toyota-camry-2-4p-gl-sedan-5a-sedan?referringPage=SearchResults
Mitsubishi,Colt,2007,No,$0,N/A,," Front Damage, Glass Broken, Ignition Damage, Vandalised - Interior, Selling De-Registered","Automatic,",5,Petrol,https://manheim.co.nz/damaged-vehicles/000000000007425632/2007-mitsubishi-colt-hatch?referringPage=SearchResults
Ford,Escape,2017,No,$0,N/A,," Airbags Deployed, Right Side Damage, Structural Damage, Suspension Damage, Selling De-Registered",N/A,5,Diesel,https://manheim.co.nz/damaged-vehicles/000000000007405679/2017-ford-escape-trend-awd-diesel-2--station-wagon?referringPage=SearchResults
Toyota,Hilux,2024,No,N/A,N/A,," Rolled, Structural Damage, Selling De-Registered","4spd,",5,Hybrid,https://manheim.co.nz/damaged-vehicles/000000000007425717/2024-toyota-hilux-sr5-td-dc-2-8dmht-dual-cab-utility?referringPage=SearchResults
LDV,T60,2017,No,N/A,"171,526",," Front Damage, Structural Damage, Selling De-Registered","Manual,",5,Diesel,https://manheim.co.nz/damaged-vehicles/000000000007425732/2017-ldv-t60-luxury-4wd-mt-2-8dt-utility?referringPage=SearchResults
Yamaha,R3,2017,No,$0,"15,004",," Left Side Damage, Structural Damage, Selling De-Registered",N/A,N/A,Petrol,https://manheim.co.nz/damaged-vehicles/000000000007415747/2017-yamaha-r3-motorcycle?referringPage=SearchResults
Holden,Colorado,2014,No,N/A,"192,431",," Stolen & Recovered, Selling De-Registered","6spd,",5,Diesel,https://manheim.co.nz/damaged-vehicles/000000000007415758/2014-holden-colorado-ltdcpu-2-8d-6mt-ut--utility?referringPage=SearchResults
Honda,fit,2006,Yes,$0,N/A,," Left Rear Damage, Selling Registered","Automatic,",5,Petrol,https://manheim.co.nz/damaged-vehicles/000000000007425753/2006-honda-fit-hatch?referringPage=SearchResults
Toyota,Camry,2019,No,N/A,N/A,," Front Damage, Rear Damage, Structural Damage, Selling De-Registered","Automatic,",5,Hybrid,https://manheim.co.nz/damaged-vehicles/000000000007395764/2019-toyota-camry-gx-2-5ph-cvt-sedan?referringPage=SearchResults
Honda,CBR,2019,No,$0,"16,261",," Front Damage, Right Side Damage, Structural Damage, Selling De-Registered","Automatic,",N/A,Petrol,https://manheim.co.nz/damaged-vehicles/000000000007405771/2019-honda-cbr-500-p-motorcycle?referringPage=SearchResults
Toyota,C-hr,2017,No,N/A,"157,013",," Airbags Deployed, Front Damage, Structural Damage, Selling De-Registered","Automatic,",5,Hybrid,https://manheim.co.nz/damaged-vehicles/000000000007415776/2017-toyota-c-hr-hatch?referringPage=SearchResults
HOBBY,Y10,1998,No,"$3,200",N/A,0," Interior Damage, Water Damage, Selling De-Registered","10spd,",N/A,N/A,https://manheim.co.nz/damaged-vehicles/000000000007385771/1998-hobby-y10-caravan?referringPage=SearchResults
Toyota,Vitz,2006,Yes,$0,N/A,," Left Rear Damage, Vandalised - Interior, Stolen & Recovered, Selling Registered","Automatic,",5,Petrol,https://manheim.co.nz/damaged-vehicles/000000000007425826/2006-toyota-vitz-hatch?referringPage=SearchResults
Holden,Cruze,2012,Yes,$0,"94,172",," Ignition Damage, Left Rear Damage, Right Side Damage, Stolen & Recovered, Selling Registered","6spd Automatic,",5,Petrol,https://manheim.co.nz/damaged-vehicles/000000000007425829/2012-holden-cruze-cd-hb-1-4t-at-hatch?referringPage=SearchResults
Volkswagen,Crafter,2021,No,N/A,"254,802",," Left Side Damage, Right Side Damage, Structural Damage, Selling De-Registered","Automatic,",3,Diesel,https://manheim.co.nz/damaged-vehicles/000000000007375832/2021-volkswagen-crafter-35-mwb-130-2-0d-4wd-utility?referringPage=SearchResults
Ford,Falcon,2007,No,$0,N/A,," Left Front Damage, Left Rear Damage, Right Front Damage, Right Rear Damage, Right Side Damage, Selling De-Registered","Automatic,",5,Petrol,https://manheim.co.nz/damaged-vehicles/000000000007395853/2007-ford-falcon-bf2-xr6-sedan-a-sedan?referringPage=SearchResults
Ford,Fiesta,2012,No,$0,N/A,," Right Front Damage, Selling De-Registered","Automatic,",5,Petrol,https://manheim.co.nz/damaged-vehicles/000000000007395855/2012-ford-fiesta-5dr-1-6-lx-a-hatch?referringPage=SearchResults
Nissan,X-trail,2014,No,$0,N/A,," Front Damage, Structural Damage, Accident Damage, Selling De-Registered",N/A,5,Petrol,https://manheim.co.nz/damaged-vehicles/000000000007415860/2014-nissan-x-trail-station-wagon?referringPage=SearchResults
Volvo,XC60,2022,No,N/A,"50,415",," Water Damage, Selling De-Registered","Automatic,",5,Hybrid,https://manheim.co.nz/damaged-vehicles/000000000007415865/2022-volvo-xc60-b5-ultimate-bright-station-wagon?referringPage=SearchResults
Toyota,Corolla,2019,No,N/A,"81,150",," Front Damage, Airbags Deployed, Structural Damage, Selling De-Registered","Automatic,",5,Petrol,https://manheim.co.nz/damaged-vehicles/000000000007415866/2019-toyota-corolla-gx-2-0p-10cvt-hatch?referringPage=SearchResults
Ford,Falcon,2002,No,$0,N/A,," Right Front Damage, Right Side Damage, Selling De-Registered","Automatic,",6,Petrol,https://manheim.co.nz/damaged-vehicles/000000000007395872/2002-ford-falcon-auiii-forte-w-ca-station-wagon?referringPage=SearchResults
Toyota,Auris,2010,No,$0,"140,932",," Glass Broken, Right Rear Damage, Structural Damage, Under Body Damage, Selling De-Registered",N/A,5,Petrol,https://manheim.co.nz/damaged-vehicles/000000000007405888/2010-toyota-auris-hatch?referringPage=SearchResults
Toyota,Landcruiser,2011,No,N/A,N/A,," Front Damage, Airbags Deployed, Structural Damage, Selling De-Registered","Automatic,",8,Diesel,https://manheim.co.nz/damaged-vehicles/000000000007415883/2011-toyota-landcruiser-4-5td-4wd-vx-wgn5-6-station-wagon?referringPage=SearchResults
Subaru,Outback,2018,No,N/A,"47,047",," Structural Damage, Water Damage, Selling De-Registered","Automatic,",5,Petrol,https://manheim.co.nz/damaged-vehicles/000000000007415886/2018-subaru-outback-2-5l-petrol-station-wagon?referringPage=SearchResults
Ford,Everest,2023,No,N/A,"40,009",," Front Damage, Left Front Damage, Underbody Damage, Structural Damage, Selling De-Registered","10spd Automatic,",7,Diesel,https://manheim.co.nz/damaged-vehicles/000000000007425896/2023-ford-everest-trend-2-0d-4wd-10at-station-wagon?referringPage=SearchResults
Toyota,Prius,2018,No,N/A,N/A,," Front Damage, Structural Damage, Selling De-Registered","Automatic,",5,Hybrid,https://manheim.co.nz/damaged-vehicles/000000000007425982/2018-toyota-prius-sx-1-8ph-cvt-hatch?referringPage=SearchResults
Holden,Commodore,2007,Yes,N/A,"172,681",," Engine Damage, Front Damage, Selling Registered","Automatic,",5,Petrol,https://manheim.co.nz/damaged-vehicles/000000000007416003/2007-holden-commodore-ss-sedan-auto-sedan?referringPage=SearchResults
Audi,A3,2013,Yes,$0,N/A,," Left Front Damage, Left Side Damage, Selling Registered","Automatic,",5,Petrol,https://manheim.co.nz/damaged-vehicles/000000000007426003/2013-audi-a3-station-wagon?referringPage=SearchResults
CHERY,Tiggo 7,2025,No,N/A,N/A,," Right Rear Damage, Structural Damage, Selling De-Registered","Automatic,",5,Hybrid,https://manheim.co.nz/damaged-vehicles/000000000007416025/2025-chery-tiggo-7-urban-phev-4at-station-wagon?referringPage=SearchResults
Honda,Shuttle,2015,No,$0,"114,812",," Rear Damage, Right Rear Damage, Structural Damage, Water Damage, Selling De-Registered","Automatic,",5,Hybrid,https://manheim.co.nz/damaged-vehicles/000000000007416067/2015-honda-shuttle-station-wagon?referringPage=SearchResults
Ford,Transit,2023,No,N/A,"148,218",," Roof Damage, Structural Damage, Selling De-Registered","Automatic,",9,Diesel,https://manheim.co.nz/damaged-vehicles/000000000007416094/2023-ford-transit-tourneo-trend-2-0d-van?referringPage=SearchResults
Mercedes-Benz,C63,2017,No,N/A,N/A,," Chassis Damage, Left Front Damage, Structural Damage, Suspension Damage, Selling De-Registered","Automatic,",5,Petrol,https://manheim.co.nz/damaged-vehicles/000000000007416183/2017-mercedes-benz-c63-s-sedan?referringPage=SearchResults
Mitsubishi,Colt,2007,No,$0,"63,596",," Rear Damage, Structural Damage, Selling De-Registered",N/A,5,Petrol,https://manheim.co.nz/damaged-vehicles/000000000007416184/2007-mitsubishi-colt-hatch?referringPage=SearchResults
LDV,V80,2016,No,$0,"168,092",," Malicious/Vandalised, Water Damage, Selling De-Registered","5spd Automatic,",3,Diesel,https://manheim.co.nz/damaged-vehicles/000000000007386246/2016-ldv-v80-bigger-amt-2-5d-6am-van?referringPage=SearchResults
Toyota,C-hr,2017,No,N/A,N/A,," Left Side Damage, Structural Damage, Selling De-Registered",N/A,5,Hybrid,https://manheim.co.nz/damaged-vehicles/000000000007416266/2017-toyota-c-hr-hatch?referringPage=SearchResults
Nissan,Note,2015,No,$0,"63,345",," Rear Damage, Structural Damage, Selling De-Registered","Automatic,",5,Petrol,https://manheim.co.nz/damaged-vehicles/000000000007416270/2015-nissan-note-hatch?referringPage=SearchResults
Toyota,Hiace,2005,No,N/A,"183,182",," Left Front Damage, Structural Damage, Selling De-Registered","Automatic,",3,Petrol,https://manheim.co.nz/damaged-vehicles/000000000007426352/2005-toyota-hiace-van?referringPage=SearchResults
Honda,Jazz,2023,No,N/A,"44,138",," Front Damage, Rear Damage, Structural Damage, Selling De-Registered","Automatic,",5,Petrol,https://manheim.co.nz/damaged-vehicles/000000000007426381/2023-honda-jazz-e-hev-luxe-sport-1--hatch?referringPage=SearchResults
Toyota,Hilux,2007,No,N/A,"364,034",," Front Damage, Rear Damage, Structural Damage, Selling De-Registered",N/A,5,Diesel,https://manheim.co.nz/damaged-vehicles/000000000007426382/2007-toyota-hilux-3-0td-2wd-d-c-ute-5-utility?referringPage=SearchResults
Ford,Focus,2012,No,$0,"166,442",," Glass Broken, Left Front Damage, Left Side Damage, Structural Damage, Selling De-Registered",N/A,5,Diesel,https://manheim.co.nz/damaged-vehicles/000000000007406404/2012-ford-focus-trend-2-0-auto-h-ds-hatch?referringPage=SearchResults
Mitsubishi,Colt,2005,Yes,$0,"225,088",," Left Side Damage, Selling Registered","Automatic,",5,Petrol,https://manheim.co.nz/damaged-vehicles/000000000007426410/2005-mitsubishi-colt-hatch?referringPage=SearchResults
TRAILER,Elite 7X4,2014,No,"$1,200",N/A,0," Structural Damage, Selling De-Registered",N/A,N/A,N/A,https://manheim.co.nz/damaged-vehicles/000000000007426434/2014-trailer-elite-7x4-box-body-trailer?referringPage=SearchResults
Daihatsu,Materia,2008,No,$0,"220,773",," Left Side Damage, Rear Damage, Structural Damage, Selling De-Registered","4spd Automatic,",5,Petrol,https://manheim.co.nz/damaged-vehicles/000000000007416450/2008-daihatsu-materia-1-5p-hatch5-4a-hatch?referringPage=SearchResults
Nissan,March,2005,No,$0,N/A,," Right Rear Damage, Structural Damage, Selling De-Registered",N/A,5,Petrol,https://manheim.co.nz/damaged-vehicles/000000000007416454/2005-nissan-march-hatch?referringPage=SearchResults
Triumph,Tiger,2011,No,$0,1,," Structural Damage, Selling De-Registered","Automatic,",N/A,Petrol,https://manheim.co.nz/damaged-vehicles/000000000007356483/2011-triumph-tiger-1050-motorcycle?referringPage=SearchResults
Holden,Barina,2012,No,$0,N/A,," Stolen & Recovered, Selling De-Registered","Automatic,",5,Petrol,https://manheim.co.nz/damaged-vehicles/000000000007396498/2012-holden-barina-1-6-hatch-at-hatch?referringPage=SearchResults
Nissan,X-trail,2021,No,$0,N/A,," Front Damage, Rear Damage, Roof Damage, Structural Damage, Selling De-Registered",N/A,7,Petrol,https://manheim.co.nz/damaged-vehicles/000000000007416562/2021-nissan-x-trail-st-2-5p-6cvt-sw-5dr-station-wagon?referringPage=SearchResults
MG,ZS,2021,No,$0,N/A,," Front Damage, Structural Damage, Selling De-Registered",N/A,5,Electric,https://manheim.co.nz/damaged-vehicles/000000000007416642/2021-mg-zs-ev-105kw-ev-at-station-wagon?referringPage=SearchResults
Yamaha,GRP 26  launch,1990,No,N/A,N/A,0," Engine Damage, Water Damage, Selling De-Registered",N/A,N/A,N/A,https://manheim.co.nz/damaged-vehicles/000000000007376689/1990-yamaha-grp-26--launch-boat?referringPage=SearchResults
Nissan,Note,2017,Yes,N/A,N/A,," Interior Damage, Rear Damage, Stolen & Recovered, Selling Registered","Automatic,",5,Hybrid,https://manheim.co.nz/damaged-vehicles/000000000007426702/2017-nissan-note-hybrid-hatch?referringPage=SearchResults
Subaru,Outback,2006,No,$0,"221,600",," Left Front Damage, Left Side Damage, Underbody Damage, Structural Damage, Selling De-Registered","Automatic,",5,Petrol,https://manheim.co.nz/damaged-vehicles/000000000007406734/2006-subaru-outback-station-wagon?referringPage=SearchResults
Honda,Logo,1996,No,$0,"120,540",," Front Damage, Structural Damage, Selling De-Registered","4spd Automatic,",5,Petrol,https://manheim.co.nz/damaged-vehicles/000000000007406736/1996-honda-logo-hatch?referringPage=SearchResults
Suzuki,Swift,2018,No,N/A,"50,601",," Water Damage, Selling De-Registered","Automatic,",5,Petrol,https://manheim.co.nz/damaged-vehicles/000000000007416792/2018-suzuki-swift-glc-1-2p-cvt-hatch?referringPage=SearchResults
QUINTEX,Coast Runner,2007,No,"$4,000",93 HR Showin,0," Stolen & Recovered, Selling De-Registered",N/A,N/A,N/A,https://manheim.co.nz/damaged-vehicles/000000000007416804/2007-quintex-coast-runner---trailer--boat--boat?referringPage=SearchResults
Jeep,Grand Cherokee,2013,No,N/A,"217,688",," Chassis Damage, Front Damage, Structural Damage, Selling De-Registered","Automatic,",5,Petrol,https://manheim.co.nz/damaged-vehicles/000000000007416855/2013-jeep-grand-cherokee-limited-3-6p4wd8a-s-station-wagon?referringPage=SearchResults
Toyota,RAV4,2025,No,N/A,"7,750",," Left Side Damage, Roof Damage, Right Front Damage, Rolled, Right Side Damage, Airbags Deployed, Structural Damage, Selling De-Registered","Automatic,",5,Hybrid,https://manheim.co.nz/damaged-vehicles/000000000007416889/2025-toyota-rav4-limited-2-5ph-4wd-h-station-wagon?referringPage=SearchResults
Nissan,Elgrand,2012,No,$0,"141,472",," Left Rear Damage, Left Side Damage, Structural Damage, Selling De-Registered",N/A,7,Petrol,https://manheim.co.nz/damaged-vehicles/000000000007406882/2012-nissan-elgrand-station-wagon?referringPage=SearchResults
Toyota,Aqua,2012,No,$0,"162,209",," Glass Broken, Left Front Damage, Left Side Damage, Structural Damage, Selling De-Registered",N/A,5,Hybrid,https://manheim.co.nz/damaged-vehicles/000000000007406885/2012-toyota-aqua-hatch?referringPage=SearchResults
Toyota,Aqua,2017,No,$0,"170,106",," Right Side Damage, Structural Damage, Selling De-Registered",N/A,5,Hybrid,https://manheim.co.nz/damaged-vehicles/000000000007406886/2017-toyota-aqua-hatch?referringPage=SearchResults
Mitsubishi,Lancer,2005,Yes,$0,N/A,," Right Front Damage, Right Rear Damage, Selling Registered",N/A,5,Petrol,https://manheim.co.nz/damaged-vehicles/000000000007406889/2005-mitsubishi-lancer-2-0p-es-sedan-a-sedan?referringPage=SearchResults
Suzuki,VL250,2007,No,$0,N/A,," Left Side Damage, Right Front Damage, Right Side Damage, Structural Damage, Selling De-Registered","Automatic,",N/A,Petrol,https://manheim.co.nz/damaged-vehicles/000000000007406893/2007-suzuki-vl250-intruder-250lc-motorcycle?referringPage=SearchResults
Mazda,Axela,2005,No,$0,N/A,," Left Side Damage, Structural Damage, Selling De-Registered",N/A,5,Petrol,https://manheim.co.nz/damaged-vehicles/000000000007416921/2005-mazda-axela-sedan?referringPage=SearchResults
TNT MOTOR,Roma,2021,No,$0,"9,440",," Left Rear Damage, Selling De-Registered",N/A,N/A,Petrol,https://manheim.co.nz/damaged-vehicles/000000000007416939/2021-tnt-motor-roma-2t-scooter?referringPage=SearchResults
Nissan,Juke,2016,No,$0,"71,672",," Front Damage, Left Front Damage, Right Front Damage, Structural Damage, Selling De-Registered","Automatic,",5,Petrol,https://manheim.co.nz/damaged-vehicles/000000000007406941/2016-nissan-juke-juke-turbo-1-6p-4wd-hatch?referringPage=SearchResults
Holden,Colorado,2013,No,$0,N/A,," Front Damage, Structural Damage, Selling De-Registered","Automatic,",5,Diesel,https://manheim.co.nz/damaged-vehicles/000000000007416958/2013-holden-colorado-4x4-lx-dc-pu-2-8-mt-dual-cab-utility?referringPage=SearchResults
Toyota,Granvia,2019,No,N/A,N/A,," Import, Left Side Damage, Airbags Deployed, Selling De-Registered","Automatic,",6,Diesel,https://manheim.co.nz/damaged-vehicles/000000000007377015/2019-toyota-granvia-van?referringPage=SearchResults
BMW,4 Series,2017,No,N/A,N/A,," Interior Damage, Water Damage, Selling De-Registered",N/A,5,Petrol,https://manheim.co.nz/damaged-vehicles/000000000007417029/2017-bmw-4-series-420i-2-0p-8at-sedan?referringPage=SearchResults
Ford,Focus,2008,No,$0,N/A,," Left Front Damage, Right Front Damage, Right Rear Damage, Dismantled - Interior, Selling De-Registered","Automatic,",5,Petrol,https://manheim.co.nz/damaged-vehicles/000000000007407054/2008-ford-focus-2-0-auto-hatch?referringPage=SearchResults
Peugeot,508,2021,Yes,N/A,N/A,," Left Front Damage, Selling Registered","8spd Automatic,",5,Petrol,https://manheim.co.nz/damaged-vehicles/000000000007427061/2021-peugeot-508-gt-1-6pt-8at-touring?referringPage=SearchResults
Ford,Mondeo,2011,No,$0,"142,869",," Left Front Damage, Left Rear Damage, Right Front Damage, Right Rear Damage, Airbags Deployed, Dismantled - Interior, Selling De-Registered","Automatic,",5,Petrol,https://manheim.co.nz/damaged-vehicles/000000000007407078/2011-ford-mondeo-wag-2-3-auto-station-wagon?referringPage=SearchResults
Mahindra,XUV,2017,No,$0,"120,572",," Left Front Damage, Right Rear Damage, Structural Damage, Selling De-Registered","Automatic,",7,Diesel,https://manheim.co.nz/damaged-vehicles/000000000007387109/2017-mahindra-xuv-w8-2-2d-6at-sw-5dr-station-wagon?referringPage=SearchResults
Suzuki,AN650,2011,No,$0,"35,263",," Structural Damage, Selling De-Registered","Automatic,",N/A,Petrol,https://manheim.co.nz/damaged-vehicles/000000000007387114/2011-suzuki-an650-al1-burgman-650-scooter?referringPage=SearchResults
TNT MOTOR,Roma,2022,No,$0,"9,555",," Front Damage, Structural Damage, Selling De-Registered","Automatic,",N/A,Petrol,https://manheim.co.nz/damaged-vehicles/000000000007417121/2022-tnt-motor-roma-2t-scooter?referringPage=SearchResults
Suzuki,SV650,2023,No,$0,1,," Rear Damage, Structural Damage, Selling De-Registered","Automatic,",N/A,Petrol,https://manheim.co.nz/damaged-vehicles/000000000007417184/2023-suzuki-sv650-am3-abs-motorcycle?referringPage=SearchResults
Holden,Barina,2012,No,$0,"95,199",," Left Front Damage, Left Rear Damage, Right Front Damage, Right Rear Damage, Dismantled - Interior, Selling De-Registered","6spd Automatic,",5,Petrol,https://manheim.co.nz/damaged-vehicles/000000000007407201/2012-holden-barina-1-6-hatch-at-hatch?referringPage=SearchResults
LDV,G10,2019,No,N/A,"95,874",," Right Rear Damage, Structural Damage, Selling De-Registered","5spd Manual,",2,Petrol,https://manheim.co.nz/damaged-vehicles/000000000007417250/2019-ldv-g10-cargo-2-4-2-4p-5mt--van?referringPage=SearchResults
Holden,Cruze,2014,No,$0,N/A,," Right Rear Damage, Dismantled - Interior, Selling De-Registered","Automatic,",5,Petrol,https://manheim.co.nz/damaged-vehicles/000000000007407275/2014-holden-cruze-sri-z-1-6p-6at-sl-4-sedan?referringPage=SearchResults
Ford,Mondeo,2009,No,$0,N/A,," Left Front Damage, Left Rear Damage, Selling De-Registered","Automatic,",5,Petrol,https://manheim.co.nz/damaged-vehicles/000000000007407302/2009-ford-mondeo-2-3-sedan-aut-sedan?referringPage=SearchResults
Maserati,Granturismo,2008,No,N/A,"140,551",, Selling De-Registered,"Automatic,",5,Petrol,https://manheim.co.nz/damaged-vehicles/000000000007387303/2008-maserati-granturismo-4-2l-auto-coup%C3%A9?referringPage=SearchResults
Mahindra,Pikup,2014,Yes,N/A,N/A,," Left Front Damage, Selling Registered","5spd Manual,",5,Diesel,https://manheim.co.nz/damaged-vehicles/000000000007417317/2014-mahindra-pikup-d-cc-c4x4-2-2d-4wd--utility?referringPage=SearchResults
Ford,Escape,2001,No,$0,N/A,," Left Rear Damage, Selling De-Registered","Automatic,",5,Petrol,https://manheim.co.nz/damaged-vehicles/000000000007407327/2001-ford-escape-station-wagon?referringPage=SearchResults
KTM,390,2017,No,$0,"30,958",," Right Side Damage, Structural Damage, Selling De-Registered","Manual,",N/A,Petrol,https://manheim.co.nz/damaged-vehicles/000000000007417381/2017-ktm-390-duke-399p-motorcycle?referringPage=SearchResults
Ford,Explorer,2003,No,$0,N/A,," Left Front Damage, Right Front Damage, Right Rear Damage, Selling De-Registered","Automatic,",7,Petrol,https://manheim.co.nz/damaged-vehicles/000000000007407390/2003-ford-explorer-ltd-4-6l-au-station-wagon?referringPage=SearchResults
Toyota,Hiace,2017,No,N/A,"114,996",," Front Damage, Left Front Damage, Left Side Damage, Structural Damage, Selling De-Registered","Automatic,",12,Petrol,https://manheim.co.nz/damaged-vehicles/000000000007417540/2017-toyota-hiace-mini-bus?referringPage=SearchResults
LDV,G10,2021,No,$0,N/A,," Airbags Deployed, Front Damage, Left Front Damage, Left Rear Damage, Right Rear Damage, Airbags Deployed, Structural Damage, Selling De-Registered","Automatic,",2,Diesel,https://manheim.co.nz/damaged-vehicles/000000000007407681/2021-ldv-g10-cargo-diesel-auto-2-van?referringPage=SearchResults
LDV,V80,2022,No,N/A,"188,791",," Left Side Damage, Structural Damage, Selling De-Registered","Automatic,",3,Diesel,https://manheim.co.nz/damaged-vehicles/000000000007407721/2022-ldv-v80-bigger-amt-2-5d-6am-van?referringPage=SearchResults
Toyota,Hiace,2011,No,N/A,N/A,," Front Damage, Structural Damage, Selling De-Registered",N/A,3,Petrol,https://manheim.co.nz/damaged-vehicles/000000000007397966/2011-toyota-hiace-van?referringPage=SearchResults
Mazda,Atenza,2005,Yes,$0,N/A,," Front Damage, Glass Broken, Ignition Damage, Malicious/Vandalised, Rear Damage, Right Rear Damage, Selling Registered","Automatic,",5,Petrol,https://manheim.co.nz/damaged-vehicles/000000000007427967/2005-mazda-atenza-station-wagon?referringPage=SearchResults
Toyota,Hiace,2020,No,N/A,N/A,," Right Front Damage, Right Side Damage, Structural Damage, Selling De-Registered","Automatic,",2,Diesel,https://manheim.co.nz/damaged-vehicles/000000000007388059/2020-toyota-hiace-zx-pvn-2-8dt-6at-van?referringPage=SearchResults
Nissan,March,2005,No,$0,"163,971",," Left Side Damage, Rear Damage, Structural Damage, Selling De-Registered","Automatic,",5,Petrol,https://manheim.co.nz/damaged-vehicles/000000000007418250/2005-nissan-march-hatch?referringPage=SearchResults
Kia,Niro,2021,No,N/A,"55,279",," Left Rear Damage, Structural Damage, Selling De-Registered","Automatic,",5,Hybrid,https://manheim.co.nz/damaged-vehicles/000000000007418256/2021-kia-niro-lx-1-6ph-6am-station-wagon?referringPage=SearchResults
Mitsubishi,Triton,2021,No,N/A,"166,358",," Right Front Damage, Structural Damage, Selling De-Registered",N/A,5,Diesel,https://manheim.co.nz/damaged-vehicles/000000000007418266/2021-mitsubishi-triton-dc-glxr-6at-2-4d-4w-dual-cab-utility?referringPage=SearchResults
Mitsubishi,Eclipse Cross,2025,No,N/A,"10,843",," Left Side Damage, Structural Damage, Selling De-Registered","Automatic,",5,Petrol,https://manheim.co.nz/damaged-vehicles/000000000007418267/2025-mitsubishi-eclipse-cross-vrx-1-5pt-8cvt-station-wagon?referringPage=SearchResults
Honda,Vezel,2014,No,$0,"84,180",," Chassis Damage, Rear Damage, Structural Damage, Selling De-Registered","Automatic,",5,Hybrid,https://manheim.co.nz/damaged-vehicles/000000000007418273/2014-honda-vezel-station-wagon?referringPage=SearchResults
Toyota,Camry,2009,No,$0,"359,175",," Left Rear Damage, Rear Damage, Right Rear Damage, Structural Damage, Selling De-Registered","Automatic,",5,Petrol,https://manheim.co.nz/damaged-vehicles/000000000007418276/2009-toyota-camry-2-4p-gl-sedan-5a-sedan?referringPage=SearchResults
Toyota,Caldina,2005,No,$0,"198,684",," Left Rear Damage, Rear Damage, Structural Damage, Selling De-Registered","Automatic,",5,Petrol,https://manheim.co.nz/damaged-vehicles/000000000007418277/2005-toyota-caldina-station-wagon?referringPage=SearchResults
Suzuki,GSX250,2019,No,$0,N/A,," Ignition Damage, Structural Damage, Stolen & Recovered, Selling De-Registered","Automatic,",N/A,Petrol,https://manheim.co.nz/damaged-vehicles/000000000007418278/2019-suzuki-gsx250-rza-motorcycle?referringPage=SearchResults
Isuzu,Wizard,1997,Yes,$0,"332,400",," Front Damage, Left Front Damage, Selling Registered","4spd Automatic,",5,Diesel,https://manheim.co.nz/damaged-vehicles/000000000007418281/1997-isuzu-wizard-station-wagon?referringPage=SearchResults
Mercedes-Benz,B200,2009,Yes,$0,"102,411",," Left Front Damage, Selling Registered","Automatic,",5,Petrol,https://manheim.co.nz/damaged-vehicles/000000000007418284/2009-mercedes-benz-b200-hatch?referringPage=SearchResults
Kia,Sportage,2016,No,$0,"60,620",," Rear Damage, Structural Damage, Selling De-Registered","Automatic,",5,Petrol,https://manheim.co.nz/damaged-vehicles/000000000007418285/2016-kia-sportage-urban-lx-2-0p-6at-s-station-wagon?referringPage=SearchResults
Nissan,NV350,2018,No,N/A,"161,765",," Front Damage, Left Side Damage, Structural Damage, Selling De-Registered","Automatic,",3,Petrol,https://manheim.co.nz/damaged-vehicles/000000000007418287/2018-nissan-nv350-caravan-van?referringPage=SearchResults
Ford,Transit,2007,No,$0,"392,691",," Left Side Damage, Structural Damage, Selling De-Registered","Automatic,",3,Diesel,https://manheim.co.nz/damaged-vehicles/000000000007418289/2007-ford-transit-350-jumbo-sd-high-roof-van?referringPage=SearchResults
Nissan,Leaf,2016,No,$0,N/A,," Left Front Damage, Right Side Damage, Structural Damage, Selling De-Registered","Automatic, Fuel Type, Electri",5,Electric,https://manheim.co.nz/damaged-vehicles/000000000007418290/2016-nissan-leaf-hatch?referringPage=SearchResults
Toyota,Hiace,2010,No,N/A,"219,085",," Left Rear Damage, Rear Damage, Right Rear Damage, Structural Damage, Selling De-Registered","Automatic,",6,Petrol,https://manheim.co.nz/damaged-vehicles/000000000007418291/2010-toyota-hiace-van?referringPage=SearchResults
Suzuki,Swift,2011,No,$0,"115,447",," Front Damage, Left Side Damage, Rear Damage, Structural Damage, Selling De-Registered","Automatic,",5,Petrol,https://manheim.co.nz/damaged-vehicles/000000000007418292/2011-suzuki-swift-hatch?referringPage=SearchResults
Nissan,Note,2009,No,$0,N/A,," Front Damage, Left Front Damage, Structural Damage, Selling De-Registered","Automatic,",5,Petrol,https://manheim.co.nz/damaged-vehicles/000000000007418293/2009-nissan-note-hatch?referringPage=SearchResults
Nissan,Bluebird,2006,No,$0,"149,169",," Right Front Damage, Right Side Damage, Structural Damage, Selling De-Registered","Automatic,",5,Petrol,https://manheim.co.nz/damaged-vehicles/000000000007418294/2006-nissan-bluebird-sedan?referringPage=SearchResults
Hyundai,Tucson,2023,No,N/A,"41,005",," Interior Damage, Water Damage, Selling De-Registered","Automatic,",5,Hybrid,https://manheim.co.nz/damaged-vehicles/000000000007418295/2023-hyundai-tucson-1-6-hybrid-elite-2w-station-wagon?referringPage=SearchResults
Jaguar,F-pace,2019,No,N/A,"190,736",," Right Rear Damage, Structural Damage, Selling De-Registered","Automatic,",5,Diesel,https://manheim.co.nz/damaged-vehicles/000000000007418296/2019-jaguar-f-pace-25d-r-sport-2-0d-4w-station-wagon?referringPage=SearchResults
Subaru,Impreza,2008,No,$0,N/A,," Right Front Damage, Structural Damage, Stolen & Recovered, Selling De-Registered","Automatic,",5,Petrol,https://manheim.co.nz/damaged-vehicles/000000000007418297/2008-subaru-impreza-hatch?referringPage=SearchResults
Honda,Grace,2016,No,$0,N/A,," Left Rear Damage, Structural Damage, Selling De-Registered","Automatic,",5,Petrol,https://manheim.co.nz/damaged-vehicles/000000000007418299/2016-honda-grace-sedan?referringPage=SearchResults
Toyota,Corolla,2006,No,$0,"60,443",," Front Damage, Left Side Damage, Structural Damage, Selling De-Registered","Automatic,",5,Petrol,https://manheim.co.nz/damaged-vehicles/000000000007418300/2006-toyota-corolla-1-8p-glx-sedan-4a-sedan?referringPage=SearchResults
Subaru,XV,2020,No,$0,N/A,," Front Damage, Structural Damage, Selling De-Registered","Automatic,",5,Petrol,https://manheim.co.nz/damaged-vehicles/000000000007418301/2020-subaru-xv-premium-2-0p-4wd-7a-station-wagon?referringPage=SearchResults
Mitsubishi,ASX,2025,No,N/A,"8,175",," Front Damage, Structural Damage, Selling De-Registered","Automatic,",5,Petrol,https://manheim.co.nz/damaged-vehicles/000000000007418304/2025-mitsubishi-asx-ls-2-0p-cvt-station-wagon?referringPage=SearchResults
Mazda,Premacy,2005,No,$0,"183,182",," Structural Damage, Selling De-Registered","Automatic,",7,Petrol,https://manheim.co.nz/damaged-vehicles/000000000007418305/2005-mazda-premacy-station-wagon?referringPage=SearchResults
BMW,135i,2009,No,$0,"70,940",," Front Damage, Structural Damage, Selling De-Registered","6spd Automatic,",4,Petrol,https://manheim.co.nz/damaged-vehicles/000000000007418306/2009-bmw-135i-sedan?referringPage=SearchResults
Mazda,Demio,2014,No,$0,N/A,," Ignition Damage, Left Side Damage, Right Side Damage, Structural Damage, Stolen & Recovered, Selling De-Registered","Automatic,",5,Petrol,https://manheim.co.nz/damaged-vehicles/000000000007418307/2014-mazda-demio-hatch?referringPage=SearchResults
Toyota,Hiace,2014,No,N/A,"538,751",," Right Rear Damage, Structural Damage, Selling De-Registered","Automatic,",3,Diesel,https://manheim.co.nz/damaged-vehicles/000000000007418309/2014-toyota-hiace-zl-3-0td-5m-3-seat-van?referringPage=SearchResults
Mazda,Atenza,2008,No,$0,N/A,," Front Damage, Glass Broken, Structural Damage, Selling De-Registered","Automatic,",5,Petrol,https://manheim.co.nz/damaged-vehicles/000000000007418311/2008-mazda-atenza-hatch?referringPage=SearchResults
Mitsubishi,Outlander,2009,No,$0,"310,814",," Front Damage, Left Side Damage, Right Side Damage, Structural Damage, Water Damage, Selling De-Registered","Automatic,",7,Petrol,https://manheim.co.nz/damaged-vehicles/000000000007418312/2009-mitsubishi-outlander-3-0p-ls-station-wagon?referringPage=SearchResults
Vespa,Sprint,2015,No,$0,"14,254",," Front Damage, Structural Damage, Selling De-Registered","Automatic,",N/A,Petrol,https://manheim.co.nz/damaged-vehicles/000000000007418315/2015-vespa-sprint-125-scooter?referringPage=SearchResults
Suzuki,Swift,2005,No,$0,"153,665",," Rear Damage, Structural Damage, Selling De-Registered","Automatic,",5,Petrol,https://manheim.co.nz/damaged-vehicles/000000000007418316/2005-suzuki-swift-glxha-1-5-5dr-hatch?referringPage=SearchResults
Audi,Q5,2012,No,$0,"218,731",," Front Damage, Structural Damage, Selling De-Registered","Automatic,",5,Petrol,https://manheim.co.nz/damaged-vehicles/000000000007418320/2012-audi-q5-station-wagon?referringPage=SearchResults
Toyota,Corolla,2017,No,N/A,N/A,," Left Rear Damage, Right Side Damage, Structural Damage, Selling De-Registered","Automatic,",5,Petrol,https://manheim.co.nz/damaged-vehicles/000000000007418340/2017-toyota-corolla-levin-sx-1-8p-cvt-hatch?referringPage=SearchResults
Holden,Captiva,2007,No,$0,N/A,," Right Rear Damage, Underbody Damage, Selling De-Registered","Automatic,",7,Petrol,https://manheim.co.nz/damaged-vehicles/000000000007418354/2007-holden-captiva-cx-3-2l-v6-auto-station-wagon?referringPage=SearchResults
Audi,A5,2019,No,N/A,"32,680",," Left Side Damage, Structural Damage, Selling De-Registered",N/A,5,Petrol,https://manheim.co.nz/damaged-vehicles/000000000007418357/2019-audi-a5-2-0-tfsi-s-tronic-2-sedan?referringPage=SearchResults
Ford,Falcon,2005,No,$0,"117,629",," Left Front Damage, Left Rear Damage, Right Front Damage, Selling De-Registered","Automatic,",5,Petrol,https://manheim.co.nz/damaged-vehicles/000000000007418360/2005-ford-falcon-ba-futura-w-fa-station-wagon?referringPage=SearchResults
Holden,Barina,2006,No,$0,"35,969",," Left Front Damage, Roof Damage, Right Front Damage, Right Rear Damage, Right Side Damage, Airbags Deployed, Selling De-Registered","Automatic,",5,Petrol,https://manheim.co.nz/damaged-vehicles/000000000007418366/2006-holden-barina-5dr-hatch-auto-hatch?referringPage=SearchResults
Toyota,Yaris,2019,No,N/A,N/A,," Front Damage, Rear Damage, Structural Damage, Selling De-Registered","Automatic,",5,Petrol,https://manheim.co.nz/damaged-vehicles/000000000007418367/2019-toyota-yaris-gx-1-3p-4at-hatch?referringPage=SearchResults
Ford,Falcon,2004,No,$0,"164,194",," Right Front Damage, Right Side Damage, Dismantled - Entire Vehicle, Selling De-Registered","Automatic,",5,Petrol,https://manheim.co.nz/damaged-vehicles/000000000007418369/2004-ford-falcon-ba-falcon-xr6-a-sedan?referringPage=SearchResults
Holden,VX Commodore,2001,No,$0,N/A,," Left Rear Damage, Right Front Damage, Selling De-Registered","Automatic,",5,Petrol,https://manheim.co.nz/damaged-vehicles/000000000007418374/2001-holden-vx-commodore-3-8-s-c-calais-sed-sedan?referringPage=SearchResults
Mitsubishi,Triton,2015,No,N/A,"68,095",," Left Rear Damage, Right Side Damage, Structural Damage, Suspension Damage, Selling De-Registered","Automatic,",5,Diesel,https://manheim.co.nz/damaged-vehicles/000000000007418397/2015-mitsubishi-triton-d-cab-glxr-2-4d-6mt-dual-cab-utility?referringPage=SearchResults
Audi,A4,2011,No,$0,N/A,," Interior Damage, Water Damage, Selling De-Registered","Automatic,",5,Petrol,https://manheim.co.nz/damaged-vehicles/000000000007418414/2011-audi-a4-1-8tfsi-sedan?referringPage=SearchResults
BMW,116i,2010,No,$0,"89,157",," Left Side Damage, Structural Damage, Selling De-Registered","Automatic,",5,Petrol,https://manheim.co.nz/damaged-vehicles/000000000007418417/2010-bmw-116i-hatch?referringPage=SearchResults
Mitsubishi,Mirage,2015,No,$0,N/A,," Front Damage, Left Side Damage, Rear Damage, Right Side Damage, Structural Damage, Selling De-Registered",N/A,5,Petrol,https://manheim.co.nz/damaged-vehicles/000000000007418432/2015-mitsubishi-mirage-xls-1-2p-cvt-ha-5dr-hatch?referringPage=SearchResults
Audi,A4,2010,No,$0,"107,073",," Right Side Damage, Structural Damage, Selling De-Registered",N/A,5,Petrol,https://manheim.co.nz/damaged-vehicles/000000000007418435/2010-audi-a4-sedan?referringPage=SearchResults
Toyota,Prius,2010,No,$0,N/A,," Front Damage, Airbags Deployed, Structural Damage, Selling De-Registered","Automatic,",5,Hybrid,https://manheim.co.nz/damaged-vehicles/000000000007418441/2010-toyota-prius-hybrid-hatch?referringPage=SearchResults
Toyota,Hilux,2002,No,$0,"323,222",," Left Side Damage, Right Side Damage, Structural Damage, Selling De-Registered","Automatic,",5,Diesel,https://manheim.co.nz/damaged-vehicles/000000000007418442/2002-toyota-hilux-3-0td-4wd-sr5-d-c-5-dual-cab-utility?referringPage=SearchResults
Nissan,Tiida,2005,No,$0,N/A,," Rear Damage, Structural Damage, Selling De-Registered","Automatic,",5,Petrol,https://manheim.co.nz/damaged-vehicles/000000000007418456/2005-nissan-tiida-hatch?referringPage=SearchResults
Mitsubishi,ASX,2021,No,N/A,"140,209",," Chassis Damage, Front Damage, Structural Damage, Selling De-Registered",N/A,5,Petrol,https://manheim.co.nz/damaged-vehicles/000000000007418461/2021-mitsubishi-asx-blk-2-0p-cvt-station-wagon?referringPage=SearchResults
Mitsubishi,Eclipse Cross,2022,No,N/A,"26,951",," Chassis Damage, Right Rear Damage, Structural Damage, Selling De-Registered","Automatic,",5,Hybrid,https://manheim.co.nz/damaged-vehicles/000000000007418467/2022-mitsubishi-eclipse-cross-xls-phev-4wd-at-station-wagon?referringPage=SearchResults
CARAVAN,Caravell,1970,No,$800,1,0," Roof Damage, Structural Damage",N/A,N/A,N/A,https://manheim.co.nz/damaged-vehicles/000000000007318474/1970-caravan-caravell-caravan?referringPage=SearchResults
Ford,Laser,2002,No,$0,N/A,," Right Front Damage, Right Side Damage, Structural Damage, Selling De-Registered",N/A,5,Petrol,https://manheim.co.nz/damaged-vehicles/000000000007418506/2002-ford-laser-1-6-lxi-5dr-man-hatch?referringPage=SearchResults
Mazda,Demio,2010,No,$0,"163,697",," Glass Broken, Interior Damage, Ignition Damage, Left Side Damage, Stolen & Recovered, Selling De-Registered",N/A,5,Petrol,https://manheim.co.nz/damaged-vehicles/000000000007408507/2010-mazda-demio-hatch?referringPage=SearchResults
Subaru,Impreza,2012,No,$0,"138,677",," Front Damage, Left Front Damage, Rear Damage, Structural Damage, Selling De-Registered","Automatic,",5,Petrol,https://manheim.co.nz/damaged-vehicles/000000000007418558/2012-subaru-impreza-hatch?referringPage=SearchResults
Toyota,Aqua,2013,No,$0,"132,317",," Left Front Damage, Left Side Damage, Right Front Damage, Airbags Deployed, Structural Damage, Selling De-Registered","Automatic,",5,Hybrid,https://manheim.co.nz/damaged-vehicles/000000000007408560/2013-toyota-aqua-hatch?referringPage=SearchResults
Toyota,Aqua,2016,No,$0,1,," Fire - Entire Vehicle, Structural Damage, Selling De-Registered","Automatic,",5,Hybrid,https://manheim.co.nz/damaged-vehicles/000000000007378580/2016-toyota-aqua-hatch?referringPage=SearchResults
Holden,Captiva,2015,No,$0,"80,001",," Vandalised - Entire Vehicle, Water Damage, Selling De-Registered","Automatic,",7,Petrol,https://manheim.co.nz/damaged-vehicles/000000000007418592/2015-holden-captiva-7-ls-equipe-2-4p-6a-station-wagon?referringPage=SearchResults
Nissan,March,2008,No,$0,N/A,," Fire Damage, Structural Damage, Stolen & Recovered, Selling De-Registered",N/A,5,Petrol,https://manheim.co.nz/damaged-vehicles/000000000007388667/2008-nissan-march-hatch?referringPage=SearchResults
Triumph,Street Triple,2016,No,$0,"49,755",," Structural Damage, Selling De-Registered","Automatic,",N/A,Petrol,https://manheim.co.nz/damaged-vehicles/000000000007408717/2016-triumph-street-triple-660-abs-b1-ls7-motorcycle?referringPage=SearchResults
Yamaha,YZF,2019,No,$0,"31,006",," Front Damage, Structural Damage, Selling De-Registered",N/A,N/A,Petrol,https://manheim.co.nz/damaged-vehicles/000000000007408784/2019-yamaha-yzf-r3-aj2-motorcycle?referringPage=SearchResults
Mazda,Premacy,2012,No,$0,"180,097",," Structural Damage, Suspension Damage, Selling De-Registered","Automatic,",7,Petrol,https://manheim.co.nz/damaged-vehicles/000000000007398815/2012-mazda-premacy-station-wagon?referringPage=SearchResults
Mazda,Demio,2012,No,$0,"163,036",," Right Rear Damage, Structural Damage, Selling De-Registered","4spd Automatic,",5,Petrol,https://manheim.co.nz/damaged-vehicles/000000000007418826/2012-mazda-demio-hatch?referringPage=SearchResults
Toyota,Camry,2014,No,$0,"186,864",," Right Side Damage, Structural Damage, Selling De-Registered","4spd Automatic,",5,Hybrid,https://manheim.co.nz/damaged-vehicles/000000000007418848/2014-toyota-camry-sedan?referringPage=SearchResults
Mazda,Verisa,2007,No,$0,"134,105",," Front Damage, Left Front Damage, Structural Damage, Selling De-Registered","Automatic,",5,Petrol,https://manheim.co.nz/damaged-vehicles/000000000007418867/2007-mazda-verisa-hatch?referringPage=SearchResults
Nissan,Tiida,2012,No,$0,"235,979",," Front Damage, Structural Damage, Suspension Damage, Selling De-Registered","4spd,",5,Petrol,https://manheim.co.nz/damaged-vehicles/000000000007398921/2012-nissan-tiida-latio-sedan?referringPage=SearchResults
Kia,Soul,2009,Yes,$0,"90,708",," Left Front Damage, Underbody Damage, Suspension Damage, Selling Registered","Automatic,",5,Diesel,https://manheim.co.nz/damaged-vehicles/000000000007358942/2009-kia-soul-hatch?referringPage=SearchResults
Subaru,Outback,2013,No,$0,"156,912",," Structural Damage, Selling De-Registered","Automatic,",5,Petrol,https://manheim.co.nz/damaged-vehicles/000000000007419039/2013-subaru-outback-station-wagon?referringPage=SearchResults
Mazda,MAZDA3,2006,No,$0,"247,067",," Right Side Damage, Structural Damage, Selling De-Registered","Automatic,",5,Petrol,https://manheim.co.nz/damaged-vehicles/000000000007419045/2006-mazda-mazda3-hatch?referringPage=SearchResults
Toyota,Hilux,1997,No,$0,"221,550",," Left Front Damage, Right Rear Damage, Dismantled - Interior, Structural Damage, Selling De-Registered","4spd Automatic,",5,Diesel,https://manheim.co.nz/damaged-vehicles/000000000007379040/1997-toyota-hilux-surf-ssr-g-station-wagon?referringPage=SearchResults
Nissan,Tiida,2007,No,$0,N/A,," Engine Damage, Ignition Damage, Rear Damage, Vandalised - Interior, Structural Damage, Stolen & Recovered, Selling De-Registered","Automatic,",5,Petrol,https://manheim.co.nz/damaged-vehicles/000000000007419051/2007-nissan-tiida-hatch?referringPage=SearchResults
Mitsubishi,Galant,2007,Yes,$0,"260,192",," Rear Damage, Selling Registered",N/A,5,Petrol,https://manheim.co.nz/damaged-vehicles/000000000007419068/2007-mitsubishi-galant-fortis-sedan?referringPage=SearchResults
Mazda,MPV,2011,No,$0,"207,064",, Selling De-Registered,"Automatic,",8,Petrol,https://manheim.co.nz/damaged-vehicles/000000000007419082/2011-mazda-mpv-station-wagon?referringPage=SearchResults
Toyota,Corolla,2019,No,N/A,"84,633",," Right Front Damage, Right Rear Damage, Right Side Damage, Structural Damage, Suspension Damage, Selling De-Registered",N/A,5,Hybrid,https://manheim.co.nz/damaged-vehicles/000000000007409089/2019-toyota-corolla-gx-1-8p-cvt-hatch?referringPage=SearchResults
Honda,TRX420FM1,2014,No,$0,N/A,," Front Damage, Structural Damage, Selling De-Registered, Non Reg Item",N/A,N/A,N/A,https://manheim.co.nz/damaged-vehicles/000000000007409090/2014-honda-trx420fm1-quad-bike?referringPage=SearchResults
Suzuki,GSX250FRLL9,2022,No,$0,1,," Structural Damage, Selling De-Registered","Automatic,",N/A,Petrol,https://manheim.co.nz/damaged-vehicles/000000000007409097/2022-suzuki-gsx250frll9-motorcycle?referringPage=SearchResults
Toyota,Aqua,2013,No,$0,"164,174",," Right Side Damage, Structural Damage, Selling De-Registered","Automatic,",5,Hybrid,https://manheim.co.nz/damaged-vehicles/000000000007419123/2013-toyota-aqua-hybrid-hatch?referringPage=SearchResults
Hyundai,Tucson,2016,No,$0,N/A,, Selling De-Registered,"Automatic,",5,Petrol,https://manheim.co.nz/damaged-vehicles/000000000007419152/2016-hyundai-tucson-gdi-elite-2-0p-6at--station-wagon?referringPage=SearchResults
ADLY,SF-50,2016,No,$0,411,," Left Front Damage, Left Side Damage, Right Front Damage, Right Side Damage, Structural Damage, Stolen & Recovered, Selling De-Registered","Automatic,",N/A,Petrol,https://manheim.co.nz/damaged-vehicles/000000000007419172/2016-adly-sf-50-scooter?referringPage=SearchResults
Mitsubishi,Outlander,2007,No,$0,N/A,," Fire Damage, Structural Damage, Stolen & Recovered, Selling De-Registered",N/A,7,Petrol,https://manheim.co.nz/damaged-vehicles/000000000007409173/2007-mitsubishi-outlander-station-wagon?referringPage=SearchResults
Mitsubishi,Lancer,2011,No,$0,"214,354",," Rear Damage, Structural Damage, Selling De-Registered","Automatic,",5,Petrol,https://manheim.co.nz/damaged-vehicles/000000000007419213/2011-mitsubishi-lancer-2-0p-sei-hatch-auto-hatch?referringPage=SearchResults
Honda,Accord,2009,No,$0,N/A,," Front Damage, Structural Damage, Selling De-Registered","5spd Automatic,",5,Petrol,https://manheim.co.nz/damaged-vehicles/000000000007419296/2009-honda-accord-sedan?referringPage=SearchResults
BMW,R1200,2014,No,$0,"81,033",," Left Side Damage, Structural Damage, Selling De-Registered","Automatic,",N/A,Petrol,https://manheim.co.nz/damaged-vehicles/000000000007419373/2014-bmw-r1200-gs-motorcycle?referringPage=SearchResults
Mitsubishi,Eclipse Cross,2021,No,N/A,"43,587",," Front Damage, Structural Damage, Selling De-Registered",N/A,5,Petrol,https://manheim.co.nz/damaged-vehicles/000000000007409383/2021-mitsubishi-eclipse-cross-xls-1-5p-8cvt-station-wagon?referringPage=SearchResults
Ford,Kuga,2012,No,$0,N/A,," Rear Damage, Right Rear Damage, Structural Damage, Selling De-Registered","Automatic,",5,Petrol,https://manheim.co.nz/damaged-vehicles/000000000007419412/2012-ford-kuga-station-wagon?referringPage=SearchResults
Mazda,MAZDA6,2008,No,$0,"175,383",," Right Rear Damage, Structural Damage, Selling De-Registered","5spd Automatic,",5,Petrol,https://manheim.co.nz/damaged-vehicles/000000000007419413/2008-mazda-mazda6-sport-ltd-2-3-5-aut-hatch?referringPage=SearchResults
Honda,Odyssey,2013,No,$0,N/A,," Left Rear Damage, Rear Damage, Right Front Damage, Right Rear Damage, Right Side Damage, Airbags Deployed, Structural Damage, Selling De-Registered","Automatic,",7,Petrol,https://manheim.co.nz/damaged-vehicles/000000000007419415/2013-honda-odyssey-station-wagon?referringPage=SearchResults
Mazda,CX-9,2013,No,N/A,N/A,," Interior Damage, Rear Damage, Rough & Rusted, Water Damage, Selling De-Registered","Automatic,",7,Petrol,https://manheim.co.nz/damaged-vehicles/000000000007419416/2013-mazda-cx-9-4wd-ltd-3-7-6at-station-wagon?referringPage=SearchResults
BMW,Z4,2006,No,$0,"180,452",," Left Front Damage, Right Front Damage, Structural Damage, Selling De-Registered","Automatic,",2,Petrol,https://manheim.co.nz/damaged-vehicles/000000000007419417/2006-bmw-z4-coup%C3%A9?referringPage=SearchResults
Mitsubishi,Mirage,2017,No,$0,N/A,," Rear Damage, Right Rear Damage, Structural Damage, Selling De-Registered","Automatic,",5,Petrol,https://manheim.co.nz/damaged-vehicles/000000000007419418/2017-mitsubishi-mirage-xls-1-2p-cvt-ha-5dr-hatch?referringPage=SearchResults
Mazda,Axela,2006,No,$0,"147,740",," Front Damage, Rear Damage, Structural Damage, Selling De-Registered","4spd Automatic,",5,Petrol,https://manheim.co.nz/damaged-vehicles/000000000007419457/2006-mazda-axela-hatch?referringPage=SearchResults
Honda,fit,2011,No,$0,"128,931",," Front Damage, Left Front Damage, Right Front Damage, Airbags Deployed, Structural Damage, Selling De-Registered","Automatic,",5,Petrol,https://manheim.co.nz/damaged-vehicles/000000000007409453/2011-honda-fit-hatch?referringPage=SearchResults
Honda,fit,2005,No,$0,N/A,," Rear Damage, Right Rear Damage, Structural Damage, Selling De-Registered","Automatic,",5,Petrol,https://manheim.co.nz/damaged-vehicles/000000000007419467/2005-honda-fit-hatch?referringPage=SearchResults
Honda,CRV,2012,No,$0,N/A,," Front Damage, Airbags Deployed, Structural Damage, Selling De-Registered","Automatic,",5,Petrol,https://manheim.co.nz/damaged-vehicles/000000000007419471/2012-honda-crv-sport-station-wagon?referringPage=SearchResults
Audi,A4,2014,No,$0,N/A,," Front Damage, Left Front Damage, Left Rear Damage, Right Front Damage, Right Side Damage, Airbags Deployed, Structural Damage, Selling De-Registered","Automatic,",5,Petrol,https://manheim.co.nz/damaged-vehicles/000000000007419475/2014-audi-a4-2-0t-quattro-station-wagon?referringPage=SearchResults
Land Rover,Range Rover Evoque,2024,No,N/A,N/A,," Right Front Damage, Right Side Damage, Structural Damage, Selling De-Registered","Automatic,",5,Petrol,https://manheim.co.nz/damaged-vehicles/000000000007419489/2024-land-rover-range-rover-evoque-p250-dynamic-se-2-0-station-wagon?referringPage=SearchResults
Mitsubishi,Galant,2006,No,$0,N/A,," Rear Damage, Structural Damage, Selling De-Registered","Automatic,",5,Petrol,https://manheim.co.nz/damaged-vehicles/000000000007419500/2006-mitsubishi-galant-2-0p-sedan-a-sedan?referringPage=SearchResults
Toyota,Aqua,2014,No,$0,N/A,," Front Damage, Left Front Damage, Structural Damage, Selling De-Registered","CVT,",5,Hybrid,https://manheim.co.nz/damaged-vehicles/000000000007419510/2014-toyota-aqua-hybrid-hatch?referringPage=SearchResults
Nissan,Tiida,2005,Yes,$0,N/A,," Glass Broken, Interior Damage, Left Front Damage, Left Rear Damage, Right Front Damage, Right Rear Damage, Right Side Damage, Vandalised - Interior, Stolen & Recovered, Selling Registered","Automatic,",5,Petrol,https://manheim.co.nz/damaged-vehicles/000000000007419515/2005-nissan-tiida-hatch?referringPage=SearchResults
Toyota,RAV4,2014,No,N/A,N/A,," Front Damage, Structural Damage, Selling De-Registered","Automatic,",5,Petrol,https://manheim.co.nz/damaged-vehicles/000000000007419547/2014-toyota-rav4-gx-2-0p-suv-cvt-station-wagon?referringPage=SearchResults
Mitsubishi,Colt,2005,No,$0,"262,788",," Structural Damage, Selling De-Registered","Automatic,",5,Petrol,https://manheim.co.nz/damaged-vehicles/000000000007419556/2005-mitsubishi-colt-station-wagon?referringPage=SearchResults
Toyota,Corolla,2012,Yes,$0,N/A,," Ignition Damage, Stolen & Recovered, Selling Registered","Automatic,",5,Petrol,https://manheim.co.nz/damaged-vehicles/000000000007419565/2012-toyota-corolla-1-8p-gx-hatch-5-4a-hatch?referringPage=SearchResults
Mitsubishi,Galant,2008,No,$0,"162,697",," Rear Damage, Right Side Damage, Structural Damage, Selling De-Registered","Automatic,",5,Petrol,https://manheim.co.nz/damaged-vehicles/000000000007419572/2008-mitsubishi-galant-fortis-sedan?referringPage=SearchResults
Mercedes-Benz,B180,2013,No,$0,N/A,," Front Damage, Structural Damage, Selling De-Registered","Automatic,",5,Petrol,https://manheim.co.nz/damaged-vehicles/000000000007419581/2013-mercedes-benz-b180-hatch?referringPage=SearchResults
Subaru,Forester,2005,Yes,$0,N/A,," Ignition Damage, Right Front Damage, Vandalised - Interior, Stolen & Recovered, Selling Registered","Automatic,",5,Petrol,https://manheim.co.nz/damaged-vehicles/000000000007419582/2005-subaru-forester-station-wagon?referringPage=SearchResults
Toyota,Prius,2017,No,$0,"73,181",," Front Damage, Left Front Damage, Right Front Damage, Right Side Damage, Airbags Deployed, Structural Damage, Selling De-Registered","Automatic,",5,Hybrid,https://manheim.co.nz/damaged-vehicles/000000000007399594/2017-toyota-prius-hatch?referringPage=SearchResults
Suzuki,Swift,2025,No,$0,N/A,," Front Damage, Rear Damage, Structural Damage, Selling De-Registered",N/A,5,Hybrid,https://manheim.co.nz/damaged-vehicles/000000000007409637/2025-suzuki-swift-rs-hybrid-1-2ph-hatch?referringPage=SearchResults
Volkswagen,Golf,2014,No,$0,"168,508",," Left Rear Damage, Left Side Damage, Structural Damage, Selling De-Registered","Automatic,",5,Petrol,https://manheim.co.nz/damaged-vehicles/000000000007419631/2014-volkswagen-golf-tsi-highline-7dsg-hatch?referringPage=SearchResults
Toyota,Aqua,2018,No,$0,N/A,," Fire Damage, Fire - Entire Vehicle, Structural Damage, Stolen & Recovered, Selling De-Registered","Automatic,",5,Hybrid,https://manheim.co.nz/damaged-vehicles/000000000007419639/2018-toyota-aqua-hatch?referringPage=SearchResults
Mitsubishi,Pajero,2007,No,$0,N/A,," Fire - Entire Vehicle, Structural Damage, Selling De-Registered",N/A,5,Petrol,https://manheim.co.nz/damaged-vehicles/000000000007279677/2007-mitsubishi-pajero-station-wagon?referringPage=SearchResults
Porsche,911,1999,No,N/A,"199,991",," Right Front Damage, Right Side Damage, Structural Damage, Selling De-Registered","Automatic,",4,Petrol,https://manheim.co.nz/damaged-vehicles/000000000007409799/1999-porsche-911-carrera-4c-996-coup%C3%A9?referringPage=SearchResults
Holden,Colorado,2017,No,N/A,"154,405",," Front Damage, Airbags Deployed, Structural Damage, Selling De-Registered","Automatic,",5,Diesel,https://manheim.co.nz/damaged-vehicles/000000000007419859/2017-holden-colorado-ltz-dc-pu-2-8dt-4wd-dual-cab-utility?referringPage=SearchResults
Suzuki,GSX150,2019,No,$0,N/A,," Front Damage, Structural Damage, Selling De-Registered","Automatic,",N/A,Petrol,https://manheim.co.nz/damaged-vehicles/000000000007419860/2019-suzuki-gsx150-dxa-gixxer-motorcycle?referringPage=SearchResults
Volvo,XC60,2012,No,$0,"217,416",," Engine Damage, Water Damage, Selling De-Registered","Automatic,",5,Diesel,https://manheim.co.nz/damaged-vehicles/000000000007419862/2012-volvo-xc60-d5-2-4-d-station-wagon?referringPage=SearchResults
BMW,116i,2012,No,$0,"96,317",," Right Rear Damage, Structural Damage, Selling De-Registered","Automatic,",5,Petrol,https://manheim.co.nz/damaged-vehicles/000000000007419863/2012-bmw-116i-touring?referringPage=SearchResults
Toyota,Aqua,2013,No,$0,N/A,," Left Front Damage, Left Rear Damage, Left Side Damage, Rear Damage, Structural Damage, Selling De-Registered","CVT,",5,Hybrid,https://manheim.co.nz/damaged-vehicles/000000000007419866/2013-toyota-aqua-hybrid-hatch?referringPage=SearchResults
Mazda,Bongo,2011,No,$0,N/A,," Front Damage, Glass Broken, Left Front Damage, Structural Damage, Selling De-Registered","Automatic,",5,Petrol,https://manheim.co.nz/damaged-vehicles/000000000007419868/2011-mazda-bongo-van?referringPage=SearchResults
Toyota,Prius,2015,No,$0,N/A,," Rear Damage, Structural Damage, Selling De-Registered","Automatic,",5,Hybrid,https://manheim.co.nz/damaged-vehicles/000000000007419869/2015-toyota-prius-hybrid-hatch?referringPage=SearchResults
Suzuki,Swift,2014,No,$0,"172,037",," Structural Damage, Selling De-Registered",N/A,5,Petrol,https://manheim.co.nz/damaged-vehicles/000000000007419872/2014-suzuki-swift-glab-1-4p-4at-ha-5d-hatch?referringPage=SearchResults
Mazda,Demio,2008,No,$0,"130,251",," Left Front Damage, Structural Damage, Suspension Damage, Selling De-Registered","Automatic,",5,Petrol,https://manheim.co.nz/damaged-vehicles/000000000007419874/2008-mazda-demio-hatch?referringPage=SearchResults
Toyota,SAI,2012,No,$0,N/A,," Right Rear Damage, Right Side Damage, Structural Damage, Selling De-Registered","Automatic,",5,Hybrid,https://manheim.co.nz/damaged-vehicles/000000000007419875/2012-toyota-sai-hybrid-sedan?referringPage=SearchResults
Toyota,Prius,2017,No,N/A,N/A,," Right Front Damage, Structural Damage, Selling De-Registered",N/A,5,Hybrid,https://manheim.co.nz/damaged-vehicles/000000000007419877/2017-toyota-prius-hatch?referringPage=SearchResults
Peugeot,308,2008,No,$0,N/A,," Left Side Damage, Right Side Damage, Structural Damage, Selling De-Registered","Automatic,",5,Diesel,https://manheim.co.nz/damaged-vehicles/000000000007419878/2008-peugeot-308-hdi-at-1-6-hatch?referringPage=SearchResults
Toyota,Prius,2004,No,$0,N/A,," Rear Damage, Structural Damage, Selling De-Registered",N/A,5,Hybrid,https://manheim.co.nz/damaged-vehicles/000000000007419879/2004-toyota-prius-hatch?referringPage=SearchResults
Toyota,Corolla,2009,No,$0,"116,502",," Front Damage, Structural Damage, Selling De-Registered","Automatic,",5,Petrol,https://manheim.co.nz/damaged-vehicles/000000000007419880/2009-toyota-corolla-fielder-station-wagon?referringPage=SearchResults
Holden,Barina,2014,No,$0,N/A,," Left Side Damage, Structural Damage, Selling De-Registered","Automatic,",5,Petrol,https://manheim.co.nz/damaged-vehicles/000000000007419887/2014-holden-barina-rs-1-4p-6at-ha-4dr--hatch?referringPage=SearchResults
BMW,320i,2008,No,$0,N/A,," Left Side Damage, Right Side Damage, Structural Damage, Selling De-Registered",N/A,5,Petrol,https://manheim.co.nz/damaged-vehicles/000000000007419911/2008-bmw-320i-touring?referringPage=SearchResults
Toyota,Landcruiser,1992,No,N/A,"351,102",," Chassis Damage, Left Side Damage, Right Front Damage, Vandalised - Interior, Structural Damage, Suspension Damage, Selling De-Registered","Automatic,",5,Diesel,https://manheim.co.nz/damaged-vehicles/000000000007419913/1992-toyota-landcruiser-vx-ltd-station-wagon?referringPage=SearchResults
Hyundai,Santa FE,2015,No,$0,"198,386",," Front Damage, Structural Damage, Selling De-Registered",N/A,7,Diesel,https://manheim.co.nz/damaged-vehicles/000000000007419914/2015-hyundai-santa-fe-dm-2-2d-elite-station-wagon?referringPage=SearchResults
Yamaha,YZF,2016,No,$0,"19,658",," Structural Damage, Selling De-Registered","Automatic,",N/A,Petrol,https://manheim.co.nz/damaged-vehicles/000000000007419916/2016-yamaha-yzf-r3-motorcycle?referringPage=SearchResults
Audi,A4,2014,No,$0,N/A,," Left Front Damage, Roof Damage, Right Front Damage, Rolled, Structural Damage, Selling De-Registered","Automatic,",5,Petrol,https://manheim.co.nz/damaged-vehicles/000000000007409912/2014-audi-a4-sedan?referringPage=SearchResults
Nissan,NV350,2016,No,$0,N/A,," Front Damage, Right Side Damage, Structural Damage, Selling De-Registered","Automatic,",3,Diesel,https://manheim.co.nz/damaged-vehicles/000000000007419973/2016-nissan-nv350-caravan-van?referringPage=SearchResults
Honda,fit,2012,No,$0,N/A,," Front Damage, Left Side Damage, Right Rear Damage, Right Side Damage, Structural Damage, Selling De-Registered","Automatic,",5,Petrol,https://manheim.co.nz/damaged-vehicles/000000000007419975/2012-honda-fit-rs-hatch?referringPage=SearchResults
Mazda,Axela,2006,No,$0,"165,039",," Front Damage, Structural Damage, Selling De-Registered","Automatic,",5,Petrol,https://manheim.co.nz/damaged-vehicles/000000000007419976/2006-mazda-axela-hatch?referringPage=SearchResults
Skoda,Octavia,2017,No,$0,N/A,," Front Damage, Left Side Damage, Structural Damage, Selling De-Registered","Automatic,",5,Petrol,https://manheim.co.nz/damaged-vehicles/000000000007419977/2017-skoda-octavia-rs-tsi-169kw-6dsg-l-sedan?referringPage=SearchResults
Mazda,Bounty,2006,No,$0,N/A,," Vandalised - Entire Vehicle, Dismantled - Entire Vehicle, Structural Damage, Stolen & Recovered, Selling De-Registered","Automatic,",5,Diesel,https://manheim.co.nz/damaged-vehicles/000000000007419979/2006-mazda-bounty-d-c-w-s-4wd-sdx-ab-dual-cab-utility?referringPage=SearchResults
Subaru,XV,2014,No,$0,"154,089",," Left Rear Damage, Rear Damage, Right Rear Damage, Structural Damage, Selling De-Registered","Automatic,",5,Petrol,https://manheim.co.nz/damaged-vehicles/000000000007419980/2014-subaru-xv-hatch?referringPage=SearchResults
Ford,Mondeo,2007,No,$0,"224,449",," Front Damage, Structural Damage, Selling De-Registered",N/A,5,Petrol,https://manheim.co.nz/damaged-vehicles/000000000007419985/2007-ford-mondeo-2-3-sedan-aut-sedan?referringPage=SearchResults
CHERY,Tiggo 4 PRO,2026,No,$0,"4,209",," Front Damage, Structural Damage, Selling De-Registered",N/A,5,Petrol,https://manheim.co.nz/damaged-vehicles/000000000007419998/2026-chery-tiggo-4-pro-ultimate-1-5pt-cvt-station-wagon?referringPage=SearchResults
