Manufacturer,Model,Year,Registration Status,Price,Mileage,Keys,Damage description,Transmission,Seats,Fuel Type,Link
Subaru,Forester,2008,No,$200,"256,123",," Has Key, Rear Damage, Structural Damage, Selling De-Registered","Automatic,",5,Petrol,https://manheim.co.nz/damaged-vehicles/000000000007390040/2008-subaru-forester-station-wagon?referringPage=SearchResults
Nissan,X-trail,2011,No,$950,"185,162",," Rear Damage, Structural Damage, Selling De-Registered",N/A,5,Petrol,https://manheim.co.nz/damaged-vehicles/000000000007380062/2011-nissan-x-trail-station-wagon?referringPage=SearchResults
KTM,390,2021,Yes,$0,"10,383",," Stolen & Recovered, Selling Registered",N/A,N/A,Petrol,https://manheim.co.nz/damaged-vehicles/000000000007410100/2021-ktm-390-duke-399p-motorcycle?referringPage=SearchResults
Isuzu,max,2016,No,"$1,950","291,947",," Front Damage, Airbags Deployed, Structural Damage, Selling De-Registered","Automatic,",5,Diesel,https://manheim.co.nz/damaged-vehicles/000000000007400171/2016-isuzu-max-utility?referringPage=SearchResults
Toyota,Estima,2009,No,$500,"203,179",," Front Damage, Structural Damage, Selling De-Registered","Automatic,",7,Petrol,https://manheim.co.nz/damaged-vehicles/000000000007400173/2009-toyota-estima-station-wagon?referringPage=SearchResults
Mitsubishi,Outlander,2023,No,N/A,"62,624",," Water Damage, Selling De-Registered","Automatic,",5,Hybrid,https://manheim.co.nz/damaged-vehicles/000000000007390208/2023-mitsubishi-outlander-ls-phev-4wd-at-station-wagon?referringPage=SearchResults
Nissan,Serena,2012,No,$500,N/A,," Left Rear Damage, Roof Damage, Right Front Damage, Right Rear Damage, Right Side Damage, Structural Damage, Selling De-Registered","Automatic,",8,Petrol,https://manheim.co.nz/damaged-vehicles/000000000007400239/2012-nissan-serena-station-wagon?referringPage=SearchResults
FACTORY BUILT,NZ Trailers,2008,No,"$1,600",N/A,0," Roof Damage, Structural Damage, Selling De-Registered",N/A,N/A,N/A,https://manheim.co.nz/damaged-vehicles/000000000007420373/2008-factory-built-nz-trailers-float--horse-?referringPage=SearchResults
Skoda,Scala,2019,No,"$1,650","220,163",," Water Damage, Selling De-Registered","Automatic,",5,Petrol,https://manheim.co.nz/damaged-vehicles/000000000007410467/2019-skoda-scala-sport-tsi-110kw-1-5-hatch?referringPage=SearchResults
HOMEMADE,N/A,2000,No,"$4,000",N/A,0," Chassis Damage, Frame Damaged, Structural Damage, Selling De-Registered",N/A,N/A,N/A,https://manheim.co.nz/damaged-vehicles/000000000007410481/2000-homemade-transporter-trailer?referringPage=SearchResults
Mazda,Axela,2011,No,$700,N/A,," Left Front Damage, Structural Damage, Selling De-Registered",N/A,5,Petrol,https://manheim.co.nz/damaged-vehicles/000000000007410494/2011-mazda-axela-hatch?referringPage=SearchResults
Toyota,Prius,2012,No,$900,N/A,," Left Rear Damage, Right Side Damage, Stolen & Recovered, Selling De-Registered",N/A,5,Hybrid,https://manheim.co.nz/damaged-vehicles/000000000007410505/2012-toyota-prius-hybrid-hatch?referringPage=SearchResults
Volkswagen,Polo,2012,No,$550,N/A,," Has Key, Left Side Damage, Structural Damage, Selling De-Registered","Automatic,",5,Petrol,https://manheim.co.nz/damaged-vehicles/000000000007400507/2012-volkswagen-polo-hatch?referringPage=SearchResults
Toyota,Hilux,2012,No,N/A,"187,306",," Front Damage, Left Rear Damage, Left Side Damage, Roof Damage, Rolled, Right Side Damage, Structural Damage, Selling De-Registered","5spd Manual,",5,N/A,https://manheim.co.nz/damaged-vehicles/000000000007400517/2012-toyota-hilux-2wd-3-0td-dc-ute-5m-dual-cab-utility?referringPage=SearchResults
Honda,Accord,2001,No,$600,"219,217",," Front Damage, Ignition Damage, Structural Damage, Stolen & Recovered, Selling De-Registered","4spd Automatic,",5,Petrol,https://manheim.co.nz/damaged-vehicles/000000000007420523/2001-honda-accord-sedan?referringPage=SearchResults
Ford,Mondeo,2012,No,$500,"112,938",," Left Rear Damage, Rear Damage, Right Rear Damage, Structural Damage, Selling De-Registered","Automatic,",5,Petrol,https://manheim.co.nz/damaged-vehicles/000000000007420531/2012-ford-mondeo-2-3p-auto-hatch?referringPage=SearchResults
BMW,X6,2011,No,$200,N/A,," Fire Damage, Fire - Entire Vehicle, Structural Damage, Stolen & Recovered, Selling De-Registered",N/A,5,Diesel,https://manheim.co.nz/damaged-vehicles/000000000007420532/2011-bmw-x6-touring?referringPage=SearchResults
Toyota,Vitz,2007,Yes,"$1,550",N/A,," Ignition Damage, Vandalised - Interior, Stolen & Recovered, Selling Registered","Automatic,",5,Petrol,https://manheim.co.nz/damaged-vehicles/000000000007420535/2007-toyota-vitz-hatch?referringPage=SearchResults
Ford,Territory,2009,No,$800,N/A,," Left Front Damage, Left Rear Damage, Left Side Damage, Right Rear Damage, Airbags Deployed, Selling De-Registered","Tiptronic,",7,Petrol,https://manheim.co.nz/damaged-vehicles/000000000007390530/2009-ford-territory-territory-ghia-awd-station-wagon?referringPage=SearchResults
Holden,Trax,2014,No,$800,"72,150",," Left Front Damage, Right Front Damage, Selling De-Registered","Automatic,",5,Petrol,https://manheim.co.nz/damaged-vehicles/000000000007390544/2014-holden-trax-ltz-1-8p-6at-sw-4dr-station-wagon?referringPage=SearchResults
Honda,Stream,2006,Yes,"$1,050",N/A,," Left Side Damage, Rear Damage, Selling Registered",N/A,7,Petrol,https://manheim.co.nz/damaged-vehicles/000000000007420541/2006-honda-stream-station-wagon?referringPage=SearchResults
Toyota,Vitz,2012,No,$750,N/A,," Left Rear Damage, Right Front Damage, Right Rear Damage, Vandalised - Interior, Structural Damage, Selling De-Registered","Automatic,",5,Petrol,https://manheim.co.nz/damaged-vehicles/000000000007420543/2012-toyota-vitz-hatch?referringPage=SearchResults
Mazda,Verisa,2005,No,$525,"160,000",," Rear Damage, Structural Damage, Selling De-Registered",N/A,5,Petrol,https://manheim.co.nz/damaged-vehicles/000000000007420546/2005-mazda-verisa-hatch?referringPage=SearchResults
Nissan,Note,2006,No,$500,N/A,," Left Front Damage, Left Rear Damage, Left Side Damage, Roof Damage, Right Front Damage, Right Rear Damage, Right Side Damage, Structural Damage, Selling De-Registered","Automatic,",5,Petrol,https://manheim.co.nz/damaged-vehicles/000000000007420554/2006-nissan-note-station-wagon?referringPage=SearchResults
MG,3,2020,No,$750,"86,411",," Right Side Damage, Structural Damage, Selling De-Registered","5spd Automatic,",5,Petrol,https://manheim.co.nz/damaged-vehicles/000000000007420573/2020-mg-3-excite-1-5p-4at-hatch?referringPage=SearchResults
BMW,523i,2012,No,$800,"73,877",," Right Front Damage, Structural Damage, Suspension Damage, Selling De-Registered","Automatic,",5,Petrol,https://manheim.co.nz/damaged-vehicles/000000000007420581/2012-bmw-523i-sedan?referringPage=SearchResults
Holden,Barina,2018,No,$800,"93,830",," Right Rear Damage, Airbags Deployed, Structural Damage, Selling De-Registered",N/A,5,Petrol,https://manheim.co.nz/damaged-vehicles/000000000007420583/2018-holden-barina-ls-1-6p-6at-hatch?referringPage=SearchResults
Toyota,Corolla,2000,No,$550,"112,135",," Right Side Damage, Structural Damage, Selling De-Registered","Automatic,",5,Petrol,https://manheim.co.nz/damaged-vehicles/000000000007420587/2000-toyota-corolla-hatch?referringPage=SearchResults
Ford,Kuga,2014,Yes,"$1,300",N/A,," Left Front Damage, Dismantled - Engine, Selling Registered","Automatic,",5,Diesel,https://manheim.co.nz/damaged-vehicles/000000000007410589/2014-ford-kuga-awd-2-0-diesel-auto-station-wagon?referringPage=SearchResults
Suzuki,SX4,2009,Yes,$550,"265,005",," Left Side Damage, Rear Damage, Selling Registered","Automatic,",5,Petrol,https://manheim.co.nz/damaged-vehicles/000000000007420595/2009-suzuki-sx4-hatch?referringPage=SearchResults
Toyota,Markx,2010,No,$500,"118,647",," Right Rear Damage, Structural Damage, Suspension Damage, Selling De-Registered","4spd Automatic,",5,Petrol,https://manheim.co.nz/damaged-vehicles/000000000007420602/2010-toyota-markx-sedan?referringPage=SearchResults
Toyota,RAV4,1997,No,$600,"209,763",," Structural Damage, Water Damage, Selling De-Registered",N/A,4,Petrol,https://manheim.co.nz/damaged-vehicles/000000000007420623/1997-toyota-rav4-station-wagon?referringPage=SearchResults
Nissan,Tiida,2009,Yes,$750,N/A,," Front Damage, Left Front Damage, Rear Damage, Right Rear Damage, Vandalised - Interior, Stolen & Recovered, Selling Registered","Automatic,",5,Petrol,https://manheim.co.nz/damaged-vehicles/000000000007420630/2009-nissan-tiida-latio-sedan?referringPage=SearchResults
Nissan,Sylphy,2013,No,$700,N/A,," Rear Damage, Structural Damage, Selling De-Registered",N/A,5,Petrol,https://manheim.co.nz/damaged-vehicles/000000000007420644/2013-nissan-sylphy-sedan?referringPage=SearchResults
Toyota,Aurion,2007,No,"$1,300",N/A,," Left Front Damage, Suspension Damage, Selling De-Registered","Automatic,",5,Petrol,https://manheim.co.nz/damaged-vehicles/000000000007420658/2007-toyota-aurion-3-5p-sportivo-sx6-6-sedan?referringPage=SearchResults
Mazda,Atenza,2008,No,$500,"254,437",," Roof Damage, Right Front Damage, Right Side Damage, Structural Damage, Selling De-Registered",N/A,5,Petrol,https://manheim.co.nz/damaged-vehicles/000000000007420659/2008-mazda-atenza-station-wagon?referringPage=SearchResults
Toyota,Corolla,1997,No,$400,"305,430",," Front Damage, Left Rear Damage, Left Side Damage, Rear Damage, Structural Damage, Selling De-Registered","Automatic,",5,Petrol,https://manheim.co.nz/damaged-vehicles/000000000007400650/1997-toyota-corolla-station-wagon?referringPage=SearchResults
Honda,fit,2005,Yes,"$1,800","150,288",," Rear Damage, Right Rear Damage, Selling Registered","Automatic,",5,Petrol,https://manheim.co.nz/damaged-vehicles/000000000007420669/2005-honda-fit-hatch?referringPage=SearchResults
Mazda,Demio,2009,No,$625,"79,816",," Left Rear Damage, Rear Damage, Structural Damage, Selling De-Registered","Automatic,",5,Petrol,https://manheim.co.nz/damaged-vehicles/000000000007420675/2009-mazda-demio-hatch?referringPage=SearchResults
Mazda,Demio,2008,No,$500,"164,062",," Water Damage, Selling De-Registered","Automatic,",5,Petrol,https://manheim.co.nz/damaged-vehicles/000000000007420678/2008-mazda-demio-hatch?referringPage=SearchResults
Suzuki,Swift,2006,Yes,"$1,625","185,660",," Left Rear Damage, Right Front Damage, Selling Registered","Automatic,",5,Petrol,https://manheim.co.nz/damaged-vehicles/000000000007420684/2006-suzuki-swift-hatch?referringPage=SearchResults
Holden,Trax,2014,No,$800,N/A,," Left Front Damage, Right Front Damage, Dismantled - Entire Vehicle, Selling De-Registered","6spd Automatic,",5,Petrol,https://manheim.co.nz/damaged-vehicles/000000000007400698/2014-holden-trax-ltz-1-8p-6at-sw-4dr-station-wagon?referringPage=SearchResults
Hyundai,Terracan,2005,No,$400,"332,728",," Interior Damage, Structural Damage, Water Damage, Selling De-Registered",N/A,7,Diesel,https://manheim.co.nz/damaged-vehicles/000000000007400710/2005-hyundai-terracan-2-9-crd-5d-m5-station-wagon?referringPage=SearchResults
Mazda,Premacy,2011,Yes,$575,"119,787",," Front Damage, Selling Registered",N/A,7,Petrol,https://manheim.co.nz/damaged-vehicles/000000000007420714/2011-mazda-premacy-station-wagon?referringPage=SearchResults
BMW,323i,2007,No,$500,N/A,," Right Side Damage, Structural Damage, Selling De-Registered","Automatic,",5,Petrol,https://manheim.co.nz/damaged-vehicles/000000000007420724/2007-bmw-323i-touring?referringPage=SearchResults
BRIFORD,Single Axel,N/A,No,$800,N/A,N/A, Selling De-Registered,N/A,N/A,N/A,https://manheim.co.nz/damaged-vehicles/000000000007410725/briford-single-axel-trailer?referringPage=SearchResults
Peugeot,206,2004,No,$400,"118,976",," Front Damage, Selling De-Registered","5spd Manual,",4,Petrol,https://manheim.co.nz/damaged-vehicles/000000000007410728/2004-peugeot-206-2-0-cpe-cab-2dr-mp-coup%C3%A9?referringPage=SearchResults
Toyota,Prius,2008,No,$650,N/A,," Front Damage, Structural Damage, Selling De-Registered","Automatic,",5,Hybrid,https://manheim.co.nz/damaged-vehicles/000000000007420730/2008-toyota-prius-sedan?referringPage=SearchResults
Honda,CBR,2021,No,$0,1,," Front Fork Damaged, Structural Damage, Selling De-Registered","Automatic,",N/A,Petrol,https://manheim.co.nz/damaged-vehicles/000000000007390754/2021-honda-cbr-650-p-motorcycle?referringPage=SearchResults
Ford,Explorer,2005,Yes,$825,"155,239",," Left Side Damage, Selling Registered",N/A,7,Petrol,https://manheim.co.nz/damaged-vehicles/000000000007420784/2005-ford-explorer-station-wagon?referringPage=SearchResults
Nissan,Murano,2009,No,$900,"246,115",,N/A,"Automatic,",5,Petrol,https://manheim.co.nz/damaged-vehicles/000000000007380793/2009-nissan-murano-3-5-4wd-ti-station-wagon?referringPage=SearchResults
Subaru,Impreza,2006,Yes,"$1,350",N/A,," Left Side Damage, Right Front Damage, Vandalised - Interior, Stolen & Recovered, Selling Registered","Automatic,",5,Petrol,https://manheim.co.nz/damaged-vehicles/000000000007420834/2006-subaru-impreza-station-wagon?referringPage=SearchResults
Nissan,X-trail,2015,No,"$1,650","62,645",," Interior Damage, Dismantled - Interior, Water Damage, Selling De-Registered","Automatic,",5,Petrol,https://manheim.co.nz/damaged-vehicles/000000000007420838/2015-nissan-x-trail-station-wagon?referringPage=SearchResults
Daihatsu,Terios,2005,No,$250,"298,934",," Front Damage, Structural Damage, Selling De-Registered",N/A,5,Petrol,https://manheim.co.nz/damaged-vehicles/000000000007420839/2005-daihatsu-terios-1-3p-wagon-4a-station-wagon?referringPage=SearchResults
Fiat,Abarth 595,2022,No,"$1,650",N/A,," Front Damage, Airbags Deployed, Structural Damage, Selling De-Registered",N/A,4,Petrol,https://manheim.co.nz/damaged-vehicles/000000000007420879/2022-fiat-abarth-595-1-4pt-5at-hatch?referringPage=SearchResults
HEAVEN,Braked,2025,No,$880,N/A,0," Right Side Damage, Underbody Damage, Structural Damage, Selling De-Registered",N/A,N/A,N/A,https://manheim.co.nz/damaged-vehicles/000000000007420885/2025-heaven-braked-trailer?referringPage=SearchResults
Mercedes-Benz,C180,2012,No,"$1,300","50,206",," Front Damage, Left Front Damage, Roof Damage, Right Front Damage, Right Rear Damage, Right Side Damage, Structural Damage, Selling De-Registered","Automatic,",4,Petrol,https://manheim.co.nz/damaged-vehicles/000000000007420895/2012-mercedes-benz-c180-coupe-coup%C3%A9?referringPage=SearchResults
Toyota,Voltz,2002,No,$500,"200,113",," Front Damage, Left Front Damage, Rear Damage, Right Front Damage, Right Rear Damage, Underbody Damage, Structural Damage, Selling De-Registered","Automatic,",5,Petrol,https://manheim.co.nz/damaged-vehicles/000000000007420898/2002-toyota-voltz-station-wagon?referringPage=SearchResults
Toyota,Ipsum,2007,No,$500,N/A,," Right Rear Damage, Structural Damage, Selling De-Registered",N/A,7,Petrol,https://manheim.co.nz/damaged-vehicles/000000000007420911/2007-toyota-ipsum-ltd-station-wagon?referringPage=SearchResults
Mazda,Atenza,2003,No,$600,N/A,," Front Damage, Structural Damage, Selling De-Registered",N/A,5,Petrol,https://manheim.co.nz/damaged-vehicles/000000000007420929/2003-mazda-atenza-station-wagon?referringPage=SearchResults
Honda,Accord,2004,No,"$1,025",N/A,," Front Damage, Left Front Damage, Structural Damage, Selling De-Registered","Manual,",5,Petrol,https://manheim.co.nz/damaged-vehicles/000000000007420932/2004-honda-accord-euro-2-4-4d-sed-6m-sedan?referringPage=SearchResults
Mazda,Familia,2000,No,$500,"258,576",," Front Damage, Rear Damage, Structural Damage, Selling De-Registered","Automatic,",5,Petrol,https://manheim.co.nz/damaged-vehicles/000000000007420938/2000-mazda-familia-sp20-station-wagon?referringPage=SearchResults
Toyota,Auris,2012,No,$800,"396,706",," Left Front Damage, Structural Damage, Selling De-Registered","Automatic,",5,Petrol,https://manheim.co.nz/damaged-vehicles/000000000007420940/2012-toyota-auris-hatch?referringPage=SearchResults
BMW,118i,2007,No,$550,N/A,," Right Side Damage, Structural Damage, Selling De-Registered",N/A,5,Petrol,https://manheim.co.nz/damaged-vehicles/000000000007420941/2007-bmw-118i-hatch?referringPage=SearchResults
Nissan,March,2011,No,$500,"118,970",," Front Damage, Rear Damage, Structural Damage, Selling De-Registered",N/A,5,Petrol,https://manheim.co.nz/damaged-vehicles/000000000007420953/2011-nissan-march-hatch?referringPage=SearchResults
Mitsubishi,Colt,2008,No,$400,"123,033",," Left Front Damage, Left Rear Damage, Right Front Damage, Right Rear Damage, Airbags Deployed, Selling De-Registered","Automatic,",5,Petrol,https://manheim.co.nz/damaged-vehicles/000000000007410956/2008-mitsubishi-colt-plus-hatch?referringPage=SearchResults
Nissan,March,2004,Yes,$825,"71,165",," Front Damage, Selling Registered",N/A,5,Petrol,https://manheim.co.nz/damaged-vehicles/000000000007420966/2004-nissan-march-hatch?referringPage=SearchResults
Honda,Stream,2009,No,$600,"270,335",," Right Side Damage, Structural Damage, Selling De-Registered","Automatic,",7,Petrol,https://manheim.co.nz/damaged-vehicles/000000000007420972/2009-honda-stream-station-wagon?referringPage=SearchResults
Toyota,Auris,2007,No,$600,"282,501",," Rear Damage, Structural Damage, Selling De-Registered","Automatic,",5,Petrol,https://manheim.co.nz/damaged-vehicles/000000000007420979/2007-toyota-auris-hatch?referringPage=SearchResults
Suzuki,Swift,2005,No,$550,N/A,," Right Rear Damage, Structural Damage, Suspension Damage, Selling De-Registered",N/A,5,Petrol,https://manheim.co.nz/damaged-vehicles/000000000007420990/2005-suzuki-swift-hatch?referringPage=SearchResults
Suzuki,Swift,2021,No,$950,"20,657",," Right Front Damage, Right Side Damage, Structural Damage, Selling De-Registered",N/A,N/A,Petrol,https://manheim.co.nz/damaged-vehicles/000000000007410995/2021-suzuki-swift-hatch?referringPage=SearchResults
Holden,Captiva,2015,No,"$1,450","120,087",," Dismantled - Engine, Selling De-Registered","Automatic,",7,Diesel,https://manheim.co.nz/damaged-vehicles/000000000007391005/2015-holden-captiva-7-ltz-2-2d-4wd-6at--station-wagon?referringPage=SearchResults
Ford,Fiesta,2012,No,$750,"17,000",," Left Front Damage, Left Side Damage, Right Front Damage, Right Side Damage, Airbags Deployed, Selling De-Registered","5spd Manual,",5,Petrol,https://manheim.co.nz/damaged-vehicles/000000000007401004/2012-ford-fiesta-5dr-1-6-m-zetec-hatch?referringPage=SearchResults
Toyota,Vitz,2005,No,$650,"237,259",," Glass Broken, Interior Damage, Ignition Damage, Stolen & Recovered, Selling De-Registered","Automatic,",5,Petrol,https://manheim.co.nz/damaged-vehicles/000000000007421017/2005-toyota-vitz-hatch?referringPage=SearchResults
Suzuki,Swift,2006,No,$500,N/A,," Rolled, Structural Damage, Water Damage, Selling De-Registered","Automatic,",5,Petrol,https://manheim.co.nz/damaged-vehicles/000000000007421021/2006-suzuki-swift-sport-hatch?referringPage=SearchResults
Toyota,SAI,2015,No,"$1,650",N/A,," Front Damage, Left Front Damage, Left Side Damage, Right Front Damage, Structural Damage, Selling De-Registered","Automatic,",5,Hybrid,https://manheim.co.nz/damaged-vehicles/000000000007401020/2015-toyota-sai-sedan?referringPage=SearchResults
Suzuki,GSX150,2020,No,$0,"5,663",," Structural Damage, Selling De-Registered",N/A,N/A,Petrol,https://manheim.co.nz/damaged-vehicles/000000000007381041/2020-suzuki-gsx150-fdza-gixxer-motorcycle?referringPage=SearchResults
Honda,Jazz,2016,No,"$1,950","77,297",," Left Side Damage, Airbags Deployed, Structural Damage, Selling De-Registered","CVT,",5,Petrol,https://manheim.co.nz/damaged-vehicles/000000000007421040/2016-honda-jazz-rs-1-5p-cvt-ha-5dr--hatch?referringPage=SearchResults
Mazda,Demio,2007,Yes,$550,N/A,," Ignition Damage, Vandalised - Interior, Stolen & Recovered, Selling Registered","Automatic,",5,Petrol,https://manheim.co.nz/damaged-vehicles/000000000007421047/2007-mazda-demio-hatch?referringPage=SearchResults
Toyota,Vitz,2006,No,$750,"111,753",," Chassis Damage, Front Damage, Right Side Damage, Structural Damage, Selling De-Registered",N/A,5,Petrol,https://manheim.co.nz/damaged-vehicles/000000000007421167/2006-toyota-vitz-hatch?referringPage=SearchResults
Subaru,Exiga,2012,No,$600,N/A,," Rear Damage, Structural Damage, Selling De-Registered",N/A,7,Petrol,https://manheim.co.nz/damaged-vehicles/000000000007421169/2012-subaru-exiga-station-wagon?referringPage=SearchResults
Suzuki,Aerio,2007,Yes,$700,"150,142",," Interior Damage, Right Front Damage, Vandalised - Interior, Selling Registered","Automatic,",5,Petrol,https://manheim.co.nz/damaged-vehicles/000000000007421175/2007-suzuki-aerio-sedan?referringPage=SearchResults
Holden,Astra,2019,No,"$1,650","56,320",," Glass Broken, Roof Damage, Right Side Damage, Structural Damage, Selling De-Registered","Automatic,",5,Petrol,https://manheim.co.nz/damaged-vehicles/000000000007421176/2019-holden-astra-rs-v-1-6pt-6at-hatch?referringPage=SearchResults
Honda,fit,2005,No,$500,"194,666",," Left Side Damage, Structural Damage, Selling De-Registered","4spd Automatic,",5,Petrol,https://manheim.co.nz/damaged-vehicles/000000000007421178/2005-honda-fit-station-wagon?referringPage=SearchResults
Nissan,Juke,2011,Yes,$700,"146,258",," Right Side Damage, Selling Registered","Automatic,",5,Petrol,https://manheim.co.nz/damaged-vehicles/000000000007421180/2011-nissan-juke-xtronic-cvt-hatch?referringPage=SearchResults
Holden,Commodore,2015,No,"$1,050","146,620",," Airbags Deployed, Front Damage, Left Front Damage, Left Rear Damage, Right Front Damage, Airbags Deployed, Structural Damage, Selling De-Registered","Automatic,",5,Petrol,https://manheim.co.nz/damaged-vehicles/000000000007421187/2015-holden-commodore-vf-sv6-storm-3-6p-6-sedan?referringPage=SearchResults
Ford,Focus,2002,No,$200,"142,188",," Right Front Damage, Structural Damage, Selling De-Registered",N/A,5,Petrol,https://manheim.co.nz/damaged-vehicles/000000000007421188/2002-ford-focus-hatch?referringPage=SearchResults
Toyota,Wish,2005,No,$500,"206,881",," Rear Damage, Structural Damage, Selling De-Registered",N/A,7,Petrol,https://manheim.co.nz/damaged-vehicles/000000000007421191/2005-toyota-wish-station-wagon?referringPage=SearchResults
Nissan,Pulsar,1997,No,$500,N/A,," Front Damage, Selling De-Registered",N/A,5,Petrol,https://manheim.co.nz/damaged-vehicles/000000000007421192/1997-nissan-pulsar-xir-sedan?referringPage=SearchResults
Toyota,Auris,2013,No,$950,N/A,," Front Damage, Structural Damage, Selling De-Registered",N/A,5,Petrol,https://manheim.co.nz/damaged-vehicles/000000000007421194/2013-toyota-auris-hatch?referringPage=SearchResults
Nissan,Tiida,2012,No,$600,"144,288",," Left Side Damage, Rear Damage, Right Side Damage, Structural Damage, Suspension Damage, Selling De-Registered","Automatic,",5,Petrol,https://manheim.co.nz/damaged-vehicles/000000000007421198/2012-nissan-tiida-hatch?referringPage=SearchResults
Toyota,Aqua,2018,No,"$1,700","127,943",," Left Side Damage, Structural Damage, Selling De-Registered","Automatic,",5,Hybrid,https://manheim.co.nz/damaged-vehicles/000000000007421203/2018-toyota-aqua-hatch?referringPage=SearchResults
Mitsubishi,Grandis,2006,No,$600,N/A,," Rear Damage, Structural Damage, Selling De-Registered","Automatic,",7,Petrol,https://manheim.co.nz/damaged-vehicles/000000000007421204/2006-mitsubishi-grandis-station-wagon?referringPage=SearchResults
Honda,CRZ,2012,No,"$1,650",N/A,," Left Side Damage, Structural Damage, Selling De-Registered","Automatic,",4,Hybrid,https://manheim.co.nz/damaged-vehicles/000000000007421208/2012-honda-crz-sr-1-5ph-cvt-coup%C3%A9?referringPage=SearchResults
Nissan,March,2013,No,$500,"121,705",," Rear Damage, Structural Damage, Selling De-Registered","Automatic,",5,Petrol,https://manheim.co.nz/damaged-vehicles/000000000007421210/2013-nissan-march-hatch?referringPage=SearchResults
Subaru,Impreza,2014,No,$550,"179,700",," Front Damage, Left Front Damage, Structural Damage, Selling De-Registered","Automatic,",5,Petrol,https://manheim.co.nz/damaged-vehicles/000000000007421211/2014-subaru-impreza-sports-hatch?referringPage=SearchResults
Mitsubishi,Lancer,2013,No,$575,"155,889",," Left Side Damage, Structural Damage, Selling De-Registered","Automatic,",5,Petrol,https://manheim.co.nz/damaged-vehicles/000000000007421216/2013-mitsubishi-lancer-2-0p-sei-sedan-auto-sedan?referringPage=SearchResults
Toyota,Prius,2011,No,$550,N/A,," Front Damage, Structural Damage, Selling De-Registered","Automatic,",5,Hybrid,https://manheim.co.nz/damaged-vehicles/000000000007421220/2011-toyota-prius-hybrid-hatch?referringPage=SearchResults
Subaru,Trezia,2012,No,$500,N/A,," Left Front Damage, Left Side Damage, Structural Damage, Selling De-Registered","Automatic,",5,Petrol,https://manheim.co.nz/damaged-vehicles/000000000007421222/2012-subaru-trezia-hatch?referringPage=SearchResults
Peugeot,308,2008,No,$600,"201,992",," Left Side Damage, Structural Damage, Selling De-Registered","Automatic,",5,Diesel,https://manheim.co.nz/damaged-vehicles/000000000007421227/2008-peugeot-308-hdi-auto-hatch?referringPage=SearchResults
Ford,Mondeo,2014,Yes,$675,"131,322",, Selling Registered,"6spd Automatic,",5,Diesel,https://manheim.co.nz/damaged-vehicles/000000000007381222/2014-ford-mondeo-zetec-2-0td-a-hatch?referringPage=SearchResults
Toyota,Prius,2010,No,$500,N/A,," Rear Damage, Right Side Damage, Structural Damage, Selling De-Registered","Automatic,",5,Hybrid,https://manheim.co.nz/damaged-vehicles/000000000007421231/2010-toyota-prius-hatch?referringPage=SearchResults
Toyota,Aqua,2015,No,$950,N/A,," Right Rear Damage, Right Side Damage, Structural Damage, Selling De-Registered","Automatic,",5,Hybrid,https://manheim.co.nz/damaged-vehicles/000000000007421247/2015-toyota-aqua-hybrid-hatch?referringPage=SearchResults
Subaru,XV,2013,No,$650,"205,938",," Front Damage, Left Front Damage, Structural Damage, Selling De-Registered",N/A,5,Petrol,https://manheim.co.nz/damaged-vehicles/000000000007421249/2013-subaru-xv-station-wagon?referringPage=SearchResults
Mazda,MAZDA3,2008,No,$500,N/A,," Front Damage, Left Side Damage, Rear Damage, Roof Damage, Right Front Damage, Right Side Damage, Airbags Deployed, Structural Damage, Selling De-Registered","Automatic,",5,Petrol,https://manheim.co.nz/damaged-vehicles/000000000007421254/2008-mazda-mazda3-sporthatch-mps-2-3-hatch?referringPage=SearchResults
Mitsubishi,Outlander,2005,No,$600,"198,715",," Front Damage, Left Front Damage, Right Front Damage, Structural Damage, Selling De-Registered","Automatic,",7,Petrol,https://manheim.co.nz/damaged-vehicles/000000000007371255/2005-mitsubishi-outlander-station-wagon?referringPage=SearchResults
Toyota,Aqua,2014,No,$500,N/A,," Ignition Damage, Structural Damage, Stolen & Recovered, Selling De-Registered",N/A,N/A,Hybrid,https://manheim.co.nz/damaged-vehicles/000000000007411254/2014-toyota-aqua-hatch?referringPage=SearchResults
Toyota,Aqua,2017,No,$950,"193,869",," Front Damage, Structural Damage, Selling De-Registered",N/A,5,Hybrid,https://manheim.co.nz/damaged-vehicles/000000000007411255/2017-toyota-aqua-hatch?referringPage=SearchResults
Mercedes-Benz,CLS,2011,No,"$1,650","81,296",," Front Damage, Structural Damage, Selling De-Registered","Automatic,",5,Petrol,https://manheim.co.nz/damaged-vehicles/000000000007421261/2011-mercedes-benz-cls-350-sedan?referringPage=SearchResults
Toyota,Wish,2010,No,$600,N/A,," Front Damage, Rear Damage, Structural Damage, Selling De-Registered",N/A,7,Petrol,https://manheim.co.nz/damaged-vehicles/000000000007421268/2010-toyota-wish-station-wagon?referringPage=SearchResults
Toyota,Raum,2005,Yes,"$1,000","146,878",," Front Damage, Left Side Damage, Rear Damage, Selling Registered","Automatic,",5,Petrol,https://manheim.co.nz/damaged-vehicles/000000000007421301/2005-toyota-raum-hatch?referringPage=SearchResults
Holden,Captiva,2014,No,"$1,300",1,, Selling De-Registered,"Automatic,",7,Petrol,https://manheim.co.nz/damaged-vehicles/000000000007401307/2014-holden-captiva-ltz-v6-3-0p-4wd-6at-station-wagon?referringPage=SearchResults
Nissan,Serena,2013,No,"$1,650","137,526",," Front Damage, Structural Damage, Selling De-Registered","Automatic,",8,Hybrid,https://manheim.co.nz/damaged-vehicles/000000000007401308/2013-nissan-serena-hybrid-station-wagon?referringPage=SearchResults
Yamaha,MT03LA,2019,No,$0,1,," Structural Damage, Selling De-Registered",N/A,N/A,Petrol,https://manheim.co.nz/damaged-vehicles/000000000007401316/2019-yamaha-mt03la-k-motorcycle?referringPage=SearchResults
Toyota,Prius,2013,No,$650,"131,307",," Front Damage, Structural Damage, Selling De-Registered","Automatic,",5,Hybrid,https://manheim.co.nz/damaged-vehicles/000000000007421310/2013-toyota-prius-station-wagon?referringPage=SearchResults
Suzuki,Swift,2013,No,$700,N/A,," Front Damage, Left Front Damage, Right Front Damage, Structural Damage, Selling De-Registered","Automatic,",5,Petrol,https://manheim.co.nz/damaged-vehicles/000000000007421314/2013-suzuki-swift-hatch?referringPage=SearchResults
Toyota,Caldina,2006,No,$600,"267,284",," Front Damage, Right Front Damage, Structural Damage, Selling De-Registered","Automatic,",5,Petrol,https://manheim.co.nz/damaged-vehicles/000000000007421326/2006-toyota-caldina-station-wagon?referringPage=SearchResults
Daihatsu,Sirion,2008,No,$400,"128,915",," Interior Damage, Water Damage, Selling De-Registered",N/A,5,Petrol,https://manheim.co.nz/damaged-vehicles/000000000007421330/2008-daihatsu-sirion-1-3p-hatch-4a-hatch?referringPage=SearchResults
Subaru,Forester,2013,No,$750,"102,539",," Front Damage, Right Side Damage, Structural Damage, Selling De-Registered","Automatic,",5,Petrol,https://manheim.co.nz/damaged-vehicles/000000000007421349/2013-subaru-forester-station-wagon?referringPage=SearchResults
KTM,200,2015,No,$0,"24,476",," Left Side Damage, Right Side Damage, Structural Damage, Selling De-Registered","Manual,",N/A,Petrol,https://manheim.co.nz/damaged-vehicles/000000000007401348/2015-ktm-200-duke-motorcycle?referringPage=SearchResults
Ford,Courier,2001,No,$400,N/A,," Glass Broken, Roof Damage, Structural Damage, Water Damage, Selling De-Registered","Automatic,",5,Petrol,https://manheim.co.nz/damaged-vehicles/000000000007391344/2001-ford-courier-sedan?referringPage=SearchResults
Honda,Civic,2007,No,$500,"163,899",," Front Damage, Structural Damage, Selling De-Registered","Automatic,",5,Petrol,https://manheim.co.nz/damaged-vehicles/000000000007421364/2007-honda-civic-sedan?referringPage=SearchResults
Subaru,Forester,2005,Yes,$925,"149,257",," Rear Damage, Selling Registered","5spd Automatic,",5,Petrol,https://manheim.co.nz/damaged-vehicles/000000000007421367/2005-subaru-forester-station-wagon?referringPage=SearchResults
Honda,fit,2006,Yes,$725,N/A,," Front Damage, Rear Damage, Selling Registered","Automatic,",5,Petrol,https://manheim.co.nz/damaged-vehicles/000000000007421370/2006-honda-fit-aria-sedan?referringPage=SearchResults
Toyota,Wish,2005,No,$500,"13,096",," Rear Damage, Structural Damage, Selling De-Registered","Automatic,",7,Petrol,https://manheim.co.nz/damaged-vehicles/000000000007421374/2005-toyota-wish-station-wagon?referringPage=SearchResults
Ford,Festiva,2000,No,$525,"155,318",," Front Damage, Structural Damage, Selling De-Registered","Automatic,",5,Petrol,https://manheim.co.nz/damaged-vehicles/000000000007421379/2000-ford-festiva-gli-1-3-5-dr-manual-hatch?referringPage=SearchResults
Toyota,Auris,2006,No,$500,N/A,," Left Rear Damage, Left Side Damage, Roof Damage, Right Rear Damage, Right Side Damage, Structural Damage, Selling De-Registered",N/A,5,Petrol,https://manheim.co.nz/damaged-vehicles/000000000007421388/2006-toyota-auris-hatch?referringPage=SearchResults
Mazda,Demio,2005,No,$600,"189,309",," Interior Damage, Ignition Damage, Left Front Damage, Left Rear Damage, Vandalised - Interior, Structural Damage, Stolen & Recovered, Selling De-Registered","Automatic,",5,Petrol,https://manheim.co.nz/damaged-vehicles/000000000007421399/2005-mazda-demio-hatch?referringPage=SearchResults
Mitsubishi,Mirage,2013,No,$825,N/A,," Right Front Damage, Structural Damage, Selling De-Registered",N/A,5,Petrol,https://manheim.co.nz/damaged-vehicles/000000000007411410/2013-mitsubishi-mirage-hatch?referringPage=SearchResults
Toyota,Aqua,2014,No,$750,N/A,," Rear Damage, Right Front Damage, Right Rear Damage, Structural Damage, Selling De-Registered","Automatic,",5,Hybrid,https://manheim.co.nz/damaged-vehicles/000000000007411420/2014-toyota-aqua-hatch?referringPage=SearchResults
Ford,Mondeo,2020,No,"$1,650","78,729",," Rear Damage, Structural Damage, Under Body Damage, Selling De-Registered",N/A,5,Petrol,https://manheim.co.nz/damaged-vehicles/000000000007421429/2020-ford-mondeo-ambiente-5dr-petrol-hatch?referringPage=SearchResults
Kawasaki,ex,2011,Yes,$0,"37,540",," Left Front Damage, Left Side Damage, Right Side Damage, Selling Registered","Manual,",N/A,Petrol,https://manheim.co.nz/damaged-vehicles/000000000007411438/2011-kawasaki-ex-250j-motorcycle?referringPage=SearchResults
Nissan,Juke,2015,No,$500,N/A,," Front Damage, Left Front Damage, Left Rear Damage, Right Front Damage, Right Rear Damage, Airbags Deployed, Structural Damage, Selling De-Registered","Automatic,",5,Petrol,https://manheim.co.nz/damaged-vehicles/000000000007411442/2015-nissan-juke-1-5-station-wagon?referringPage=SearchResults
Mazda,Axela,2014,No,$600,"162,415",," Left Front Damage, Left Side Damage, Structural Damage, Selling De-Registered",N/A,5,Hybrid,https://manheim.co.nz/damaged-vehicles/000000000007401445/2014-mazda-axela-hybrid-sedan?referringPage=SearchResults
Toyota,Aqua,2012,No,$600,N/A,," Rear Damage, Structural Damage, Selling De-Registered","Automatic,",5,Hybrid,https://manheim.co.nz/damaged-vehicles/000000000007391467/2012-toyota-aqua-hatch?referringPage=SearchResults
Ford,Territory,2011,No,$600,"132,169",," Water Damage, Selling De-Registered",N/A,7,Petrol,https://manheim.co.nz/damaged-vehicles/000000000007411463/2011-ford-territory-ghia-awd-station-wagon?referringPage=SearchResults
Ford,Ranger,2019,No,$600,N/A,," Front Damage, Fire Damage, Interior Damage, Selling De-Registered","Automatic,",5,Diesel,https://manheim.co.nz/damaged-vehicles/000000000007411473/2019-ford-ranger-xl-double-cab-w-s-2-dual-cab-utility?referringPage=SearchResults
Hyundai,Veloster,2012,No,$700,N/A,," Left Front Damage, Left Side Damage, Roof Damage, Right Side Damage, Structural Damage, Selling De-Registered","Automatic,",4,Petrol,https://manheim.co.nz/damaged-vehicles/000000000007381480/2012-hyundai-veloster-1-6t-elite-a6-hatch?referringPage=SearchResults
Lexus,GS350,2006,No,$500,N/A,," Front Damage, Left Front Damage, Right Front Damage, Structural Damage, Selling De-Registered","Automatic,",5,Petrol,https://manheim.co.nz/damaged-vehicles/000000000007401492/2006-lexus-gs350-sedan?referringPage=SearchResults
Volkswagen,Passat,2012,No,$500,"206,027",," Airbags Deployed, Chassis Damage, Front Damage, Left Front Damage, Right Front Damage, Airbags Deployed, Structural Damage, Selling De-Registered","Automatic,",5,Diesel,https://manheim.co.nz/damaged-vehicles/000000000007421511/2012-volkswagen-passat-alltrack-tdi-125kw-station-wagon?referringPage=SearchResults
Toyota,RAV4,2004,No,$600,"218,183",," Front Damage, Right Front Damage, Structural Damage, Selling De-Registered","Automatic,",5,Petrol,https://manheim.co.nz/damaged-vehicles/000000000007411513/2004-toyota-rav4-2-4p-wagon5-4a-station-wagon?referringPage=SearchResults
Toyota,Prius,2015,No,$750,"188,441",," Airbags Deployed, Front Damage, Airbags Deployed, Structural Damage, Selling De-Registered","Automatic,",5,Hybrid,https://manheim.co.nz/damaged-vehicles/000000000007421544/2015-toyota-prius-hatch?referringPage=SearchResults
Holden,Colorado,2016,No,N/A,"154,275",," Roof Damage, Structural Damage, Water Damage, Selling De-Registered","Automatic,",5,Diesel,https://manheim.co.nz/damaged-vehicles/000000000007421545/2016-holden-colorado-z71-dc-pu-2-8d-4wd--dual-cab-utility?referringPage=SearchResults
Mercedes-Benz,ML,2007,No,"$1,050",N/A,," Left Side Damage, Structural Damage, Selling De-Registered","Automatic,",5,Diesel,https://manheim.co.nz/damaged-vehicles/000000000007411635/2007-mercedes-benz-ml-320-cdi-station-wagon?referringPage=SearchResults
Mazda,CX-5,2016,No,$800,N/A,," Left Side Damage, Roof Damage, Right Side Damage, Structural Damage, Selling De-Registered","Automatic,",5,Diesel,https://manheim.co.nz/damaged-vehicles/000000000007401646/2016-mazda-cx-5-station-wagon?referringPage=SearchResults
Mazda,Demio,2014,No,$600,N/A,," Front Damage, Left Front Damage, Left Rear Damage, Rear Damage, Right Front Damage, Right Rear Damage, Structural Damage, Selling De-Registered","Automatic,",5,Petrol,https://manheim.co.nz/damaged-vehicles/000000000007401691/2014-mazda-demio-hatch?referringPage=SearchResults
Audi,S3,2014,No,"$1,900","89,607",," Front Damage, Structural Damage, Selling De-Registered","Automatic,",5,Petrol,https://manheim.co.nz/damaged-vehicles/000000000007351736/2014-audi-s3-sedan?referringPage=SearchResults
Toyota,Echo,2003,No,$500,"147,996",," Rear Damage, Structural Damage, Selling De-Registered","Manual,",5,Petrol,https://manheim.co.nz/damaged-vehicles/000000000007411767/2003-toyota-echo-1-3p-hatch5-5m-hatch?referringPage=SearchResults
Lexus,IS300H,2015,No,$600,1,," Structural Damage, Water Damage, Selling De-Registered",N/A,5,Hybrid,https://manheim.co.nz/damaged-vehicles/000000000007411825/2015-lexus-is300h-sedan?referringPage=SearchResults
Toyota,Echo,2006,No,$450,"68,804",," Airbags Deployed, Right Front Damage, Right Rear Damage, Right Side Damage, Structural Damage, Selling De-Registered",N/A,5,Petrol,https://manheim.co.nz/damaged-vehicles/000000000007411860/2006-toyota-echo-hatch?referringPage=SearchResults
Honda,CRV,1996,No,$600,"173,592",," Front Damage, Left Side Damage, Structural Damage, Selling De-Registered","Automatic,",5,Petrol,https://manheim.co.nz/damaged-vehicles/000000000007421881/1996-honda-crv-station-wagon?referringPage=SearchResults
Holden,Commodore,2006,No,$625,N/A,," Front Damage, Left Side Damage, Right Side Damage, Structural Damage, Selling De-Registered","Automatic,",5,Petrol,https://manheim.co.nz/damaged-vehicles/000000000007371891/2006-holden-commodore-calais-v6-sedan?referringPage=SearchResults
Nissan,NV200,2020,No,"$1,650","133,983",," Right Front Damage, Rolled, Structural Damage, Selling De-Registered","Automatic,",2,Petrol,https://manheim.co.nz/damaged-vehicles/000000000007361936/2020-nissan-nv200-van?referringPage=SearchResults
Honda,CRV,2013,No,$600,N/A,," Glass Broken, Left Rear Damage, Rear Damage, Right Rear Damage, Structural Damage, Selling De-Registered","Automatic,",5,Petrol,https://manheim.co.nz/damaged-vehicles/000000000007422020/2013-honda-crv-station-wagon?referringPage=SearchResults
Ford,Falcon,2016,No,"$3,300",N/A,," Left Front Damage, Left Rear Damage, Left Side Damage, Selling De-Registered","Automatic,",5,Petrol,https://manheim.co.nz/damaged-vehicles/000000000007392021/2016-ford-falcon-xr6-sedan-auto-4-0p-sedan?referringPage=SearchResults
Nissan,Elgrand,2014,No,"$1,650",N/A,," Right Rear Damage, Structural Damage, Selling De-Registered","Automatic,",8,Petrol,https://manheim.co.nz/damaged-vehicles/000000000007402046/2014-nissan-elgrand-highway-star-2-5-station-wagon?referringPage=SearchResults
Toyota,Blade,2007,No,$650,"121,369",," Left Front Damage, Left Rear Damage, Left Side Damage, Structural Damage, Selling De-Registered","Automatic,",5,Petrol,https://manheim.co.nz/damaged-vehicles/000000000007402058/2007-toyota-blade-sports-hatch?referringPage=SearchResults
Toyota,Aqua,2019,No,$750,"107,508",," Left Rear Damage, Rear Damage, Roof Damage, Right Rear Damage, Structural Damage, Selling De-Registered",N/A,5,Hybrid,https://manheim.co.nz/damaged-vehicles/000000000007412135/2019-toyota-aqua-hatch?referringPage=SearchResults
Toyota,Prius,2016,No,$500,N/A,," Front Damage, Structural Damage, Selling De-Registered",N/A,5,Hybrid,https://manheim.co.nz/damaged-vehicles/000000000007412188/2016-toyota-prius-hatch?referringPage=SearchResults
Mazda,MAZDA6,2010,No,$500,"297,740",," Water Damage, Selling De-Registered","Automatic,",5,Petrol,https://manheim.co.nz/damaged-vehicles/000000000007402185/2010-mazda-mazda6-wagon-gsx-2-5-5at-station-wagon?referringPage=SearchResults
Mercedes-Benz,A180,2014,No,"$1,650","78,673",," Front Damage, Left Front Damage, Right Front Damage, Structural Damage, Selling De-Registered","Automatic,",5,Petrol,https://manheim.co.nz/damaged-vehicles/000000000007392197/2014-mercedes-benz-a180-hatch?referringPage=SearchResults
Mazda,Atenza,2003,No,$1,N/A,," Fire Damage, Fire - Entire Vehicle, Structural Damage, Stolen & Recovered, Selling De-Registered","Automatic,",5,Petrol,https://manheim.co.nz/damaged-vehicles/000000000007412270/2003-mazda-atenza-station-wagon?referringPage=SearchResults
Mazda,Demio,2005,No,$300,N/A,," Ignition Damage, Structural Damage, Stolen & Recovered, Selling De-Registered","Automatic,",5,Petrol,https://manheim.co.nz/damaged-vehicles/000000000007422294/2005-mazda-demio-hatch?referringPage=SearchResults
Toyota,Allex,2004,No,$650,N/A,," Front Damage, Rear Damage, Structural Damage, Selling De-Registered","Automatic,",5,Petrol,https://manheim.co.nz/damaged-vehicles/000000000007392348/2004-toyota-allex-hatch?referringPage=SearchResults
Holden,Astra,2007,No,$800,N/A,," Left Rear Damage, Right Rear Damage, Selling De-Registered","Automatic,",4,Petrol,https://manheim.co.nz/damaged-vehicles/000000000007392360/2007-holden-astra-twintop-2-2l-auto-coup%C3%A9?referringPage=SearchResults
Hyundai,Getz,2009,No,$100,"91,039",," Front Damage, Structural Damage, Selling De-Registered","Automatic,",5,Petrol,https://manheim.co.nz/damaged-vehicles/000000000007372366/2009-hyundai-getz-1-4-5d-a4-hatch?referringPage=SearchResults
BMW,735i,2004,No,$550,N/A,," Airbags Deployed, Front Damage, Left Front Damage, Airbags Deployed, Structural Damage, Suspension Damage, Selling De-Registered","Automatic,",5,Petrol,https://manheim.co.nz/damaged-vehicles/000000000007412377/2004-bmw-735i-sedan?referringPage=SearchResults
Toyota,Wish,2008,No,$600,N/A,," Left Side Damage, Right Side Damage, Structural Damage, Selling De-Registered","Automatic,",7,Petrol,https://manheim.co.nz/damaged-vehicles/000000000007392386/2008-toyota-wish-station-wagon?referringPage=SearchResults
Toyota,Corolla,2002,No,$650,N/A,," Ignition Damage, Right Front Damage, Stolen & Recovered, Selling De-Registered","Automatic,",5,Petrol,https://manheim.co.nz/damaged-vehicles/000000000007412396/2002-toyota-corolla-station-wagon?referringPage=SearchResults
Ford,Fiesta,2011,No,$750,"238,628",," Left Front Damage, Left Side Damage, Airbags Deployed, Selling De-Registered","Manual,",5,Diesel,https://manheim.co.nz/damaged-vehicles/000000000007392422/2011-ford-fiesta-5dr-1-6-lx-m-diesel-hatch?referringPage=SearchResults
Volkswagen,Polo,2014,No,$500,N/A,," Front Damage, Rear Damage, Structural Damage, Selling De-Registered","Automatic,",5,Petrol,https://manheim.co.nz/damaged-vehicles/000000000007402431/2014-volkswagen-polo-63kw-7dsg-hatch?referringPage=SearchResults
Mazda,MAZDA6,2012,Yes,$700,"340,025",," Front Damage, Left Front Damage, Left Side Damage, Suspension Damage, Selling Registered",N/A,5,Petrol,https://manheim.co.nz/damaged-vehicles/000000000007412527/2012-mazda-mazda6-wagon-gsx-2-5-5at-station-wagon?referringPage=SearchResults
Ford,Explorer,2006,No,$750,N/A,," Left Front Damage, Right Front Damage, Right Rear Damage, Right Side Damage, Airbags Deployed, Dismantled - Entire Vehicle, Selling De-Registered","Automatic,",7,Petrol,https://manheim.co.nz/damaged-vehicles/000000000007422583/2006-ford-explorer-explorer-ltd-4-6l-a-station-wagon?referringPage=SearchResults
MG,ZS,2025,No,"$2,300",N/A,," Structural Damage, Selling De-Registered",N/A,5,Hybrid,https://manheim.co.nz/damaged-vehicles/000000000007422595/2025-mg-zs-essence-1-5pht-3hd-station-wagon?referringPage=SearchResults
Hyundai,IX35,2015,Yes,"$2,225",N/A,, Selling Registered,"Automatic,",5,Petrol,https://manheim.co.nz/damaged-vehicles/000000000007412625/2015-hyundai-ix35-gdi2-0elite6a-2-0p6-station-wagon?referringPage=SearchResults
Toyota,Aqua,2012,No,$750,N/A,," Fire Damage, Structural Damage, Selling De-Registered","Automatic,",5,Hybrid,https://manheim.co.nz/damaged-vehicles/000000000007412655/2012-toyota-aqua-hatch?referringPage=SearchResults
BMW,640i,2014,Yes,N/A,"102,785",, Selling Registered,"Automatic,",5,Petrol,https://manheim.co.nz/damaged-vehicles/000000000007412677/2014-bmw-640i-sedan?referringPage=SearchResults
Honda,Stream,2008,No,$625,N/A,," Right Side Damage, Structural Damage, Selling De-Registered","Automatic,",7,Petrol,https://manheim.co.nz/damaged-vehicles/000000000007412685/2008-honda-stream-rsz-station-wagon?referringPage=SearchResults
Ford,Ranger,2014,No,N/A,N/A,,N/A,"Automatic,",5,Diesel,https://manheim.co.nz/damaged-vehicles/000000000007412693/2014-ford-ranger-td-xlt-dc-w-sa-3-2d-dual-cab-utility?referringPage=SearchResults
Ford,Mondeo,2015,No,$800,N/A,," Right Front Damage, Airbags Deployed, Selling De-Registered","Automatic,",5,Petrol,https://manheim.co.nz/damaged-vehicles/000000000007392697/2015-ford-mondeo-ambiente-5dr-petrol-hatch?referringPage=SearchResults
Mitsubishi,Outlander,2007,No,$500,"149,856",," Left Rear Damage, Structural Damage, Selling De-Registered",N/A,7,Petrol,https://manheim.co.nz/damaged-vehicles/000000000007412701/2007-mitsubishi-outlander-station-wagon?referringPage=SearchResults
Audi,RS4,2021,No,N/A,"87,140",," Airbags Deployed, Front Damage, Structural Damage, Selling De-Registered","Automatic,",5,Petrol,https://manheim.co.nz/damaged-vehicles/000000000007412710/2021-audi-rs4-rs-4-avant-2-9pt-4w-station-wagon?referringPage=SearchResults
Honda,fit,2010,No,$500,N/A,," Right Front Damage, Structural Damage, Selling De-Registered","Automatic,",5,Petrol,https://manheim.co.nz/damaged-vehicles/000000000007412726/2010-honda-fit-hatch?referringPage=SearchResults
Suzuki,GN125H,2015,No,$0,"6,775",," Stolen & Recovered, Selling De-Registered",N/A,N/A,Petrol,https://manheim.co.nz/damaged-vehicles/000000000007402726/2015-suzuki-gn125h-motorcycle?referringPage=SearchResults
Smart,Fortwo,2014,No,$425,"77,464",," Front Damage, Right Rear Damage, Structural Damage, Suspension Damage, Selling De-Registered","Automatic,",2,Petrol,https://manheim.co.nz/damaged-vehicles/000000000007412791/2014-smart-fortwo-hatch?referringPage=SearchResults
Nissan,Primera,1997,Yes,$600,N/A,," Glass Broken, Ignition Damage, Left Side Damage, Malicious/Vandalised, Right Side Damage, Vandalised - Interior, Selling Registered",N/A,5,Petrol,https://manheim.co.nz/damaged-vehicles/000000000007412794/1997-nissan-primera-gt-sedan?referringPage=SearchResults
Toyota,Auris,2008,No,$600,N/A,," Right Side Damage, Structural Damage, Selling De-Registered","Automatic,",5,Petrol,https://manheim.co.nz/damaged-vehicles/000000000007412799/2008-toyota-auris-hatch?referringPage=SearchResults
Holden,Captiva,2017,No,"$1,650",N/A,," Left Rear Damage, Left Side Damage, Structural Damage, Selling De-Registered",N/A,7,Petrol,https://manheim.co.nz/damaged-vehicles/000000000007412843/2017-holden-captiva-ls-equipe-2-4p-6at-station-wagon?referringPage=SearchResults
Mazda,Demio,2006,No,$800,"86,704",," Interior Damage, Left Side Damage, Vandalised - Interior, Stolen & Recovered, Suspension Damage, Selling De-Registered",N/A,5,Petrol,https://manheim.co.nz/damaged-vehicles/000000000007402953/2006-mazda-demio-hatch?referringPage=SearchResults
Toyota,Corolla,2009,No,$700,"337,521",," Left Side Damage, Structural Damage, Selling De-Registered",N/A,N/A,Petrol,https://manheim.co.nz/damaged-vehicles/000000000007412968/2009-toyota-corolla-1-8p-gx-hatch-5-6m-hatch?referringPage=SearchResults
Hyundai,i30,2011,No,$400,N/A,," Airbags Deployed, Engine Damage, Front Damage, Glass Broken, Structural Damage, Accident Damage, Selling De-Registered",N/A,N/A,Petrol,https://manheim.co.nz/damaged-vehicles/000000000007412970/2011-hyundai-i30-1-6-a4-hatch?referringPage=SearchResults
Toyota,Corolla,2015,No,$750,"189,374",," Glass Broken, Ignition Damage, Rear Damage, Right Rear Damage, Structural Damage, Stolen & Recovered, Selling De-Registered",N/A,N/A,Hybrid,https://manheim.co.nz/damaged-vehicles/000000000007412981/2015-toyota-corolla-fielder-hybrid-station-wagon?referringPage=SearchResults
Mazda,Axela,2014,No,$675,N/A,," Airbags Deployed, Front Damage, Airbags Deployed, Structural Damage, Selling De-Registered",N/A,5,Hybrid,https://manheim.co.nz/damaged-vehicles/000000000007412988/2014-mazda-axela-sedan?referringPage=SearchResults
Mitsubishi,Colt,2005,Yes,$625,N/A,," Front Damage, Ignition Damage, Left Front Damage, Right Front Damage, Stolen & Recovered, Selling Registered","Automatic,",5,Petrol,https://manheim.co.nz/damaged-vehicles/000000000007413023/2005-mitsubishi-colt-hatch?referringPage=SearchResults
Toyota,Aqua,2014,No,$850,N/A,," Right Front Damage, Structural Damage, Suspension Damage, Selling De-Registered","Automatic,",5,Hybrid,https://manheim.co.nz/damaged-vehicles/000000000007413025/2014-toyota-aqua-hatch?referringPage=SearchResults
KTM,390,2024,Yes,$0,N/A,," Ignition Damage, Tank Damage, Frame Damaged, Selling Registered","Automatic,",N/A,Petrol,https://manheim.co.nz/damaged-vehicles/000000000007413035/2024-ktm-390-duke-399p-motorcycle?referringPage=SearchResults
Suzuki,Swift,2011,No,$850,N/A,," Rear Damage, Structural Damage, Selling De-Registered",N/A,5,Petrol,https://manheim.co.nz/damaged-vehicles/000000000007413037/2011-suzuki-swift-glxa-1-5-5dr-hatch?referringPage=SearchResults
Volvo,S60,2001,No,$600,"311,515",," Rear Damage, Structural Damage, Selling De-Registered","Automatic,",5,Petrol,https://manheim.co.nz/damaged-vehicles/000000000007413061/2001-volvo-s60-2-4-sedan?referringPage=SearchResults
Mitsubishi,RVR,2010,No,$500,N/A,," Right Rear Damage, Structural Damage, Selling De-Registered","4spd Automatic,",5,Petrol,https://manheim.co.nz/damaged-vehicles/000000000007403085/2010-mitsubishi-rvr-station-wagon?referringPage=SearchResults
Mazda,Verisa,2005,No,$500,"83,594",," Front Damage, Left Front Damage, Right Front Damage, Structural Damage, Selling De-Registered","Automatic,",5,Petrol,https://manheim.co.nz/damaged-vehicles/000000000007413149/2005-mazda-verisa-hatch?referringPage=SearchResults
BMW,X5,2009,No,$800,N/A,," Water Damage, Selling De-Registered","Automatic,",5,Petrol,https://manheim.co.nz/damaged-vehicles/000000000007413154/2009-bmw-x5-touring?referringPage=SearchResults
Mercedes-Benz,C,2013,No,$950,N/A,," Front Damage, Structural Damage, Selling De-Registered","Automatic,",4,Petrol,https://manheim.co.nz/damaged-vehicles/000000000007413163/2013-mercedes-benz-c-180-cgi-be-coup%C3%A9?referringPage=SearchResults
Nissan,Vanette,2002,No,$500,N/A,," Front Damage, Left Front Damage, Right Front Damage, Structural Damage, Selling De-Registered","4spd Manual,",3,Petrol,https://manheim.co.nz/damaged-vehicles/000000000007413165/2002-nissan-vanette-van?referringPage=SearchResults
Suzuki,Vitara,2016,No,"$1,650","70,323",," Front Damage, Left Front Damage, Right Front Damage, Structural Damage, Selling De-Registered","6spd Automatic,",5,Petrol,https://manheim.co.nz/damaged-vehicles/000000000007413170/2016-suzuki-vitara-turbo-1-4pt-6at-station-wagon?referringPage=SearchResults
Suzuki,Swift,2017,No,"$1,650","76,087",," Rear Damage, Structural Damage, Selling De-Registered","Automatic,",5,Petrol,https://manheim.co.nz/damaged-vehicles/000000000007413180/2017-suzuki-swift-hatch?referringPage=SearchResults
Nissan,Cube,2007,No,$425,N/A,," Right Rear Damage, Structural Damage, Selling De-Registered",N/A,5,Petrol,https://manheim.co.nz/damaged-vehicles/000000000007413185/2007-nissan-cube-station-wagon?referringPage=SearchResults
Mazda,MPV,2006,No,$500,"166,580",," Airbags Deployed, Front Damage, Left Rear Damage, Structural Damage, Selling De-Registered",N/A,8,Petrol,https://manheim.co.nz/damaged-vehicles/000000000007413226/2006-mazda-mpv-station-wagon?referringPage=SearchResults
Mazda,Bongo,1997,No,$475,"192,111",," Front Damage, Structural Damage, Selling De-Registered",N/A,3,Petrol,https://manheim.co.nz/damaged-vehicles/000000000007413234/1997-mazda-bongo-utility?referringPage=SearchResults
Mazda,Axela,2005,No,$600,N/A,," Airbags Deployed, Front Damage, Left Front Damage, Right Front Damage, Airbags Deployed, Structural Damage, Selling De-Registered","Automatic,",5,Petrol,https://manheim.co.nz/damaged-vehicles/000000000007413269/2005-mazda-axela-sedan?referringPage=SearchResults
Suzuki,Baleno,2018,No,$500,N/A,," Airbags Deployed, Front Damage, Left Front Damage, Left Rear Damage, Rear Damage, Right Front Damage, Right Rear Damage, Airbags Deployed, Structural Damage, Selling De-Registered","Automatic,",5,Petrol,https://manheim.co.nz/damaged-vehicles/000000000007413274/2018-suzuki-baleno-glxa-1-4p-4at-hatch?referringPage=SearchResults
Holden,Captiva,2009,No,$600,N/A,," Right Front Damage, Right Rear Damage, Right Side Damage, Structural Damage, Selling De-Registered","Automatic,",7,Diesel,https://manheim.co.nz/damaged-vehicles/000000000007413281/2009-holden-captiva-sx-2wd-dsl-at-station-wagon?referringPage=SearchResults
Mazda,Demio,2006,Yes,$725,"109,284",," Roof Damage, Right Front Damage, Right Rear Damage, Vandalised - Interior, Stolen & Recovered, Selling Registered","Automatic,",5,Petrol,https://manheim.co.nz/damaged-vehicles/000000000007413282/2006-mazda-demio-hatch?referringPage=SearchResults
Toyota,Prius,2014,Yes,"$2,000","390,343",," Rear Damage, Selling Registered","4spd Automatic,",5,Hybrid,https://manheim.co.nz/damaged-vehicles/000000000007413284/2014-toyota-prius-alpha-station-wagon?referringPage=SearchResults
Volkswagen,Passat,2010,Yes,$650,"164,873",," Left Front Damage, Selling Registered","Automatic,",5,Petrol,https://manheim.co.nz/damaged-vehicles/000000000007413289/2010-volkswagen-passat-tsi-station-wagon?referringPage=SearchResults
Mitsubishi,ASX,2025,No,"$1,650",N/A,," Airbags Deployed, Front Damage, Left Front Damage, Right Front Damage, Airbags Deployed, Underbody Damage, Structural Damage, Selling De-Registered","CVT,",5,Petrol,https://manheim.co.nz/damaged-vehicles/000000000007413295/2025-mitsubishi-asx-ls-2-0p-cvt-station-wagon?referringPage=SearchResults
Suzuki,Swift,2006,No,$200,"170,631",," Front Damage, Structural Damage, Selling De-Registered","Automatic,",5,Petrol,https://manheim.co.nz/damaged-vehicles/000000000007413324/2006-suzuki-swift-hatch?referringPage=SearchResults
Ford,Focus,2012,No,$200,"90,618",," Front Damage, Structural Damage, Selling De-Registered","Automatic,",5,Petrol,https://manheim.co.nz/damaged-vehicles/000000000007413327/2012-ford-focus-trend-2-0-auto-hatc-hatch?referringPage=SearchResults
Toyota,Starlet,1996,Yes,$825,"127,600",," Right Rear Damage, Selling Registered","Automatic,",5,Petrol,https://manheim.co.nz/damaged-vehicles/000000000007413341/1996-toyota-starlet-hatch?referringPage=SearchResults
Honda,fit,2013,No,$750,"47,546",," Front Damage, Left Front Damage, Right Front Damage, Airbags Deployed, Structural Damage, Selling De-Registered","Automatic,",5,Petrol,https://manheim.co.nz/damaged-vehicles/000000000007403378/2013-honda-fit-hatch?referringPage=SearchResults
Nissan,Note,2017,No,$750,"132,835",," Right Rear Damage, Structural Damage, Selling De-Registered",N/A,5,Hybrid,https://manheim.co.nz/damaged-vehicles/000000000007413392/2017-nissan-note-hatch?referringPage=SearchResults
Nissan,Serena,2014,No,"$1,300","112,603",," Roof Damage, Structural Damage, Selling De-Registered","5spd Automatic,",8,Hybrid,https://manheim.co.nz/damaged-vehicles/000000000007403409/2014-nissan-serena-station-wagon?referringPage=SearchResults
Hyundai,Elantra,2005,No,$600,"133,835",," Front Damage, Structural Damage, Selling De-Registered","Automatic,",5,Petrol,https://manheim.co.nz/damaged-vehicles/000000000007413411/2005-hyundai-elantra-2-0-gls-5d-a4-se-hatch?referringPage=SearchResults
Honda,Hr-v,2019,No,N/A,"86,021",," Front Damage, Left Side Damage, Right Side Damage, Airbags Deployed, Underbody Damage, Structural Damage, Selling De-Registered","CVT,",5,Petrol,https://manheim.co.nz/damaged-vehicles/000000000007403421/2019-honda-hr-v-s-1-8p-cvt-station-wagon?referringPage=SearchResults
Honda,CRV,2008,No,$600,N/A,," Engine Damage, Front Damage, Glass Broken, Left Side Damage, Roof Damage, Right Front Damage, Right Side Damage, Structural Damage, Selling De-Registered","Automatic,",5,Petrol,https://manheim.co.nz/damaged-vehicles/000000000007403429/2008-honda-crv-hatch?referringPage=SearchResults
Kia,RIO,2009,No,$625,"108,836",," Front Damage, Rear Damage, Structural Damage, Selling De-Registered","Automatic,",5,Petrol,https://manheim.co.nz/damaged-vehicles/000000000007403432/2009-kia-rio-1-6-lx-hatch-auto-hatch?referringPage=SearchResults
Mazda,NAZDA3,2004,No,$400,"288,451",," Front Damage, Glass Broken, Has Key, Structural Damage, Selling De-Registered","Automatic,",5,Petrol,https://manheim.co.nz/damaged-vehicles/000000000007403434/2004-mazda-nazda3-hatch?referringPage=SearchResults
Nissan,Caravan,2010,No,$500,1,," Front Damage, Structural Damage, Selling De-Registered","Automatic,",3,Petrol,https://manheim.co.nz/damaged-vehicles/000000000007403442/2010-nissan-caravan-van?referringPage=SearchResults
BMW,I3,2017,No,$600,"195,585",," Front Damage, Right Front Damage, Structural Damage, Selling De-Registered","Automatic,",4,Hybrid,https://manheim.co.nz/damaged-vehicles/000000000007403446/2017-bmw-i3-hatch?referringPage=SearchResults
Peugeot,Partner,2023,Yes,N/A,"95,012",, Selling Registered,"Automatic,",3,Petrol,https://manheim.co.nz/damaged-vehicles/000000000007383448/2023-peugeot-partner-lwb-petrol-1-2pt-5d-van?referringPage=SearchResults
Mitsubishi,ASX,2025,No,N/A,"5,559",," Airbags Deployed, Front Damage, Left Front Damage, Right Front Damage, Airbags Deployed, Structural Damage, Selling De-Registered","CVT,",5,Petrol,https://manheim.co.nz/damaged-vehicles/000000000007413475/2025-mitsubishi-asx-ls-2-0p-cvt-station-wagon?referringPage=SearchResults
Mazda,MAZDA6,2003,No,$600,"379,721",," Right Rear Damage, Structural Damage, Selling De-Registered","Automatic,",5,Petrol,https://manheim.co.nz/damaged-vehicles/000000000007413490/2003-mazda-mazda6-sport-limited-2-3-a-hatch?referringPage=SearchResults
Volvo,850,1998,No,$500,"212,733",," Front Damage, Structural Damage, Selling De-Registered",N/A,5,Petrol,https://manheim.co.nz/damaged-vehicles/000000000007413504/1998-volvo-850-gle-sedan-auto-sedan?referringPage=SearchResults
Ford,Mondeo,2008,No,$600,"270,493",," Left Front Damage, Left Rear Damage, Right Rear Damage, Right Side Damage, Airbags Deployed, Structural Damage, Selling De-Registered","6spd Automatic,",5,Petrol,https://manheim.co.nz/damaged-vehicles/000000000007413512/2008-ford-mondeo-wag-2-3-auto-station-wagon?referringPage=SearchResults
Lexus,CT200H,2013,No,"$1,850","130,235",," Left Rear Damage, Left Side Damage, Structural Damage, Selling De-Registered","Automatic,",5,Hybrid,https://manheim.co.nz/damaged-vehicles/000000000007413518/2013-lexus-ct200h-hatch?referringPage=SearchResults
Mitsubishi,RVR,2011,No,$700,N/A,," Rear Damage, Structural Damage, Selling De-Registered",N/A,5,Petrol,https://manheim.co.nz/damaged-vehicles/000000000007413522/2011-mitsubishi-rvr-station-wagon?referringPage=SearchResults
Mitsubishi,Pajero,2010,No,"$1,650","243,536",," Chassis Damage, Front Damage, Left Side Damage, Structural Damage, Selling De-Registered","Automatic,",5,Diesel,https://manheim.co.nz/damaged-vehicles/000000000007413534/2010-mitsubishi-pajero-station-wagon?referringPage=SearchResults
GRILLO,Series 9 Mower,2001,No,$200,N/A,0," Engine Damage, Fire Damage, Gearbox Damage, Interior Damage, Fire - Entire Vehicle, Structural Damage",N/A,N/A,Petrol,https://manheim.co.nz/damaged-vehicles/000000000007413579/2001-grillo-series-9-mower-mower--ride-on-?referringPage=SearchResults
Holden,Colorado,2013,Yes,"$3,150","298,521",," Stolen & Recovered, Selling Registered","Automatic,",5,Diesel,https://manheim.co.nz/damaged-vehicles/000000000007413606/2013-holden-colorado-4x2-ltz-dc-pu-2-8-m-dual-cab-chassis?referringPage=SearchResults
Nissan,March,2014,No,$600,"70,689",," Front Damage, Left Front Damage, Left Rear Damage, Rear Damage, Right Front Damage, Right Rear Damage, Structural Damage, Selling De-Registered","Automatic,",5,Petrol,https://manheim.co.nz/damaged-vehicles/000000000007413616/2014-nissan-march-hatch?referringPage=SearchResults
Toyota,Ractis,2014,No,$600,"100,827",," Left Rear Damage, Rear Damage, Right Rear Damage, Structural Damage, Selling De-Registered","Automatic,",5,Petrol,https://manheim.co.nz/damaged-vehicles/000000000007413618/2014-toyota-ractis-hatch?referringPage=SearchResults
MG,ZS,2025,No,$500,N/A,," Left Front Damage, Left Side Damage, Roof Damage, Right Front Damage, Airbags Deployed, Structural Damage, Selling De-Registered",N/A,5,Hybrid,https://manheim.co.nz/damaged-vehicles/000000000007413635/2025-mg-zs-excite-1-5pht-3hd-station-wagon?referringPage=SearchResults
Toyota,Vitz,2006,No,$600,"114,034",," Right Front Damage, Structural Damage, Selling De-Registered","Automatic,",5,Petrol,https://manheim.co.nz/damaged-vehicles/000000000007413637/2006-toyota-vitz-hatch?referringPage=SearchResults
Mazda,MAZDA6,2008,Yes,$400,"333,926",," Roof Damage, Right Front Damage, Right Rear Damage, Right Side Damage, Underbody Damage, Selling Registered","5spd Automatic,",5,Petrol,https://manheim.co.nz/damaged-vehicles/000000000007403654/2008-mazda-mazda6-wagon-glx-2-0-5-aut-station-wagon?referringPage=SearchResults
ROYAL ENFIELD,Classic,2018,No,$0,"47,576",," Front Damage, Structural Damage, Selling De-Registered",N/A,N/A,Petrol,https://manheim.co.nz/damaged-vehicles/000000000007393673/2018-royal-enfield-classic-motorcycle?referringPage=SearchResults
Suzuki,Swift,2006,No,$550,N/A,," Rear Damage, Structural Damage, Selling De-Registered","Automatic,",5,Petrol,https://manheim.co.nz/damaged-vehicles/000000000007413691/2006-suzuki-swift-hatch?referringPage=SearchResults
Honda,VTR,1998,No,$0,"904,334",," Light Dmg, Selling De-Registered",N/A,N/A,Petrol,https://manheim.co.nz/damaged-vehicles/000000000007393735/1998-honda-vtr-250-motorcycle?referringPage=SearchResults
Toyota,86,2018,No,N/A,"67,753",," Front Damage, Right Rear Damage, Right Side Damage, Airbags Deployed, Structural Damage, Selling De-Registered","Automatic,",4,Petrol,https://manheim.co.nz/damaged-vehicles/000000000007403732/2018-toyota-86-gt86-2-0p-6at-coup%C3%A9?referringPage=SearchResults
Subaru,Legacy,2006,No,$500,"252,868",, Selling De-Registered,"Automatic,",5,Petrol,https://manheim.co.nz/damaged-vehicles/000000000007403757/2006-subaru-legacy-b-sport-sedan?referringPage=SearchResults
Holden,Trax,2015,Yes,$400,1,," No Keys, Selling Registered","Automatic,",5,Petrol,https://manheim.co.nz/damaged-vehicles/000000000007393823/2015-holden-trax-ltz-1-4p-6at-sw-4dr-station-wagon?referringPage=SearchResults
Nissan,Leaf,2011,Yes,$500,"115,042",," Rear Damage, Selling Registered","Automatic, Fuel Type, Electri",5,Electric,https://manheim.co.nz/damaged-vehicles/000000000007373840/2011-nissan-leaf-hatch?referringPage=SearchResults
Toyota,Hiace,1996,Yes,"$1,350","244,437",," Front Damage, Right Side Damage, Selling Registered",N/A,8,Diesel,https://manheim.co.nz/damaged-vehicles/000000000007413899/1996-toyota-hiace-super-custom-window-van?referringPage=SearchResults
Mitsubishi,Outlander,2015,No,"$1,750","188,572",," Left Front Damage, Structural Damage, Selling De-Registered","Automatic,",7,Diesel,https://manheim.co.nz/damaged-vehicles/000000000007413902/2015-mitsubishi-outlander-vrx-2-3d-4wd-6at-sw-station-wagon?referringPage=SearchResults
Honda,fit,2005,Yes,$850,N/A,," Ignition Damage, Right Side Damage, Dismantled - Interior, Selling Registered","Automatic,",5,Petrol,https://manheim.co.nz/damaged-vehicles/000000000007403922/2005-honda-fit-hatch?referringPage=SearchResults
Nissan,Note,2014,No,$700,"96,023",," Right Front Damage, Right Rear Damage, Structural Damage, Selling De-Registered","Automatic,",5,Petrol,https://manheim.co.nz/damaged-vehicles/000000000007413943/2014-nissan-note-station-wagon?referringPage=SearchResults
Ford,Territory,2013,No,$500,"166,691",," Front Damage, Left Front Damage, Structural Damage, Selling De-Registered","Automatic,",7,Diesel,https://manheim.co.nz/damaged-vehicles/000000000007413981/2013-ford-territory-titanium-awd-diesel-station-wagon?referringPage=SearchResults
Hyundai,I30,2023,Yes,"$6,350","102,637",," Left Front Damage, Left Side Damage, Selling Registered","6spd Automatic,",5,Petrol,https://manheim.co.nz/damaged-vehicles/000000000007414000/2023-hyundai-i30-pde-1-5-hatch-1-5p-hatch?referringPage=SearchResults
Mitsubishi,Colt,2008,Yes,$425,"86,769",," Ignition Damage, Stolen & Recovered, Selling Registered","Automatic,",5,Petrol,https://manheim.co.nz/damaged-vehicles/000000000007414182/2008-mitsubishi-colt-hatch?referringPage=SearchResults
Ford,Mondeo,2010,Yes,$725,"377,090",," Right Front Damage, Right Rear Damage, Right Side Damage, Selling Registered",N/A,5,Diesel,https://manheim.co.nz/damaged-vehicles/000000000007414184/2010-ford-mondeo-2-0td-sedan-a-sedan?referringPage=SearchResults
Ssangyong,Korando,2020,Yes,"$3,050","73,493",, Selling Registered,"6spd Automatic,",5,Petrol,https://manheim.co.nz/damaged-vehicles/000000000007414189/2020-ssangyong-korando-petrol-auto-limited-station-wagon?referringPage=SearchResults
Suzuki,Escudo,2007,No,$600,"228,818",," Left Side Damage, Structural Damage, Selling De-Registered","Automatic,",5,Petrol,https://manheim.co.nz/damaged-vehicles/000000000007404195/2007-suzuki-escudo-station-wagon?referringPage=SearchResults
Honda,fit,2014,No,$950,"230,985",," Left Front Damage, Left Rear Damage, Right Front Damage, Structural Damage, Selling De-Registered","Automatic,",5,Hybrid,https://manheim.co.nz/damaged-vehicles/000000000007404199/2014-honda-fit-shuttle-hatch?referringPage=SearchResults
Suzuki,LT A500X,2011,No,$0,"3,467",," Structural Damage, Selling De-Registered","Automatic,",N/A,N/A,https://manheim.co.nz/damaged-vehicles/000000000007414217/2011-suzuki-lt-a500x-quad-bike?referringPage=SearchResults
Mazda,Axela,2014,No,$950,"159,301",," Front Damage, Rear Damage, Structural Damage, Accident Damage, Selling De-Registered",N/A,5,Petrol,https://manheim.co.nz/damaged-vehicles/000000000007414219/2014-mazda-axela-hatch?referringPage=SearchResults
Toyota,Prius,2001,Yes,$400,N/A,," Glass Broken, Ignition Damage, Right Side Damage, Selling Registered","Automatic,",5,Hybrid,https://manheim.co.nz/damaged-vehicles/000000000007414236/2001-toyota-prius-hybrid-sedan?referringPage=SearchResults
Toyota,Hilux,2001,No,"$1,750","301,998",," Glass Broken, Interior Damage, Ignition Damage, Vandalised - Entire Vehicle, Dismantled - Entire Vehicle, Structural Damage, Stolen & Recovered, Suspension Damage, Selling De-Registered","Manual,",5,Diesel,https://manheim.co.nz/damaged-vehicles/000000000007404235/2001-toyota-hilux-3-0d-2wd-sr5-d-c-5m-dual-cab-chassis?referringPage=SearchResults
Hyundai,Elantra,2004,Yes,$500,"223,033",, Selling Registered,N/A,5,Petrol,https://manheim.co.nz/damaged-vehicles/000000000007414244/2004-hyundai-elantra-2-0-gls-5d-a4-hatch?referringPage=SearchResults
Honda,Civic,2007,No,$400,"223,811",," Left Rear Damage, Left Side Damage, Rear Damage, Structural Damage, Accident Damage, Selling De-Registered",N/A,5,Petrol,https://manheim.co.nz/damaged-vehicles/000000000007414247/2007-honda-civic-sedan?referringPage=SearchResults
Volkswagen,Polo,2012,No,$600,N/A,," Rear Damage, Structural Damage, Selling De-Registered","Automatic,",5,Petrol,https://manheim.co.nz/damaged-vehicles/000000000007414257/2012-volkswagen-polo-tsi-hatch?referringPage=SearchResults
Subaru,XV,2013,No,$650,"124,376",," Rear Damage, Structural Damage, Selling De-Registered",N/A,5,Petrol,https://manheim.co.nz/damaged-vehicles/000000000007314252/2013-subaru-xv-hatch?referringPage=SearchResults
Mazda,Axela,2005,No,$200,"244,100",," Right Side Damage, Structural Damage, Selling De-Registered","Automatic,",5,Petrol,https://manheim.co.nz/damaged-vehicles/000000000007414270/2005-mazda-axela-hatch?referringPage=SearchResults
Toyota,Allion,2005,No,$600,N/A,," Right Rear Damage, Right Side Damage, Structural Damage, Selling De-Registered","Automatic,",5,Petrol,https://manheim.co.nz/damaged-vehicles/000000000007414272/2005-toyota-allion-sedan?referringPage=SearchResults
Toyota,Aqua,2015,No,$500,"83,924",," Front Damage, Right Side Damage, Structural Damage, Selling De-Registered",N/A,5,Hybrid,https://manheim.co.nz/damaged-vehicles/000000000007414277/2015-toyota-aqua-hatch?referringPage=SearchResults
Toyota,Hiace,2005,No,"$1,950","267,111",," Rolled, Structural Damage, Accident Damage, Selling De-Registered",N/A,3,Petrol,https://manheim.co.nz/damaged-vehicles/000000000007414283/2005-toyota-hiace-van?referringPage=SearchResults
Toyota,Hilux,1998,No,"$1,600","348,930",," Interior Damage, Left Side Damage, Roof Damage, Right Front Damage, Structural Damage, Selling De-Registered","Automatic,",5,Petrol,https://manheim.co.nz/damaged-vehicles/000000000007414295/1998-toyota-hilux-surf-station-wagon?referringPage=SearchResults
Mitsubishi,Outlander,2010,No,$600,"233,917",," Front Damage, Structural Damage, Selling De-Registered",N/A,7,Petrol,https://manheim.co.nz/damaged-vehicles/000000000007414299/2010-mitsubishi-outlander-station-wagon?referringPage=SearchResults
Suzuki,Swift,2013,Yes,"$2,050",N/A,," Left Front Damage, Right Rear Damage, Right Side Damage, Selling Registered","Automatic,",5,Petrol,https://manheim.co.nz/damaged-vehicles/000000000007414301/2013-suzuki-swift-hatch?referringPage=SearchResults
Ford,Fairlane,2003,No,$750,N/A,," Roof Damage, Right Front Damage, Right Rear Damage, Right Side Damage, Dismantled - Entire Vehicle, Selling De-Registered","Automatic,",5,LPG,https://manheim.co.nz/damaged-vehicles/000000000007394309/2003-ford-fairlane-ba-frln-ghia-6c-sedan?referringPage=SearchResults
Toyota,Wish,2004,No,$500,"148,936",," Rear Damage, Structural Damage, Selling De-Registered","Automatic,",7,Petrol,https://manheim.co.nz/damaged-vehicles/000000000007414314/2004-toyota-wish-station-wagon?referringPage=SearchResults
Mazda,Axela,2014,No,"$1,050",N/A,," Right Rear Damage, Structural Damage, Selling De-Registered",N/A,5,Hybrid,https://manheim.co.nz/damaged-vehicles/000000000007414321/2014-mazda-axela-hybrid-sedan?referringPage=SearchResults
Toyota,Spade,2012,No,$600,"165,570",," Front Damage, Left Front Damage, Right Front Damage, Structural Damage, Selling De-Registered","Automatic,",5,Petrol,https://manheim.co.nz/damaged-vehicles/000000000007414322/2012-toyota-spade-station-wagon?referringPage=SearchResults
Ford,Focus,2010,No,$500,"220,067",," Airbags Deployed, Front Damage, Left Front Damage, Left Side Damage, Right Front Damage, Structural Damage, Selling De-Registered","5spd Manual,",5,Diesel,https://manheim.co.nz/damaged-vehicles/000000000007414335/2010-ford-focus-1-8td-wagon-station-wagon?referringPage=SearchResults
Suzuki,Swift,2013,No,$500,"99,685",," Front Damage, Left Rear Damage, Rear Damage, Structural Damage, Selling De-Registered","Automatic,",5,Petrol,https://manheim.co.nz/damaged-vehicles/000000000007414344/2013-suzuki-swift-hatch?referringPage=SearchResults
Ford,Falcon,2010,No,$800,"85,000",," Left Front Damage, Left Rear Damage, Left Side Damage, Roof Damage, Right Front Damage, Right Rear Damage, Dismantled - Entire Vehicle, Selling De-Registered","Automatic,",5,Petrol,https://manheim.co.nz/damaged-vehicles/000000000007414346/2010-ford-falcon-fg-xr6-sedan-a-sedan?referringPage=SearchResults
Honda,Odyssey,2009,No,$25,N/A,," Fire - Entire Vehicle, Structural Damage, Selling De-Registered",N/A,7,Petrol,https://manheim.co.nz/damaged-vehicles/000000000007414356/2009-honda-odyssey-station-wagon?referringPage=SearchResults
Toyota,Hilux 2.8 D/C,1993,No,"$1,600","386,425",," Ignition Damage, Stolen & Recovered, Selling De-Registered","5spd Manual,",2,Diesel,https://manheim.co.nz/damaged-vehicles/000000000007404365/1993-toyota-hilux-2-8-d-c-dual-cab-utility?referringPage=SearchResults
Honda,Odyssey,2005,Yes,$500,"254,141",," Right Side Damage, Selling Registered","Automatic,",7,Petrol,https://manheim.co.nz/damaged-vehicles/000000000007414370/2005-honda-odyssey-station-wagon?referringPage=SearchResults
Nissan,Skyline,2004,No,$500,N/A,," Fire Damage, Left Rear Damage, Right Rear Damage, Right Side Damage, Fire - Interior, Structural Damage, Stolen & Recovered, Selling De-Registered","Automatic,",5,Petrol,https://manheim.co.nz/damaged-vehicles/000000000007414392/2004-nissan-skyline-sedan?referringPage=SearchResults
Toyota,SAI,2010,No,$750,N/A,," Left Side Damage, Structural Damage, Selling De-Registered","Automatic,",5,Hybrid,https://manheim.co.nz/damaged-vehicles/000000000007414408/2010-toyota-sai-sedan?referringPage=SearchResults
Suzuki,Swift,2006,No,$150,1,," Front Damage, Structural Damage, Selling De-Registered","4spd Automatic,",5,Petrol,https://manheim.co.nz/damaged-vehicles/000000000007404442/2006-suzuki-swift-hatch?referringPage=SearchResults
Toyota,Estima,2001,No,$600,"121,828",," Front Damage, Structural Damage, Selling De-Registered","4spd Automatic,",8,Petrol,https://manheim.co.nz/damaged-vehicles/000000000007414544/2001-toyota-estima-station-wagon?referringPage=SearchResults
Nissan,X-trail,2014,No,"$1,350",N/A,," Rear Damage, Right Rear Damage, Structural Damage, Selling De-Registered","CVT,",5,Petrol,https://manheim.co.nz/damaged-vehicles/000000000007414589/2014-nissan-x-trail-station-wagon?referringPage=SearchResults
Ford,Focus,2006,No,$500,"170,723",," Engine Damage, Water Damage, Selling De-Registered","Automatic,",5,Petrol,https://manheim.co.nz/damaged-vehicles/000000000007414592/2006-ford-focus-2-0-m-hatch-hatch?referringPage=SearchResults
Nissan,X-trail,2008,No,$700,"223,189",," Rear Damage, Structural Damage, Selling De-Registered",N/A,5,Petrol,https://manheim.co.nz/damaged-vehicles/000000000007414594/2008-nissan-x-trail-station-wagon?referringPage=SearchResults
Mazda,Axela,2010,No,$700,N/A,," Right Side Damage, Structural Damage, Selling De-Registered","Automatic,",5,Petrol,https://manheim.co.nz/damaged-vehicles/000000000007414597/2010-mazda-axela-station-wagon?referringPage=SearchResults
Mazda,Familia,2000,No,$200,"158,339",," Left Side Damage, Right Side Damage, Structural Damage, Selling De-Registered","Automatic,",5,Petrol,https://manheim.co.nz/damaged-vehicles/000000000007414603/2000-mazda-familia-hatch?referringPage=SearchResults
Toyota,Caldina,1998,Yes,$400,"258,721",," Right Side Damage, Selling Registered","Automatic,",5,Petrol,https://manheim.co.nz/damaged-vehicles/000000000007414606/1998-toyota-caldina-station-wagon?referringPage=SearchResults
Toyota,Camry,2003,No,$500,"220,837",," Chassis Damage, Rear Damage, Structural Damage, Selling De-Registered","Automatic,",5,Petrol,https://manheim.co.nz/damaged-vehicles/000000000007404609/2003-toyota-camry-2-4g-sedan?referringPage=SearchResults
VICTORY,Gunner,2015,No,$0,"94,966",," Right Side Damage, Structural Damage, Selling De-Registered","Manual,",N/A,Petrol,https://manheim.co.nz/damaged-vehicles/000000000007414611/2015-victory-gunner-motorcycle?referringPage=SearchResults
Honda,fit,2011,No,$100,N/A,," Airbags Deployed, Front Damage, Right Side Damage, Structural Damage, Selling De-Registered",N/A,5,Hybrid,https://manheim.co.nz/damaged-vehicles/000000000007414617/2011-honda-fit-hatch?referringPage=SearchResults
Toyota,Aqua,2014,No,$750,"248,495",," Front Damage, Rear Damage, Structural Damage, Selling De-Registered","Automatic,",5,Hybrid,https://manheim.co.nz/damaged-vehicles/000000000007414622/2014-toyota-aqua-hybrid-hatch?referringPage=SearchResults
Nissan,Sentra ZXE,1990,No,$500,"175,502",," Left Rear Damage, Right Rear Damage, Structural Damage, Selling De-Registered","Manual,",5,Petrol,https://manheim.co.nz/damaged-vehicles/000000000007414623/1990-nissan-sentra-zxe-hatch?referringPage=SearchResults
Honda,CRV,2011,No,$750,"178,148",," Left Front Damage, Right Front Damage, Right Rear Damage, Right Side Damage, Structural Damage, Selling De-Registered","Automatic,",5,Petrol,https://manheim.co.nz/damaged-vehicles/000000000007414642/2011-honda-crv-2-4p-sport-5a-4dr-w-station-wagon?referringPage=SearchResults
Mitsubishi,ASX,2020,No,"$1,150","124,141",," Front Damage, Has Key, Left Rear Damage, Left Side Damage, Structural Damage, Selling De-Registered","Automatic,",5,Petrol,https://manheim.co.nz/damaged-vehicles/000000000007414675/2020-mitsubishi-asx-station-wagon?referringPage=SearchResults
Mazda,Atenza,2004,No,$200,"173,191",," Right Front Damage, Structural Damage, Stolen & Recovered, Selling De-Registered","Automatic,",5,Petrol,https://manheim.co.nz/damaged-vehicles/000000000007414678/2004-mazda-atenza-sport-wagon-station-wagon?referringPage=SearchResults
Nissan,Lafesta,2005,No,$425,"242,754",," Front Damage, Structural Damage, Selling De-Registered","Automatic,",7,Petrol,https://manheim.co.nz/damaged-vehicles/000000000007404674/2005-nissan-lafesta-station-wagon?referringPage=SearchResults
Suzuki,Swift,2008,No,$800,N/A,, Selling De-Registered,"Automatic,",5,Petrol,https://manheim.co.nz/damaged-vehicles/000000000007354682/2008-suzuki-swift-1200-hatch?referringPage=SearchResults
Toyota,RAV4,2020,No,N/A,"207,027",," Front Damage, Structural Damage, Selling De-Registered","Automatic,",5,Hybrid,https://manheim.co.nz/damaged-vehicles/000000000007404711/2020-toyota-rav4-limited-2-5ph-4wd-h-station-wagon?referringPage=SearchResults
Mazda,CX-9,2012,No,$950,"205,661",," Left Side Damage, Right Side Damage, Structural Damage, Selling De-Registered","Automatic,",7,Petrol,https://manheim.co.nz/damaged-vehicles/000000000007404727/2012-mazda-cx-9-4wd-ltd-3-7-6at-station-wagon?referringPage=SearchResults
Mazda,Demio,2005,No,$200,"134,477",," Interior Damage, Left Side Damage, Right Side Damage, Structural Damage, Stolen & Recovered, Selling De-Registered",N/A,5,Petrol,https://manheim.co.nz/damaged-vehicles/000000000007404776/2005-mazda-demio-hatch?referringPage=SearchResults
Toyota,Aqua,2016,No,$5,N/A,," Fire - Entire Vehicle, Structural Damage, Selling De-Registered","Automatic,",5,Hybrid,https://manheim.co.nz/damaged-vehicles/000000000007414791/2016-toyota-aqua-hatch?referringPage=SearchResults
Honda,fit,2013,No,$700,N/A,," Rear Damage, Structural Damage, Selling De-Registered","Automatic,",5,Petrol,https://manheim.co.nz/damaged-vehicles/000000000007414809/2013-honda-fit-hatch?referringPage=SearchResults
Mazda,Axela,2013,No,$400,N/A,," Airbags Deployed, Front Damage, Glass Broken, Left Front Damage, Right Front Damage, Structural Damage, Selling De-Registered",N/A,5,Petrol,https://manheim.co.nz/damaged-vehicles/000000000007414817/2013-mazda-axela-hatch?referringPage=SearchResults
Hino,700,2014,No,"$10,000",100,, Engine Damage,N/A,2,N/A,https://manheim.co.nz/damaged-vehicles/000000000007384827/2014-hino-700-fs1elkg-wwn-curtainside-gvm-24-000kg?referringPage=SearchResults
Mazda,CX-5,2015,No,$600,N/A,," Fire Damage, Fire - Entire Vehicle, Structural Damage, Stolen & Recovered, Selling De-Registered","6spd Automatic,",5,Diesel,https://manheim.co.nz/damaged-vehicles/000000000007394908/2015-mazda-cx-5-gsxdsl-2-2d-4wd-6at-station-wagon?referringPage=SearchResults
Volkswagen,Amarok,2018,No,N/A,"132,514",," Front Damage, Structural Damage, Selling De-Registered","Automatic,",5,Diesel,https://manheim.co.nz/damaged-vehicles/000000000007414916/2018-volkswagen-amarok-dc-4m-v6-550nm-hl-3-dual-cab-utility?referringPage=SearchResults
Holden,Cruze,2014,No,$700,N/A,," Left Side Damage, Structural Damage, Selling De-Registered",N/A,5,Petrol,https://manheim.co.nz/damaged-vehicles/000000000007414930/2014-holden-cruze-equipe-hatch?referringPage=SearchResults
MG,ZS,2022,No,"$2,250","75,993",," Rear Damage, Structural Damage, Selling De-Registered",N/A,5,Electric,https://manheim.co.nz/damaged-vehicles/000000000007404930/2022-mg-zs-ev-51kwh-ev-at-station-wagon?referringPage=SearchResults
Toyota,SAI,2010,No,"$1,300",N/A,," Left Rear Damage, Right Rear Damage, Structural Damage, Selling De-Registered","Automatic,",5,Hybrid,https://manheim.co.nz/damaged-vehicles/000000000007404945/2010-toyota-sai-sedan?referringPage=SearchResults
Honda,Accord,2009,No,$500,N/A,," Left Side Damage, Structural Damage, Selling De-Registered",N/A,5,Petrol,https://manheim.co.nz/damaged-vehicles/000000000007374967/2009-honda-accord-sedan?referringPage=SearchResults
Subaru,Impreza,2008,No,$500,N/A,," Rear Damage, Structural Damage, Suspension Damage, Selling De-Registered","Automatic,",5,Petrol,https://manheim.co.nz/damaged-vehicles/000000000007414962/2008-subaru-impreza-hatch?referringPage=SearchResults
Nissan,Serena,2018,No,N/A,"83,661",," Structural Damage, Under Body Damage, Selling De-Registered","Automatic,",7,Hybrid,https://manheim.co.nz/damaged-vehicles/000000000007414969/2018-nissan-serena-e-power-station-wagon?referringPage=SearchResults
Nissan,Note,2008,No,$600,N/A,," Rear Damage, Structural Damage, Selling De-Registered","Automatic,",5,Petrol,https://manheim.co.nz/damaged-vehicles/000000000007414985/2008-nissan-note-hatch?referringPage=SearchResults
Toyota,Camry,2019,No,N/A,"290,609",," Right Side Damage, Structural Damage, Selling De-Registered","Automatic,",5,Hybrid,https://manheim.co.nz/damaged-vehicles/000000000007415014/2019-toyota-camry-sx-2-5ph-cvt-sedan?referringPage=SearchResults
Mazda,BT-50,2010,No,"$1,300","168,187",," Structural Damage, Selling De-Registered",N/A,5,Diesel,https://manheim.co.nz/damaged-vehicles/000000000007415015/2010-mazda-bt-50-d-cab-w-s-4wd-dx-dual-cab-utility?referringPage=SearchResults
Toyota,Corolla,2012,No,$500,"206,754",," Front Damage, Left Side Damage, Structural Damage, Selling De-Registered","Automatic,",5,Petrol,https://manheim.co.nz/damaged-vehicles/000000000007415017/2012-toyota-corolla-gx-1-5p-wagon-5m-station-wagon?referringPage=SearchResults
Volkswagen,Golf,2007,No,$400,"234,993",," Front Damage, Structural Damage, Selling De-Registered","Automatic,",5,Petrol,https://manheim.co.nz/damaged-vehicles/000000000007415052/2007-volkswagen-golf-gti-hatch?referringPage=SearchResults
Toyota,Hilux,2009,No,N/A,N/A,," Front Damage, Structural Damage, Selling De-Registered","Automatic,",5,Diesel,https://manheim.co.nz/damaged-vehicles/000000000007415054/2009-toyota-hilux-utility?referringPage=SearchResults
Honda,CR,2000,No,$600,N/A,," Rear Damage, Structural Damage, Selling De-Registered","Automatic,",5,Petrol,https://manheim.co.nz/damaged-vehicles/000000000007415058/2000-honda-cr-station-wagon?referringPage=SearchResults
Honda,Grace,2017,No,$750,"135,259",," Front Damage, Right Side Damage, Structural Damage, Selling De-Registered","Automatic,",5,Hybrid,https://manheim.co.nz/damaged-vehicles/000000000007415088/2017-honda-grace-sedan?referringPage=SearchResults
Mazda,BT-50,2019,No,N/A,"156,658",," Airbags Deployed, Front Damage, Glass Broken, Structural Damage, Selling De-Registered",N/A,5,Diesel,https://manheim.co.nz/damaged-vehicles/000000000007415102/2019-mazda-bt-50-ltd-d-c-w-s-3-2d-4w-dual-cab-utility?referringPage=SearchResults
Mazda,Axela,2007,No,$600,N/A,," Ignition Damage, Left Front Damage, Left Side Damage, Structural Damage, Stolen & Recovered, Selling De-Registered","5spd Automatic,",5,Petrol,https://manheim.co.nz/damaged-vehicles/000000000007415106/2007-mazda-axela-hatch?referringPage=SearchResults
Nissan,AD,2017,No,"$1,450",N/A,," Front Damage, Interior Damage, Vandalised - Interior, Structural Damage, Stolen & Recovered, Selling De-Registered",N/A,5,Petrol,https://manheim.co.nz/damaged-vehicles/000000000007385101/2017-nissan-ad-station-wagon?referringPage=SearchResults
Ford,Mondeo,2010,Yes,$500,"236,729",," Ignition Damage, Left Rear Damage, Right Rear Damage, Stolen & Recovered, Selling Registered",N/A,5,Petrol,https://manheim.co.nz/damaged-vehicles/000000000007405130/2010-ford-mondeo-2-3-sedan-aut-sedan?referringPage=SearchResults
Ford,Falcon,2011,No,"$1,600","280,352",," Left Rear Damage, Rear Damage, Right Rear Damage, Structural Damage, Selling De-Registered","6spd Automatic,",5,Petrol,https://manheim.co.nz/damaged-vehicles/000000000007415146/2011-ford-falcon-fg-xr6-sedan-a-sedan?referringPage=SearchResults
Toyota,Auris,2010,No,$600,N/A,," Front Damage, Left Front Damage, Left Rear Damage, Roof Damage, Right Front Damage, Rolled, Right Rear Damage, Structural Damage, Selling De-Registered","Automatic,",5,Petrol,https://manheim.co.nz/damaged-vehicles/000000000007415171/2010-toyota-auris-hatch?referringPage=SearchResults
Holden,Commodore,2020,No,"$1,600",N/A,," Interior Damage, Water Damage, Selling De-Registered",N/A,5,Petrol,https://manheim.co.nz/damaged-vehicles/000000000007415174/2020-holden-commodore-rs-v-wagon-3-6pt-4w-station-wagon?referringPage=SearchResults
Holden,Commodore,2006,Yes,$800,"235,646",," Hail Dmg, Interior Damage, Right Side Damage, Stolen & Recovered, Selling Registered","Automatic,",5,Petrol,https://manheim.co.nz/damaged-vehicles/000000000007415270/2006-holden-commodore-s-v6-auto-sedan?referringPage=SearchResults
Toyota,Hilux,1991,No,"$1,300","348,959",," Water Damage, Selling De-Registered",N/A,5,Diesel,https://manheim.co.nz/damaged-vehicles/000000000007415272/1991-toyota-hilux-surf-station-wagon?referringPage=SearchResults
Toyota,Yaris,2013,No,"$1,350",N/A,," Left Rear Damage, Right Side Damage, Structural Damage, Selling De-Registered",N/A,5,Petrol,https://manheim.co.nz/damaged-vehicles/000000000007415273/2013-toyota-yaris-yr-1-3p-hatch5-4a-hatch?referringPage=SearchResults
MG,ZS,2021,No,$700,"47,955",," Left Front Damage, Structural Damage, Selling De-Registered","Automatic,",5,Petrol,https://manheim.co.nz/damaged-vehicles/000000000007415274/2021-mg-zs-excite-1-5p-4at-station-wagon?referringPage=SearchResults
Ford,Ranger,2016,No,N/A,"250,289",," Left Rear Damage, Right Front Damage, Structural Damage, Selling De-Registered","Automatic,",5,Diesel,https://manheim.co.nz/damaged-vehicles/000000000007415275/2016-ford-ranger-xlt-double-cab-w-sa-utility?referringPage=SearchResults
Toyota,Prius,2010,No,$700,"211,110",," Front Damage, Structural Damage, Selling De-Registered","Automatic,",5,Hybrid,https://manheim.co.nz/damaged-vehicles/000000000007415301/2010-toyota-prius-hatch?referringPage=SearchResults
Honda,fit,2007,No,$500,N/A,," Left Front Damage, Structural Damage, Selling De-Registered","Automatic,",5,Petrol,https://manheim.co.nz/damaged-vehicles/000000000007415305/2007-honda-fit-hatch?referringPage=SearchResults
Mitsubishi,L300,2002,No,$400,"301,902",," Right Side Damage, Structural Damage, Selling De-Registered","Automatic,",3,Diesel,https://manheim.co.nz/damaged-vehicles/000000000007415309/2002-mitsubishi-l300-2-5d-lwb-5-dr-m-van?referringPage=SearchResults
Ford,Ranger,2016,Yes,N/A,N/A,, Selling Registered,"6spd Automatic,",N/A,Diesel,https://manheim.co.nz/damaged-vehicles/000000000007415322/2016-ford-ranger-xlt--double-cab-w-s-dual-cab-utility?referringPage=SearchResults
BMW,116i,2013,No,$750,N/A,," Front Damage, Structural Damage, Selling De-Registered","Automatic,",5,Petrol,https://manheim.co.nz/damaged-vehicles/000000000007415324/2013-bmw-116i-hatch?referringPage=SearchResults
Toyota,IST,2007,Yes,$800,"123,310",," Right Front Damage, Selling Registered","Automatic,",5,Petrol,https://manheim.co.nz/damaged-vehicles/000000000007415327/2007-toyota-ist-hatch?referringPage=SearchResults
Toyota,Prius,2010,No,$500,N/A,," Front Damage, Left Side Damage, Structural Damage, Selling De-Registered","Automatic,",5,Hybrid,https://manheim.co.nz/damaged-vehicles/000000000007405342/2010-toyota-prius-hatch?referringPage=SearchResults
Toyota,Prius,2017,No,N/A,"163,333",," Rear Damage, Structural Damage, Selling De-Registered","CVT,",5,Hybrid,https://manheim.co.nz/damaged-vehicles/000000000007415355/2017-toyota-prius-sedan?referringPage=SearchResults
Nissan,Note,2009,No,$400,N/A,," Front Damage, Airbags Deployed, Structural Damage, Selling De-Registered","Automatic,",5,Petrol,https://manheim.co.nz/damaged-vehicles/000000000007415360/2009-nissan-note-hatch?referringPage=SearchResults
Nissan,Juke,2010,No,$500,N/A,," Front Damage, Structural Damage, Selling De-Registered","CVT,",5,Petrol,https://manheim.co.nz/damaged-vehicles/000000000007405390/2010-nissan-juke-hatch?referringPage=SearchResults
Ford,Kuga,2013,No,$750,"128,889",," Roof Damage, Structural Damage, Selling De-Registered","Automatic,",5,Petrol,https://manheim.co.nz/damaged-vehicles/000000000007405418/2013-ford-kuga-station-wagon?referringPage=SearchResults
Suzuki,SX4 S-cross,2018,No,"$1,950","82,562",," Left Rear Damage, Rear Damage, Right Front Damage, Right Rear Damage, Structural Damage, Suspension Damage, Selling De-Registered","Automatic,",5,Petrol,https://manheim.co.nz/damaged-vehicles/000000000007395415/2018-suzuki-sx4-s-cross-ltd-1-6p-6at-hatch?referringPage=SearchResults
Opel,Astra,2002,Yes,$500,N/A,," Right Side Damage, Dismantled - Interior, Selling Registered","Automatic,",4,Petrol,https://manheim.co.nz/damaged-vehicles/000000000007395442/2002-opel-astra-cabriolet?referringPage=SearchResults
Ford,Fiesta,2007,No,$600,"117,388",," Left Front Damage, Right Front Damage, Selling De-Registered","Manual,",5,Petrol,https://manheim.co.nz/damaged-vehicles/000000000007395452/2007-ford-fiesta-5dr-1-6-m-hatch?referringPage=SearchResults
Toyota,Aqua,2019,No,N/A,N/A,," Front Damage, Left Front Damage, Left Rear Damage, Left Side Damage, Rear Damage, Right Front Damage, Right Rear Damage, Structural Damage, Selling De-Registered","Automatic,",5,Hybrid,https://manheim.co.nz/damaged-vehicles/000000000007415451/2019-toyota-aqua-hatch?referringPage=SearchResults
Toyota,Corolla,2002,No,$700,"249,436",," Front Damage, Structural Damage, Selling De-Registered","Manual,",5,Petrol,https://manheim.co.nz/damaged-vehicles/000000000007415454/2002-toyota-corolla-1-8p-gl-hatch5-5m-hatch?referringPage=SearchResults
Ford,Focus,2007,No,$600,N/A,," Right Side Damage, Structural Damage, Selling De-Registered","Manual,",5,Petrol,https://manheim.co.nz/damaged-vehicles/000000000007415460/2007-ford-focus-2-0-m-hatch-hatch?referringPage=SearchResults
Nissan,X-trail,2022,No,N/A,N/A,," Rolled, Structural Damage, Selling De-Registered","Automatic,",5,Petrol,https://manheim.co.nz/damaged-vehicles/000000000007415531/2022-nissan-x-trail-st-2-5p-4wd-6cvt-station-wagon?referringPage=SearchResults
BMW,740i,2010,No,"$1,300","116,055",," Water Damage, Selling De-Registered","Automatic,",5,Petrol,https://manheim.co.nz/damaged-vehicles/000000000007415533/2010-bmw-740i-3-0l-a-t-abs-sedan?referringPage=SearchResults
Holden,Barina,2005,No,$400,"100,776",," Right Rear Damage, Structural Damage, Selling De-Registered","Automatic,",5,Petrol,https://manheim.co.nz/damaged-vehicles/000000000007415538/2005-holden-barina-xc-5dr-auto-hatch?referringPage=SearchResults
Ford,Focus,2012,No,"$1,300","153,783",," Left Rear Damage, Left Side Damage, Selling De-Registered","Automatic,",5,Diesel,https://manheim.co.nz/damaged-vehicles/000000000007395545/2012-ford-focus-trend-2-0-auto-h-ds-hatch?referringPage=SearchResults
Suzuki,GW250,2015,No,$0,"52,328",," Front Damage, Stolen & Recovered, Selling De-Registered","Automatic,",N/A,Petrol,https://manheim.co.nz/damaged-vehicles/000000000007395553/2015-suzuki-gw250-inazuma-lam-motorcycle?referringPage=SearchResults
Toyota,Camry,2011,No,$800,"138,252",," Front Damage, Left Front Damage, Left Side Damage, Structural Damage, Selling De-Registered","Automatic,",5,Petrol,https://manheim.co.nz/damaged-vehicles/000000000007365630/2011-toyota-camry-2-4p-gl-sedan-5a-sedan?referringPage=SearchResults
Toyota,Hilux,2004,No,$900,"233,396",," Chassis Damage, Glass Broken, Left Side Damage, Rear Damage, Roof Damage, Rolled, Right Side Damage, Structural Damage, Selling De-Registered","Automatic,",5,Diesel,https://manheim.co.nz/damaged-vehicles/000000000007375654/2004-toyota-hilux-utility?referringPage=SearchResults
Subaru,Forester,1997,No,$600,"207,557",," Ignition Damage, Right Side Damage, Vandalised - Interior, Structural Damage, Stolen & Recovered, Selling De-Registered","Manual,",5,Petrol,https://manheim.co.nz/damaged-vehicles/000000000007415679/1997-subaru-forester-station-wagon?referringPage=SearchResults
Nissan,Caravan,2013,No,$25,N/A,," Fire Damage, Fire - Entire Vehicle, Structural Damage, Stolen & Recovered, Selling De-Registered","Automatic,",3,Diesel,https://manheim.co.nz/damaged-vehicles/000000000007415693/2013-nissan-caravan-van?referringPage=SearchResults
Porsche,Cayenne,2005,Yes,"$1,300","256,298",," Front Damage, Rear Damage, Right Rear Damage, Right Side Damage, Selling Registered","Automatic,",5,Petrol,https://manheim.co.nz/damaged-vehicles/000000000007415698/2005-porsche-cayenne-s-station-wagon?referringPage=SearchResults
Honda,fit,2014,No,$750,"69,950",," Front Damage, Airbags Deployed, Structural Damage, Selling De-Registered","Automatic,",5,Hybrid,https://manheim.co.nz/damaged-vehicles/000000000007415699/2014-honda-fit-hatch?referringPage=SearchResults
Mazda,Axela,2016,No,$750,N/A,," Front Damage, Structural Damage, Selling De-Registered","CVT,",5,Petrol,https://manheim.co.nz/damaged-vehicles/000000000007415722/2016-mazda-axela-sedan?referringPage=SearchResults
Toyota,Camry,2006,No,$750,"384,903",," Left Side Damage, Structural Damage, Selling De-Registered","Automatic,",5,Petrol,https://manheim.co.nz/damaged-vehicles/000000000007415726/2006-toyota-camry-2-4p-sport-sedan-5a-sedan?referringPage=SearchResults
Subaru,XV,2014,Yes,$800,"98,491",," Right Side Damage, Selling Registered","5spd Automatic,",5,Petrol,https://manheim.co.nz/damaged-vehicles/000000000007415735/2014-subaru-xv-i-2-0p4wd6a-sw5s-station-wagon?referringPage=SearchResults
Ford,Focus,2007,No,$500,"339,511",," Front Damage, Rear Damage, Structural Damage, Selling De-Registered","Automatic,",5,Petrol,https://manheim.co.nz/damaged-vehicles/000000000007415756/2007-ford-focus-wag-2-0-auto-station-wagon?referringPage=SearchResults
Nissan,Bluebird,2004,No,$600,N/A,," Left Rear Damage, Rear Damage, Right Rear Damage, Structural Damage, Selling De-Registered","Automatic,",5,Petrol,https://manheim.co.nz/damaged-vehicles/000000000007415757/2004-nissan-bluebird-slyphy-sedan?referringPage=SearchResults
Holden,Colorado,2014,No,N/A,"192,431",," Stolen & Recovered, Selling De-Registered","6spd,",5,Diesel,https://manheim.co.nz/damaged-vehicles/000000000007415758/2014-holden-colorado-ltdcpu-2-8d-6mt-ut--utility?referringPage=SearchResults
Volkswagen,Passat,2010,No,$600,"233,832",," Front Damage, Structural Damage, Selling De-Registered","Automatic,",5,Diesel,https://manheim.co.nz/damaged-vehicles/000000000007415768/2010-volkswagen-passat-125-cr-var-station-wagon?referringPage=SearchResults
Toyota,C-hr,2017,No,N/A,"157,013",," Airbags Deployed, Front Damage, Structural Damage, Selling De-Registered","Automatic,",5,Hybrid,https://manheim.co.nz/damaged-vehicles/000000000007415776/2017-toyota-c-hr-hatch?referringPage=SearchResults
HOBBY,Y10,1998,No,"$3,200",N/A,0," Interior Damage, Water Damage, Selling De-Registered","10spd,",N/A,N/A,https://manheim.co.nz/damaged-vehicles/000000000007385771/1998-hobby-y10-caravan?referringPage=SearchResults
Honda,CBR,2019,No,$0,"16,261",," Front Damage, Right Side Damage, Structural Damage, Selling De-Registered","Automatic,",N/A,Petrol,https://manheim.co.nz/damaged-vehicles/000000000007405771/2019-honda-cbr-500-p-motorcycle?referringPage=SearchResults
Haval,H6,2023,No,"$1,300","44,152",," Airbags Deployed, Front Damage, Left Front Damage, Right Rear Damage, Structural Damage, Suspension Damage, Selling De-Registered","Automatic,",5,Hybrid,https://manheim.co.nz/damaged-vehicles/000000000007415780/2023-haval-h6-ultra-2wd-hybrid-1--station-wagon?referringPage=SearchResults
Honda,fit,2010,No,$600,"85,251",," Front Damage, Left Front Damage, Right Front Damage, Structural Damage, Selling De-Registered","Automatic,",5,Petrol,https://manheim.co.nz/damaged-vehicles/000000000007415794/2010-honda-fit-hatch?referringPage=SearchResults
Ford,Falcon,2008,No,$600,"273,466",," Airbags Deployed, Front Damage, Structural Damage, Selling De-Registered","Automatic,",5,Petrol,https://manheim.co.nz/damaged-vehicles/000000000007415795/2008-ford-falcon-fg-xr6-sedan-a-sedan?referringPage=SearchResults
Nissan,Navara,2006,No,$700,"335,476",," Left Side Damage, Roof Damage, Right Side Damage, Structural Damage, Selling De-Registered","Manual,",5,Diesel,https://manheim.co.nz/damaged-vehicles/000000000007415798/2006-nissan-navara-2-5-4wd-mt-diesel-utility?referringPage=SearchResults
Mitsubishi,Colt Plus,2009,No,$500,"191,319",," Right Side Damage, Structural Damage, Selling De-Registered","Automatic,",5,Petrol,https://manheim.co.nz/damaged-vehicles/000000000007415801/2009-mitsubishi-colt-plus-1-5p-ls-5dr-hatch?referringPage=SearchResults
Nissan,Skyline,2008,Yes,"$1,350",1,, Selling Registered,"Automatic,",4,Petrol,https://manheim.co.nz/damaged-vehicles/000000000007405802/2008-nissan-skyline-sedan?referringPage=SearchResults
Toyota,Prius,2015,No,$750,"363,974",," Rear Damage, Right Rear Damage, Structural Damage, Selling De-Registered","4spd Automatic,",5,Hybrid,https://manheim.co.nz/damaged-vehicles/000000000007395810/2015-toyota-prius-hybrid-hatch?referringPage=SearchResults
BMW,116i,2013,No,"$1,350",N/A,," Front Damage, Structural Damage, Suspension Damage, Selling De-Registered","Automatic,",5,Petrol,https://manheim.co.nz/damaged-vehicles/000000000007415812/2013-bmw-116i-hatch?referringPage=SearchResults
Mitsubishi,Colt,2008,Yes,$575,"130,099",," Left Side Damage, Right Front Damage, Right Side Damage, Dismantled - Interior, Selling Registered","CVT,",5,Petrol,https://manheim.co.nz/damaged-vehicles/000000000007405835/2008-mitsubishi-colt-hatch?referringPage=SearchResults
Volvo,850,1996,No,$200,"242,512",," Airbags Deployed, Front Damage, Structural Damage, Selling De-Registered",N/A,5,Petrol,https://manheim.co.nz/damaged-vehicles/000000000007415841/1996-volvo-850-r-station-wagon?referringPage=SearchResults
Toyota,Corolla,2002,No,$700,"305,912",," Right Rear Damage, Structural Damage, Selling De-Registered","5spd Manual,",5,Petrol,https://manheim.co.nz/damaged-vehicles/000000000007415843/2002-toyota-corolla-1-8p-gl-hatch5-5m-hatch?referringPage=SearchResults
Toyota,Yaris,2014,No,$700,N/A,," Front Damage, Structural Damage, Selling De-Registered","Automatic,",5,Petrol,https://manheim.co.nz/damaged-vehicles/000000000007415854/2014-toyota-yaris-yr-1-3p-hatch5-4a-hatch?referringPage=SearchResults
Toyota,Corolla,2010,No,$700,"152,886",," Right Rear Damage, Right Side Damage, Structural Damage, Selling De-Registered",N/A,5,Petrol,https://manheim.co.nz/damaged-vehicles/000000000007415855/2010-toyota-corolla-1-5p-wagon-5dr-5m-station-wagon?referringPage=SearchResults
Honda,CRV,2005,No,$700,"208,276",," Right Side Damage, Structural Damage, Selling De-Registered","Automatic,",5,Petrol,https://manheim.co.nz/damaged-vehicles/000000000007415856/2005-honda-crv-station-wagon?referringPage=SearchResults
Nissan,X-trail,2014,No,$0,N/A,," Front Damage, Structural Damage, Accident Damage, Selling De-Registered",N/A,5,Petrol,https://manheim.co.nz/damaged-vehicles/000000000007415860/2014-nissan-x-trail-station-wagon?referringPage=SearchResults
Audi,TT,2001,No,$500,"174,993",," Front Damage, Structural Damage, Selling De-Registered","5spd Automatic,",4,Petrol,https://manheim.co.nz/damaged-vehicles/000000000007415864/2001-audi-tt-hatch?referringPage=SearchResults
Volvo,XC60,2022,No,N/A,"50,415",," Water Damage, Selling De-Registered","Automatic,",5,Hybrid,https://manheim.co.nz/damaged-vehicles/000000000007415865/2022-volvo-xc60-b5-ultimate-bright-station-wagon?referringPage=SearchResults
Toyota,Corolla,2019,No,N/A,"81,150",," Front Damage, Airbags Deployed, Structural Damage, Selling De-Registered","Automatic,",5,Petrol,https://manheim.co.nz/damaged-vehicles/000000000007415866/2019-toyota-corolla-gx-2-0p-10cvt-hatch?referringPage=SearchResults
Nissan,Murano,2006,No,$700,"220,576",," Right Rear Damage, Structural Damage, Selling De-Registered","Automatic,",5,Petrol,https://manheim.co.nz/damaged-vehicles/000000000007415875/2006-nissan-murano-station-wagon?referringPage=SearchResults
Toyota,Landcruiser,2011,No,N/A,N/A,," Front Damage, Airbags Deployed, Structural Damage, Selling De-Registered","Automatic,",8,Diesel,https://manheim.co.nz/damaged-vehicles/000000000007415883/2011-toyota-landcruiser-4-5td-4wd-vx-wgn5-6-station-wagon?referringPage=SearchResults
Subaru,Outback,2018,No,N/A,"47,047",," Structural Damage, Water Damage, Selling De-Registered","Automatic,",5,Petrol,https://manheim.co.nz/damaged-vehicles/000000000007415886/2018-subaru-outback-2-5l-petrol-station-wagon?referringPage=SearchResults
Toyota,Auris,2010,No,$500,"140,932",," Glass Broken, Right Rear Damage, Structural Damage, Under Body Damage, Selling De-Registered",N/A,5,Petrol,https://manheim.co.nz/damaged-vehicles/000000000007405888/2010-toyota-auris-hatch?referringPage=SearchResults
Nissan,Bluebird,1999,No,$600,"324,707",," Rear Damage, Structural Damage, Selling De-Registered","4spd Automatic,",5,Petrol,https://manheim.co.nz/damaged-vehicles/000000000007415895/1999-nissan-bluebird-sedan?referringPage=SearchResults
Ford,Mondeo,2013,No,$400,"215,731",," Left Side Damage, Structural Damage, Selling De-Registered","Automatic,",5,Diesel,https://manheim.co.nz/damaged-vehicles/000000000007415896/2013-ford-mondeo-wag-2-0td-auto-station-wagon?referringPage=SearchResults
Chrysler,PT Cruiser,2004,No,$400,N/A,," Left Front Damage, Left Side Damage, Selling De-Registered","4spd Automatic,",5,Petrol,https://manheim.co.nz/damaged-vehicles/000000000007385919/2004-chrysler-pt-cruiser-limited-auto-hatch?referringPage=SearchResults
Nissan,Note,2021,No,"$2,150","33,456",," Front Damage, Structural Damage, Selling De-Registered","Automatic,",5,Hybrid,https://manheim.co.nz/damaged-vehicles/000000000007405980/2021-nissan-note-hatch?referringPage=SearchResults
Holden,Commodore,2007,Yes,N/A,"172,681",," Engine Damage, Front Damage, Selling Registered","Automatic,",5,Petrol,https://manheim.co.nz/damaged-vehicles/000000000007416003/2007-holden-commodore-ss-sedan-auto-sedan?referringPage=SearchResults
Toyota,Vitz,2007,No,$750,N/A,," Engine Damage, Ignition Damage, Left Side Damage, Right Front Damage, Vandalised - Interior, Structural Damage, Stolen & Recovered, Selling De-Registered",N/A,5,Petrol,https://manheim.co.nz/damaged-vehicles/000000000007416004/2007-toyota-vitz-hatch?referringPage=SearchResults
Volvo,XC90,2012,No,"$1,600","85,147",," Right Front Damage, Right Side Damage, Structural Damage, Selling De-Registered","Automatic,",7,Petrol,https://manheim.co.nz/damaged-vehicles/000000000007416005/2012-volvo-xc90-t5-station-wagon?referringPage=SearchResults
Honda,fit,2013,No,$750,N/A,," Rear Damage, Structural Damage, Selling De-Registered",N/A,5,Hybrid,https://manheim.co.nz/damaged-vehicles/000000000007416016/2013-honda-fit-hatch?referringPage=SearchResults
Honda,fit,2004,No,$600,N/A,," Right Side Damage, Structural Damage, Selling De-Registered",N/A,5,Petrol,https://manheim.co.nz/damaged-vehicles/000000000007416019/2004-honda-fit-hatch?referringPage=SearchResults
CHERY,Tiggo 7,2025,No,N/A,N/A,," Right Rear Damage, Structural Damage, Selling De-Registered","Automatic,",5,Hybrid,https://manheim.co.nz/damaged-vehicles/000000000007416025/2025-chery-tiggo-7-urban-phev-4at-station-wagon?referringPage=SearchResults
Toyota,Markx,2006,Yes,$800,N/A,," Interior Damage, Rear Damage, Vandalised - Interior, Stolen & Recovered, Selling Registered","Automatic,",5,Petrol,https://manheim.co.nz/damaged-vehicles/000000000007416026/2006-toyota-markx-250g-sedan?referringPage=SearchResults
Holden,Commodore,2010,Yes,"$1,300","205,249",," Right Side Damage, Stolen & Recovered, Selling Registered","Automatic,",5,Petrol,https://manheim.co.nz/damaged-vehicles/000000000007416027/2010-holden-commodore-sedan?referringPage=SearchResults
Haval,H2,2020,No,"$1,600","39,047",," Engine Damage, Interior Damage, Water Damage, Selling De-Registered","Automatic,",5,Petrol,https://manheim.co.nz/damaged-vehicles/000000000007416028/2020-haval-h2-luxury-1-5pt-6at-station-wagon?referringPage=SearchResults
Ford,Ranger,2008,No,$800,N/A,," Front Damage, Structural Damage, Selling De-Registered","Automatic,",4,Diesel,https://manheim.co.nz/damaged-vehicles/000000000007416029/2008-ford-ranger-3-0td-xl-rc-w-s-4x4-dual-cab-utility?referringPage=SearchResults
Suzuki,Swift,2023,No,"$1,600","45,206",," Airbags Deployed, Front Damage, Right Side Damage, Structural Damage, Selling De-Registered","Automatic,",5,Petrol,https://manheim.co.nz/damaged-vehicles/000000000007406024/2023-suzuki-swift-gl-1-2p-cvt-hatch?referringPage=SearchResults
Mazda,Demio,2009,Yes,$500,"148,892",," Front Damage, Left Rear Damage, Rear Damage, Selling Registered","Automatic,",5,Petrol,https://manheim.co.nz/damaged-vehicles/000000000007416030/2009-mazda-demio-hatch?referringPage=SearchResults
Nissan,Bluebird,2005,Yes,$475,"102,332",," Front Damage, Left Front Damage, Left Side Damage, Selling Registered",N/A,5,Petrol,https://manheim.co.nz/damaged-vehicles/000000000007416042/2005-nissan-bluebird-sylphy-sedan?referringPage=SearchResults
Holden,Captiva,2009,No,$600,"226,658",," Left Front Damage, Structural Damage, Selling De-Registered",N/A,7,Petrol,https://manheim.co.nz/damaged-vehicles/000000000007416047/2009-holden-captiva-lx-awd-v6-at-station-wagon?referringPage=SearchResults
Toyota,Yaris Cross,2023,No,$300,N/A,," Airbags Deployed, Front Damage, Glass Broken, Left Front Damage, Left Rear Damage, Left Side Damage, Rear Damage, Roof Damage, Rolled, Right Side Damage, Underbody Damage, Structural Damage, Selling De-Registered",N/A,5,Hybrid,https://manheim.co.nz/damaged-vehicles/000000000007416052/2023-toyota-yaris-cross-gx-1-5ph-hd-station-wagon?referringPage=SearchResults
Honda,Accord,2005,No,$400,"249,096",," Front Damage, Left Side Damage, Structural Damage, Selling De-Registered","4spd,",5,Petrol,https://manheim.co.nz/damaged-vehicles/000000000007416057/2005-honda-accord-eurol-2-4-4d-sed-5a-sedan?referringPage=SearchResults
Honda,Odyssey,2008,No,$700,"124,140",," Water Damage, Selling De-Registered",N/A,7,Petrol,https://manheim.co.nz/damaged-vehicles/000000000007416065/2008-honda-odyssey-station-wagon?referringPage=SearchResults
Toyota,Prado,1997,No,"$1,300","281,609",," Left Rear Damage, Right Front Damage, Right Rear Damage, Airbags Deployed, Structural Damage, Selling De-Registered","Automatic,",5,Diesel,https://manheim.co.nz/damaged-vehicles/000000000007416071/1997-toyota-prado-station-wagon?referringPage=SearchResults
Toyota,Passo,2006,Yes,$800,"189,751",," Left Front Damage, Selling Registered","Automatic,",5,Petrol,https://manheim.co.nz/damaged-vehicles/000000000007416072/2006-toyota-passo-hatch?referringPage=SearchResults
Nissan,Avenir,1999,No,$50,"263,216",," Right Front Damage, Right Side Damage, Structural Damage, Selling De-Registered","4spd Automatic,",5,Petrol,https://manheim.co.nz/damaged-vehicles/000000000007416075/1999-nissan-avenir-salute-x-station-wagon?referringPage=SearchResults
Honda,Civic,2007,No,$700,N/A,," Left Front Damage, Left Side Damage, Rear Damage, Right Front Damage, Right Side Damage, Structural Damage, Selling De-Registered","Automatic,",5,Petrol,https://manheim.co.nz/damaged-vehicles/000000000007416076/2007-honda-civic-hybrid-sedan?referringPage=SearchResults
Subaru,Impreza,2018,No,"$2,300","101,218",," Left Front Damage, Rolled, Right Side Damage, Structural Damage, Selling De-Registered","Automatic,",5,Petrol,https://manheim.co.nz/damaged-vehicles/000000000007416077/2018-subaru-impreza-2-0-sport-slt-2-0p-hatch?referringPage=SearchResults
Toyota,Hilux,2010,No,"$2,300","306,228",," Rolled, Structural Damage, Selling De-Registered","Automatic,",5,Diesel,https://manheim.co.nz/damaged-vehicles/000000000007416078/2010-toyota-hilux-3-0td-4wd-dc-5m-dual-cab-utility?referringPage=SearchResults
Subaru,Impreza,2004,No,$500,"258,043",," Left Side Damage, Structural Damage, Selling De-Registered","Automatic,",5,Petrol,https://manheim.co.nz/damaged-vehicles/000000000007416080/2004-subaru-impreza-2-0-gx-hatch-man-station-wagon?referringPage=SearchResults
Lexus,CT200H,2015,No,"$1,600",N/A,," Front Damage, Structural Damage, Accident Damage, Selling De-Registered","Automatic,",5,Hybrid,https://manheim.co.nz/damaged-vehicles/000000000007416088/2015-lexus-ct200h-sedan?referringPage=SearchResults
Ford,Transit,2023,No,N/A,"148,218",," Roof Damage, Structural Damage, Selling De-Registered","Automatic,",9,Diesel,https://manheim.co.nz/damaged-vehicles/000000000007416094/2023-ford-transit-tourneo-trend-2-0d-van?referringPage=SearchResults
Mazda,Demio,2008,No,$400,"226,102",," Rolled, Structural Damage, Selling De-Registered","Automatic,",5,Petrol,https://manheim.co.nz/damaged-vehicles/000000000007416112/2008-mazda-demio-hatch?referringPage=SearchResults
Nissan,Tiida,2005,No,$500,N/A,," Right Front Damage, Structural Damage, Selling De-Registered",N/A,5,Petrol,https://manheim.co.nz/damaged-vehicles/000000000007416114/2005-nissan-tiida-latio-sedan?referringPage=SearchResults
Subaru,Forester,2012,No,$600,"263,529",," Front Damage, Structural Damage, Selling De-Registered","5spd Automatic,",5,Petrol,https://manheim.co.nz/damaged-vehicles/000000000007416115/2012-subaru-forester-x-aut-station-wagon?referringPage=SearchResults
Mazda,CX-5,2014,No,$600,"128,788",," Water Damage, Selling De-Registered","Automatic,",5,Petrol,https://manheim.co.nz/damaged-vehicles/000000000007416116/2014-mazda-cx-5-hatch?referringPage=SearchResults
Toyota,Passo,2007,No,$600,"75,029",," Rear Damage, Right Rear Damage, Structural Damage, Selling De-Registered","Automatic,",5,Petrol,https://manheim.co.nz/damaged-vehicles/000000000007416119/2007-toyota-passo-hatch?referringPage=SearchResults
Toyota,Blade,2007,No,$500,N/A,," Rear Damage, Structural Damage, Selling De-Registered","Automatic,",5,Petrol,https://manheim.co.nz/damaged-vehicles/000000000007416120/2007-toyota-blade-hatch?referringPage=SearchResults
Audi,Q3,2015,No,"$1,650",N/A,, Selling De-Registered,"6spd Automatic,",5,Petrol,https://manheim.co.nz/damaged-vehicles/000000000007406138/2015-audi-q3-station-wagon?referringPage=SearchResults
Audi,S5,2010,No,"$1,950","130,927",," Front Damage, Left Front Damage, Left Side Damage, Structural Damage, Selling De-Registered",N/A,4,Petrol,https://manheim.co.nz/damaged-vehicles/000000000007416154/2010-audi-s5-4-2fsi-quattro-tip-coup%C3%A9?referringPage=SearchResults
Mitsubishi,Lancer,2012,No,$850,N/A,," Front Damage, Structural Damage, Selling De-Registered",N/A,5,Petrol,https://manheim.co.nz/damaged-vehicles/000000000007416168/2012-mitsubishi-lancer-2-0-es-sedan-auto-sedan?referringPage=SearchResults
Holden,Commodore,2014,No,$600,"197,310",," Right Side Damage, Structural Damage, Selling De-Registered","Automatic,",5,Petrol,https://manheim.co.nz/damaged-vehicles/000000000007416172/2014-holden-commodore-vfevokev6-3-0p6a-sl-sedan?referringPage=SearchResults
GWM,GWM Cannon,2021,No,"$2,300","161,392",," Chassis Damage, Rear Damage, Structural Damage, Selling De-Registered","Automatic,",5,N/A,https://manheim.co.nz/damaged-vehicles/000000000007416178/2021-gwm-gwm-cannon-luxury-4x4-2-0dt-4w-dual-cab-utility?referringPage=SearchResults
Ford,Laser,2000,No,$400,N/A,, Selling De-Registered,"Manual,",5,Petrol,https://manheim.co.nz/damaged-vehicles/000000000007396174/2000-ford-laser-1-6-lx-5dr-man-hatch?referringPage=SearchResults
Mazda,Axela,2006,No,$400,N/A,," Front Damage, Left Side Damage, Right Side Damage, Selling De-Registered","Automatic,",5,Petrol,https://manheim.co.nz/damaged-vehicles/000000000007396179/2006-mazda-axela-sedan?referringPage=SearchResults
Mazda,Demio,2001,No,$400,"249,993",, Selling De-Registered,"Automatic,",5,Petrol,https://manheim.co.nz/damaged-vehicles/000000000007396180/2001-mazda-demio-hatch?referringPage=SearchResults
Nissan,Juke,2013,No,$600,"127,104",," Front Damage, Rear Damage, Structural Damage, Selling De-Registered","Automatic,",5,Petrol,https://manheim.co.nz/damaged-vehicles/000000000007416181/2013-nissan-juke-hatch?referringPage=SearchResults
Mitsubishi,Colt,2007,No,$400,"63,596",," Rear Damage, Structural Damage, Selling De-Registered",N/A,5,Petrol,https://manheim.co.nz/damaged-vehicles/000000000007416184/2007-mitsubishi-colt-hatch?referringPage=SearchResults
LDV,G10,2017,No,"$1,650","107,123",," Front Damage, Structural Damage, Selling De-Registered","Manual,",2,Petrol,https://manheim.co.nz/damaged-vehicles/000000000007416185/2017-ldv-g10-cargo-2-4-2-4p-5mt--panel-van?referringPage=SearchResults
Nissan,Pulsar,2004,No,$600,"205,620",," Left Front Damage, Right Side Damage, Structural Damage, Selling De-Registered","Automatic,",5,Petrol,https://manheim.co.nz/damaged-vehicles/000000000007416189/2004-nissan-pulsar-1-8-hatch-auto-hatch?referringPage=SearchResults
Nissan,Tiida,2007,No,$100,"230,981",," Right Side Damage, Structural Damage, Selling De-Registered","5spd,",5,Petrol,https://manheim.co.nz/damaged-vehicles/000000000007416190/2007-nissan-tiida-sedan?referringPage=SearchResults
Toyota,RAV4,2005,No,$750,N/A,," Left Side Damage, Structural Damage, Selling De-Registered",N/A,5,Petrol,https://manheim.co.nz/damaged-vehicles/000000000007416200/2005-toyota-rav4-station-wagon?referringPage=SearchResults
Toyota,Corolla,2007,No,$500,"154,242",," Front Damage, Structural Damage, Selling De-Registered","4spd Automatic,",5,Petrol,https://manheim.co.nz/damaged-vehicles/000000000007416204/2007-toyota-corolla-fielder-1-5-station-wagon?referringPage=SearchResults
Nissan,Juke,2022,No,"$1,650","62,625",," Front Damage, Structural Damage, Selling De-Registered","Automatic,",5,Petrol,https://manheim.co.nz/damaged-vehicles/000000000007416215/2022-nissan-juke-ti-1-0pt-7at-hatch?referringPage=SearchResults
Toyota,Aqua,2016,No,$500,"159,499",," Front Damage, Right Front Damage, Right Side Damage, Airbags Deployed, Structural Damage, Selling De-Registered","Automatic,",5,Hybrid,https://manheim.co.nz/damaged-vehicles/000000000007416223/2016-toyota-aqua-hatch?referringPage=SearchResults
Mazda,MAZDA3,2013,No,$500,N/A,," Airbags Deployed, Front Damage, Left Side Damage, Airbags Deployed, Structural Damage, Selling De-Registered","Automatic,",5,Petrol,https://manheim.co.nz/damaged-vehicles/000000000007416249/2013-mazda-mazda3-hatch-glx-2-0-5at-hatch?referringPage=SearchResults
Ford,Kuga,2012,No,$800,N/A,," Left Front Damage, Right Front Damage, Dismantled - Entire Vehicle, Selling De-Registered","Automatic,",5,Petrol,https://manheim.co.nz/damaged-vehicles/000000000007386240/2012-ford-kuga-station-wagon?referringPage=SearchResults
LDV,V80,2016,No,$950,"168,092",," Malicious/Vandalised, Water Damage, Selling De-Registered","5spd Automatic,",3,Diesel,https://manheim.co.nz/damaged-vehicles/000000000007386246/2016-ldv-v80-bigger-amt-2-5d-6am-van?referringPage=SearchResults
Holden,Commodore,2008,No,$800,N/A,," Left Front Damage, Left Rear Damage, Selling De-Registered","Automatic,",5,Petrol,https://manheim.co.nz/damaged-vehicles/000000000007386259/2008-holden-commodore-sedan-v6-auto-sedan?referringPage=SearchResults
Holden,Malibu,2014,No,$800,N/A,," Left Front Damage, Right Rear Damage, Selling De-Registered","Automatic,",5,Diesel,https://manheim.co.nz/damaged-vehicles/000000000007386267/2014-holden-malibu-cd-2-0d6a-sl5s-sedan?referringPage=SearchResults
Holden,Spark,2016,No,$750,"95,808",," Left Front Damage, Left Rear Damage, Selling De-Registered","Automatic,",5,Petrol,https://manheim.co.nz/damaged-vehicles/000000000007386282/2016-holden-spark-ls-1-4p-cvt-hatch?referringPage=SearchResults
Holden,Trax,2015,No,$750,N/A,," Left Side Damage, Right Side Damage, Structural Damage, Selling De-Registered","Automatic,",5,Petrol,https://manheim.co.nz/damaged-vehicles/000000000007406280/2015-holden-trax-station-wagon?referringPage=SearchResults
Ford,Fiesta,2009,No,$800,"122,703",," Left Front Damage, Right Rear Damage, Selling De-Registered","5spd Manual,",5,Petrol,https://manheim.co.nz/damaged-vehicles/000000000007386294/2009-ford-fiesta-5dr-1-6-m-s-hatch?referringPage=SearchResults
Ford,Focus,2013,No,$700,"52,557",," Right Front Damage, Right Rear Damage, Dismantled - Interior, Selling De-Registered","Automatic,",5,Petrol,https://manheim.co.nz/damaged-vehicles/000000000007386312/2013-ford-focus-hatch?referringPage=SearchResults
Holden,Barina,2017,No,$800,N/A,," Left Front Damage, Selling De-Registered","Automatic,",5,Petrol,https://manheim.co.nz/damaged-vehicles/000000000007386336/2017-holden-barina-lt-1-6p-6at-hatch?referringPage=SearchResults
Ford,Ecosport,2014,No,$800,"141,548",," Left Front Damage, Right Front Damage, Selling De-Registered","Automatic,",5,Petrol,https://manheim.co.nz/damaged-vehicles/000000000007386341/2014-ford-ecosport-trend-1-5p-6at-sw-5-station-wagon?referringPage=SearchResults
Ford,Kuga,2012,No,$800,"105,748",," Left Front Damage, Right Front Damage, Airbags Deployed, Dismantled - Interior, Selling De-Registered",N/A,5,Petrol,https://manheim.co.nz/damaged-vehicles/000000000007386346/2012-ford-kuga-awd-petrol-station-wagon?referringPage=SearchResults
Nissan,Lafesta,2013,No,$750,"156,905",," Left Front Damage, Structural Damage, Selling De-Registered",N/A,7,Petrol,https://manheim.co.nz/damaged-vehicles/000000000007406363/2013-nissan-lafesta-station-wagon?referringPage=SearchResults
Ford,S-max,2006,No,$600,"115,334",," Left Front Damage, Selling De-Registered","6spd Manual,",7,Diesel,https://manheim.co.nz/damaged-vehicles/000000000007386371/2006-ford-s-max-station-wagon?referringPage=SearchResults
Honda,Accord,2001,No,$600,N/A,," Front Damage, Structural Damage, Selling De-Registered","Automatic,",5,Petrol,https://manheim.co.nz/damaged-vehicles/000000000007416376/2001-honda-accord-sedan?referringPage=SearchResults
Ford,Focus,2013,No,"$1,750","96,362",," Right Front Damage, Right Side Damage, Airbags Deployed, Selling De-Registered","Automatic,",5,Petrol,https://manheim.co.nz/damaged-vehicles/000000000007386403/2013-ford-focus-hatch?referringPage=SearchResults
Toyota,RAV4,1997,No,$600,"168,481",," Front Damage, Underbody Damage, Structural Damage, Selling De-Registered",N/A,4,Petrol,https://manheim.co.nz/damaged-vehicles/000000000007406402/1997-toyota-rav4-l-station-wagon?referringPage=SearchResults
Ford,Focus,2012,No,$600,"166,442",," Glass Broken, Left Front Damage, Left Side Damage, Structural Damage, Selling De-Registered",N/A,5,Diesel,https://manheim.co.nz/damaged-vehicles/000000000007406404/2012-ford-focus-trend-2-0-auto-h-ds-hatch?referringPage=SearchResults
Volkswagen,Polo,2011,No,$500,N/A,," Left Side Damage, Structural Damage, Selling De-Registered",N/A,5,Petrol,https://manheim.co.nz/damaged-vehicles/000000000007416424/2011-volkswagen-polo-hatch?referringPage=SearchResults
Subaru,Legacy,2009,No,$600,"310,807",," Rear Damage, Structural Damage, Selling De-Registered","Automatic,",5,Petrol,https://manheim.co.nz/damaged-vehicles/000000000007416432/2009-subaru-legacy-sedan?referringPage=SearchResults
Mazda,Axela,2005,No,$550,N/A,," Rear Damage, Structural Damage, Selling De-Registered","Automatic,",5,Petrol,https://manheim.co.nz/damaged-vehicles/000000000007416433/2005-mazda-axela-sedan?referringPage=SearchResults
Honda,fit,2009,Yes,$600,N/A,," Right Front Damage, Selling Registered",N/A,5,Petrol,https://manheim.co.nz/damaged-vehicles/000000000007416434/2009-honda-fit-hatch?referringPage=SearchResults
Daihatsu,Materia,2008,No,$600,"220,773",," Left Side Damage, Rear Damage, Structural Damage, Selling De-Registered","4spd Automatic,",5,Petrol,https://manheim.co.nz/damaged-vehicles/000000000007416450/2008-daihatsu-materia-1-5p-hatch5-4a-hatch?referringPage=SearchResults
Suzuki,Vitara,1995,No,$550,"197,438",," Stolen & Recovered, Selling De-Registered",N/A,5,Petrol,https://manheim.co.nz/damaged-vehicles/000000000007416451/1995-suzuki-vitara-station-wagon?referringPage=SearchResults
Nissan,March,2005,No,$500,N/A,," Right Rear Damage, Structural Damage, Selling De-Registered",N/A,5,Petrol,https://manheim.co.nz/damaged-vehicles/000000000007416454/2005-nissan-march-hatch?referringPage=SearchResults
Honda,Accord,2005,No,$500,"210,898",," Rear Damage, Structural Damage, Selling De-Registered","Automatic,",5,Petrol,https://manheim.co.nz/damaged-vehicles/000000000007416460/2005-honda-accord-sedan?referringPage=SearchResults
Mazda,CX-5,2013,No,$650,"112,557",," Front Damage, Airbags Deployed, Structural Damage, Selling De-Registered","Automatic,",5,Petrol,https://manheim.co.nz/damaged-vehicles/000000000007416464/2013-mazda-cx-5-cx-5-4wd-ltd-2-0-pt-station-wagon?referringPage=SearchResults
Audi,TT,2006,No,$500,"175,046",," Front Damage, Structural Damage, Selling De-Registered","Automatic,",4,Petrol,https://manheim.co.nz/damaged-vehicles/000000000007416468/2006-audi-tt-coup%C3%A9?referringPage=SearchResults
Honda,CRV,2009,No,"$1,050","134,164",," Chassis Damage, Rear Damage, Structural Damage, Selling De-Registered",N/A,5,Petrol,https://manheim.co.nz/damaged-vehicles/000000000007406461/2009-honda-crv-station-wagon?referringPage=SearchResults
Mazda,Axela,2004,No,$200,N/A,," Fire Damage, Glass Broken, Interior Damage, Structural Damage, Stolen & Recovered, Selling De-Registered",N/A,5,Petrol,https://manheim.co.nz/damaged-vehicles/000000000007406465/2004-mazda-axela-sedan?referringPage=SearchResults
Lexus,CT200H,2012,No,"$1,650","144,898",," Front Damage, Rear Damage, Structural Damage, Selling De-Registered","Automatic,",5,Hybrid,https://manheim.co.nz/damaged-vehicles/000000000007406467/2012-lexus-ct200h-hybrid-hatch?referringPage=SearchResults
Mazda,Premacy,2005,No,$200,"175,719",," Left Side Damage, Rear Damage, Structural Damage, Selling De-Registered","Automatic,",7,Petrol,https://manheim.co.nz/damaged-vehicles/000000000007416470/2005-mazda-premacy-station-wagon?referringPage=SearchResults
Alfa Romeo,Giulietta,2014,Yes,$750,"145,685",," Front Damage, Rear Damage, Selling Registered","Automatic,",5,Petrol,https://manheim.co.nz/damaged-vehicles/000000000007416476/2014-alfa-romeo-giulietta-progression-1-4p-6a-hatch?referringPage=SearchResults
Triumph,Tiger,2011,No,$0,1,," Structural Damage, Selling De-Registered","Automatic,",N/A,Petrol,https://manheim.co.nz/damaged-vehicles/000000000007356483/2011-triumph-tiger-1050-motorcycle?referringPage=SearchResults
Holden,Barina,2012,No,$800,N/A,," Stolen & Recovered, Selling De-Registered","Automatic,",5,Petrol,https://manheim.co.nz/damaged-vehicles/000000000007396498/2012-holden-barina-1-6-hatch-at-hatch?referringPage=SearchResults
Mazda,Familia Astina,1990,Yes,$600,"227,714",," Ignition Damage, Right Side Damage, Vandalised - Interior, Stolen & Recovered, Selling Registered","Automatic,",5,Petrol,https://manheim.co.nz/damaged-vehicles/000000000007416491/1990-mazda-familia-astina-hatch?referringPage=SearchResults
BMW,Mini,2007,No,$500,"176,551",," Rear Damage, Structural Damage, Selling De-Registered","Automatic,",4,Petrol,https://manheim.co.nz/damaged-vehicles/000000000007416497/2007-bmw-mini-hatch?referringPage=SearchResults
Nissan,Tiida,2006,No,$650,N/A,," Right Side Damage, Structural Damage, Selling De-Registered",N/A,5,Petrol,https://manheim.co.nz/damaged-vehicles/000000000007416501/2006-nissan-tiida-hatch?referringPage=SearchResults
Mazda,Axela,2012,No,$550,"211,815",," Front Damage, Structural Damage, Selling De-Registered",N/A,5,Petrol,https://manheim.co.nz/damaged-vehicles/000000000007416507/2012-mazda-axela-sedan?referringPage=SearchResults
Toyota,Aurion,2012,No,"$1,600","169,082",," Left Side Damage, Roof Damage, Structural Damage, Selling De-Registered",N/A,5,Petrol,https://manheim.co.nz/damaged-vehicles/000000000007416509/2012-toyota-aurion-sportivo-sx6-3-5p-6-sedan?referringPage=SearchResults
Toyota,Aqua,2012,No,$750,N/A,," Front Damage, Structural Damage, Selling De-Registered",N/A,5,Hybrid,https://manheim.co.nz/damaged-vehicles/000000000007416510/2012-toyota-aqua-hatch?referringPage=SearchResults
Toyota,Premio,2007,No,$850,N/A,," Left Front Damage, Left Side Damage, Right Rear Damage, Structural Damage, Suspension Damage, Selling De-Registered","Automatic,",5,Petrol,https://manheim.co.nz/damaged-vehicles/000000000007416515/2007-toyota-premio-sedan?referringPage=SearchResults
Nissan,Tiida,2005,No,$600,"63,861",," Left Front Damage, Structural Damage, Selling De-Registered","Automatic,",5,Petrol,https://manheim.co.nz/damaged-vehicles/000000000007416517/2005-nissan-tiida-hatch?referringPage=SearchResults
Mitsubishi,Outlander,2012,No,$500,N/A,," Right Front Damage, Structural Damage, Selling De-Registered",N/A,7,Petrol,https://manheim.co.nz/damaged-vehicles/000000000007326514/2012-mitsubishi-outlander-station-wagon?referringPage=SearchResults
Mazda,MAZDA3,2007,No,$500,"322,136",," Left Side Damage, Structural Damage, Selling De-Registered","2spd Automatic,",5,Petrol,https://manheim.co.nz/damaged-vehicles/000000000007416523/2007-mazda-mazda3-sporthatch-sp23-2-3-hatch?referringPage=SearchResults
Toyota,Ractis,2015,No,$750,"75,180",," Left Front Damage, Left Side Damage, Structural Damage, Selling De-Registered","Automatic,",5,Petrol,https://manheim.co.nz/damaged-vehicles/000000000007416532/2015-toyota-ractis-hatch?referringPage=SearchResults
Toyota,Vitz,2007,No,$750,N/A,," Ignition Damage, Structural Damage, Stolen & Recovered, Selling De-Registered","Automatic,",5,Petrol,https://manheim.co.nz/damaged-vehicles/000000000007416545/2007-toyota-vitz-hatch?referringPage=SearchResults
Kia,RIO,2008,Yes,$750,"344,327",," Left Front Damage, Selling Registered","Automatic,",5,Petrol,https://manheim.co.nz/damaged-vehicles/000000000007416555/2008-kia-rio-1-6-sedan-auto-sedan?referringPage=SearchResults
Mazda,Premacy,2013,No,$700,N/A,," Front Damage, Structural Damage, Selling De-Registered","Automatic,",7,Petrol,https://manheim.co.nz/damaged-vehicles/000000000007416557/2013-mazda-premacy-station-wagon?referringPage=SearchResults
Nissan,X-trail,2021,No,"$1,750",N/A,," Front Damage, Rear Damage, Roof Damage, Structural Damage, Selling De-Registered",N/A,7,Petrol,https://manheim.co.nz/damaged-vehicles/000000000007416562/2021-nissan-x-trail-st-2-5p-6cvt-sw-5dr-station-wagon?referringPage=SearchResults
Toyota,Corolla,2004,No,$500,"158,183",," Water Damage, Selling De-Registered",N/A,5,Petrol,https://manheim.co.nz/damaged-vehicles/000000000007416564/2004-toyota-corolla-runx-s-hatch?referringPage=SearchResults
Ford,Fiesta,2005,No,$200,N/A,," Front Damage, Right Front Damage, Structural Damage, Selling De-Registered",N/A,5,Petrol,https://manheim.co.nz/damaged-vehicles/000000000007416566/2005-ford-fiesta-3dr-1-6-m-hatch?referringPage=SearchResults
Toyota,Camry,2000,No,$500,"309,713",," Front Damage, Left Front Damage, Right Front Damage, Structural Damage, Selling De-Registered",N/A,5,Petrol,https://manheim.co.nz/damaged-vehicles/000000000007416569/2000-toyota-camry-3-0p-glx-sedan-4a-sedan?referringPage=SearchResults
Ford,Focus,2015,No,$400,"39,563",," Interior Damage, Water Damage, Selling De-Registered","Automatic,",5,Petrol,https://manheim.co.nz/damaged-vehicles/000000000007416574/2015-ford-focus-trend-2-0-auto-hatc-hatch?referringPage=SearchResults
Toyota,Markx,2005,No,$1,N/A,," Fire - Entire Vehicle, Structural Damage, Stolen & Recovered, Selling De-Registered","Automatic,",5,Petrol,https://manheim.co.nz/damaged-vehicles/000000000007416593/2005-toyota-markx-250g-sedan?referringPage=SearchResults
Honda,CRV,2002,No,$500,"216,584",," Front Damage, Right Front Damage, Structural Damage, Selling De-Registered","Automatic,",5,Petrol,https://manheim.co.nz/damaged-vehicles/000000000007416600/2002-honda-crv-rvi-5d-at-2-4-wag-station-wagon?referringPage=SearchResults
Mazda,MPV,2006,No,$500,"155,137",," Right Rear Damage, Structural Damage, Selling De-Registered","Automatic,",8,Petrol,https://manheim.co.nz/damaged-vehicles/000000000007416602/2006-mazda-mpv-station-wagon?referringPage=SearchResults
Mitsubishi,Colt,2004,No,$200,N/A,," Front Damage, Glass Broken, Left Front Damage, Left Side Damage, Airbags Deployed, Structural Damage, Selling De-Registered","Automatic,",5,Petrol,https://manheim.co.nz/damaged-vehicles/000000000007406601/2004-mitsubishi-colt-hatch?referringPage=SearchResults
Subaru,Impreza,2007,No,$425,N/A,," Front Damage, Airbags Deployed, Structural Damage, Selling De-Registered","Automatic,",5,Petrol,https://manheim.co.nz/damaged-vehicles/000000000007416612/2007-subaru-impreza-sedan?referringPage=SearchResults
Kia,Sorento,2014,No,"$1,950","195,201",," Engine Damage, Selling De-Registered","Automatic,",7,Diesel,https://manheim.co.nz/damaged-vehicles/000000000007416619/2014-kia-sorento-2-2-diesel-auto-ex-station-wagon?referringPage=SearchResults
Peugeot,307,2007,No,$100,"191,418",," Front Damage, Structural Damage, Selling De-Registered","4spd Automatic,",5,Diesel,https://manheim.co.nz/damaged-vehicles/000000000007416629/2007-peugeot-307-hdi-2-0-5d-6sp-a-rw-hatch?referringPage=SearchResults
MG,ZS,2021,No,$950,N/A,," Front Damage, Structural Damage, Selling De-Registered",N/A,5,Electric,https://manheim.co.nz/damaged-vehicles/000000000007416642/2021-mg-zs-ev-105kw-ev-at-station-wagon?referringPage=SearchResults
Mazda,Familia,1994,No,$600,"239,095",," Left Front Damage, Left Rear Damage, Selling De-Registered","5spd Manual,",5,Petrol,https://manheim.co.nz/damaged-vehicles/000000000007406680/1994-mazda-familia-hatch?referringPage=SearchResults
Yamaha,GRP 26  launch,1990,No,N/A,N/A,0," Engine Damage, Water Damage, Selling De-Registered",N/A,N/A,N/A,https://manheim.co.nz/damaged-vehicles/000000000007376689/1990-yamaha-grp-26--launch-boat?referringPage=SearchResults
Subaru,Outback,2006,No,$300,"221,600",," Left Front Damage, Left Side Damage, Underbody Damage, Structural Damage, Selling De-Registered","Automatic,",5,Petrol,https://manheim.co.nz/damaged-vehicles/000000000007406734/2006-subaru-outback-station-wagon?referringPage=SearchResults
Honda,Logo,1996,No,$200,"120,540",," Front Damage, Structural Damage, Selling De-Registered","4spd Automatic,",5,Petrol,https://manheim.co.nz/damaged-vehicles/000000000007406736/1996-honda-logo-hatch?referringPage=SearchResults
Ford,Mondeo,2016,Yes,"$1,300","254,952",," Engine Damage, Selling Registered","Automatic,",5,Diesel,https://manheim.co.nz/damaged-vehicles/000000000007386755/2016-ford-mondeo-ambiente-5dr-diesel-hatch?referringPage=SearchResults
Toyota,SAI,2010,Yes,"$2,050",N/A,," Right Side Damage, Stolen & Recovered, Selling Registered",N/A,5,Hybrid,https://manheim.co.nz/damaged-vehicles/000000000007416766/2010-toyota-sai-hybrid-sedan?referringPage=SearchResults
Nissan,Tiida,2009,No,$625,"96,223",," Rear Damage, Structural Damage, Selling De-Registered","Automatic,",5,Petrol,https://manheim.co.nz/damaged-vehicles/000000000007416774/2009-nissan-tiida-hatch?referringPage=SearchResults
Honda,Airwave,2005,Yes,$600,"130,832",," Right Front Damage, Right Side Damage, Selling Registered","Automatic,",5,Petrol,https://manheim.co.nz/damaged-vehicles/000000000007416781/2005-honda-airwave-station-wagon?referringPage=SearchResults
Audi,A4,2005,No,$500,N/A,," Front Damage, Right Rear Damage, Structural Damage, Selling De-Registered","Automatic,",5,Petrol,https://manheim.co.nz/damaged-vehicles/000000000007416784/2005-audi-a4-1-8t-multi-sedan?referringPage=SearchResults
Toyota,Funcargo,2000,No,$500,"181,910",," Front Damage, Structural Damage, Selling De-Registered","Automatic,",5,Petrol,https://manheim.co.nz/damaged-vehicles/000000000007416786/2000-toyota-funcargo-hatch?referringPage=SearchResults
Ford,Focus,2012,No,$950,"149,171",," Left Rear Damage, Selling De-Registered","Automatic,",5,Diesel,https://manheim.co.nz/damaged-vehicles/000000000007386780/2012-ford-focus-trend-2-0-w-diesel-station-wagon?referringPage=SearchResults
Honda,fit,2014,No,$750,N/A,," Rear Damage, Structural Damage, Selling De-Registered","Automatic,",5,Petrol,https://manheim.co.nz/damaged-vehicles/000000000007416790/2014-honda-fit-hatch?referringPage=SearchResults
Suzuki,Swift,2018,No,N/A,"50,601",," Water Damage, Selling De-Registered","Automatic,",5,Petrol,https://manheim.co.nz/damaged-vehicles/000000000007416792/2018-suzuki-swift-glc-1-2p-cvt-hatch?referringPage=SearchResults
Nissan,Tiida,2007,Yes,$800,N/A,," Front Damage, Glass Broken, Ignition Damage, Left Front Damage, Stolen & Recovered, Selling Registered","Automatic,",5,Petrol,https://manheim.co.nz/damaged-vehicles/000000000007416797/2007-nissan-tiida-hatch?referringPage=SearchResults
Suzuki,Grand Vitara,2001,No,$500,N/A,," Left Side Damage, Roof Damage, Rolled, Right Side Damage, Structural Damage, Selling De-Registered",N/A,4,Petrol,https://manheim.co.nz/damaged-vehicles/000000000007416798/2001-suzuki-grand-vitara-vjlx-1-6-3dr-station-wagon?referringPage=SearchResults
Toyota,Aqua,2014,No,$750,N/A,," Chassis Damage, Front Damage, Structural Damage, Selling De-Registered","Automatic,",5,Hybrid,https://manheim.co.nz/damaged-vehicles/000000000007416800/2014-toyota-aqua-hatch?referringPage=SearchResults
Mitsubishi,Challenger,1998,Yes,"$1,250",N/A,," Front Damage, Rear Damage, Selling Registered","Automatic,",5,Diesel,https://manheim.co.nz/damaged-vehicles/000000000007416803/1998-mitsubishi-challenger-station-wagon?referringPage=SearchResults
Audi,TT,2015,No,"$1,600","99,872",," Left Rear Damage, Rear Damage, Structural Damage, Selling De-Registered","Automatic,",4,Petrol,https://manheim.co.nz/damaged-vehicles/000000000007416807/2015-audi-tt-coup%C3%A9?referringPage=SearchResults
Holden,Barina Spark,2015,No,$400,"201,512",," Right Side Damage, Structural Damage, Selling De-Registered","Automatic,",5,Petrol,https://manheim.co.nz/damaged-vehicles/000000000007416809/2015-holden-barina-spark-cd-1-2p-5mt-ha-4dr--hatch?referringPage=SearchResults
Ford,Focus,2005,No,$500,"194,938",," Front Damage, Airbags Deployed, Structural Damage, Selling De-Registered","Automatic,",5,Petrol,https://manheim.co.nz/damaged-vehicles/000000000007416811/2005-ford-focus-1-6-a-hatch-hatch?referringPage=SearchResults
Toyota,Vitz,2002,No,$600,N/A,," Front Damage, Airbags Deployed, Structural Damage, Selling De-Registered",N/A,5,Petrol,https://manheim.co.nz/damaged-vehicles/000000000007416823/2002-toyota-vitz-rs-hatch?referringPage=SearchResults
Honda,Freed,2011,No,$200,N/A,," Front Damage, Right Front Damage, Structural Damage, Selling De-Registered","5spd Automatic,",5,Hybrid,https://manheim.co.nz/damaged-vehicles/000000000007416837/2011-honda-freed-station-wagon?referringPage=SearchResults
Holden,Cruze,2013,No,$750,"133,500",," Left Front Damage, Right Front Damage, Dismantled - Interior, Selling De-Registered","Automatic,",5,Petrol,https://manheim.co.nz/damaged-vehicles/000000000007386831/2013-holden-cruze-cdx-sdn-1-8-at-sedan?referringPage=SearchResults
Nissan,Dualis,2008,No,$600,"163,063",," Front Damage, Glass Broken, Ignition Damage, Left Front Damage, Left Side Damage, Rear Damage, Stolen & Recovered, Selling De-Registered",N/A,5,Petrol,https://manheim.co.nz/damaged-vehicles/000000000007416849/2008-nissan-dualis-station-wagon?referringPage=SearchResults
Subaru,Impreza,1996,No,$300,N/A,," Front Damage, Structural Damage, Selling De-Registered","5spd Automatic,",5,Petrol,https://manheim.co.nz/damaged-vehicles/000000000007416853/1996-subaru-impreza-station-wagon?referringPage=SearchResults
Nissan,Skyline,2008,Yes,"$1,550","143,590",," Left Side Damage, Stolen & Recovered, Selling Registered","Automatic,",5,Petrol,https://manheim.co.nz/damaged-vehicles/000000000007416854/2008-nissan-skyline-sedan?referringPage=SearchResults
Jeep,Grand Cherokee,2013,No,N/A,"217,688",," Chassis Damage, Front Damage, Structural Damage, Selling De-Registered","Automatic,",5,Petrol,https://manheim.co.nz/damaged-vehicles/000000000007416855/2013-jeep-grand-cherokee-limited-3-6p4wd8a-s-station-wagon?referringPage=SearchResults
Toyota,SAI,2010,No,$600,"169,872",," Rear Damage, Structural Damage, Selling De-Registered","Automatic,",5,Hybrid,https://manheim.co.nz/damaged-vehicles/000000000007416860/2010-toyota-sai-sedan?referringPage=SearchResults
Mazda,MAZDA2,2019,No,"$1,100","43,116",," Front Damage, Left Front Damage, Structural Damage, Selling De-Registered","6spd Automatic,",5,Petrol,https://manheim.co.nz/damaged-vehicles/000000000007416870/2019-mazda-mazda2-gsx-1-5p-6at-hatch?referringPage=SearchResults
Honda,Civic,2009,No,$600,N/A,," Front Damage, Structural Damage, Selling De-Registered",N/A,5,Petrol,https://manheim.co.nz/damaged-vehicles/000000000007416871/2009-honda-civic-sedan?referringPage=SearchResults
Toyota,Altezza,2002,Yes,"$1,350",N/A,," Ignition Damage, Left Side Damage, Vandalised - Interior, Selling Registered",N/A,5,Petrol,https://manheim.co.nz/damaged-vehicles/000000000007416875/2002-toyota-altezza-sedan?referringPage=SearchResults
Toyota,Spade,2014,No,$800,N/A,," Left Front Damage, Left Rear Damage, Structural Damage, Selling De-Registered","Automatic,",5,Petrol,https://manheim.co.nz/damaged-vehicles/000000000007416880/2014-toyota-spade-hatch?referringPage=SearchResults
Mazda,Axela,2004,No,$200,N/A,," Front Damage, Rear Damage, Roof Damage, Rolled, Structural Damage, Suspension Damage, Selling De-Registered","Automatic,",5,Petrol,https://manheim.co.nz/damaged-vehicles/000000000007416882/2004-mazda-axela-hatch?referringPage=SearchResults
Toyota,RAV4,2025,No,N/A,"7,750",," Left Side Damage, Roof Damage, Right Front Damage, Rolled, Right Side Damage, Airbags Deployed, Structural Damage, Selling De-Registered","Automatic,",5,Hybrid,https://manheim.co.nz/damaged-vehicles/000000000007416889/2025-toyota-rav4-limited-2-5ph-4wd-h-station-wagon?referringPage=SearchResults
Nissan,Dualis,2007,No,$800,N/A,," Left Rear Damage, Right Rear Damage, Structural Damage, Selling De-Registered",N/A,5,Petrol,https://manheim.co.nz/damaged-vehicles/000000000007416890/2007-nissan-dualis-station-wagon?referringPage=SearchResults
Suzuki,VL250,2007,No,$0,N/A,," Left Side Damage, Right Front Damage, Right Side Damage, Structural Damage, Selling De-Registered","Automatic,",N/A,Petrol,https://manheim.co.nz/damaged-vehicles/000000000007406893/2007-suzuki-vl250-intruder-250lc-motorcycle?referringPage=SearchResults
Ford,Territory,2013,No,$600,"170,719",," Interior Damage, Selling De-Registered","Automatic,",7,Petrol,https://manheim.co.nz/damaged-vehicles/000000000007406900/2013-ford-territory-station-wagon?referringPage=SearchResults
Subaru,XV,2017,No,"$1,650","134,460",," Right Front Damage, Underbody Damage, Structural Damage, Selling De-Registered","Automatic,",5,Petrol,https://manheim.co.nz/damaged-vehicles/000000000007416902/2017-subaru-xv-station-wagon?referringPage=SearchResults
Nissan,Note,2013,No,$200,1,," Left Side Damage, Right Side Damage, Structural Damage, Selling De-Registered","8spd Automatic,",5,Petrol,https://manheim.co.nz/damaged-vehicles/000000000007416907/2013-nissan-note-hatch?referringPage=SearchResults
Toyota,Isis,2005,No,$600,N/A,," Front Damage, Left Front Damage, Right Front Damage, Right Rear Damage, Right Side Damage, Structural Damage, Selling De-Registered","Automatic,",7,Petrol,https://manheim.co.nz/damaged-vehicles/000000000007416924/2005-toyota-isis-station-wagon?referringPage=SearchResults
Suzuki,SX4,2008,Yes,"$1,275","64,016",," Left Side Damage, Selling Registered","Automatic,",5,Petrol,https://manheim.co.nz/damaged-vehicles/000000000007416942/2008-suzuki-sx4-glxfa2-2-0-5dr-hatch?referringPage=SearchResults
Toyota,Corolla,2003,Yes,"$1,650",N/A,," Left Side Damage, Selling Registered",N/A,5,Petrol,https://manheim.co.nz/damaged-vehicles/000000000007416945/2003-toyota-corolla-fielder-station-wagon?referringPage=SearchResults
Kia,Cerato,2012,No,$200,"185,081",," Front Damage, Rear Damage, Structural Damage, Selling De-Registered","Automatic,",5,Petrol,https://manheim.co.nz/damaged-vehicles/000000000007416948/2012-kia-cerato-2-0-petrol-auto-lx-hatch?referringPage=SearchResults
Honda,Accord,2006,No,$500,"140,162",," Water Damage, Selling De-Registered",N/A,5,Petrol,https://manheim.co.nz/damaged-vehicles/000000000007416953/2006-honda-accord-sedan?referringPage=SearchResults
Holden,Colorado,2013,No,"$1,650",N/A,," Front Damage, Structural Damage, Selling De-Registered","Automatic,",5,Diesel,https://manheim.co.nz/damaged-vehicles/000000000007416958/2013-holden-colorado-4x4-lx-dc-pu-2-8-mt-dual-cab-utility?referringPage=SearchResults
Toyota,Voxy,2004,No,$500,"225,973",," Structural Damage, Selling De-Registered","Automatic,",8,Petrol,https://manheim.co.nz/damaged-vehicles/000000000007416962/2004-toyota-voxy-station-wagon?referringPage=SearchResults
Subaru,Impreza,2008,No,$100,N/A,," Front Damage, Airbags Deployed, Structural Damage, Selling De-Registered","Automatic,",5,Petrol,https://manheim.co.nz/damaged-vehicles/000000000007416965/2008-subaru-impreza-hatch?referringPage=SearchResults
Nissan,Note,2017,No,$400,"109,239",," Water Damage, Selling De-Registered","Automatic,",5,Hybrid,https://manheim.co.nz/damaged-vehicles/000000000007416966/2017-nissan-note-hatch?referringPage=SearchResults
Honda,Civic,2005,Yes,$800,"196,797",," Glass Broken, Ignition Damage, Vandalised - Entire Vehicle, Stolen & Recovered, Selling Registered","Automatic,",5,Petrol,https://manheim.co.nz/damaged-vehicles/000000000007416968/2005-honda-civic-sedan?referringPage=SearchResults
Honda,Edix,2006,No,$600,"137,870",," Front Damage, Left Front Damage, Left Rear Damage, Right Front Damage, Right Rear Damage, Structural Damage, Selling De-Registered","Automatic,",6,Petrol,https://manheim.co.nz/damaged-vehicles/000000000007406965/2006-honda-edix-hatch?referringPage=SearchResults
Toyota,Aqua,2017,No,$700,"241,381",," Front Damage, Structural Damage, Selling De-Registered","Automatic,",5,Hybrid,https://manheim.co.nz/damaged-vehicles/000000000007416970/2017-toyota-aqua-hybrid-hatch?referringPage=SearchResults
Ford,Courier,2001,No,$600,N/A,," Engine Damage, Glass Broken, Interior Damage, Stolen & Recovered, Selling De-Registered",N/A,5,Diesel,https://manheim.co.nz/damaged-vehicles/000000000007416980/2001-ford-courier-xlx-crew-cab-utility?referringPage=SearchResults
BMW,523i,2013,No,$950,"116,110",," Interior Damage, Water Damage, Selling De-Registered","Automatic,",5,Petrol,https://manheim.co.nz/damaged-vehicles/000000000007416982/2013-bmw-523i-sedan?referringPage=SearchResults
Toyota,Wish,2009,No,$900,N/A,," Front Damage, Structural Damage, Selling De-Registered",N/A,7,Petrol,https://manheim.co.nz/damaged-vehicles/000000000007416985/2009-toyota-wish-station-wagon?referringPage=SearchResults
Mazda,Atenza,2005,Yes,$200,"286,191",," Left Side Damage, Selling Registered",N/A,5,Petrol,https://manheim.co.nz/damaged-vehicles/000000000007416989/2005-mazda-atenza-hatch?referringPage=SearchResults
Ford,Fiesta,2016,No,$750,N/A,," Front Damage, Structural Damage, Selling De-Registered","Automatic,",5,Petrol,https://manheim.co.nz/damaged-vehicles/000000000007416998/2016-ford-fiesta-sport-1-0p-6at-ha-5-hatch?referringPage=SearchResults
Subaru,Legacy,2006,No,$700,N/A,," Ignition Damage, Left Front Damage, Left Rear Damage, Right Side Damage, Vandalised - Interior, Structural Damage, Stolen & Recovered, Selling De-Registered","Automatic,",5,Petrol,https://manheim.co.nz/damaged-vehicles/000000000007416999/2006-subaru-legacy-station-wagon?referringPage=SearchResults
Honda,Stream,2006,No,$200,"265,343",," Rear Damage, Selling De-Registered",N/A,7,Petrol,https://manheim.co.nz/damaged-vehicles/000000000007417008/2006-honda-stream-station-wagon?referringPage=SearchResults
Volkswagen,Golf,2004,No,$600,"250,210",," Left Rear Damage, Rear Damage, Right Rear Damage, Structural Damage, Selling De-Registered","Automatic,",5,Petrol,https://manheim.co.nz/damaged-vehicles/000000000007417015/2004-volkswagen-golf-2-0-fsi-tip-hatch?referringPage=SearchResults
Mazda,Verisa,2006,No,$700,"103,630",," Right Rear Damage, Right Side Damage, Structural Damage, Selling De-Registered","Automatic,",5,Petrol,https://manheim.co.nz/damaged-vehicles/000000000007407015/2006-mazda-verisa-hatch?referringPage=SearchResults
Toyota,Aqua,2017,No,"$1,600","95,039",," Left Front Damage, Left Side Damage, Structural Damage, Selling De-Registered","Automatic,",5,Hybrid,https://manheim.co.nz/damaged-vehicles/000000000007417022/2017-toyota-aqua-hatch?referringPage=SearchResults
BMW,4 Series,2017,No,N/A,N/A,," Interior Damage, Water Damage, Selling De-Registered",N/A,5,Petrol,https://manheim.co.nz/damaged-vehicles/000000000007417029/2017-bmw-4-series-420i-2-0p-8at-sedan?referringPage=SearchResults
Nissan,Tiida,2006,No,$600,"134,281",," Ignition Damage, Left Front Damage, Right Side Damage, Structural Damage, Selling De-Registered","Automatic,",5,Petrol,https://manheim.co.nz/damaged-vehicles/000000000007417031/2006-nissan-tiida-hatch?referringPage=SearchResults
Toyota,Wish,2006,Yes,$850,N/A,," Right Side Damage, Selling Registered","Automatic,",7,Petrol,https://manheim.co.nz/damaged-vehicles/000000000007417032/2006-toyota-wish-station-wagon?referringPage=SearchResults
Subaru,Legacy,2007,No,$400,"213,099",," Rear Damage, Structural Damage, Selling De-Registered","Automatic,",5,Petrol,https://manheim.co.nz/damaged-vehicles/000000000007417035/2007-subaru-legacy-station-wagon?referringPage=SearchResults
Nissan,Tiida,2005,No,$500,"196,281",," Front Damage, Left Side Damage, Structural Damage, Selling De-Registered","4spd Automatic,",5,Petrol,https://manheim.co.nz/damaged-vehicles/000000000007417053/2005-nissan-tiida-latio-sedan?referringPage=SearchResults
Ford,Falcon,2003,No,$800,"156,048",," Left Front Damage, Left Side Damage, Roof Damage, Right Rear Damage, Right Side Damage, Dismantled - Entire Vehicle, Dismantled - Engine, Selling De-Registered","Automatic,",5,Petrol,https://manheim.co.nz/damaged-vehicles/000000000007407071/2003-ford-falcon-ba-falcon-xr6t-4fa-sedan?referringPage=SearchResults
Mahindra,XUV,2017,No,"$1,650","120,572",," Left Front Damage, Right Rear Damage, Structural Damage, Selling De-Registered","Automatic,",7,Diesel,https://manheim.co.nz/damaged-vehicles/000000000007387109/2017-mahindra-xuv-w8-2-2d-6at-sw-5dr-station-wagon?referringPage=SearchResults
Suzuki,AN650,2011,No,$0,"35,263",," Structural Damage, Selling De-Registered","Automatic,",N/A,Petrol,https://manheim.co.nz/damaged-vehicles/000000000007387114/2011-suzuki-an650-al1-burgman-650-scooter?referringPage=SearchResults
Toyota,Aqua,2015,No,$750,"179,903",," Front Damage, Structural Damage, Selling De-Registered","Automatic,",5,Hybrid,https://manheim.co.nz/damaged-vehicles/000000000007417124/2015-toyota-aqua-hybrid-hatch?referringPage=SearchResults
Mazda,Demio,2015,No,$700,N/A,," Left Front Damage, Left Side Damage, Structural Damage, Selling De-Registered","Automatic,",5,Petrol,https://manheim.co.nz/damaged-vehicles/000000000007417130/2015-mazda-demio-hatch?referringPage=SearchResults
Land Rover,Discovery,2006,No,$850,"252,960",," Structural Damage, Under Body Damage, Selling De-Registered","4spd Automatic,",7,Diesel,https://manheim.co.nz/damaged-vehicles/000000000007387138/2006-land-rover-discovery-off-road?referringPage=SearchResults
Ford,Mondeo,2009,No,$600,N/A,," Right Side Damage, Structural Damage, Selling De-Registered",N/A,5,Diesel,https://manheim.co.nz/damaged-vehicles/000000000007417166/2009-ford-mondeo-2-0td-sedan-a-sedan?referringPage=SearchResults
Toyota,Allion,2005,Yes,$900,N/A,," Ignition Damage, Left Side Damage, Rear Damage, Vandalised - Interior, Stolen & Recovered, Selling Registered","Automatic,",5,Petrol,https://manheim.co.nz/damaged-vehicles/000000000007417173/2005-toyota-allion-1-8l-sedan?referringPage=SearchResults
Honda,fit,2013,Yes,$900,N/A,," Interior Damage, Vandalised - Interior, Stolen & Recovered, Selling Registered","Automatic,",5,Hybrid,https://manheim.co.nz/damaged-vehicles/000000000007417179/2013-honda-fit-shuttle-hybrid-station-wagon?referringPage=SearchResults
Mitsubishi,Galant,2007,No,$600,N/A,," Front Damage, Structural Damage, Selling De-Registered","Automatic,",5,Petrol,https://manheim.co.nz/damaged-vehicles/000000000007417187/2007-mitsubishi-galant-fortis-sedan?referringPage=SearchResults
Toyota,Celica,2001,No,$700,N/A,," Right Side Damage, Airbags Deployed, Structural Damage, Selling De-Registered","Automatic,",4,Petrol,https://manheim.co.nz/damaged-vehicles/000000000007417190/2001-toyota-celica-1-8p-coupe-4a-sedan?referringPage=SearchResults
Mazda,Axela,2018,No,"$1,650",N/A,," Left Side Damage, Structural Damage, Selling De-Registered",N/A,5,Petrol,https://manheim.co.nz/damaged-vehicles/000000000007417194/2018-mazda-axela-sedan?referringPage=SearchResults
Subaru,Legacy,2015,No,"$1,300","106,472",," Rear Damage, Structural Damage, Selling De-Registered","Automatic,",5,Petrol,https://manheim.co.nz/damaged-vehicles/000000000007417232/2015-subaru-legacy-b4-sedan?referringPage=SearchResults
Mitsubishi,I-car,2007,No,$400,N/A,," Right Rear Damage, Structural Damage, Suspension Damage, Selling De-Registered","4spd Automatic,",4,Petrol,https://manheim.co.nz/damaged-vehicles/000000000007417235/2007-mitsubishi-i-car-660p-5dr-a-hatch?referringPage=SearchResults
Honda,Accord,2003,No,$600,"295,064",," Front Damage, Left Front Damage, Right Front Damage, Structural Damage, Selling De-Registered","6spd Manual,",5,Petrol,https://manheim.co.nz/damaged-vehicles/000000000007417236/2003-honda-accord-euro-2-4-4d-sed-6m-sedan?referringPage=SearchResults
BMW,320i,2005,Yes,$750,"156,450",," Left Front Damage, Selling Registered","Automatic,",5,Petrol,https://manheim.co.nz/damaged-vehicles/000000000007407230/2005-bmw-320i-sedan-6a-4d-2l-sedan?referringPage=SearchResults
Ford,Capri,1990,No,$500,"179,195",," Left Front Damage, Left Rear Damage, Right Front Damage, Dismantled - Interior, Selling De-Registered","5spd Manual,",5,Petrol,https://manheim.co.nz/damaged-vehicles/000000000007407234/1990-ford-capri-hatch?referringPage=SearchResults
Subaru,Impreza,2012,No,$500,N/A,," Front Damage, Rear Damage, Roof Damage, Right Side Damage, Structural Damage, Selling De-Registered","CVT,",5,Petrol,https://manheim.co.nz/damaged-vehicles/000000000007417244/2012-subaru-impreza-hatch?referringPage=SearchResults
Nissan,Tiida,2012,Yes,"$1,300",N/A,," Ignition Damage, Vandalised - Interior, Stolen & Recovered, Selling Registered","Automatic,",5,Petrol,https://manheim.co.nz/damaged-vehicles/000000000007417245/2012-nissan-tiida-latio-sedan?referringPage=SearchResults
LDV,G10,2019,No,N/A,"95,874",," Right Rear Damage, Structural Damage, Selling De-Registered","5spd Manual,",2,Petrol,https://manheim.co.nz/damaged-vehicles/000000000007417250/2019-ldv-g10-cargo-2-4-2-4p-5mt--van?referringPage=SearchResults
Toyota,Ractis,2013,No,$500,"144,580",," Right Front Damage, Structural Damage, Selling De-Registered","11spd,",5,Petrol,https://manheim.co.nz/damaged-vehicles/000000000007417254/2013-toyota-ractis-hatch?referringPage=SearchResults
Mitsubishi,Outlander,2011,No,$700,N/A,," Front Damage, Structural Damage, Selling De-Registered","Automatic,",5,Petrol,https://manheim.co.nz/damaged-vehicles/000000000007417274/2011-mitsubishi-outlander-2-4p-ls-station-wagon?referringPage=SearchResults
Holden,Commodore,2018,No,"$2,300",N/A,," Left Front Damage, Right Front Damage, Airbags Deployed, Selling De-Registered","Automatic,",5,Petrol,https://manheim.co.nz/damaged-vehicles/000000000007407282/2018-holden-commodore-rs-2-0pt-9at-sedan?referringPage=SearchResults
Nissan,Bluebird,2007,Yes,$400,N/A,," Glass Broken, Ignition Damage, Right Side Damage, Stolen & Recovered, Selling Registered","Automatic,",5,Petrol,https://manheim.co.nz/damaged-vehicles/000000000007387288/2007-nissan-bluebird-sedan?referringPage=SearchResults
Maserati,Granturismo,2008,No,N/A,"140,551",, Selling De-Registered,"Automatic,",5,Petrol,https://manheim.co.nz/damaged-vehicles/000000000007387303/2008-maserati-granturismo-4-2l-auto-coup%C3%A9?referringPage=SearchResults
Toyota,Hilux 2.8 D/C,1993,No,"$1,300","453,692",," Chassis Damage, Left Front Damage, Right Front Damage, Right Rear Damage, Dismantled - Interior, Structural Damage, Suspension Damage, Selling De-Registered","Manual,",2,Diesel,https://manheim.co.nz/damaged-vehicles/000000000007407307/1993-toyota-hilux-2-8-d-c-dual-cab-utility?referringPage=SearchResults
Ford,Territory,2013,No,$800,N/A,," Left Front Damage, Left Rear Damage, Right Front Damage, Right Rear Damage, Dismantled - Interior, Selling De-Registered","Automatic,",7,Petrol,https://manheim.co.nz/damaged-vehicles/000000000007407336/2013-ford-territory-titanium-rwd-petrol-station-wagon?referringPage=SearchResults
Mazda,MAZDA2,2013,No,$500,"158,658",," Front Damage, Airbags Deployed, Structural Damage, Selling De-Registered","Automatic,",5,Petrol,https://manheim.co.nz/damaged-vehicles/000000000007417346/2013-mazda-mazda2-classic-1-5-4at-hatch?referringPage=SearchResults
Honda,fit,2014,No,$750,N/A,," Right Front Damage, Right Rear Damage, Right Side Damage, Structural Damage, Selling De-Registered","Automatic,",5,Petrol,https://manheim.co.nz/damaged-vehicles/000000000007417360/2014-honda-fit-hatch?referringPage=SearchResults
Holden,Cruze,2011,No,$750,"110,815",," Left Front Damage, Left Rear Damage, Right Front Damage, Selling De-Registered","Automatic,",5,Petrol,https://manheim.co.nz/damaged-vehicles/000000000007407360/2011-holden-cruze-cd-1-8-at-sedan?referringPage=SearchResults
Holden,Commodore,2018,No,"$1,650","194,469",," Left Side Damage, Selling De-Registered","Automatic,",5,Petrol,https://manheim.co.nz/damaged-vehicles/000000000007407507/2018-holden-commodore-lt-2-0pt-9at-sedan?referringPage=SearchResults
Toyota,Blade,2007,Yes,"$1,350",N/A,," Left Front Damage, Right Front Damage, Stolen & Recovered, Selling Registered","Automatic,",5,Petrol,https://manheim.co.nz/damaged-vehicles/000000000007417500/2007-toyota-blade-hatch?referringPage=SearchResults
Ford,Focus,2007,Yes,$650,N/A,," Right Side Damage, Selling Registered","5spd Manual,",5,Diesel,https://manheim.co.nz/damaged-vehicles/000000000007407510/2007-ford-focus-1-8td-wagon-station-wagon?referringPage=SearchResults
Toyota,Aqua,2012,No,$500,"170,112",," Front Damage, Structural Damage, Selling De-Registered","CVT,",5,Hybrid,https://manheim.co.nz/damaged-vehicles/000000000007407523/2012-toyota-aqua-hatch?referringPage=SearchResults
Toyota,Vanguard,2012,No,"$1,650",N/A,," Right Front Damage, Structural Damage, Suspension Damage, Selling De-Registered","Automatic,",7,Petrol,https://manheim.co.nz/damaged-vehicles/000000000007417542/2012-toyota-vanguard-station-wagon?referringPage=SearchResults
Suzuki,Swift,2018,No,"$1,600",N/A,," Front Damage, Left Front Damage, Left Rear Damage, Right Front Damage, Airbags Deployed, Structural Damage, Selling De-Registered","Automatic,",5,Petrol,https://manheim.co.nz/damaged-vehicles/000000000007417544/2018-suzuki-swift-rs-1-0pt-6at-hatch?referringPage=SearchResults
Mazda,Demio,2008,No,$500,"219,662",," Front Damage, Ignition Damage, Rear Damage, Vandalised - Interior, Structural Damage, Stolen & Recovered, Selling De-Registered","Automatic,",5,Petrol,https://manheim.co.nz/damaged-vehicles/000000000007417546/2008-mazda-demio-hatch?referringPage=SearchResults
Suzuki,Swift,2007,No,$400,"134,510",," Left Side Damage, Structural Damage, Selling De-Registered","4spd Automatic,",5,Petrol,https://manheim.co.nz/damaged-vehicles/000000000007417547/2007-suzuki-swift-hatch?referringPage=SearchResults
Volkswagen,Passat,2009,No,$200,"256,749",," Front Damage, Structural Damage, Selling De-Registered","4spd Automatic,",2,Diesel,https://manheim.co.nz/damaged-vehicles/000000000007417548/2009-volkswagen-passat-125-cr-var-station-wagon?referringPage=SearchResults
Kia,RIO,2010,Yes,"$1,150",N/A,," Front Damage, Right Front Damage, Right Side Damage, Selling Registered","4spd Automatic,",5,Petrol,https://manheim.co.nz/damaged-vehicles/000000000007407645/2010-kia-rio-1-6-ex-hatch-auto-hatch?referringPage=SearchResults
LDV,G10,2021,No,"$1,750",N/A,," Airbags Deployed, Front Damage, Left Front Damage, Left Rear Damage, Right Rear Damage, Airbags Deployed, Structural Damage, Selling De-Registered","Automatic,",2,Diesel,https://manheim.co.nz/damaged-vehicles/000000000007407681/2021-ldv-g10-cargo-diesel-auto-2-van?referringPage=SearchResults
Holden,Commodore,2015,No,"$1,675","141,019",," Engine Damage, Front Damage, Underbody Damage, Structural Damage, Selling De-Registered","Automatic,",5,Petrol,https://manheim.co.nz/damaged-vehicles/000000000007407808/2015-holden-commodore-sedan?referringPage=SearchResults
Toyota,Ipsum,2004,No,$500,N/A,," Front Damage, Airbags Deployed, Structural Damage, Selling De-Registered","Automatic,",7,Petrol,https://manheim.co.nz/damaged-vehicles/000000000007397948/2004-toyota-ipsum-station-wagon?referringPage=SearchResults
Nissan,Tiida,2005,No,$500,"220,743",," Airbags Deployed, Chassis Damage, Front Damage, Left Side Damage, Right Rear Damage, Right Side Damage, Airbags Deployed, Structural Damage, Selling De-Registered","Automatic,",5,Petrol,https://manheim.co.nz/damaged-vehicles/000000000007388049/2005-nissan-tiida-latio-sedan?referringPage=SearchResults
Toyota,Yaris,2008,Yes,"$1,350","129,667",," Front Damage, Rear Damage, Selling Registered","Automatic,",5,Petrol,https://manheim.co.nz/damaged-vehicles/000000000007418248/2008-toyota-yaris-1-3p-hatch3-4a-hatch?referringPage=SearchResults
Nissan,Murano,2005,No,$600,"240,457",," Interior Damage, Water Damage, Selling De-Registered","Automatic,",5,Petrol,https://manheim.co.nz/damaged-vehicles/000000000007418254/2005-nissan-murano-station-wagon?referringPage=SearchResults
Nissan,Tiida,2005,No,$500,"147,338",," Left Front Damage, Structural Damage, Selling De-Registered","Automatic,",5,Petrol,https://manheim.co.nz/damaged-vehicles/000000000007418255/2005-nissan-tiida-hatch?referringPage=SearchResults
Kia,Niro,2021,No,N/A,"55,279",," Left Rear Damage, Structural Damage, Selling De-Registered","Automatic,",5,Hybrid,https://manheim.co.nz/damaged-vehicles/000000000007418256/2021-kia-niro-lx-1-6ph-6am-station-wagon?referringPage=SearchResults
Mazda,Atenza,2004,Yes,$800,"254,197",," Glass Broken, Ignition Damage, Left Front Damage, Left Rear Damage, Vandalised - Interior, Stolen & Recovered, Selling Registered","5spd Automatic,",5,Petrol,https://manheim.co.nz/damaged-vehicles/000000000007418258/2004-mazda-atenza-sedan?referringPage=SearchResults
Nissan,Note,2008,No,$600,"131,453",," Left Rear Damage, Rear Damage, Right Rear Damage, Structural Damage, Selling De-Registered","Automatic,",5,Petrol,https://manheim.co.nz/damaged-vehicles/000000000007418261/2008-nissan-note-hatch?referringPage=SearchResults
Suzuki,SX4,2008,No,$600,N/A,," Front Damage, Left Front Damage, Right Front Damage, Airbags Deployed, Structural Damage, Selling De-Registered","Automatic,",5,Petrol,https://manheim.co.nz/damaged-vehicles/000000000007418262/2008-suzuki-sx4-hatch?referringPage=SearchResults
Mitsubishi,Triton,2021,No,N/A,"166,358",," Right Front Damage, Structural Damage, Selling De-Registered",N/A,5,Diesel,https://manheim.co.nz/damaged-vehicles/000000000007418266/2021-mitsubishi-triton-dc-glxr-6at-2-4d-4w-dual-cab-utility?referringPage=SearchResults
Mitsubishi,Eclipse Cross,2025,No,N/A,"10,843",," Left Side Damage, Structural Damage, Selling De-Registered","Automatic,",5,Petrol,https://manheim.co.nz/damaged-vehicles/000000000007418267/2025-mitsubishi-eclipse-cross-vrx-1-5pt-8cvt-station-wagon?referringPage=SearchResults
Nissan,NV350,2012,No,"$1,600","361,738",," Left Rear Damage, Rear Damage, Structural Damage, Selling De-Registered","5spd Automatic,",6,Diesel,https://manheim.co.nz/damaged-vehicles/000000000007418268/2012-nissan-nv350-van?referringPage=SearchResults
Mazda,BT-50,2009,No,"$1,600","271,039",," Front Damage, Structural Damage, Selling De-Registered","Automatic,",5,Diesel,https://manheim.co.nz/damaged-vehicles/000000000007418269/2009-mazda-bt-50-d-cab-w-s-2wd-sdx-dual-cab-utility?referringPage=SearchResults
Mercedes-Benz,E500,2006,No,$700,"147,628",," Front Damage, Right Front Damage, Suspension Damage, Selling De-Registered","4spd Automatic,",5,Petrol,https://manheim.co.nz/damaged-vehicles/000000000007418270/2006-mercedes-benz-e500-sedan?referringPage=SearchResults
Toyota,Aqua,2019,No,"$1,650",N/A,," Chassis Damage, Front Damage, Left Front Damage, Structural Damage, Selling De-Registered","CVT,",5,Hybrid,https://manheim.co.nz/damaged-vehicles/000000000007418271/2019-toyota-aqua-hatch?referringPage=SearchResults
Suzuki,GSX250,2019,No,$0,N/A,," Ignition Damage, Structural Damage, Stolen & Recovered, Selling De-Registered","Automatic,",N/A,Petrol,https://manheim.co.nz/damaged-vehicles/000000000007418278/2019-suzuki-gsx250-rza-motorcycle?referringPage=SearchResults
Toyota,Hiace,2010,No,N/A,"219,085",," Left Rear Damage, Rear Damage, Right Rear Damage, Structural Damage, Selling De-Registered","Automatic,",6,Petrol,https://manheim.co.nz/damaged-vehicles/000000000007418291/2010-toyota-hiace-van?referringPage=SearchResults
Mazda,Demio,2014,No,$400,N/A,," Ignition Damage, Left Side Damage, Right Side Damage, Structural Damage, Stolen & Recovered, Selling De-Registered","Automatic,",5,Petrol,https://manheim.co.nz/damaged-vehicles/000000000007418307/2014-mazda-demio-hatch?referringPage=SearchResults
Subaru,Legacy,2007,No,$400,"173,042",," Front Damage, Structural Damage, Selling De-Registered","Automatic,",5,Petrol,https://manheim.co.nz/damaged-vehicles/000000000007418317/2007-subaru-legacy-outback-station-wagon?referringPage=SearchResults
Toyota,Vanguard,2012,No,"$1,650",N/A,," Left Front Damage, Right Front Damage, Suspension Damage, Selling De-Registered",N/A,7,Petrol,https://manheim.co.nz/damaged-vehicles/000000000007418332/2012-toyota-vanguard-station-wagon?referringPage=SearchResults
Nissan,Dualis,2009,No,$600,"142,633",," Front Damage, Left Front Damage, Right Front Damage, Structural Damage, Suspension Damage, Selling De-Registered","Automatic,",5,Petrol,https://manheim.co.nz/damaged-vehicles/000000000007418333/2009-nissan-dualis-station-wagon?referringPage=SearchResults
Toyota,Corolla,2009,No,$700,N/A,," Front Damage, Rear Damage, Structural Damage, Selling De-Registered",N/A,5,Petrol,https://manheim.co.nz/damaged-vehicles/000000000007418334/2009-toyota-corolla-1-5p-wagon-5dr-5m-station-wagon?referringPage=SearchResults
Toyota,Corolla,2017,No,N/A,N/A,," Left Rear Damage, Right Side Damage, Structural Damage, Selling De-Registered","Automatic,",5,Petrol,https://manheim.co.nz/damaged-vehicles/000000000007418340/2017-toyota-corolla-levin-sx-1-8p-cvt-hatch?referringPage=SearchResults
Hyundai,Sonata,2010,No,$600,N/A,," Right Side Damage, Structural Damage, Selling De-Registered","Automatic,",5,Diesel,https://manheim.co.nz/damaged-vehicles/000000000007418346/2010-hyundai-sonata-sedan?referringPage=SearchResults
Mazda,CX-5,2016,No,"$1,650",N/A,," Rear Damage, Right Rear Damage, Structural Damage, Selling De-Registered","Automatic,",5,Diesel,https://manheim.co.nz/damaged-vehicles/000000000007418355/2016-mazda-cx-5-ltd-dsl-2-2d-4wd-6a-station-wagon?referringPage=SearchResults
Audi,A5,2019,No,N/A,"32,680",," Left Side Damage, Structural Damage, Selling De-Registered",N/A,5,Petrol,https://manheim.co.nz/damaged-vehicles/000000000007418357/2019-audi-a5-2-0-tfsi-s-tronic-2-sedan?referringPage=SearchResults
Ford,Focus,2017,No,$700,"131,760",," Left Side Damage, Structural Damage, Selling De-Registered",N/A,5,Petrol,https://manheim.co.nz/damaged-vehicles/000000000007418362/2017-ford-focus-trend-1-5p-6at-hatch?referringPage=SearchResults
Toyota,Yaris,2019,No,N/A,N/A,," Front Damage, Rear Damage, Structural Damage, Selling De-Registered","Automatic,",5,Petrol,https://manheim.co.nz/damaged-vehicles/000000000007418367/2019-toyota-yaris-gx-1-3p-4at-hatch?referringPage=SearchResults
Nissan,Tiida,2007,Yes,$900,N/A,," Interior Damage, Ignition Damage, Right Side Damage, Vandalised - Interior, Stolen & Recovered, Selling Registered",N/A,5,Petrol,https://manheim.co.nz/damaged-vehicles/000000000007418368/2007-nissan-tiida-hatch?referringPage=SearchResults
Mazda,Demio,2010,No,$500,"127,722",," Right Side Damage, Structural Damage, Selling De-Registered","Automatic,",5,Petrol,https://manheim.co.nz/damaged-vehicles/000000000007418372/2010-mazda-demio-hatch?referringPage=SearchResults
Hyundai,I30,2010,Yes,$800,N/A,," Front Damage, Rear Damage, Stolen & Recovered, Selling Registered","Automatic,",5,Petrol,https://manheim.co.nz/damaged-vehicles/000000000007418375/2010-hyundai-i30-wagon-1-6-m5-station-wagon?referringPage=SearchResults
Mazda,Axela,2011,No,$500,N/A,," Front Damage, Structural Damage, Selling De-Registered","Automatic,",5,Petrol,https://manheim.co.nz/damaged-vehicles/000000000007418379/2011-mazda-axela-sport-hatch?referringPage=SearchResults
Toyota,Corolla,2010,No,$700,N/A,," Right Side Damage, Structural Damage, Selling De-Registered","Automatic,",5,Petrol,https://manheim.co.nz/damaged-vehicles/000000000007418383/2010-toyota-corolla-1-8p-gx-hatch-5-4a-hatch?referringPage=SearchResults
Nissan,March,2010,Yes,$950,N/A,," Right Side Damage, Selling Registered",N/A,5,Petrol,https://manheim.co.nz/damaged-vehicles/000000000007418387/2010-nissan-march-hatch?referringPage=SearchResults
Toyota,Dyna,2007,No,"$3,600","346,239",1," Front Damage, Structural Damage, Selling De-Registered","5spd Manual,",3,Diesel,https://manheim.co.nz/damaged-vehicles/000000000007408386/2007-toyota-dyna-xzu414-box-body?referringPage=SearchResults
Honda,Civic,2004,Yes,$800,N/A,," Left Rear Damage, Rear Damage, Selling Registered","Automatic,",5,Petrol,https://manheim.co.nz/damaged-vehicles/000000000007418390/2004-honda-civic-ferio-sedan?referringPage=SearchResults
BMW,320i,2008,No,$700,"175,622",," Front Damage, Airbags Deployed, Structural Damage, Selling De-Registered","6spd Automatic,",5,Petrol,https://manheim.co.nz/damaged-vehicles/000000000007418393/2008-bmw-320i-touring?referringPage=SearchResults
Ford,Focus,2001,No,$500,N/A,," Airbags Deployed, Left Front Damage, Airbags Deployed, Structural Damage, Selling De-Registered","Automatic,",5,Petrol,https://manheim.co.nz/damaged-vehicles/000000000007408405/2001-ford-focus-hatch?referringPage=SearchResults
Ford,Mondeo,2016,No,$950,"102,770",," Left Front Damage, Right Front Damage, Airbags Deployed, Selling De-Registered","Automatic,",5,N/A,https://manheim.co.nz/damaged-vehicles/000000000007418418/2016-ford-mondeo-ambiente-wgn-diesel-station-wagon?referringPage=SearchResults
Kia,Cerato,2018,No,$950,"98,163",," Right Front Damage, Structural Damage, Selling De-Registered",N/A,5,Petrol,https://manheim.co.nz/damaged-vehicles/000000000007408438/2018-kia-cerato-ex-2-0p-6at-hatch?referringPage=SearchResults
Toyota,Hilux,1996,No,"$1,750","251,556",," Glass Broken, Ignition Damage, Left Side Damage, Vandalised - Interior, Structural Damage, Selling De-Registered","Automatic,",5,Diesel,https://manheim.co.nz/damaged-vehicles/000000000007388438/1996-toyota-hilux-station-wagon?referringPage=SearchResults
Holden,VX Commodore,2001,No,"$2,050","209,662",," Front Damage, Airbags Deployed, Structural Damage, Selling De-Registered","Automatic,",5,Petrol,https://manheim.co.nz/damaged-vehicles/000000000007418473/2001-holden-vx-commodore-5-7-ss-auto-sedan?referringPage=SearchResults
Nissan,Wingroad,2006,No,$600,"145,276",," Front Damage, Structural Damage, Selling De-Registered","Automatic,",5,Petrol,https://manheim.co.nz/damaged-vehicles/000000000007418474/2006-nissan-wingroad-station-wagon?referringPage=SearchResults
Honda,fit,2004,No,$600,N/A,," Front Damage, Left Side Damage, Structural Damage, Selling De-Registered","Automatic,",5,Petrol,https://manheim.co.nz/damaged-vehicles/000000000007418501/2004-honda-fit-hatch?referringPage=SearchResults
Ford,Laser,2002,No,$600,N/A,," Right Front Damage, Right Side Damage, Structural Damage, Selling De-Registered",N/A,5,Petrol,https://manheim.co.nz/damaged-vehicles/000000000007418506/2002-ford-laser-1-6-lxi-5dr-man-hatch?referringPage=SearchResults
Mazda,Demio,2010,No,$750,"163,697",," Glass Broken, Interior Damage, Ignition Damage, Left Side Damage, Stolen & Recovered, Selling De-Registered",N/A,5,Petrol,https://manheim.co.nz/damaged-vehicles/000000000007408507/2010-mazda-demio-hatch?referringPage=SearchResults
Mazda,Axela,2010,No,$500,N/A,," Front Damage, Right Side Damage, Airbags Deployed, Structural Damage, Selling De-Registered","Automatic,",5,Petrol,https://manheim.co.nz/damaged-vehicles/000000000007418522/2010-mazda-axela-hatch?referringPage=SearchResults
Toyota,Corolla,2005,No,$650,N/A,," Front Damage, Left Rear Damage, Structural Damage, Selling De-Registered","Automatic,",5,Petrol,https://manheim.co.nz/damaged-vehicles/000000000007418531/2005-toyota-corolla-fielder-station-wagon?referringPage=SearchResults
Subaru,Impreza,2012,No,$400,"138,677",," Front Damage, Left Front Damage, Rear Damage, Structural Damage, Selling De-Registered","Automatic,",5,Petrol,https://manheim.co.nz/damaged-vehicles/000000000007418558/2012-subaru-impreza-hatch?referringPage=SearchResults
Toyota,Aqua,2012,No,$600,N/A,," Rear Damage, Structural Damage, Selling De-Registered","Automatic,",5,Hybrid,https://manheim.co.nz/damaged-vehicles/000000000007418571/2012-toyota-aqua-hatch?referringPage=SearchResults
Toyota,Aqua,2016,No,$1,1,," Fire - Entire Vehicle, Structural Damage, Selling De-Registered","Automatic,",5,Hybrid,https://manheim.co.nz/damaged-vehicles/000000000007378580/2016-toyota-aqua-hatch?referringPage=SearchResults
Honda,fit,2014,No,"$1,050",N/A,," Left Side Damage, Structural Damage, Selling De-Registered",N/A,5,Petrol,https://manheim.co.nz/damaged-vehicles/000000000007418607/2014-honda-fit-hatch?referringPage=SearchResults
Ford,Kuga,2011,No,$750,N/A,," Left Rear Damage, Selling De-Registered","Automatic,",5,Petrol,https://manheim.co.nz/damaged-vehicles/000000000007388612/2011-ford-kuga-2-5t-hatch?referringPage=SearchResults
Nissan,Juke,2010,No,$500,N/A,," Left Front Damage, Structural Damage, Selling De-Registered",N/A,5,Petrol,https://manheim.co.nz/damaged-vehicles/000000000007398627/2010-nissan-juke-hatch?referringPage=SearchResults
Kia,Picanto,2009,No,$300,"123,939",," Glass Broken, Left Rear Damage, Left Side Damage, Rear Damage, Right Rear Damage, Structural Damage, Selling De-Registered",N/A,5,Petrol,https://manheim.co.nz/damaged-vehicles/000000000007418628/2009-kia-picanto-1-1-manual-hatch?referringPage=SearchResults
BMW,Mini,2016,No,$950,"88,091",," Front Damage, Right Front Damage, Right Side Damage, Structural Damage, Selling De-Registered",N/A,5,Petrol,https://manheim.co.nz/damaged-vehicles/000000000007418629/2016-bmw-mini-cooper-hatch?referringPage=SearchResults
Subaru,Forester,2007,No,$200,"233,970",," Left Side Damage, Structural Damage, Selling De-Registered","Automatic,",5,Petrol,https://manheim.co.nz/damaged-vehicles/000000000007418632/2007-subaru-forester-station-wagon?referringPage=SearchResults
Nissan,Tiida,2009,No,$500,"249,000",," Right Side Damage, Structural Damage, Selling De-Registered","Automatic,",5,Petrol,https://manheim.co.nz/damaged-vehicles/000000000007418634/2009-nissan-tiida-hatch?referringPage=SearchResults
Ford,Mondeo,2016,No,"$1,750","99,543",," Left Front Damage, Right Front Damage, Selling De-Registered","Automatic,",5,Diesel,https://manheim.co.nz/damaged-vehicles/000000000007388636/2016-ford-mondeo-trend-5dr-diesel-2--hatch?referringPage=SearchResults
Nissan,March,2008,No,$1,N/A,," Fire Damage, Structural Damage, Stolen & Recovered, Selling De-Registered",N/A,5,Petrol,https://manheim.co.nz/damaged-vehicles/000000000007388667/2008-nissan-march-hatch?referringPage=SearchResults
Toyota,Estima,2011,No,$700,N/A,," Front Damage, Rear Damage, Right Rear Damage, Structural Damage, Selling De-Registered","Automatic,",8,Hybrid,https://manheim.co.nz/damaged-vehicles/000000000007418675/2011-toyota-estima-station-wagon?referringPage=SearchResults
Ford,Falcon UTE,2004,No,"$3,300",N/A,," Left Front Damage, Left Side Damage, Right Front Damage, Right Side Damage, Airbags Deployed, Selling De-Registered","Automatic,",2,Petrol,https://manheim.co.nz/damaged-vehicles/000000000007418688/2004-ford-falcon-ute-ba-xr8-pick-up-fa-coup%C3%A9?referringPage=SearchResults
BMW,Compact,2002,No,$200,N/A,," Front Damage, Fire Damage, Fire - Engine, Structural Damage, Selling De-Registered","Automatic,",5,Petrol,https://manheim.co.nz/damaged-vehicles/000000000007418705/2002-bmw-compact-compact-a-hatch?referringPage=SearchResults
Toyota,Camry,1999,Yes,$925,N/A,," Right Front Damage, Selling Registered","Automatic,",5,Petrol,https://manheim.co.nz/damaged-vehicles/000000000007418707/1999-toyota-camry-3-0p-glx-sedan-4a-sedan?referringPage=SearchResults
MG,ZS,2022,No,"$1,950",N/A,," Front Damage, Airbags Deployed, Structural Damage, Selling De-Registered","Automatic,",5,Petrol,https://manheim.co.nz/damaged-vehicles/000000000007418709/2022-mg-zs-t-core-1-5p-cvt-station-wagon?referringPage=SearchResults
Triumph,Street Triple,2016,No,$0,"49,755",," Structural Damage, Selling De-Registered","Automatic,",N/A,Petrol,https://manheim.co.nz/damaged-vehicles/000000000007408717/2016-triumph-street-triple-660-abs-b1-ls7-motorcycle?referringPage=SearchResults
BMW,325i,2002,No,$200,N/A,," Rear Damage, Structural Damage, Selling De-Registered","Automatic,",5,Petrol,https://manheim.co.nz/damaged-vehicles/000000000007418724/2002-bmw-325i-touring?referringPage=SearchResults
Toyota,Corolla,2015,No,$600,"159,689",," Front Damage, Airbags Deployed, Structural Damage, Selling De-Registered","Automatic,",5,Petrol,https://manheim.co.nz/damaged-vehicles/000000000007418734/2015-toyota-corolla-gx-1-8p-hatch-cv-hatch?referringPage=SearchResults
Nissan,Dualis,2008,No,$700,N/A,," Rear Damage, Structural Damage, Selling De-Registered",N/A,5,Petrol,https://manheim.co.nz/damaged-vehicles/000000000007418742/2008-nissan-dualis-station-wagon?referringPage=SearchResults
Honda,Cr-z,2010,No,$750,N/A,," Front Damage, Structural Damage, Selling De-Registered","Automatic,",4,Petrol,https://manheim.co.nz/damaged-vehicles/000000000007418745/2010-honda-cr-z-hatch?referringPage=SearchResults
Honda,fit,2005,No,$600,N/A,," Left Rear Damage, Rear Damage, Structural Damage, Selling De-Registered","Automatic,",5,Petrol,https://manheim.co.nz/damaged-vehicles/000000000007418750/2005-honda-fit-hatch?referringPage=SearchResults
Mitsubishi,Lancer,1999,Yes,$750,"181,694",, Selling Registered,"Automatic,",5,Petrol,https://manheim.co.nz/damaged-vehicles/000000000007418758/1999-mitsubishi-lancer-1-8p-glxi-sedan-m-sedan?referringPage=SearchResults
Subaru,Impreza,2001,Yes,$425,"241,438",," Ignition Damage, Vandalised - Interior, Stolen & Recovered, Selling Registered","Automatic,",5,Petrol,https://manheim.co.nz/damaged-vehicles/000000000007418763/2001-subaru-impreza-station-wagon?referringPage=SearchResults
Hyundai,Accent,2018,No,"$1,600",N/A,," Left Rear Damage, Structural Damage, Selling De-Registered",N/A,5,Petrol,https://manheim.co.nz/damaged-vehicles/000000000007418764/2018-hyundai-accent-1-4p-cvt-hatch?referringPage=SearchResults
Subaru,XV,2013,No,$950,N/A,," Front Damage, Rear Damage, Structural Damage, Selling De-Registered","Automatic,",5,Petrol,https://manheim.co.nz/damaged-vehicles/000000000007418769/2013-subaru-xv-hatch-2-0i-auto-station-wagon?referringPage=SearchResults
Mazda,CX-3,2017,No,"$1,650",N/A,," Interior Damage, Selling De-Registered","Automatic,",5,Petrol,https://manheim.co.nz/damaged-vehicles/000000000007418771/2017-mazda-cx-3-gsx-2-0p-6at-station-wagon?referringPage=SearchResults
Yamaha,YZF,2019,No,$0,"31,006",," Front Damage, Structural Damage, Selling De-Registered",N/A,N/A,Petrol,https://manheim.co.nz/damaged-vehicles/000000000007408784/2019-yamaha-yzf-r3-aj2-motorcycle?referringPage=SearchResults
Mazda,Axela,2016,No,"$1,600","118,365",," Front Damage, Structural Damage, Selling De-Registered",N/A,5,Petrol,https://manheim.co.nz/damaged-vehicles/000000000007408788/2016-mazda-axela-sedan?referringPage=SearchResults
CRUSADER,Imperial 180,1977,No,$210,1,0," Structural Damage, Water Damage, Selling De-Registered",N/A,N/A,N/A,https://manheim.co.nz/damaged-vehicles/000000000007408791/1977-crusader-imperial-180-caravan?referringPage=SearchResults
Daihatsu,YRV,2000,Yes,$600,"171,569",," Front Damage, Selling Registered","4spd Automatic,",5,Petrol,https://manheim.co.nz/damaged-vehicles/000000000007408792/2000-daihatsu-yrv-station-wagon?referringPage=SearchResults
Nissan,March,2005,No,$500,"210,841",," Front Damage, Structural Damage, Selling De-Registered","Automatic,",5,Petrol,https://manheim.co.nz/damaged-vehicles/000000000007418792/2005-nissan-march-hatch?referringPage=SearchResults
Toyota,Corolla,2007,No,$600,"131,837",," Left Front Damage, Structural Damage, Selling De-Registered","Automatic,",5,Petrol,https://manheim.co.nz/damaged-vehicles/000000000007418817/2007-toyota-corolla-fielder-station-wagon?referringPage=SearchResults
Mazda,Demio,2012,No,$500,"163,036",," Right Rear Damage, Structural Damage, Selling De-Registered","4spd Automatic,",5,Petrol,https://manheim.co.nz/damaged-vehicles/000000000007418826/2012-mazda-demio-hatch?referringPage=SearchResults
Audi,A3,2006,No,$600,N/A,," Left Side Damage, Structural Damage, Selling De-Registered","Automatic,",5,Petrol,https://manheim.co.nz/damaged-vehicles/000000000007418831/2006-audi-a3-hatch?referringPage=SearchResults
Nissan,Serena,2017,No,"$1,750","127,668",," Front Damage, Rear Damage, Structural Damage, Selling De-Registered","Automatic,",8,Hybrid,https://manheim.co.nz/damaged-vehicles/000000000007418834/2017-nissan-serena-station-wagon?referringPage=SearchResults
Mazda,Axela,2017,No,"$1,650",N/A,," Left Front Damage, Rear Damage, Right Rear Damage, Structural Damage, Suspension Damage, Selling De-Registered","Automatic,",5,Petrol,https://manheim.co.nz/damaged-vehicles/000000000007418836/2017-mazda-axela-sedan?referringPage=SearchResults
BMW,2 Series,2016,No,"$1,750",N/A,," Left Side Damage, Structural Damage, Selling De-Registered",N/A,5,Petrol,https://manheim.co.nz/damaged-vehicles/000000000007418838/2016-bmw-2-series-218i-1-5p-6at-ha-5d-hatch?referringPage=SearchResults
Toyota,Yaris,2006,Yes,$825,"247,448",," Front Damage, Selling Registered","5spd Manual,",5,Petrol,https://manheim.co.nz/damaged-vehicles/000000000007408839/2006-toyota-yaris-1-3p-hatch5-5m-hatch?referringPage=SearchResults
Toyota,Aqua,2016,No,$950,N/A,," Right Side Damage, Structural Damage, Selling De-Registered","Automatic,",5,Hybrid,https://manheim.co.nz/damaged-vehicles/000000000007398860/2016-toyota-aqua-hatch?referringPage=SearchResults
Nissan,Note,2011,No,$500,N/A,," Right Side Damage, Structural Damage, Selling De-Registered",N/A,5,Petrol,https://manheim.co.nz/damaged-vehicles/000000000007418861/2011-nissan-note-station-wagon?referringPage=SearchResults
Mazda,Verisa,2007,No,$600,"134,105",," Front Damage, Left Front Damage, Structural Damage, Selling De-Registered","Automatic,",5,Petrol,https://manheim.co.nz/damaged-vehicles/000000000007418867/2007-mazda-verisa-hatch?referringPage=SearchResults
Toyota,Corolla,2002,No,$700,N/A,," Right Rear Damage, Water Damage, Selling De-Registered","Automatic,",5,Petrol,https://manheim.co.nz/damaged-vehicles/000000000007418881/2002-toyota-corolla-1-8p-gl-hatch5-4a-hatch?referringPage=SearchResults
Mitsubishi,Lancer,2014,No,$750,"165,260",," Left Rear Damage, Rear Damage, Right Rear Damage, Structural Damage, Selling De-Registered","CVT,",5,Petrol,https://manheim.co.nz/damaged-vehicles/000000000007418884/2014-mitsubishi-lancer-gsr-2-0pcvt-sl5s-sedan?referringPage=SearchResults
Audi,A4,2010,No,$750,N/A,," Fire Damage, Left Front Damage, Malicious/Vandalised, Roof Damage, Fire - Interior, Structural Damage, Selling De-Registered","Automatic,",5,Petrol,https://manheim.co.nz/damaged-vehicles/000000000007418887/2010-audi-a4-2-0t-quattro-sedan?referringPage=SearchResults
Toyota,Altezza,1998,No,$800,"241,064",," Front Damage, Left Front Damage, Right Front Damage, Airbags Deployed, Structural Damage, Selling De-Registered","Manual,",5,Petrol,https://manheim.co.nz/damaged-vehicles/000000000007418889/1998-toyota-altezza-sedan?referringPage=SearchResults
Toyota,Aqua,2017,No,$950,N/A,," Front Damage, Left Front Damage, Right Front Damage, Airbags Deployed, Structural Damage, Selling De-Registered","Automatic,",5,Hybrid,https://manheim.co.nz/damaged-vehicles/000000000007408889/2017-toyota-aqua-hatch?referringPage=SearchResults
Suzuki,Swift,2006,Yes,$825,"207,860",," Right Front Damage, Selling Registered","Automatic,",5,Petrol,https://manheim.co.nz/damaged-vehicles/000000000007418911/2006-suzuki-swift-hatch?referringPage=SearchResults
Nissan,Teana,2005,No,$600,N/A,," Rear Damage, Right Front Damage, Structural Damage, Selling De-Registered","Automatic,",5,Petrol,https://manheim.co.nz/damaged-vehicles/000000000007418913/2005-nissan-teana-230jm-sedan?referringPage=SearchResults
Nissan,Tiida,2012,No,$750,"235,979",," Front Damage, Structural Damage, Suspension Damage, Selling De-Registered","4spd,",5,Petrol,https://manheim.co.nz/damaged-vehicles/000000000007398921/2012-nissan-tiida-latio-sedan?referringPage=SearchResults
Mazda,Axela,2010,No,$600,N/A,," Left Front Damage, Structural Damage, Selling De-Registered",N/A,5,Petrol,https://manheim.co.nz/damaged-vehicles/000000000007388940/2010-mazda-axela-hatch?referringPage=SearchResults
Kia,Soul,2009,Yes,"$1,300","90,708",," Left Front Damage, Underbody Damage, Suspension Damage, Selling Registered","Automatic,",5,Diesel,https://manheim.co.nz/damaged-vehicles/000000000007358942/2009-kia-soul-hatch?referringPage=SearchResults
Subaru,Outback,2013,No,$500,"156,912",," Structural Damage, Selling De-Registered","Automatic,",5,Petrol,https://manheim.co.nz/damaged-vehicles/000000000007419039/2013-subaru-outback-station-wagon?referringPage=SearchResults
Toyota,Aqua,2016,No,$400,N/A,," Front Damage, Structural Damage, Selling De-Registered","Automatic,",5,Hybrid,https://manheim.co.nz/damaged-vehicles/000000000007419040/2016-toyota-aqua-hatch?referringPage=SearchResults
Nissan,Tiida,2011,No,$500,"91,285",," Left Front Damage, Left Side Damage, Structural Damage, Selling De-Registered","Automatic,",5,Petrol,https://manheim.co.nz/damaged-vehicles/000000000007419046/2011-nissan-tiida-hatch?referringPage=SearchResults
CARAVAN,Swift Corniche,1993,No,$680,N/A,0," Interior Damage, Structural Damage, Water Damage, Selling De-Registered",N/A,N/A,N/A,https://manheim.co.nz/damaged-vehicles/000000000007419047/1993-caravan-swift-corniche-caravan?referringPage=SearchResults
Toyota,Prado,1998,No,"$1,750",N/A,," Interior Damage, Water Damage, Selling De-Registered","Automatic,",8,Diesel,https://manheim.co.nz/damaged-vehicles/000000000007419048/1998-toyota-prado-3-0td-4-sr5-wagon55-station-wagon?referringPage=SearchResults
Nissan,Tiida,2009,Yes,$800,N/A,," Left Front Damage, Left Side Damage, Selling Registered","Automatic,",5,Petrol,https://manheim.co.nz/damaged-vehicles/000000000007419055/2009-nissan-tiida-hatch?referringPage=SearchResults
BMW,X1,2011,No,$750,N/A,," Front Damage, Right Side Damage, Structural Damage, Selling De-Registered",N/A,5,Petrol,https://manheim.co.nz/damaged-vehicles/000000000007419056/2011-bmw-x1-hatch?referringPage=SearchResults
Toyota,Aqua,2012,No,$500,"121,207",," Water Damage, Selling De-Registered","Automatic,",5,Hybrid,https://manheim.co.nz/damaged-vehicles/000000000007419065/2012-toyota-aqua-hybrid-hatch?referringPage=SearchResults
Toyota,Corolla,2004,No,$600,"202,576",," Left Side Damage, Structural Damage, Selling De-Registered",N/A,5,Petrol,https://manheim.co.nz/damaged-vehicles/000000000007419066/2004-toyota-corolla-1-8p-gl-hatch5-5m-hatch?referringPage=SearchResults
Mitsubishi,Galant,2007,Yes,$600,"260,192",," Rear Damage, Selling Registered",N/A,5,Petrol,https://manheim.co.nz/damaged-vehicles/000000000007419068/2007-mitsubishi-galant-fortis-sedan?referringPage=SearchResults
Suzuki,Splash,2012,No,$500,"122,906",," Front Damage, Left Rear Damage, Right Front Damage, Structural Damage, Selling De-Registered","Automatic,",5,Petrol,https://manheim.co.nz/damaged-vehicles/000000000007419072/2012-suzuki-splash-hatch?referringPage=SearchResults
Audi,A4,2008,No,$500,N/A,," Front Damage, Structural Damage, Selling De-Registered","Automatic,",5,Petrol,https://manheim.co.nz/damaged-vehicles/000000000007419078/2008-audi-a4-2-0-station-wagon?referringPage=SearchResults
Mazda,Demio,2002,Yes,$600,"253,572",," Front Damage, Glass Broken, Ignition Damage, Left Rear Damage, Vandalised - Interior, Stolen & Recovered, Selling Registered","Automatic,",5,Petrol,https://manheim.co.nz/damaged-vehicles/000000000007419081/2002-mazda-demio-hatch?referringPage=SearchResults
Mazda,MPV,2011,No,$0,"207,064",, Selling De-Registered,"Automatic,",8,Petrol,https://manheim.co.nz/damaged-vehicles/000000000007419082/2011-mazda-mpv-station-wagon?referringPage=SearchResults
Subaru,N/A,N/A,No,$160,N/A,, Dismantled - Entire Vehicle,N/A,N/A,N/A,https://manheim.co.nz/damaged-vehicles/000000000007419084/subaru-utility?referringPage=SearchResults
Toyota,Estima,1996,Yes,$525,"119,438",," Rear Damage, Selling Registered",N/A,8,Diesel,https://manheim.co.nz/damaged-vehicles/000000000007419088/1996-toyota-estima-lucida-x-station-wagon?referringPage=SearchResults
Mazda,Verisa,2004,No,$500,N/A,," Rear Damage, Structural Damage, Selling De-Registered",N/A,5,Petrol,https://manheim.co.nz/damaged-vehicles/000000000007409083/2004-mazda-verisa-hatch?referringPage=SearchResults
Suzuki,Swift,2005,No,$550,N/A,," Right Front Damage, Structural Damage, Selling De-Registered",N/A,5,Petrol,https://manheim.co.nz/damaged-vehicles/000000000007409088/2005-suzuki-swift-hatch?referringPage=SearchResults
Toyota,Corolla,2019,No,N/A,"84,633",," Right Front Damage, Right Rear Damage, Right Side Damage, Structural Damage, Suspension Damage, Selling De-Registered",N/A,5,Hybrid,https://manheim.co.nz/damaged-vehicles/000000000007409089/2019-toyota-corolla-gx-1-8p-cvt-hatch?referringPage=SearchResults
Honda,TRX420FM1,2014,No,$0,N/A,," Front Damage, Structural Damage, Selling De-Registered, Non Reg Item",N/A,N/A,N/A,https://manheim.co.nz/damaged-vehicles/000000000007409090/2014-honda-trx420fm1-quad-bike?referringPage=SearchResults
Suzuki,GSX250FRLL9,2022,No,$0,1,," Structural Damage, Selling De-Registered","Automatic,",N/A,Petrol,https://manheim.co.nz/damaged-vehicles/000000000007409097/2022-suzuki-gsx250frll9-motorcycle?referringPage=SearchResults
Renault,Koleos,2015,No,$500,"148,617",," Front Damage, Structural Damage, Selling De-Registered",N/A,5,Petrol,https://manheim.co.nz/damaged-vehicles/000000000007419091/2015-renault-koleos-2-0-4x2-cvt-2-5p-cv-station-wagon?referringPage=SearchResults
Toyota,Yaris,2011,No,$400,"119,424",," Roof Damage, Structural Damage, Selling De-Registered",N/A,5,Petrol,https://manheim.co.nz/damaged-vehicles/000000000007419101/2011-toyota-yaris-1-5p-sedan-4a-sedan?referringPage=SearchResults
Suzuki,Swift,2007,Yes,"$1,125",N/A,," Front Damage, Selling Registered","Automatic,",5,Petrol,https://manheim.co.nz/damaged-vehicles/000000000007419102/2007-suzuki-swift-hatch?referringPage=SearchResults
MG,ZS,2022,No,"$2,000",N/A,," Right Side Damage, Structural Damage, Selling De-Registered","Automatic, Drive Type, Front Wheel Drive, Fuel Type, Electri",5,Electric,https://manheim.co.nz/damaged-vehicles/000000000007419107/2022-mg-zs-ev-44kwh-ev-at-station-wagon?referringPage=SearchResults
Toyota,Previa,2006,No,$600,N/A,," Rear Damage, Structural Damage, Selling De-Registered","Automatic,",8,Petrol,https://manheim.co.nz/damaged-vehicles/000000000007409102/2006-toyota-previa-2-4p-wagon-4a-station-wagon?referringPage=SearchResults
Nissan,Note,2017,No,"$1,750",N/A,," Front Damage, Right Front Damage, Structural Damage, Selling De-Registered",N/A,4,Hybrid,https://manheim.co.nz/damaged-vehicles/000000000007409121/2017-nissan-note-e-power-hatch?referringPage=SearchResults
Ford,Courier,2003,No,$900,"304,729",," Structural Damage, Stolen & Recovered, Selling De-Registered",N/A,5,Diesel,https://manheim.co.nz/damaged-vehicles/000000000007419127/2003-ford-courier-xlx-2-5td-crew-4x2-dual-cab-utility?referringPage=SearchResults
Mazda,CX-7,2007,Yes,$850,"101,672",," Interior Damage, Dismantled - Interior, Selling Registered","Automatic,",5,Petrol,https://manheim.co.nz/damaged-vehicles/000000000007409150/2007-mazda-cx-7-station-wagon?referringPage=SearchResults
Toyota,Auris,2007,No,$600,N/A,," Front Damage, Right Front Damage, Right Side Damage, Structural Damage, Selling De-Registered","Automatic,",5,Petrol,https://manheim.co.nz/damaged-vehicles/000000000007409155/2007-toyota-auris-hatch?referringPage=SearchResults
Nissan,Tiida,2007,No,$600,N/A,," Left Side Damage, Right Side Damage, Structural Damage, Selling De-Registered","Automatic,",5,Petrol,https://manheim.co.nz/damaged-vehicles/000000000007419167/2007-nissan-tiida-hatch?referringPage=SearchResults
ADLY,SF-50,2016,No,$0,411,," Left Front Damage, Left Side Damage, Right Front Damage, Right Side Damage, Structural Damage, Stolen & Recovered, Selling De-Registered","Automatic,",N/A,Petrol,https://manheim.co.nz/damaged-vehicles/000000000007419172/2016-adly-sf-50-scooter?referringPage=SearchResults
Subaru,Outback,2009,No,$400,"220,735",," Rear Damage, Structural Damage, Selling De-Registered","Automatic,",5,Petrol,https://manheim.co.nz/damaged-vehicles/000000000007419179/2009-subaru-outback-station-wagon?referringPage=SearchResults
Mitsubishi,Outlander,2007,No,$1,N/A,," Fire Damage, Structural Damage, Stolen & Recovered, Selling De-Registered",N/A,7,Petrol,https://manheim.co.nz/damaged-vehicles/000000000007409173/2007-mitsubishi-outlander-station-wagon?referringPage=SearchResults
Holden,Captiva,2014,No,$400,N/A,," Front Damage, Structural Damage, Selling De-Registered","Automatic,",5,Petrol,https://manheim.co.nz/damaged-vehicles/000000000007409185/2014-holden-captiva-lt-2-4p-6at-sw-4dr--station-wagon?referringPage=SearchResults
Ford,Focus,2013,No,$475,"210,595",," Left Front Damage, Right Side Damage, Airbags Deployed, Structural Damage, Selling De-Registered","Automatic,",5,Petrol,https://manheim.co.nz/damaged-vehicles/000000000007409188/2013-ford-focus-2-0-titanium-auto-h-hatch?referringPage=SearchResults
Volkswagen,Tiguan,2010,No,$850,"143,282",," Engine Damage, Front Damage, Right Front Damage, Airbags Deployed, Underbody Damage, Structural Damage, Selling De-Registered","Automatic,",5,Petrol,https://manheim.co.nz/damaged-vehicles/000000000007419187/2010-volkswagen-tiguan-station-wagon?referringPage=SearchResults
Mazda,Demio,2010,No,$500,N/A,," Rear Damage, Structural Damage, Selling De-Registered","Automatic,",5,Petrol,https://manheim.co.nz/damaged-vehicles/000000000007419193/2010-mazda-demio-hatch?referringPage=SearchResults
Ford,Falcon,2003,Yes,"$1,550","312,785",," Left Rear Damage, Selling Registered","Automatic,",5,Petrol,https://manheim.co.nz/damaged-vehicles/000000000007419197/2003-ford-falcon-ba-falcon-xr6-a-sedan?referringPage=SearchResults
Toyota,Sienta,2005,No,$725,"299,999",," Rear Damage, Right Side Damage, Structural Damage, Selling De-Registered",N/A,7,Petrol,https://manheim.co.nz/damaged-vehicles/000000000007409195/2005-toyota-sienta-station-wagon?referringPage=SearchResults
Volkswagen,Golf,2003,No,$200,"268,078",," Rear Damage, Dismantled - Interior, Structural Damage, Selling De-Registered","Automatic,",5,Diesel,https://manheim.co.nz/damaged-vehicles/000000000007409197/2003-volkswagen-golf-tdi-man-hatch?referringPage=SearchResults
Hyundai,TB,2007,No,$200,"235,280",," Right Rear Damage, Structural Damage, Selling De-Registered","Automatic,",5,Petrol,https://manheim.co.nz/damaged-vehicles/000000000007409206/2007-hyundai-tb-hatch?referringPage=SearchResults
Toyota,Aqua,2016,No,$950,"243,256",," Glass Broken, Ignition Damage, Left Front Damage, Structural Damage, Stolen & Recovered, Selling De-Registered",N/A,5,Hybrid,https://manheim.co.nz/damaged-vehicles/000000000007409217/2016-toyota-aqua-hatch?referringPage=SearchResults
Toyota,Wish,2003,No,$500,"161,408",," Left Rear Damage, Left Side Damage, Rear Damage, Right Rear Damage, Structural Damage, Selling De-Registered","Automatic,",7,Petrol,https://manheim.co.nz/damaged-vehicles/000000000007419210/2003-toyota-wish-station-wagon?referringPage=SearchResults
Honda,fit,2011,No,$500,N/A,," Front Damage, Left Front Damage, Left Rear Damage, Right Front Damage, Airbags Deployed, Structural Damage, Selling De-Registered","Automatic,",5,Hybrid,https://manheim.co.nz/damaged-vehicles/000000000007419221/2011-honda-fit-shuttle-station-wagon?referringPage=SearchResults
Mazda,Roadster,2006,No,$600,"194,083",," Front Damage, Rear Damage, Airbags Deployed, Structural Damage, Selling De-Registered","Automatic,",2,Petrol,https://manheim.co.nz/damaged-vehicles/000000000007419238/2006-mazda-roadster-coup%C3%A9?referringPage=SearchResults
Suzuki,Swift,2006,No,$500,"195,094",," Right Side Damage, Structural Damage, Selling De-Registered","4spd Automatic,",5,Petrol,https://manheim.co.nz/damaged-vehicles/000000000007419242/2006-suzuki-swift-hatch?referringPage=SearchResults
Toyota,Allion,2005,No,$650,"140,149",," Rear Damage, Structural Damage, Selling De-Registered","Automatic,",5,Petrol,https://manheim.co.nz/damaged-vehicles/000000000007419243/2005-toyota-allion-a15-sedan?referringPage=SearchResults
Nissan,March,2006,No,$525,"192,475",," Rear Damage, Structural Damage, Selling De-Registered","Automatic,",5,Petrol,https://manheim.co.nz/damaged-vehicles/000000000007419246/2006-nissan-march-hatch?referringPage=SearchResults
Toyota,Aqua,2013,Yes,"$3,350",N/A,," Front Damage, Ignition Damage, Left Rear Damage, Rear Damage, Right Front Damage, Right Rear Damage, Vandalised - Interior, Stolen & Recovered, Selling Registered","Automatic,",5,Hybrid,https://manheim.co.nz/damaged-vehicles/000000000007419278/2013-toyota-aqua-hatch?referringPage=SearchResults
Mazda,BT-50,2015,No,"$1,600",1,," Front Damage, Structural Damage, Selling De-Registered",N/A,5,Diesel,https://manheim.co.nz/damaged-vehicles/000000000007409278/2015-mazda-bt-50-glx-d-c-w-s-3-2d-6m-dual-cab-utility?referringPage=SearchResults
Honda,Accord,2009,No,$500,N/A,," Front Damage, Structural Damage, Selling De-Registered","5spd Automatic,",5,Petrol,https://manheim.co.nz/damaged-vehicles/000000000007419296/2009-honda-accord-sedan?referringPage=SearchResults
BMW,323i,2007,Yes,$650,N/A,," Left Rear Damage, Roof Damage, Right Front Damage, Right Side Damage, Structural Damage, Selling Registered","Automatic,",5,Petrol,https://manheim.co.nz/damaged-vehicles/000000000007419298/2007-bmw-323i-sedan?referringPage=SearchResults
Honda,Stream,2001,No,$625,"292,840",," Structural Damage, Selling De-Registered","Automatic,",7,Petrol,https://manheim.co.nz/damaged-vehicles/000000000007419299/2001-honda-stream-station-wagon?referringPage=SearchResults
Suzuki,Swift,2006,No,$500,"220,460",," Front Damage, Structural Damage, Selling De-Registered","Automatic,",5,Petrol,https://manheim.co.nz/damaged-vehicles/000000000007409310/2006-suzuki-swift-hatch?referringPage=SearchResults
Mitsubishi,Lancer,2006,Yes,$800,"242,662",, Selling Registered,"4spd Automatic,",5,Petrol,https://manheim.co.nz/damaged-vehicles/000000000007399359/2006-mitsubishi-lancer-2-4p-ls-sp-sedan-a-sedan?referringPage=SearchResults
Mazda,Axela,2009,Yes,"$1,000","236,737",, Selling Registered,"4spd Automatic,",5,Petrol,https://manheim.co.nz/damaged-vehicles/000000000007399360/2009-mazda-axela-sport-hatch?referringPage=SearchResults
Hyundai,Tucson,2009,No,$500,"265,887",," Rear Damage, Right Side Damage, Structural Damage, Suspension Damage, Selling De-Registered","5spd Automatic,",5,Petrol,https://manheim.co.nz/damaged-vehicles/000000000007419371/2009-hyundai-tucson-2-0p-city-4d-a4-station-wagon?referringPage=SearchResults
BMW,R1200,2014,No,$0,"81,033",," Left Side Damage, Structural Damage, Selling De-Registered","Automatic,",N/A,Petrol,https://manheim.co.nz/damaged-vehicles/000000000007419373/2014-bmw-r1200-gs-motorcycle?referringPage=SearchResults
Toyota,Caldina,2004,No,$66,N/A,," Fire Damage, Fire - Entire Vehicle, Structural Damage, Stolen & Recovered, Selling De-Registered","Automatic,",5,Petrol,https://manheim.co.nz/damaged-vehicles/000000000007419375/2004-toyota-caldina-station-wagon?referringPage=SearchResults
Nissan,Tiida,2006,No,$625,"162,461",," Glass Broken, Ignition Damage, Rear Damage, Right Front Damage, Right Rear Damage, Structural Damage, Stolen & Recovered, Selling De-Registered","Automatic,",5,Petrol,https://manheim.co.nz/damaged-vehicles/000000000007419376/2006-nissan-tiida-hatch?referringPage=SearchResults
Subaru,Impreza,2012,No,$600,"97,278",," Rear Damage, Structural Damage, Selling De-Registered","Automatic,",5,Petrol,https://manheim.co.nz/damaged-vehicles/000000000007419377/2012-subaru-impreza-sports-station-wagon?referringPage=SearchResults
Ford,Fiesta,2010,No,$500,"134,068",," Front Damage, Left Front Damage, Left Rear Damage, Rear Damage, Structural Damage, Selling De-Registered","Automatic,",5,Petrol,https://manheim.co.nz/damaged-vehicles/000000000007419379/2010-ford-fiesta-5dr-1-4-a-s-hatch?referringPage=SearchResults
Volkswagen,Jetta,2006,No,$600,N/A,," Left Rear Damage, Left Side Damage, Right Rear Damage, Structural Damage, Suspension Damage, Selling De-Registered","Automatic,",5,Petrol,https://manheim.co.nz/damaged-vehicles/000000000007419380/2006-volkswagen-jetta-sedan?referringPage=SearchResults
Mazda,CX-9,2013,No,N/A,N/A,," Interior Damage, Rear Damage, Rough & Rusted, Water Damage, Selling De-Registered","Automatic,",7,Petrol,https://manheim.co.nz/damaged-vehicles/000000000007419416/2013-mazda-cx-9-4wd-ltd-3-7-6at-station-wagon?referringPage=SearchResults
Hyundai,i30,2009,No,$500,"194,656",," Front Damage, Left Rear Damage, Structural Damage, Selling De-Registered","Automatic,",5,Petrol,https://manheim.co.nz/damaged-vehicles/000000000007419420/2009-hyundai-i30-hatch?referringPage=SearchResults
Mazda,Atenza,2008,Yes,"$1,500","256,398",, Selling Registered,"5spd Automatic,",5,Petrol,https://manheim.co.nz/damaged-vehicles/000000000007399427/2008-mazda-atenza-sedan?referringPage=SearchResults
Mitsubishi,Colt,2009,No,$500,N/A,," Airbags Deployed, Front Damage, Structural Damage, Selling De-Registered","Automatic,",5,Petrol,https://manheim.co.nz/damaged-vehicles/000000000007409438/2009-mitsubishi-colt-hatch?referringPage=SearchResults
Toyota,Corolla,2007,No,$500,N/A,," Front Damage, Left Side Damage, Structural Damage, Selling De-Registered",N/A,7,Petrol,https://manheim.co.nz/damaged-vehicles/000000000007419455/2007-toyota-corolla-spacio-station-wagon?referringPage=SearchResults
Mazda,Axela,2006,No,$500,"147,740",," Front Damage, Rear Damage, Structural Damage, Selling De-Registered","4spd Automatic,",5,Petrol,https://manheim.co.nz/damaged-vehicles/000000000007419457/2006-mazda-axela-hatch?referringPage=SearchResults
Peugeot,4007,2010,No,$500,"178,444",," Right Side Damage, Structural Damage, Selling De-Registered","Automatic,",7,Diesel,https://manheim.co.nz/damaged-vehicles/000000000007419459/2010-peugeot-4007-2-2-4wd-auto-touring?referringPage=SearchResults
Honda,Odyssey,2001,No,$600,N/A,," Structural Damage, Selling De-Registered","Automatic,",7,Petrol,https://manheim.co.nz/damaged-vehicles/000000000007419518/2001-honda-odyssey-station-wagon?referringPage=SearchResults
Toyota,Aqua,2013,No,$500,"116,658",," Left Side Damage, Structural Damage, Selling De-Registered","Automatic,",5,Hybrid,https://manheim.co.nz/damaged-vehicles/000000000007399527/2013-toyota-aqua-hatch?referringPage=SearchResults
BYD,Atto 3,2023,No,"$2,050","60,671",," Front Damage, Structural Damage, Selling De-Registered",N/A,5,Electric,https://manheim.co.nz/damaged-vehicles/000000000007389551/2023-byd-atto-3-extended-range-60kw-station-wagon?referringPage=SearchResults
Holden,VY2 Commodore,2004,No,$700,"300,949",," Left Front Damage, Structural Damage, Suspension Damage, Selling De-Registered",N/A,5,Petrol,https://manheim.co.nz/damaged-vehicles/000000000007389572/2004-holden-vy2-commodore-executive-v6-sedan?referringPage=SearchResults
BMW,320d,2013,No,$950,N/A,," Front Damage, Structural Damage, Selling De-Registered","Automatic,",5,Diesel,https://manheim.co.nz/damaged-vehicles/000000000007409581/2013-bmw-320d-sedan?referringPage=SearchResults
Honda,Accord,2007,No,$500,"95,711",," Front Damage, Structural Damage, Selling De-Registered","Automatic,",5,Petrol,https://manheim.co.nz/damaged-vehicles/000000000007419591/2007-honda-accord-sedan?referringPage=SearchResults
Toyota,Aqua,2019,No,"$2,300",N/A,," Left Front Damage, Structural Damage, Selling De-Registered",N/A,5,Hybrid,https://manheim.co.nz/damaged-vehicles/000000000007399603/2019-toyota-aqua-hatch?referringPage=SearchResults
Nissan,Fuga,2006,No,$500,"220,263",," Front Damage, Glass Broken, Left Front Damage, Left Rear Damage, Left Side Damage, Structural Damage, Selling De-Registered","5spd Automatic,",5,Petrol,https://manheim.co.nz/damaged-vehicles/000000000007389610/2006-nissan-fuga-sedan?referringPage=SearchResults
Toyota,Estima,2000,No,$500,N/A,," Right Side Damage, Structural Damage, Selling De-Registered",N/A,8,Petrol,https://manheim.co.nz/damaged-vehicles/000000000007409632/2000-toyota-estima-station-wagon?referringPage=SearchResults
Suzuki,Swift,2025,No,"$1,950",N/A,," Front Damage, Rear Damage, Structural Damage, Selling De-Registered",N/A,5,Hybrid,https://manheim.co.nz/damaged-vehicles/000000000007409637/2025-suzuki-swift-rs-hybrid-1-2ph-hatch?referringPage=SearchResults
Mitsubishi,Pajero,2007,No,$1,N/A,," Fire - Entire Vehicle, Structural Damage, Selling De-Registered",N/A,5,Petrol,https://manheim.co.nz/damaged-vehicles/000000000007279677/2007-mitsubishi-pajero-station-wagon?referringPage=SearchResults
Subaru,Sport 4WD,N/A,No,$160,"469,176",," Left Front Damage, Right Front Damage, Right Rear Damage, Dismantled - Entire Vehicle, Selling De-Registered","Manual,",2,Petrol,https://manheim.co.nz/damaged-vehicles/000000000007409834/subaru-sport-4wd-dl-utility?referringPage=SearchResults
Honda,Odyssey,2013,No,"$1,650",N/A,," Front Damage, Rear Damage, Right Side Damage, Structural Damage, Suspension Damage, Selling De-Registered","5spd Automatic,",7,Petrol,https://manheim.co.nz/damaged-vehicles/000000000007409868/2013-honda-odyssey-absolute-station-wagon?referringPage=SearchResults
Audi,A4,2014,No,"$1,650",N/A,," Left Front Damage, Roof Damage, Right Front Damage, Rolled, Structural Damage, Selling De-Registered","Automatic,",5,Petrol,https://manheim.co.nz/damaged-vehicles/000000000007409912/2014-audi-a4-sedan?referringPage=SearchResults
Nissan,Note,2017,No,$950,"62,872",," Left Side Damage, Right Side Damage, Structural Damage, Selling De-Registered","Automatic,",5,Hybrid,https://manheim.co.nz/damaged-vehicles/000000000007409931/2017-nissan-note-hatch?referringPage=SearchResults
Toyota,Aqua,2016,No,"$1,650",N/A,," Rear Damage, Structural Damage, Selling De-Registered",N/A,5,Hybrid,https://manheim.co.nz/damaged-vehicles/000000000007409955/2016-toyota-aqua-hybrid-hatch?referringPage=SearchResults
