Manufacturer,Model,Year,Registration Status,Price,Mileage,Keys,Damage description,Transmission,Seats,Fuel Type,Link
Volvo,S60,2011,No,$600,N/A,," Right Side Damage, Structural Damage, Selling De-Registered",N/A,5,Petrol,https://manheim.co.nz/damaged-vehicles/000000000007440032/2011-volvo-s60-1-6l-petrol-sedan?referringPage=SearchResults
Nissan,X-trail,2007,No,$0,"150,380",," Right Front Damage, Structural Damage, Selling De-Registered","Automatic,",5,Petrol,https://manheim.co.nz/damaged-vehicles/000000000007430074/2007-nissan-x-trail-station-wagon?referringPage=SearchResults
Renault,Koleos,2015,No,$0,"101,429",," Right Front Damage, Structural Damage, Selling De-Registered","Automatic,",5,Diesel,https://manheim.co.nz/damaged-vehicles/000000000007430085/2015-renault-koleos-2-0-4x4-2-0d-4wd-6a-station-wagon?referringPage=SearchResults
Mazda,Axela,2007,No,$750,"237,055",," Left Side Damage, Selling De-Registered","Automatic,",5,Petrol,https://manheim.co.nz/damaged-vehicles/000000000007430106/2007-mazda-axela-hatch?referringPage=SearchResults
Honda,CMX,2021,No,$400,1,," Front Damage, Interior Damage, Frame Damaged, Right Front Damage, Right Rear Damage, Right Side Damage, Structural Damage, Suspension Damage, Selling De-Registered","Manual,",N/A,Petrol,https://manheim.co.nz/damaged-vehicles/000000000007300139/2021-honda-cmx-500-p-motorcycle?referringPage=SearchResults
Nissan,Murano,2004,No,$750,"195,422",," Right Rear Damage, Structural Damage, Selling De-Registered",N/A,5,Petrol,https://manheim.co.nz/damaged-vehicles/000000000007440164/2004-nissan-murano-station-wagon?referringPage=SearchResults
Toyota,Hilux,2010,No,N/A,"371,103",," Left Side Damage, Right Side Damage, Structural Damage, Selling De-Registered",N/A,5,Diesel,https://manheim.co.nz/damaged-vehicles/000000000007440165/2010-toyota-hilux-3-0td-4wd-dc-5m-utility?referringPage=SearchResults
Toyota,Corolla 1.6P GX Sedan 4A,1997,No,$500,"206,751",," Left Side Damage, Rear Damage, Right Side Damage, Structural Damage, Stolen & Recovered, Selling De-Registered","Automatic,",5,Petrol,https://manheim.co.nz/damaged-vehicles/000000000007440166/1997-toyota-corolla-1-6p-gx-sedan-4a-sedan?referringPage=SearchResults
Haval,H6,2022,No,"$3,900","79,340",," Chassis Damage, Rear Damage, Right Rear Damage, Structural Damage, Selling De-Registered",N/A,5,Petrol,https://manheim.co.nz/damaged-vehicles/000000000007440168/2022-haval-h6-lux-2wd-2-0pt-station-wagon?referringPage=SearchResults
Toyota,Passo,2006,No,$500,N/A,," Front Damage, Rear Damage, Structural Damage, Selling De-Registered","Automatic,",5,Petrol,https://manheim.co.nz/damaged-vehicles/000000000007440181/2006-toyota-passo-hatch?referringPage=SearchResults
Volkswagen,Golf,2016,No,"$1,450","103,148",," Airbags Deployed, Front Damage, Structural Damage, Selling De-Registered","Automatic,",5,Petrol,https://manheim.co.nz/damaged-vehicles/000000000007440182/2016-volkswagen-golf-alltrack-station-wagon?referringPage=SearchResults
Mitsubishi,ASX,2013,No,$750,"64,319",," Fire Damage, Fire - Entire Vehicle, Structural Damage, Selling De-Registered","Automatic,",5,Petrol,https://manheim.co.nz/damaged-vehicles/000000000007440184/2013-mitsubishi-asx-2wd-2-0p-cvt-ls-station-wagon?referringPage=SearchResults
Toyota,Prius,2014,No,"$1,350",N/A,," Rear Damage, Structural Damage, Selling De-Registered","Automatic,",5,Hybrid,https://manheim.co.nz/damaged-vehicles/000000000007440185/2014-toyota-prius-hatch?referringPage=SearchResults
Mercedes-Benz,Gle-class Coupe,2015,No,N/A,"171,853",," Right Front Damage, Right Side Damage, Structural Damage, Selling De-Registered","Automatic,",5,Petrol,https://manheim.co.nz/damaged-vehicles/000000000007440188/2015-mercedes-benz-gle-class-coupe-gle-450-amg-coupe-3-hatch?referringPage=SearchResults
Mazda,Atenza,2011,No,$850,"217,901",," Left Side Damage, Structural Damage, Selling De-Registered",N/A,5,Petrol,https://manheim.co.nz/damaged-vehicles/000000000007440197/2011-mazda-atenza-sedan?referringPage=SearchResults
Toyota,Wish,2006,No,$650,N/A,," Front Damage, Structural Damage, Selling De-Registered",N/A,7,Petrol,https://manheim.co.nz/damaged-vehicles/000000000007440232/2006-toyota-wish-1-8l-station-wagon?referringPage=SearchResults
Volkswagen,Passat,2007,No,$550,N/A,," Front Damage, Structural Damage, Selling De-Registered",N/A,5,Petrol,https://manheim.co.nz/damaged-vehicles/000000000007440238/2007-volkswagen-passat-3-2v6-4m-dsg-varian-station-wagon?referringPage=SearchResults
Toyota,Ractis,2006,No,$200,"111,448",," Right Side Damage, Structural Damage, Selling De-Registered","Automatic,",5,Petrol,https://manheim.co.nz/damaged-vehicles/000000000007440242/2006-toyota-ractis-hatch?referringPage=SearchResults
Toyota,Yaris,2015,No,$750,"93,292",," Right Side Damage, Structural Damage, Selling De-Registered","Automatic,",5,Petrol,https://manheim.co.nz/damaged-vehicles/000000000007440255/2015-toyota-yaris-gx-1-3p-4at-ha-5dr--hatch?referringPage=SearchResults
Nissan,Bluebird,2005,Yes,$0,"114,662",," Right Side Damage, Selling Registered",N/A,5,Petrol,https://manheim.co.nz/damaged-vehicles/000000000007440259/2005-nissan-bluebird-sylphy-sedan?referringPage=SearchResults
Audi,A5,2014,No,$0,N/A,," Front Damage, Airbags Deployed, Structural Damage, Selling De-Registered","Automatic,",4,Petrol,https://manheim.co.nz/damaged-vehicles/000000000007430253/2014-audi-a5-2-0t-hatch?referringPage=SearchResults
Toyota,Vanguard,2011,No,"$1,300",N/A,," Front Damage, Glass Broken, Interior Damage, Right Rear Damage, Right Side Damage, Structural Damage, Stolen & Recovered, Water Damage, Selling De-Registered","Automatic,",7,Petrol,https://manheim.co.nz/damaged-vehicles/000000000007440261/2011-toyota-vanguard-station-wagon?referringPage=SearchResults
Toyota,Premio,2004,No,$500,"235,976",," Front Damage, Left Side Damage, Structural Damage, Selling De-Registered","Automatic,",5,Petrol,https://manheim.co.nz/damaged-vehicles/000000000007440263/2004-toyota-premio-sedan?referringPage=SearchResults
Toyota,Wish,2012,No,"$1,400","154,002",," Front Damage, Left Side Damage, Rear Damage, Structural Damage, Selling De-Registered","Automatic,",7,Petrol,https://manheim.co.nz/damaged-vehicles/000000000007440265/2012-toyota-wish-station-wagon?referringPage=SearchResults
Toyota,Corolla,1998,No,$500,"265,705",," Left Side Damage, Structural Damage, Selling De-Registered","Automatic,",5,Petrol,https://manheim.co.nz/damaged-vehicles/000000000007440268/1998-toyota-corolla-1-6p-gs-5door-4a-hatch?referringPage=SearchResults
Toyota,Fielder,2007,No,"$1,050","339,294",," Structural Damage, Selling De-Registered","Automatic,",5,Petrol,https://manheim.co.nz/damaged-vehicles/000000000007440269/2007-toyota-fielder-g-edition-station-wagon?referringPage=SearchResults
Ssangyong,Tivoli,2016,No,$800,"159,845",," Front Damage, Left Front Damage, Left Rear Damage, Rear Damage, Structural Damage, Selling De-Registered","Automatic,",5,Petrol,https://manheim.co.nz/damaged-vehicles/000000000007440314/2016-ssangyong-tivoli-sports-auto-1-6p-6a-station-wagon?referringPage=SearchResults
Toyota,Hiace,1995,No,"$2,500","320,754",," Left Rear Damage, Left Side Damage, Structural Damage, Selling De-Registered","5spd Manual,",2,Diesel,https://manheim.co.nz/damaged-vehicles/000000000007440320/1995-toyota-hiace-supercustom-van?referringPage=SearchResults
Toyota,RAV4,2007,No,$800,"155,498",," Right Rear Damage, Structural Damage, Selling De-Registered","Automatic,",5,Petrol,https://manheim.co.nz/damaged-vehicles/000000000007440354/2007-toyota-rav4-station-wagon?referringPage=SearchResults
Toyota,Vitz,2012,No,"$1,150","190,880",," Glass Broken, Ignition Damage, Left Front Damage, Right Front Damage, Vandalised - Interior, Structural Damage, Selling De-Registered","Automatic,",5,Petrol,https://manheim.co.nz/damaged-vehicles/000000000007440356/2012-toyota-vitz-hatch?referringPage=SearchResults
Toyota,Landcruiser,1996,No,"$4,100","284,806",," Engine Damage, Water Damage, Selling De-Registered","Automatic,",5,Diesel,https://manheim.co.nz/damaged-vehicles/000000000007440383/1996-toyota-landcruiser-vx-station-wagon?referringPage=SearchResults
Mercedes-Benz,SLK,2000,No,$200,"221,005",," Front Damage, Left Side Damage, Right Side Damage, Structural Damage, Selling De-Registered","Automatic,",2,Petrol,https://manheim.co.nz/damaged-vehicles/000000000007440385/2000-mercedes-benz-slk-320-cabriolet?referringPage=SearchResults
Toyota,Ractis,2012,Yes,"$1,400","108,299",," Front Damage, Left Front Damage, Left Side Damage, Right Front Damage, Selling Registered","Automatic,",5,Petrol,https://manheim.co.nz/damaged-vehicles/000000000007440386/2012-toyota-ractis-hatch?referringPage=SearchResults
Volkswagen,Polo,2013,No,$500,N/A,," Right Front Damage, Right Rear Damage, Structural Damage, Water Damage, Selling De-Registered","5spd Manual,",5,Petrol,https://manheim.co.nz/damaged-vehicles/000000000007440387/2013-volkswagen-polo-hatch?referringPage=SearchResults
Nissan,Skyline,2012,No,"$1,150","170,865",," Front Damage, Left Front Damage, Right Front Damage, Structural Damage, Selling De-Registered","Automatic,",5,Petrol,https://manheim.co.nz/damaged-vehicles/000000000007440388/2012-nissan-skyline-sedan?referringPage=SearchResults
Mazda,Premacy,2007,No,$0,N/A,," Left Front Damage, Left Rear Damage, Left Side Damage, Right Front Damage, Structural Damage, Selling De-Registered","Automatic,",7,Petrol,https://manheim.co.nz/damaged-vehicles/000000000007420395/2007-mazda-premacy-station-wagon?referringPage=SearchResults
Mazda,Demio,2006,No,$500,"207,380",," Roof Damage, Structural Damage, Stolen & Recovered, Selling De-Registered","Automatic,",5,Petrol,https://manheim.co.nz/damaged-vehicles/000000000007430393/2006-mazda-demio-hatch?referringPage=SearchResults
Holden,Barina Spark,2014,No,$750,N/A,," Right Front Damage, Structural Damage, Selling De-Registered","Automatic,",5,Petrol,https://manheim.co.nz/damaged-vehicles/000000000007420415/2014-holden-barina-spark-cd-1-2p4a-ha5s-hatch?referringPage=SearchResults
Ford,Focus,2006,No,$400,"127,234",," Front Damage, Structural Damage, Selling De-Registered","Automatic,",5,Petrol,https://manheim.co.nz/damaged-vehicles/000000000007440428/2006-ford-focus-hatch?referringPage=SearchResults
Kawasaki,Ninja 500,2026,No,$950,779,," Left Side Damage, Right Side Damage, Structural Damage, Selling De-Registered","Automatic,",N/A,Petrol,https://manheim.co.nz/damaged-vehicles/000000000007440458/2026-kawasaki-ninja-500-ex-451p-motorcycle?referringPage=SearchResults
Holden,Colorado,2015,No,$25,N/A,," Fire Damage, Fire - Entire Vehicle, Structural Damage, Selling De-Registered","Automatic,",5,Diesel,https://manheim.co.nz/damaged-vehicles/000000000007440461/2015-holden-colorado-lt-dc-pu-2-8d-4wd-6-utility?referringPage=SearchResults
Subaru,Outback 3.6R Premium Station,2009,Yes,$400,N/A,," Interior Damage, Selling Registered","Automatic,",5,Petrol,https://manheim.co.nz/damaged-vehicles/000000000007440470/2009-subaru-outback-3-6r-premium-station-station-wagon?referringPage=SearchResults
Nissan,Navara,2010,No,$750,"262,814",," Front Damage, Airbags Deployed, Structural Damage, Selling De-Registered","Automatic,",5,Diesel,https://manheim.co.nz/damaged-vehicles/000000000007440475/2010-nissan-navara-d-c-2-5d-2wd-rx-mt-dual-cab-utility?referringPage=SearchResults
Mitsubishi,Pajero,2008,No,$50,N/A,," Fire - Entire Vehicle, Structural Damage, Selling De-Registered","Automatic,",7,Petrol,https://manheim.co.nz/damaged-vehicles/000000000007440476/2008-mitsubishi-pajero-3000-station-wagon?referringPage=SearchResults
Subaru,Legacy,2005,No,$500,"169,775",," Front Damage, Structural Damage, Selling De-Registered","Automatic,",5,Petrol,https://manheim.co.nz/damaged-vehicles/000000000007440478/2005-subaru-legacy-station-wagon?referringPage=SearchResults
BMW,R1200,2011,No,$800,"94,907",," Front Damage, Left Side Damage, Structural Damage, Selling De-Registered","Automatic,",N/A,Petrol,https://manheim.co.nz/damaged-vehicles/000000000007440483/2011-bmw-r1200-adventurer-motorcycle?referringPage=SearchResults
HOMEMADE,N/A,2000,No,"$3,500",N/A,0," Chassis Damage, Frame Damaged, Structural Damage, Selling De-Registered",N/A,N/A,N/A,https://manheim.co.nz/damaged-vehicles/000000000007410481/2000-homemade-transporter-trailer?referringPage=SearchResults
Toyota,Prius,2014,No,$750,"184,377",," Left Front Damage, Right Rear Damage, Structural Damage, Stolen & Recovered, Selling De-Registered","4spd Automatic,",5,Hybrid,https://manheim.co.nz/damaged-vehicles/000000000007440490/2014-toyota-prius-hybrid-hatch?referringPage=SearchResults
Audi,A4,2007,No,$0,"113,994",," Front Damage, Structural Damage, Selling De-Registered",N/A,5,Petrol,https://manheim.co.nz/damaged-vehicles/000000000007430494/2007-audi-a4-2-0tq-tip-avant-station-wagon?referringPage=SearchResults
Audi,A3,2022,No,"$6,600","48,913",, Selling De-Registered,"7spd Automatic,",5,Petrol,https://manheim.co.nz/damaged-vehicles/000000000007420500/2022-audi-a3-sedan?referringPage=SearchResults
Suzuki,Ignis,2002,No,$1,N/A,," Fire Damage, Fire - Entire Vehicle, Structural Damage, Selling De-Registered","4spd Automatic,",5,Petrol,https://manheim.co.nz/damaged-vehicles/000000000007440522/2002-suzuki-ignis-hatch-1-3-5dr-hatch?referringPage=SearchResults
Vespa,Primavera,2018,No,$500,"8,400",, Selling De-Registered,"Automatic,",N/A,Petrol,https://manheim.co.nz/damaged-vehicles/000000000007430526/2018-vespa-primavera-150-iget-scooter?referringPage=SearchResults
Toyota,Avensis,2006,No,$201,N/A,," Fire Damage, Left Rear Damage, Right Rear Damage, Fire - Entire Vehicle, Structural Damage, Selling De-Registered","Automatic,",5,Petrol,https://manheim.co.nz/damaged-vehicles/000000000007440531/2006-toyota-avensis-sedan?referringPage=SearchResults
Nissan,March,2003,No,$400,"173,917",," Left Front Damage, Rear Damage, Right Rear Damage, Structural Damage, Selling De-Registered","Automatic,",5,Petrol,https://manheim.co.nz/damaged-vehicles/000000000007440539/2003-nissan-march-hatch?referringPage=SearchResults
Ford,Territory,2009,No,$400,N/A,," Left Front Damage, Left Rear Damage, Left Side Damage, Right Rear Damage, Airbags Deployed, Selling De-Registered","Tiptronic,",7,Petrol,https://manheim.co.nz/damaged-vehicles/000000000007390530/2009-ford-territory-territory-ghia-awd-station-wagon?referringPage=SearchResults
Holden,Trax,2014,No,$400,"72,150",," Left Front Damage, Right Front Damage, Selling De-Registered","Automatic,",5,Petrol,https://manheim.co.nz/damaged-vehicles/000000000007390544/2014-holden-trax-ltz-1-8p-6at-sw-4dr-station-wagon?referringPage=SearchResults
Subaru,Impreza,2008,No,$225,"182,277",," Front Damage, Structural Damage, Selling De-Registered","Automatic,",5,Petrol,https://manheim.co.nz/damaged-vehicles/000000000007440540/2008-subaru-impreza-station-wagon?referringPage=SearchResults
Mitsubishi,Triton,2017,No,N/A,"211,847",," Left Side Damage, Structural Damage, Selling De-Registered","Automatic,",5,Diesel,https://manheim.co.nz/damaged-vehicles/000000000007440541/2017-mitsubishi-triton-d-cab-glxr-2-4d-5at-dual-cab-utility?referringPage=SearchResults
Nissan,March,2007,No,$200,"157,630",," Front Damage, Selling De-Registered",N/A,5,Petrol,https://manheim.co.nz/damaged-vehicles/000000000007440555/2007-nissan-march-hatch?referringPage=SearchResults
Toyota,Camry,2005,Yes,$750,"175,912",," Right Side Damage, Selling Registered","4spd Automatic,",5,Petrol,https://manheim.co.nz/damaged-vehicles/000000000007440566/2005-toyota-camry-sedan?referringPage=SearchResults
Honda,Grace,2015,No,"$1,000",N/A,," Rear Damage, Structural Damage, Selling De-Registered",N/A,5,Hybrid,https://manheim.co.nz/damaged-vehicles/000000000007440579/2015-honda-grace-hybrid-sedan?referringPage=SearchResults
Toyota,Ractis,2006,No,$950,"166,759",," Left Rear Damage, Rear Damage, Right Rear Damage, Structural Damage, Selling De-Registered","Automatic,",5,Petrol,https://manheim.co.nz/damaged-vehicles/000000000007440580/2006-toyota-ractis-hatch?referringPage=SearchResults
Ford,Kuga,2014,Yes,"$1,300",N/A,," Left Front Damage, Dismantled - Engine, Selling Registered","Automatic,",5,Diesel,https://manheim.co.nz/damaged-vehicles/000000000007410589/2014-ford-kuga-awd-2-0-diesel-auto-station-wagon?referringPage=SearchResults
Toyota,Corolla,2001,Yes,"$1,650","194,089",," Left Side Damage, Malicious/Vandalised, Rear Damage, Right Side Damage, Selling Registered","Automatic,",5,Petrol,https://manheim.co.nz/damaged-vehicles/000000000007440602/2001-toyota-corolla-hatch?referringPage=SearchResults
Ford,Courier,2004,No,$400,"403,067",," Front Damage, Structural Damage, Selling De-Registered",N/A,4,Petrol,https://manheim.co.nz/damaged-vehicles/000000000007420607/2004-ford-courier-xlt-2-6p-w-s-4x2-utility?referringPage=SearchResults
Ford,Escape,2017,No,$0,N/A,," Right Rear Damage, Right Side Damage, Airbags Deployed, Underbody Damage, Selling De-Registered","Automatic,",5,Petrol,https://manheim.co.nz/damaged-vehicles/000000000007430607/2017-ford-escape-ambiente-fwd-petrol-station-wagon?referringPage=SearchResults
Yamaha,YZF-R3A,2023,No,$400,"30,400",," Structural Damage, Selling De-Registered","Automatic,",N/A,Petrol,https://manheim.co.nz/damaged-vehicles/000000000007430609/2023-yamaha-yzf-r3a-n-motorcycle?referringPage=SearchResults
Mazda,Demio,2003,Yes,$700,"219,452",," Glass Broken, Ignition Damage, Stolen & Recovered, Selling Registered","Automatic,",5,Petrol,https://manheim.co.nz/damaged-vehicles/000000000007420620/2003-mazda-demio-hatch?referringPage=SearchResults
Dodge,Nitro,2007,No,$400,N/A,," Right Side Damage, Airbags Deployed, Structural Damage, Selling De-Registered","Automatic,",5,Petrol,https://manheim.co.nz/damaged-vehicles/000000000007440628/2007-dodge-nitro-nitro-3-7l-4a-rt-station-wagon?referringPage=SearchResults
Toyota,Corolla,2024,No,N/A,N/A,," Front Damage, Rear Damage, Structural Damage, Selling De-Registered","Automatic,",5,Hybrid,https://manheim.co.nz/damaged-vehicles/000000000007440654/2024-toyota-corolla-sx-1-8ph-hd-hatch?referringPage=SearchResults
Mazda,Axela,2005,Yes,$800,N/A,," Left Front Damage, Left Side Damage, Right Rear Damage, Right Side Damage, Selling Registered","4spd Automatic,",5,Petrol,https://manheim.co.nz/damaged-vehicles/000000000007420712/2005-mazda-axela-hatch?referringPage=SearchResults
Honda,CBR,2021,No,"$1,300",1,," Front Fork Damaged, Structural Damage, Selling De-Registered","Automatic,",N/A,Petrol,https://manheim.co.nz/damaged-vehicles/000000000007390754/2021-honda-cbr-650-p-motorcycle?referringPage=SearchResults
Holden,Adventra,2005,No,$0,N/A,," Right Rear Damage, Selling De-Registered","Automatic,",5,Petrol,https://manheim.co.nz/damaged-vehicles/000000000007430755/2005-holden-adventra-cx6-station-wagon?referringPage=SearchResults
Nissan,Juke,2013,Yes,N/A,N/A,, Selling Registered,N/A,5,Petrol,https://manheim.co.nz/damaged-vehicles/000000000007410767/2013-nissan-juke-station-wagon?referringPage=SearchResults
Ford,Escape,2020,No,"$1,450","122,762",," Left Rear Damage, Rear Damage, Structural Damage, Selling De-Registered","Automatic,",2,Petrol,https://manheim.co.nz/damaged-vehicles/000000000007430772/2020-ford-escape-trend-awd-petrol-2--station-wagon?referringPage=SearchResults
Audi,Q5,2011,No,"$1,450","195,636",," Front Damage, Rear Damage, Structural Damage, Selling De-Registered","4spd Automatic,",5,Diesel,https://manheim.co.nz/damaged-vehicles/000000000007430775/2011-audi-q5-2-0-tdi-q-s-tronic-station-wagon?referringPage=SearchResults
Audi,A3,2006,No,$500,N/A,," Right Front Damage, Right Rear Damage, Right Side Damage, Structural Damage, Selling De-Registered","Automatic,",5,Petrol,https://manheim.co.nz/damaged-vehicles/000000000007440798/2006-audi-a3-2-0-hatch?referringPage=SearchResults
Toyota,Aqua,2017,Yes,N/A,N/A,," Glass Broken, Left Side Damage, Selling Registered","CVT,",5,Hybrid,https://manheim.co.nz/damaged-vehicles/000000000007430806/2017-toyota-aqua-hybrid-hatch?referringPage=SearchResults
Hyundai,Grandeur,2007,No,$550,N/A,," Front Damage, Rear Damage, Structural Damage, Selling De-Registered","4spd Automatic,",5,Petrol,https://manheim.co.nz/damaged-vehicles/000000000007440811/2007-hyundai-grandeur-3-8p-v6-4d-a5-sedan-sedan?referringPage=SearchResults
Ford,Ranger,2012,No,"$1,300",N/A,," Airbags Deployed, Front Damage, Right Side Damage, Structural Damage, Selling De-Registered","Automatic,",5,Diesel,https://manheim.co.nz/damaged-vehicles/000000000007440813/2012-ford-ranger-3-2td-xl-dc-w-sa-4x-dual-cab-utility?referringPage=SearchResults
Land Rover,Freelander,2013,No,"$1,050",N/A,," Rear Damage, Structural Damage, Selling De-Registered","Automatic,",5,Petrol,https://manheim.co.nz/damaged-vehicles/000000000007440814/2013-land-rover-freelander-2-si4-station-wagon?referringPage=SearchResults
Toyota,Aqua,2013,Yes,N/A,N/A,," Front Damage, Glass Broken, Ignition Damage, Left Front Damage, Vandalised - Interior, Stolen & Recovered, Selling Registered","Automatic,",5,Hybrid,https://manheim.co.nz/damaged-vehicles/000000000007440816/2013-toyota-aqua-hatch?referringPage=SearchResults
Toyota,Corolla,2006,No,"$1,250","228,558",," Right Rear Damage, Structural Damage, Selling De-Registered","5spd Manual,",5,Petrol,https://manheim.co.nz/damaged-vehicles/000000000007440817/2006-toyota-corolla-1-8p-gl-hatch5-5m-hatch?referringPage=SearchResults
Mazda,Axela,2007,Yes,$550,N/A,," Right Side Damage, Selling Registered",N/A,5,Petrol,https://manheim.co.nz/damaged-vehicles/000000000007440818/2007-mazda-axela-hatch?referringPage=SearchResults
Toyota,Aqua,2016,No,$0,N/A,," Front Damage, Airbags Deployed, Structural Damage, Selling De-Registered","Automatic,",5,Hybrid,https://manheim.co.nz/damaged-vehicles/000000000007430848/2016-toyota-aqua-hatch?referringPage=SearchResults
Mercedes-Benz,B180,2022,Yes,N/A,N/A,," Interior Damage, Right Side Damage, Stolen & Recovered, Selling Registered","Automatic,",5,Petrol,https://manheim.co.nz/damaged-vehicles/000000000007440856/2022-mercedes-benz-b180-hatch?referringPage=SearchResults
Volkswagen,Beetle,2014,No,"$1,300",N/A,," Front Damage, Structural Damage, Selling De-Registered","Automatic,",4,Petrol,https://manheim.co.nz/damaged-vehicles/000000000007440860/2014-volkswagen-beetle-hatch?referringPage=SearchResults
Holden,Cruze,2011,No,$0,"94,710",," Left Front Damage, Left Rear Damage, Right Rear Damage, Underbody Damage, Selling De-Registered","Automatic,",5,Petrol,https://manheim.co.nz/damaged-vehicles/000000000007440862/2011-holden-cruze-sedan?referringPage=SearchResults
Ford,Fiesta,2007,No,$300,"140,416",," Left Front Damage, Left Rear Damage, Right Front Damage, Right Rear Damage, Selling De-Registered","Automatic,",5,Petrol,https://manheim.co.nz/damaged-vehicles/000000000007440870/2007-ford-fiesta-5dr-1-6-a-hatch?referringPage=SearchResults
Ford,Falcon,2009,No,$0,"64,563",, Selling De-Registered,"Automatic,",5,Petrol,https://manheim.co.nz/damaged-vehicles/000000000007440879/2009-ford-falcon-fg-xr6-sedan-a-sedan?referringPage=SearchResults
Tesla,Model 3,2022,No,$0,N/A,," Rear Damage, Right Rear Damage, Structural Damage, Water Damage, Selling De-Registered","Automatic, Fuel Type, Electri",5,Electric,https://manheim.co.nz/damaged-vehicles/000000000007420872/2022-tesla-model-3-rear-wheel-drive-60-sedan?referringPage=SearchResults
Fiat,Abarth 595,2022,No,"$1,300",N/A,," Front Damage, Airbags Deployed, Structural Damage, Selling De-Registered",N/A,4,Petrol,https://manheim.co.nz/damaged-vehicles/000000000007420879/2022-fiat-abarth-595-1-4pt-5at-hatch?referringPage=SearchResults
Ford,Falcon,2000,No,$0,N/A,," Right Front Damage, Right Rear Damage, Selling De-Registered","Automatic,",5,Petrol,https://manheim.co.nz/damaged-vehicles/000000000007440883/2000-ford-falcon-au-futura-w-station-wagon?referringPage=SearchResults
Harley-Davidson,Street,2017,No,"$1,300","20,852",," Structural Damage, Selling De-Registered","Automatic,",N/A,Petrol,https://manheim.co.nz/damaged-vehicles/000000000007430881/2017-harley-davidson-street-17-street-500-motorcycle?referringPage=SearchResults
Nissan,Pulsar,2003,No,$425,"146,715",," Right Rear Damage, Structural Damage, Selling De-Registered","Automatic,",5,Petrol,https://manheim.co.nz/damaged-vehicles/000000000007440897/2003-nissan-pulsar-1-8-q-hatch-auto-hatch?referringPage=SearchResults
Kia,RIO,2012,No,$600,N/A,," Left Front Damage, Left Side Damage, Structural Damage, Suspension Damage, Selling De-Registered","Automatic,",5,Petrol,https://manheim.co.nz/damaged-vehicles/000000000007440900/2012-kia-rio-1-4-petrol-auto-ex-hatch?referringPage=SearchResults
Hyundai,I30,2010,No,$500,"108,671",," Rear Damage, Structural Damage, Selling De-Registered","Manual,",5,Petrol,https://manheim.co.nz/damaged-vehicles/000000000007440918/2010-hyundai-i30-1-6-5d-m5-hatch?referringPage=SearchResults
Honda,fit,2007,No,$50,"233,222",," Front Damage, Airbags Deployed, Structural Damage, Selling De-Registered","Automatic,",5,Petrol,https://manheim.co.nz/damaged-vehicles/000000000007440919/2007-honda-fit-station-wagon?referringPage=SearchResults
Toyota,Spacio,2006,No,$850,"173,814",," Glass Broken, Ignition Damage, Structural Damage, Selling De-Registered",N/A,7,Petrol,https://manheim.co.nz/damaged-vehicles/000000000007440932/2006-toyota-spacio-station-wagon?referringPage=SearchResults
Nissan,Tiida,2004,Yes,$850,"151,559",," Ignition Damage, Left Rear Damage, Rear Damage, Right Rear Damage, Vandalised - Interior, Stolen & Recovered, Selling Registered","Automatic,",5,Petrol,https://manheim.co.nz/damaged-vehicles/000000000007440938/2004-nissan-tiida-sedan?referringPage=SearchResults
Citroen,C5,2014,No,$0,"251,456",," Rear Damage, Roof Damage, Structural Damage, Selling De-Registered","6spd Automatic,",5,Diesel,https://manheim.co.nz/damaged-vehicles/000000000007430936/2014-citroen-c5-2-0exclusivetourer-station-wagon?referringPage=SearchResults
Toyota,Aqua,2013,No,$900,N/A,," Left Side Damage, Vandalised - Interior, Stolen & Recovered, Selling De-Registered",N/A,5,Hybrid,https://manheim.co.nz/damaged-vehicles/000000000007440947/2013-toyota-aqua-hatch?referringPage=SearchResults
Subaru,Outback,2005,Yes,$500,N/A,," Front Damage, Ignition Damage, Left Rear Damage, Right Front Damage, Right Side Damage, Stolen & Recovered, Selling Registered","Automatic,",5,Petrol,https://manheim.co.nz/damaged-vehicles/000000000007440952/2005-subaru-outback-station-wagon?referringPage=SearchResults
Subaru,Impreza,2004,No,$200,N/A,," Front Damage, Left Rear Damage, Structural Damage, Selling De-Registered","Automatic,",5,Petrol,https://manheim.co.nz/damaged-vehicles/000000000007440954/2004-subaru-impreza-station-wagon?referringPage=SearchResults
Toyota,Corolla,2020,No,N/A,N/A,," Front Damage, Structural Damage, Selling De-Registered","Automatic,",5,Hybrid,https://manheim.co.nz/damaged-vehicles/000000000007440955/2020-toyota-corolla-touring-hybrid-station-wagon?referringPage=SearchResults
Suzuki,Swift,2013,No,$200,"89,035",," Left Front Damage, Structural Damage, Selling De-Registered","Automatic,",5,Petrol,https://manheim.co.nz/damaged-vehicles/000000000007440956/2013-suzuki-swift-hatch?referringPage=SearchResults
Nissan,Pulsar,2004,No,$125,"256,449",," Right Rear Damage, Structural Damage, Selling De-Registered","Automatic,",5,Petrol,https://manheim.co.nz/damaged-vehicles/000000000007440959/2004-nissan-pulsar-1-8-hatch-auto-hatch?referringPage=SearchResults
Audi,A3,2011,No,$0,"134,582",, Selling De-Registered,"Automatic,",5,Petrol,https://manheim.co.nz/damaged-vehicles/000000000007430954/2011-audi-a3-2-0t-quattro-hatch?referringPage=SearchResults
Peugeot,3008,2014,Yes,"$1,225","62,500",, Selling Registered,N/A,5,Petrol,https://manheim.co.nz/damaged-vehicles/000000000007430959/2014-peugeot-3008-allure-1-6p-6at-ha--touring?referringPage=SearchResults
Ssangyong,Actyon,2015,No,$0,"364,743",," Right Side Damage, Structural Damage, Selling De-Registered","Automatic,",5,Diesel,https://manheim.co.nz/damaged-vehicles/000000000007430966/2015-ssangyong-actyon-sport-auto-2-0d-4wd-dual-cab-utility?referringPage=SearchResults
Ford,Escape,2008,No,$500,"188,958",," Left Front Damage, Roof Damage, Right Front Damage, Vandalised - Interior, Selling De-Registered","Automatic,",5,Petrol,https://manheim.co.nz/damaged-vehicles/000000000007400969/2008-ford-escape-xlt-v6-sport-station-wagon?referringPage=SearchResults
Ssangyong,Korando,2017,No,$750,"106,827",," Right Side Damage, Structural Damage, Selling De-Registered","5spd Automatic,",5,Petrol,https://manheim.co.nz/damaged-vehicles/000000000007440998/2017-ssangyong-korando-petrol-auto-limited-station-wagon?referringPage=SearchResults
Ford,Fiesta,2012,No,$0,"17,000",," Left Front Damage, Left Side Damage, Right Front Damage, Right Side Damage, Airbags Deployed, Selling De-Registered","5spd Manual,",5,Petrol,https://manheim.co.nz/damaged-vehicles/000000000007401004/2012-ford-fiesta-5dr-1-6-m-zetec-hatch?referringPage=SearchResults
Volkswagen,Golf,2011,No,$500,N/A,," Front Damage, Structural Damage, Selling De-Registered","Automatic,",5,Petrol,https://manheim.co.nz/damaged-vehicles/000000000007441014/2011-volkswagen-golf-hatch?referringPage=SearchResults
Kia,Niro,2022,No,N/A,"38,592",," Left Rear Damage, Rear Damage, Right Rear Damage, Structural Damage, Selling De-Registered",N/A,5,Hybrid,https://manheim.co.nz/damaged-vehicles/000000000007441026/2022-kia-niro-earth-1-6ph-6am-station-wagon?referringPage=SearchResults
6M ALUMINIUM WESTCOASTER,&quot;planning Revenge&quot;,2011,No,"$4,050",N/A,0," Fire Damage, Structural Damage",N/A,N/A,N/A,https://manheim.co.nz/damaged-vehicles/000000000007441049/2011-6m-aluminium-westcoaster--planning-revenge--trailer--boat-?referringPage=SearchResults
Aprilia,RS 457,2025,No,$500,"10,894",," Front Fork Damaged, Structural Damage, Selling De-Registered","Automatic,",N/A,Petrol,https://manheim.co.nz/damaged-vehicles/000000000007431056/2025-aprilia-rs-457-motorcycle?referringPage=SearchResults
Nissan,Note,2019,No,"$1,050",N/A,," Right Front Damage, Right Rear Damage, Right Side Damage, Structural Damage, Selling De-Registered","Automatic,",5,Petrol,https://manheim.co.nz/damaged-vehicles/000000000007441098/2019-nissan-note-hatch?referringPage=SearchResults
Toyota,IST,2005,No,$750,N/A,," Rear Damage, Structural Damage, Selling De-Registered","Automatic,",5,Petrol,https://manheim.co.nz/damaged-vehicles/000000000007441135/2005-toyota-ist-hatch?referringPage=SearchResults
Volkswagen,Golf,2008,No,$500,"103,987",," Left Rear Damage, Left Side Damage, Rear Damage, Right Rear Damage, Structural Damage, Suspension Damage, Selling De-Registered",N/A,5,Petrol,https://manheim.co.nz/damaged-vehicles/000000000007441136/2008-volkswagen-golf-gti-hatch?referringPage=SearchResults
Honda,Accord,2008,Yes,$800,"299,712",, Selling Registered,"5spd Automatic,",5,Petrol,https://manheim.co.nz/damaged-vehicles/000000000007431134/2008-honda-accord-euro-s-sedan?referringPage=SearchResults
Subaru,Impreza,2001,Yes,$800,"237,440",, Selling Registered,"4spd Automatic,",5,Petrol,https://manheim.co.nz/damaged-vehicles/000000000007431136/2001-subaru-impreza-20-n-station-wagon?referringPage=SearchResults
Peugeot,307,2008,No,$450,N/A,, Selling De-Registered,"4spd Automatic,",4,Petrol,https://manheim.co.nz/damaged-vehicles/000000000007431140/2008-peugeot-307-cabriolet?referringPage=SearchResults
Mercedes-Benz,GLB,2023,No,N/A,N/A,," Front Damage, Left Side Damage, Structural Damage, Selling De-Registered","Automatic,",7,Petrol,https://manheim.co.nz/damaged-vehicles/000000000007431142/2023-mercedes-benz-glb-250-4m-2-0p-4wd-8at-station-wagon?referringPage=SearchResults
Harley-Davidson,FXD,2007,No,"$1,850",N/A,," Left Rear Damage, Right Rear Damage, Right Side Damage, Structural Damage, Selling De-Registered","6spd Manual,",N/A,Petrol,https://manheim.co.nz/damaged-vehicles/000000000007431155/2007-harley-davidson-fxd-wideglide-motorcycle?referringPage=SearchResults
Audi,Q5,2012,No,$225,N/A,," Fire Damage, Fire - Entire Vehicle, Structural Damage, Selling De-Registered",N/A,5,Diesel,https://manheim.co.nz/damaged-vehicles/000000000007441157/2012-audi-q5-2-0-tdi-q-s-tronic-station-wagon?referringPage=SearchResults
Nissan,Navara,2018,No,N/A,"40,137",," Interior Damage, Front Damage, Structural Damage, Selling De-Registered","5spd Automatic,",5,Diesel,https://manheim.co.nz/damaged-vehicles/000000000007381153/2018-nissan-navara-st-x-2-3d-4wd-7am-u-dual-cab-utility?referringPage=SearchResults
Toyota,Hilux,2013,No,N/A,"352,777",," Rear Damage, Structural Damage, Selling De-Registered","Automatic,",5,Diesel,https://manheim.co.nz/damaged-vehicles/000000000007441180/2013-toyota-hilux-2wd-3-0td-dc-ute-5m-dual-cab-utility?referringPage=SearchResults
Toyota,Prius,2015,No,$0,"326,869",," Left Side Damage, Structural Damage, Selling De-Registered",N/A,5,Hybrid,https://manheim.co.nz/damaged-vehicles/000000000007431184/2015-toyota-prius-hatch?referringPage=SearchResults
Nissan,Cube,2005,No,$500,"259,900",," Rear Damage, Structural Damage, Selling De-Registered",N/A,5,Petrol,https://manheim.co.nz/damaged-vehicles/000000000007431188/2005-nissan-cube-hatch?referringPage=SearchResults
Mazda,CX-7,2007,No,$0,N/A,," Right Front Damage, Structural Damage, Selling De-Registered","Automatic,",5,Petrol,https://manheim.co.nz/damaged-vehicles/000000000007431198/2007-mazda-cx-7-station-wagon?referringPage=SearchResults
Toyota,Corolla,2017,No,"$1,550",N/A,," Right Side Damage, Airbags Deployed, Structural Damage, Selling De-Registered","Automatic,",5,Petrol,https://manheim.co.nz/damaged-vehicles/000000000007441203/2017-toyota-corolla-glx-1-8p-cvt-hatch?referringPage=SearchResults
Mitsubishi,Colt,2004,No,$525,N/A,," Rear Damage, Structural Damage, Selling De-Registered","4spd Automatic,",5,Petrol,https://manheim.co.nz/damaged-vehicles/000000000007441207/2004-mitsubishi-colt-1-5p-sport-hatch-a-hatch?referringPage=SearchResults
Toyota,Camry,2006,No,"$1,800",N/A,," Front Damage, Left Front Damage, Structural Damage, Selling De-Registered","Automatic,",5,Petrol,https://manheim.co.nz/damaged-vehicles/000000000007441209/2006-toyota-camry-sedan?referringPage=SearchResults
Audi,Q3,2015,No,"$1,450",N/A,," Front Damage, Left Front Damage, Left Side Damage, Right Front Damage, Right Side Damage, Structural Damage, Suspension Damage, Selling De-Registered","Automatic,",5,Petrol,https://manheim.co.nz/damaged-vehicles/000000000007431229/2015-audi-q3-station-wagon?referringPage=SearchResults
Toyota,Aqua,2014,No,$700,N/A,," Front Damage, Left Rear Damage, Airbags Deployed, Structural Damage, Selling De-Registered","Automatic,",5,Hybrid,https://manheim.co.nz/damaged-vehicles/000000000007441231/2014-toyota-aqua-hatch?referringPage=SearchResults
Suzuki,Swift,2009,Yes,$800,"207,261",, Selling Registered,"4spd Automatic,",5,Petrol,https://manheim.co.nz/damaged-vehicles/000000000007431243/2009-suzuki-swift-hatch?referringPage=SearchResults
Mazda,Axela,2007,No,$300,"133,178",," Front Damage, Structural Damage, Selling De-Registered",N/A,5,Petrol,https://manheim.co.nz/damaged-vehicles/000000000007431248/2007-mazda-axela-sedan?referringPage=SearchResults
Mazda,Demio,2006,No,$500,"119,138",," Front Damage, Right Front Damage, Structural Damage, Selling De-Registered","Automatic,",5,Petrol,https://manheim.co.nz/damaged-vehicles/000000000007431259/2006-mazda-demio-hatch?referringPage=SearchResults
Holden,Commodore,2008,Yes,"$1,000",N/A,, Selling Registered,"5spd Automatic,",5,Petrol,https://manheim.co.nz/damaged-vehicles/000000000007431260/2008-holden-commodore-calais-v-sedan-v6-a-sedan?referringPage=SearchResults
Nissan,Primera,1999,No,$400,"149,173",," Front Damage, Rear Damage, Selling De-Registered","4spd Automatic,",5,Petrol,https://manheim.co.nz/damaged-vehicles/000000000007431264/1999-nissan-primera-2-0l-5dr-wgn-4a-station-wagon?referringPage=SearchResults
Mazda,MAZDA6,2009,No,$500,N/A,, Selling De-Registered,"5spd Automatic,",5,Petrol,https://manheim.co.nz/damaged-vehicles/000000000007431273/2009-mazda-mazda6-sedan-gsx-2-5-5at-sedan?referringPage=SearchResults
Mazda,Axela,2006,No,$0,"262,506",," Left Front Damage, Structural Damage, Selling De-Registered","Automatic,",5,Petrol,https://manheim.co.nz/damaged-vehicles/000000000007431294/2006-mazda-axela-hatch?referringPage=SearchResults
Toyota,Aqua,2014,No,$0,"198,886",," Left Side Damage, Right Front Damage, Structural Damage, Selling De-Registered","Automatic,",5,Hybrid,https://manheim.co.nz/damaged-vehicles/000000000007431295/2014-toyota-aqua-hatch?referringPage=SearchResults
Yamaha,MT03LA,2019,No,$400,1,," Structural Damage, Selling De-Registered",N/A,N/A,Petrol,https://manheim.co.nz/damaged-vehicles/000000000007401316/2019-yamaha-mt03la-k-motorcycle?referringPage=SearchResults
Toyota,Ipsum,2004,No,$550,N/A,," Rear Damage, Structural Damage, Selling De-Registered",N/A,7,Petrol,https://manheim.co.nz/damaged-vehicles/000000000007441377/2004-toyota-ipsum-240s-station-wagon?referringPage=SearchResults
Toyota,Camry,2020,No,N/A,"94,747",," Rolled, Structural Damage, Selling De-Registered",N/A,5,Hybrid,https://manheim.co.nz/damaged-vehicles/000000000007441380/2020-toyota-camry-zr-2-5ph-cvt-sedan?referringPage=SearchResults
Hyundai,I45,2010,Yes,$650,N/A,," Right Rear Damage, Stolen & Recovered, Selling Registered","Automatic,",5,Petrol,https://manheim.co.nz/damaged-vehicles/000000000007441391/2010-hyundai-i45-2-4-elite-a6-sedan?referringPage=SearchResults
Nissan,Note,2005,No,$400,"168,236",," Front Damage, Structural Damage, Selling De-Registered","Automatic,",5,Petrol,https://manheim.co.nz/damaged-vehicles/000000000007441411/2005-nissan-note-hatch?referringPage=SearchResults
TRAILER,Hiliner Tandem,1984,No,"$4,000",N/A,0," Fire Damage, Structural Damage, Water Damage, Selling De-Registered",N/A,N/A,N/A,https://manheim.co.nz/damaged-vehicles/000000000007431414/1984-trailer-hiliner-tandem-trailer--box-domestic-?referringPage=SearchResults
Toyota,Corolla,2006,Yes,"$1,750",N/A,," Stolen & Recovered, Selling Registered","Automatic,",5,Petrol,https://manheim.co.nz/damaged-vehicles/000000000007411437/2006-toyota-corolla-1-8p-gl-hatch5-4a-hatch?referringPage=SearchResults
Holden,Commodore,2017,No,"$1,450","306,206",," Front Damage, Left Front Damage, Right Front Damage, Structural Damage, Selling De-Registered","Automatic,",5,Petrol,https://manheim.co.nz/damaged-vehicles/000000000007431446/2017-holden-commodore-vf2-sv6-3-6p-6at-sedan?referringPage=SearchResults
Audi,Q7,2008,Yes,$0,N/A,," Engine Damage, Fire Damage, Right Rear Damage, Right Side Damage, Selling Registered","Automatic,",7,Petrol,https://manheim.co.nz/damaged-vehicles/000000000007431464/2008-audi-q7-3-6-quattro-s-line-station-wagon?referringPage=SearchResults
Holden,Commodore,2009,Yes,"$1,250","283,924",, Selling Registered,N/A,5,Petrol,https://manheim.co.nz/damaged-vehicles/000000000007431478/2009-holden-commodore-sv6-3-6p-5at-sedan?referringPage=SearchResults
Ford,Ranger,2007,No,$750,"403,151",," Front Damage, Rear Damage, Structural Damage, Selling De-Registered","Manual,",4,Diesel,https://manheim.co.nz/damaged-vehicles/000000000007441482/2007-ford-ranger-3-0td-xlt-rc-w-s-4x-dual-cab-utility?referringPage=SearchResults
Subaru,Legacy,2006,No,$600,"201,772",," Front Damage, Rear Damage, Structural Damage, Selling De-Registered","5spd Manual,",5,Petrol,https://manheim.co.nz/damaged-vehicles/000000000007441490/2006-subaru-legacy-sedan?referringPage=SearchResults
Toyota,Yaris,2014,No,"$1,300","160,400",," Front Damage, Right Front Damage, Structural Damage, Selling De-Registered","5spd Manual,",5,Petrol,https://manheim.co.nz/damaged-vehicles/000000000007421516/2014-toyota-yaris-yr-1-3p-hatch5-5m-hatch?referringPage=SearchResults
Renault,Lutecia,2007,No,$500,"123,578",," Right Rear Damage, Structural Damage, Suspension Damage, Selling De-Registered","Automatic,",5,Petrol,https://manheim.co.nz/damaged-vehicles/000000000007421524/2007-renault-lutecia-hatch?referringPage=SearchResults
Toyota,Aqua,2016,No,"$1,300",N/A,," Front Damage, Ignition Damage, Rear Damage, Structural Damage, Stolen & Recovered, Selling De-Registered","Automatic,",5,Hybrid,https://manheim.co.nz/damaged-vehicles/000000000007441557/2016-toyota-aqua-hybrid-hatch?referringPage=SearchResults
Toyota,Voxy,2015,No,N/A,"121,318",," Front Damage, Left Front Damage, Structural Damage, Selling De-Registered","Automatic,",7,Hybrid,https://manheim.co.nz/damaged-vehicles/000000000007431552/2015-toyota-voxy-station-wagon?referringPage=SearchResults
Mazda,Axela,2014,No,$700,N/A,," Glass Broken, Left Front Damage, Left Side Damage, Structural Damage, Selling De-Registered",N/A,5,Hybrid,https://manheim.co.nz/damaged-vehicles/000000000007431576/2014-mazda-axela-sedan?referringPage=SearchResults
Mazda,CX-5,2015,No,"$1,000",N/A,," Vandalised - Entire Vehicle, Selling De-Registered",N/A,5,Diesel,https://manheim.co.nz/damaged-vehicles/000000000007421599/2015-mazda-cx-5-station-wagon?referringPage=SearchResults
Hyosung,GT,2006,No,$300,"35,207",," Left Side Damage, Right Side Damage, Structural Damage, Selling De-Registered","Automatic,",N/A,Petrol,https://manheim.co.nz/damaged-vehicles/000000000007441606/2006-hyosung-gt-250-motorcycle?referringPage=SearchResults
Kawasaki,ex,2019,No,$400,"30,745",," Right Side Damage, Structural Damage, Selling De-Registered",N/A,N/A,Petrol,https://manheim.co.nz/damaged-vehicles/000000000007431615/2019-kawasaki-ex-400-motorcycle?referringPage=SearchResults
Mercedes-Benz,CLA180,2013,Yes,N/A,1,," Repossed Vehicle, Selling Registered",N/A,5,Petrol,https://manheim.co.nz/damaged-vehicles/000000000007431678/2013-mercedes-benz-cla180-sedan?referringPage=SearchResults
Mitsubishi,Outlander,2008,No,$950,"160,760",," Left Front Damage, Left Rear Damage, Left Side Damage, Structural Damage, Selling De-Registered","Automatic,",7,Petrol,https://manheim.co.nz/damaged-vehicles/000000000007441813/2008-mitsubishi-outlander-station-wagon?referringPage=SearchResults
Suzuki,SX4 GLXSA2 2.0 4DR Saloon,2009,No,$100,"203,708",," Left Front Damage, Structural Damage, Suspension Damage, Selling De-Registered","Automatic,",5,Petrol,https://manheim.co.nz/damaged-vehicles/000000000007431914/2009-suzuki-sx4-glxsa2-2-0-4dr-saloon-sedan?referringPage=SearchResults
TRAILER,Ifor Williams,2021,Yes,"$6,300",N/A,0," Stolen & Recovered, Selling Registered",N/A,N/A,N/A,https://manheim.co.nz/damaged-vehicles/000000000007431939/2021-trailer-ifor-williams-horse-float?referringPage=SearchResults
Mazda,Axela,2009,No,$200,"142,841",," Front Damage, Glass Broken, Left Front Damage, Left Side Damage, Structural Damage, Selling De-Registered",N/A,5,Petrol,https://manheim.co.nz/damaged-vehicles/000000000007431955/2009-mazda-axela-i-stop-hatch?referringPage=SearchResults
Ford,Falcon,2016,No,$0,N/A,," Left Front Damage, Left Rear Damage, Left Side Damage, Selling De-Registered","Automatic,",5,Petrol,https://manheim.co.nz/damaged-vehicles/000000000007392021/2016-ford-falcon-xr6-sedan-auto-4-0p-sedan?referringPage=SearchResults
BMW,123d,2008,No,$700,"244,388",, Selling De-Registered,"6spd Automatic,",4,Diesel,https://manheim.co.nz/damaged-vehicles/000000000007422118/2008-bmw-123d-sedan?referringPage=SearchResults
Mazda,BT-50,2018,No,N/A,N/A,," Right Front Damage, Structural Damage, Selling De-Registered","Automatic,",5,Diesel,https://manheim.co.nz/damaged-vehicles/000000000007432144/2018-mazda-bt-50-glx-d-c-w-s-3-2d-6a-utility?referringPage=SearchResults
Toyota,Camry,2013,No,$0,"431,729",," Front Damage, Structural Damage, Selling De-Registered","Automatic,",5,Hybrid,https://manheim.co.nz/damaged-vehicles/000000000007432163/2013-toyota-camry-hybird-sedan?referringPage=SearchResults
Holden,Colorado,2014,No,$0,N/A,," Right Front Damage, Vandalised - Interior, Structural Damage, Selling De-Registered",N/A,5,Diesel,https://manheim.co.nz/damaged-vehicles/000000000007432171/2014-holden-colorado-lt-dc-pu-2-8d-4wd-6-dual-cab-utility?referringPage=SearchResults
Nissan,Primera,2007,Yes,$0,"227,443",," Left Rear Damage, Right Side Damage, Selling Registered","Automatic,",5,Petrol,https://manheim.co.nz/damaged-vehicles/000000000007432184/2007-nissan-primera-2-0-petrol-sx-hatch-hatch?referringPage=SearchResults
Toyota,Aqua,2020,No,$0,"101,182",," Glass Broken, Left Front Damage, Left Rear Damage, Rear Damage, Right Rear Damage, Structural Damage, Selling De-Registered",N/A,5,Hybrid,https://manheim.co.nz/damaged-vehicles/000000000007432187/2020-toyota-aqua-hatch?referringPage=SearchResults
Mazda,CX-5,2013,No,$500,"157,994",," Right Side Damage, Structural Damage, Selling De-Registered","Automatic,",5,Petrol,https://manheim.co.nz/damaged-vehicles/000000000007422236/2013-mazda-cx-5-station-wagon?referringPage=SearchResults
Ford,Mondeo,2002,No,$0,N/A,," Left Front Damage, Left Rear Damage, Right Front Damage, Right Rear Damage, Dismantled - Interior, Selling De-Registered","5spd Manual,",5,Petrol,https://manheim.co.nz/damaged-vehicles/000000000007442234/2002-ford-mondeo-2-0-sedan-man-sedan?referringPage=SearchResults
Ford,Mondeo,2010,No,$400,"141,221",," Left Front Damage, Left Rear Damage, Right Front Damage, Airbags Deployed, Selling De-Registered","Automatic,",5,Diesel,https://manheim.co.nz/damaged-vehicles/000000000007442252/2010-ford-mondeo-2-0td-sedan-a-sedan?referringPage=SearchResults
Mazda,Premacy,2010,No,$400,"196,108",," Right Rear Damage, Right Side Damage, Structural Damage, Selling De-Registered","5spd Automatic,",7,Petrol,https://manheim.co.nz/damaged-vehicles/000000000007432258/2010-mazda-premacy-station-wagon?referringPage=SearchResults
Suzuki,Swift,2008,No,$200,"122,635",," Rear Damage, Right Side Damage, Structural Damage, Selling De-Registered","Automatic,",5,Petrol,https://manheim.co.nz/damaged-vehicles/000000000007432272/2008-suzuki-swift-hatch?referringPage=SearchResults
Holden,Astra,2000,No,$0,N/A,," Left Front Damage, Right Rear Damage, Selling De-Registered","5spd Manual,",5,Petrol,https://manheim.co.nz/damaged-vehicles/000000000007442295/2000-holden-astra-city-h-b-man-hatch?referringPage=SearchResults
Ford,Ranger,2019,No,$0,"85,350",," Right Front Damage, Airbags Deployed, Selling De-Registered",N/A,5,Diesel,https://manheim.co.nz/damaged-vehicles/000000000007422327/2019-ford-ranger-xlt-double-cab-w-s-dual-cab-utility?referringPage=SearchResults
Holden,Rodeo 4X2,2003,No,$0,"263,485",," Rear Damage, Structural Damage, Selling De-Registered","Automatic,",5,Petrol,https://manheim.co.nz/damaged-vehicles/000000000007422334/2003-holden-rodeo-4x2-lt-crew-pu-3-5-v6-a-dual-cab-utility?referringPage=SearchResults
Volkswagen,Golf,2012,No,$0,N/A,," Right Front Damage, Structural Damage, Selling De-Registered","Automatic,",5,Petrol,https://manheim.co.nz/damaged-vehicles/000000000007432348/2012-volkswagen-golf-hatch?referringPage=SearchResults
Volvo,XC90,2008,No,$0,"120,054",," Airbags Deployed, Rear Damage, Structural Damage, Selling De-Registered","5spd Automatic,",7,Diesel,https://manheim.co.nz/damaged-vehicles/000000000007432468/2008-volvo-xc90-2-4-d5-awd-5dr-6sp-station-wagon?referringPage=SearchResults
Honda,CBF,2026,No,$105,"1,702",," Right Front Damage, Structural Damage, Selling De-Registered","Manual,",N/A,Petrol,https://manheim.co.nz/damaged-vehicles/000000000007432476/2026-honda-cbf-125-motorcycle?referringPage=SearchResults
Mitsubishi,Outlander,2006,No,$600,N/A,," Airbags Deployed, Front Damage, Structural Damage, Selling De-Registered","Automatic,",7,Petrol,https://manheim.co.nz/damaged-vehicles/000000000007432513/2006-mitsubishi-outlander-station-wagon?referringPage=SearchResults
Honda,CRV,2010,No,$0,"247,146",," Has Key, Right Rear Damage, Structural Damage, Selling De-Registered","Automatic,",5,Petrol,https://manheim.co.nz/damaged-vehicles/000000000007432546/2010-honda-crv-van?referringPage=SearchResults
Ford,Falcon UTE,2003,No,N/A,N/A,," Left Front Damage, Left Rear Damage, Right Front Damage, Right Rear Damage, Vandalised - Interior, Selling De-Registered","Automatic,",2,Petrol,https://manheim.co.nz/damaged-vehicles/000000000007442543/2003-ford-falcon-ute-ba-xr8-pick-up-fa-utility?referringPage=SearchResults
Holden,Commodore,2005,No,$0,N/A,," Left Front Damage, Right Front Damage, Right Rear Damage, Airbags Deployed, Selling De-Registered","Automatic,",5,Petrol,https://manheim.co.nz/damaged-vehicles/000000000007442558/2005-holden-commodore-s-v6-auto-sedan?referringPage=SearchResults
Ford,Falcon,2003,No,$0,"153,556",," Dismantled - Entire Vehicle, Selling De-Registered",N/A,5,Petrol,https://manheim.co.nz/damaged-vehicles/000000000007442577/2003-ford-falcon-ba-fairmont-6c-sedan?referringPage=SearchResults
Holden,VT Commodore,1999,No,N/A,N/A,," Dismantled - Entire Vehicle, Selling De-Registered","Automatic,",5,Petrol,https://manheim.co.nz/damaged-vehicles/000000000007442583/1999-holden-vt-commodore-5-7-ss-sed-aut-sedan?referringPage=SearchResults
Suzuki,Ignis,2017,No,$0,"108,712",," Front Damage, Left Front Damage, Left Side Damage, Structural Damage, Selling De-Registered",N/A,5,Hybrid,https://manheim.co.nz/damaged-vehicles/000000000007422585/2017-suzuki-ignis-hybrid-hatch?referringPage=SearchResults
Honda,Civic,2006,No,$0,"273,518",," Left Side Damage, Structural Damage, Selling De-Registered","Automatic,",5,Hybrid,https://manheim.co.nz/damaged-vehicles/000000000007422589/2006-honda-civic-hybrid-sedan?referringPage=SearchResults
Nissan,Dualis,2007,No,$400,"185,146",," Has Key, Right Rear Damage, Right Side Damage, Structural Damage, Selling De-Registered","Automatic,",5,Petrol,https://manheim.co.nz/damaged-vehicles/000000000007432584/2007-nissan-dualis-station-wagon?referringPage=SearchResults
Nissan,Bluebird,2008,Yes,$0,N/A,," Right Side Damage, Selling Registered","Automatic,",5,Petrol,https://manheim.co.nz/damaged-vehicles/000000000007432590/2008-nissan-bluebird-sylphy-sedan?referringPage=SearchResults
MG,ZS,2025,No,$0,N/A,," Structural Damage, Selling De-Registered",N/A,5,Hybrid,https://manheim.co.nz/damaged-vehicles/000000000007422595/2025-mg-zs-essence-1-5pht-3hd-station-wagon?referringPage=SearchResults
Ford,Falcon,2003,No,$0,N/A,," Left Front Damage, Left Rear Damage, Right Front Damage, Right Rear Damage, Selling De-Registered","Automatic,",5,Petrol,https://manheim.co.nz/damaged-vehicles/000000000007442594/2003-ford-falcon-ba-futura-4fa-sedan?referringPage=SearchResults
Ford,Falcon,2007,No,$0,"83,597",," Dismantled - Entire Vehicle, Selling De-Registered","Automatic,",5,Petrol,https://manheim.co.nz/damaged-vehicles/000000000007442595/2007-ford-falcon-bf2-xr6-sedan-a-sedan?referringPage=SearchResults
Nissan,Navara,2011,No,$750,"290,646",," Front Damage, Left Rear Damage, Airbags Deployed, Structural Damage, Selling De-Registered",N/A,5,Diesel,https://manheim.co.nz/damaged-vehicles/000000000007422611/2011-nissan-navara-d-c-2-5d-4wd-st-mt-dual-cab-utility?referringPage=SearchResults
CF Moto,C Force 520 Quad,2022,No,$400,N/A,," Rolled, Selling De-Registered",N/A,N/A,N/A,https://manheim.co.nz/damaged-vehicles/000000000007422624/2022-cf-moto-c-force-520-quad-quad-bike?referringPage=SearchResults
Porsche,944,1984,No,$0,"40,049",," Front Damage, Roof Damage, Structural Damage, Selling De-Registered","5spd Manual,",4,Petrol,https://manheim.co.nz/damaged-vehicles/000000000007432848/1984-porsche-944-hatch?referringPage=SearchResults
Toyota,Corolla,2017,No,"$1,450","162,271",," Front Damage, Structural Damage, Selling De-Registered",N/A,5,Hybrid,https://manheim.co.nz/damaged-vehicles/000000000007432885/2017-toyota-corolla-hybrid-1-8ph-cvt-hatch?referringPage=SearchResults
Mazda,Demio,2011,No,$400,"128,784",," Front Damage, Left Front Damage, Right Front Damage, Structural Damage, Suspension Damage, Selling De-Registered","Automatic,",5,Petrol,https://manheim.co.nz/damaged-vehicles/000000000007432907/2011-mazda-demio-hatch?referringPage=SearchResults
Mitsubishi,Mirage,2015,No,$200,"131,144",," Front Damage, Glass Broken, Right Front Damage, Right Rear Damage, Right Side Damage, Structural Damage, Selling De-Registered",N/A,5,Petrol,https://manheim.co.nz/damaged-vehicles/000000000007432924/2015-mitsubishi-mirage-xls-1-2p-cvt-ha-5dr-hatch?referringPage=SearchResults
Toyota,Vanguard,2008,No,$750,N/A,," Front Damage, Structural Damage, Selling De-Registered",N/A,5,Petrol,https://manheim.co.nz/damaged-vehicles/000000000007432928/2008-toyota-vanguard-station-wagon?referringPage=SearchResults
Volkswagen,Tiguan,2012,No,$0,"300,544",," Left Front Damage, Left Side Damage, Structural Damage, Selling De-Registered",N/A,5,Diesel,https://manheim.co.nz/damaged-vehicles/000000000007432972/2012-volkswagen-tiguan-tdi-103kw-6a-hatch?referringPage=SearchResults
Nissan,March,2016,No,$0,N/A,," Front Damage, Rear Damage, Structural Damage, Selling De-Registered",N/A,5,Petrol,https://manheim.co.nz/damaged-vehicles/000000000007432993/2016-nissan-march-hatch?referringPage=SearchResults
Audi,A4,2007,Yes,$900,"132,875",," Left Rear Damage, Left Side Damage, Selling Registered",N/A,5,Petrol,https://manheim.co.nz/damaged-vehicles/000000000007432997/2007-audi-a4-2-0-station-wagon?referringPage=SearchResults
Nissan,Juke,2010,Yes,"$1,025","214,899",," Left Front Damage, Selling Registered",N/A,5,Petrol,https://manheim.co.nz/damaged-vehicles/000000000007433099/2010-nissan-juke-hatch?referringPage=SearchResults
Hyundai,Accent,2014,No,$0,"161,757",," Front Damage, Left Front Damage, Right Front Damage, Airbags Deployed, Structural Damage, Selling De-Registered",N/A,5,Petrol,https://manheim.co.nz/damaged-vehicles/000000000007433137/2014-hyundai-accent-1-6-5d-a4-hatch?referringPage=SearchResults
Suzuki,Swift,2017,No,$800,"76,087",," Rear Damage, Structural Damage, Selling De-Registered","Automatic,",5,Petrol,https://manheim.co.nz/damaged-vehicles/000000000007413180/2017-suzuki-swift-hatch?referringPage=SearchResults
Volkswagen,Tiguan,2023,Yes,$0,"61,733",," Engine Damage, Selling Registered","Automatic,",7,Petrol,https://manheim.co.nz/damaged-vehicles/000000000007413194/2023-volkswagen-tiguan-allspace-style-awd-station-wagon?referringPage=SearchResults
Toyota,Aqua,2017,No,$900,"141,750",," Rear Damage, Structural Damage, Selling De-Registered","4spd Automatic,",5,Hybrid,https://manheim.co.nz/damaged-vehicles/000000000007433245/2017-toyota-aqua-hybrid-hatch?referringPage=SearchResults
Suzuki,UZ50,2025,Yes,$850,"3,996",," Left Side Damage, Right Side Damage, Selling Registered","Automatic,",N/A,Petrol,https://manheim.co.nz/damaged-vehicles/000000000007433271/2025-suzuki-uz50-scooter?referringPage=SearchResults
Mitsubishi,ASX,2019,No,$0,"151,597",," Front Damage, Structural Damage, Selling De-Registered","Automatic,",5,Petrol,https://manheim.co.nz/damaged-vehicles/000000000007423276/2019-mitsubishi-asx-xls-2-0p-cvt-station-wagon?referringPage=SearchResults
Honda,fit,2020,No,"$1,550",1,," Front Damage, Structural Damage, Selling De-Registered","Manual,",5,Hybrid,https://manheim.co.nz/damaged-vehicles/000000000007423301/2020-honda-fit-hatch?referringPage=SearchResults
Mercedes-Benz,CLC,2008,No,$0,"147,202",," Left Front Damage, Airbags Deployed, Structural Damage, Selling De-Registered","Automatic,",4,Petrol,https://manheim.co.nz/damaged-vehicles/000000000007433313/2008-mercedes-benz-clc-200k-hatch?referringPage=SearchResults
Holden,Commodore,2005,No,$0,"414,962",," Left Front Damage, Left Side Damage, Right Front Damage, Structural Damage, Suspension Damage, Selling De-Registered","Automatic,",5,Petrol,https://manheim.co.nz/damaged-vehicles/000000000007433317/2005-holden-commodore-s-v6-auto-sedan?referringPage=SearchResults
Toyota,Aqua,2012,No,"$1,250","157,577",," Right Rear Damage, Right Side Damage, Structural Damage, Selling De-Registered","Automatic,",5,Hybrid,https://manheim.co.nz/damaged-vehicles/000000000007433324/2012-toyota-aqua-hatch?referringPage=SearchResults
Mazda,Demio,2005,No,$500,"241,603",," Left Side Damage, Right Rear Damage, Structural Damage, Selling De-Registered","5spd Manual,",5,Petrol,https://manheim.co.nz/damaged-vehicles/000000000007423358/2005-mazda-demio-hatch?referringPage=SearchResults
Mercedes-Benz,E550,2007,Yes,"$2,500","175,106",," Stolen & Recovered, Selling Registered","Automatic,",5,Petrol,https://manheim.co.nz/damaged-vehicles/000000000007413499/2007-mercedes-benz-e550-sedan?referringPage=SearchResults
Toyota,Hilux,1996,No,$0,"383,841",," Front Damage, Left Rear Damage, Right Front Damage, Structural Damage, Selling De-Registered","Automatic,",5,Petrol,https://manheim.co.nz/damaged-vehicles/000000000007433524/1996-toyota-hilux-surf-station-wagon?referringPage=SearchResults
Holden,Trax,2016,No,$0,"91,061",," Left Rear Damage, Structural Damage, Selling De-Registered","Automatic,",5,Petrol,https://manheim.co.nz/damaged-vehicles/000000000007433560/2016-holden-trax-ls-1-8p-6at-sw-4dr--station-wagon?referringPage=SearchResults
Ford,Focus,2003,No,$400,N/A,," Left Front Damage, Right Rear Damage, Dismantled - Interior, Selling De-Registered","Automatic,",5,Petrol,https://manheim.co.nz/damaged-vehicles/000000000007433562/2003-ford-focus-hatch?referringPage=SearchResults
Kia,RIO,2020,No,$0,"43,348",," Front Damage, Structural Damage, Selling De-Registered","Automatic,",5,Petrol,https://manheim.co.nz/damaged-vehicles/000000000007433576/2020-kia-rio-lx-1-4p-6at-hatch?referringPage=SearchResults
Toyota,Hilux,2019,Yes,$0,N/A,," Stolen & Recovered, Selling Registered",N/A,N/A,Diesel,https://manheim.co.nz/damaged-vehicles/000000000007433578/2019-toyota-hilux-sr5-cruiser-td-dc-2-utility?referringPage=SearchResults
Ford,Falcon,2005,No,$700,N/A,," Left Front Damage, Left Side Damage, Right Front Damage, Selling De-Registered","Automatic,",5,Petrol,https://manheim.co.nz/damaged-vehicles/000000000007433585/2005-ford-falcon-ba-xt-w-fa-station-wagon?referringPage=SearchResults
Toyota,Hilux 3.0TD 4WD SR5 DCU 5M,2006,No,N/A,"160,122",," Front Damage, Structural Damage, Selling De-Registered","Automatic,",5,Diesel,https://manheim.co.nz/damaged-vehicles/000000000007433604/2006-toyota-hilux-3-0td-4wd-sr5-dcu-5m-utility-utility?referringPage=SearchResults
Ford,Falcon,2003,No,$600,N/A,," Left Front Damage, Right Front Damage, Dismantled - Interior, Selling De-Registered","Automatic,",5,Petrol,https://manheim.co.nz/damaged-vehicles/000000000007433612/2003-ford-falcon-sedan?referringPage=SearchResults
Ford,Falcon,2002,No,$0,N/A,, Selling De-Registered,N/A,5,Petrol,https://manheim.co.nz/damaged-vehicles/000000000007433619/2002-ford-falcon-auiii-xr6-4fa-sedan?referringPage=SearchResults
Holden,Barina,2013,No,$0,N/A,," Left Front Damage, Right Front Damage, Selling De-Registered","Automatic,",5,Petrol,https://manheim.co.nz/damaged-vehicles/000000000007433637/2013-holden-barina-cd-1-6p6a-ha5s-hatch?referringPage=SearchResults
KTM,390,2025,No,$700,N/A,, Selling De-Registered,N/A,N/A,Petrol,https://manheim.co.nz/damaged-vehicles/000000000007433646/2025-ktm-390-duke-399p-motorcycle?referringPage=SearchResults
Holden,Captiva,2015,Yes,$0,"309,856",," Left Side Damage, Selling Registered","Automatic,",7,Diesel,https://manheim.co.nz/damaged-vehicles/000000000007433673/2015-holden-captiva-7-ltz-2-2d-4wd-6at--station-wagon?referringPage=SearchResults
Suzuki,GSX250,2022,Yes,$0,N/A,," Stolen & Recovered, Selling Registered","Manual,",N/A,Petrol,https://manheim.co.nz/damaged-vehicles/000000000007443680/2022-suzuki-gsx250-frlm2-motorcycle?referringPage=SearchResults
Toyota,Aqua,2014,No,"$1,450","114,317",," Front Damage, Rear Damage, Structural Damage, Selling De-Registered","Automatic,",5,Hybrid,https://manheim.co.nz/damaged-vehicles/000000000007433705/2014-toyota-aqua-hatch?referringPage=SearchResults
Ford,Mondeo,2002,No,$650,N/A,," Left Front Damage, Left Rear Damage, Right Front Damage, Right Rear Damage, Selling De-Registered","Manual,",5,Petrol,https://manheim.co.nz/damaged-vehicles/000000000007433708/2002-ford-mondeo-zetec-2-0-man-hatch?referringPage=SearchResults
Holden,Barina,2018,No,$100,N/A,," Front Damage, Glass Broken, Rear Damage, Roof Damage, Right Front Damage, Right Rear Damage, Right Side Damage, Structural Damage, Suspension Damage, Water Damage, Selling De-Registered","CVT,",5,Petrol,https://manheim.co.nz/damaged-vehicles/000000000007433710/2018-holden-barina-hatch?referringPage=SearchResults
Suzuki,GSF1250,2007,No,$525,"62,144",," Front Damage, Structural Damage, Stolen & Recovered, Selling De-Registered","Manual,",N/A,Petrol,https://manheim.co.nz/damaged-vehicles/000000000007423728/2007-suzuki-gsf1250-sk7-bandit-motorcycle?referringPage=SearchResults
Mitsubishi,Outlander,2009,No,$525,N/A,," Left Front Damage, Rear Damage, Right Rear Damage, Structural Damage, Selling De-Registered","CVT,",7,Petrol,https://manheim.co.nz/damaged-vehicles/000000000007433757/2009-mitsubishi-outlander-station-wagon?referringPage=SearchResults
Volkswagen,Touran,2006,Yes,"$1,000",N/A,, Selling Registered,"Automatic,",5,Petrol,https://manheim.co.nz/damaged-vehicles/000000000007413817/2006-volkswagen-touran-2-0-fsi-station-wagon?referringPage=SearchResults
Nissan,Lafesta,2005,Yes,$0,N/A,," Stolen & Recovered, Selling Registered","5spd Automatic,",7,Petrol,https://manheim.co.nz/damaged-vehicles/000000000007413828/2005-nissan-lafesta-highway-star-station-wagon?referringPage=SearchResults
Nissan,Tiida,2006,No,$600,"112,664",," Front Damage, Structural Damage, Selling De-Registered",N/A,5,Petrol,https://manheim.co.nz/damaged-vehicles/000000000007423821/2006-nissan-tiida-sedan?referringPage=SearchResults
Nissan,Skyline,2007,No,"$1,125","149,434",," Water Damage, Selling De-Registered",N/A,5,Petrol,https://manheim.co.nz/damaged-vehicles/000000000007423826/2007-nissan-skyline-sedan?referringPage=SearchResults
Toyota,Markx,2005,No,$0,"174,088",," Rear Damage, Structural Damage, Selling De-Registered","Automatic,",5,Petrol,https://manheim.co.nz/damaged-vehicles/000000000007433823/2005-toyota-markx-sedan?referringPage=SearchResults
Land Rover,Defender,2021,No,N/A,"63,332",," Interior Damage, Water Damage, Selling De-Registered","Automatic,",7,Diesel,https://manheim.co.nz/damaged-vehicles/000000000007433826/2021-land-rover-defender-110-d240-se-2-0dt-station-wagon?referringPage=SearchResults
Mazda,CX-5,2012,No,$0,"247,035",," Left Rear Damage, Structural Damage, Selling De-Registered","Automatic,",5,Petrol,https://manheim.co.nz/damaged-vehicles/000000000007423834/2012-mazda-cx-5-station-wagon?referringPage=SearchResults
BMW,Mini,2015,No,$0,"129,180",," Front Damage, Right Side Damage, Structural Damage, Selling De-Registered","Manual,",5,Petrol,https://manheim.co.nz/damaged-vehicles/000000000007433864/2015-bmw-mini-crossover-hatch?referringPage=SearchResults
Subaru,Impreza,2004,No,$0,"152,045",," Vandalised - Interior, Structural Damage, Selling De-Registered","Automatic,",5,Petrol,https://manheim.co.nz/damaged-vehicles/000000000007433869/2004-subaru-impreza-station-wagon?referringPage=SearchResults
Nissan,Dualis,2007,No,$0,N/A,," Front Damage, Left Front Damage, Left Rear Damage, Right Front Damage, Structural Damage, Selling De-Registered","Automatic,",5,Petrol,https://manheim.co.nz/damaged-vehicles/000000000007433881/2007-nissan-dualis-station-wagon?referringPage=SearchResults
Subaru,WRX,2014,No,"$2,400","101,334",," Airbags Deployed, Front Damage, Structural Damage, Selling De-Registered",N/A,5,Petrol,https://manheim.co.nz/damaged-vehicles/000000000007423989/2014-subaru-wrx-s4-sedan?referringPage=SearchResults
Ford,Courier,2000,No,$1,N/A,," Fire Damage, Structural Damage, Stolen & Recovered, Selling De-Registered",N/A,5,Diesel,https://manheim.co.nz/damaged-vehicles/000000000007433993/2000-ford-courier-xl-crew-cab-svp-dual-cab-utility?referringPage=SearchResults
Kawasaki,ex,2022,Yes,"$2,050","8,557",," Rear Damage, Selling Registered","Manual,",N/A,Petrol,https://manheim.co.nz/damaged-vehicles/000000000007424078/2022-kawasaki-ex-400gpfnn-motorcycle?referringPage=SearchResults
Toyota,Hilux,1998,No,$0,"267,493",," Front Damage, Left Front Damage, Right Front Damage, Structural Damage, Selling De-Registered","Automatic,",5,Petrol,https://manheim.co.nz/damaged-vehicles/000000000007434088/1998-toyota-hilux-surf-station-wagon?referringPage=SearchResults
Citroen,C3,2018,No,$0,"33,662",," Right Front Damage, Right Rear Damage, Right Side Damage, Dismantled - Interior, Structural Damage, Selling De-Registered","Automatic,",5,Petrol,https://manheim.co.nz/damaged-vehicles/000000000007434127/2018-citroen-c3-aircross-shine-1-2p-hatch?referringPage=SearchResults
Honda,TRX,2017,No,$525,N/A,," Water Damage, Selling De-Registered","Automatic,",N/A,N/A,https://manheim.co.nz/damaged-vehicles/000000000007424130/2017-honda-trx-quad-bike?referringPage=SearchResults
Mazda,Premacy,2007,No,$0,"256,706",," Rear Damage, Right Rear Damage, Structural Damage, Selling De-Registered","Automatic,",7,Petrol,https://manheim.co.nz/damaged-vehicles/000000000007434161/2007-mazda-premacy-station-wagon?referringPage=SearchResults
Can-Am,Defender HD9 XU,2022,No,$205,N/A,," Frame Damaged, Rolled, Structural Damage, Suspension Damage, Selling De-Registered",N/A,N/A,N/A,https://manheim.co.nz/damaged-vehicles/000000000007434169/2022-can-am-defender-hd9-xu-quad-bike?referringPage=SearchResults
Mazda,Demio,2005,No,$500,"201,549",," Front Damage, Glass Broken, Interior Damage, Ignition Damage, Left Rear Damage, Rear Damage, Structural Damage, Stolen & Recovered, Selling De-Registered","Automatic,",5,Petrol,https://manheim.co.nz/damaged-vehicles/000000000007434170/2005-mazda-demio-hatch?referringPage=SearchResults
Nissan,Dualis,2007,No,$200,"220,749",," Front Damage, Glass Broken, Right Side Damage, Structural Damage, Selling De-Registered","Automatic,",5,Petrol,https://manheim.co.nz/damaged-vehicles/000000000007434173/2007-nissan-dualis-station-wagon?referringPage=SearchResults
BMW,116i,2015,No,"$1,450","144,353",," Front Damage, Structural Damage, Selling De-Registered","Automatic,",5,Petrol,https://manheim.co.nz/damaged-vehicles/000000000007424171/2015-bmw-116i-hatch?referringPage=SearchResults
Ford,Courier,2005,Yes,"$1,650","439,837",, Selling Registered,"5spd Manual,",3,Petrol,https://manheim.co.nz/damaged-vehicles/000000000007434198/2005-ford-courier-2-6p-xl-c-c-4x2-utility?referringPage=SearchResults
CAN AM850,Outlander,2023,No,$675,"171,753",," Frame Damaged, Structural Damage, Suspension Damage, Selling De-Registered",Automati,N/A,N/A,https://manheim.co.nz/damaged-vehicles/000000000007434209/2023-can-am850-outlander-quad-bike?referringPage=SearchResults
MINI,Hatch,2021,No,N/A,"41,258",," Left Front Damage, Left Rear Damage, Right Front Damage, Structural Damage, Selling De-Registered","Automatic, Fuel Type, Electri",4,Electric,https://manheim.co.nz/damaged-vehicles/000000000007434250/2021-mini-hatch-cooper-se-29kwh-ev-hatch?referringPage=SearchResults
Ford,Focus,2008,No,$500,N/A,," Left Front Damage, Structural Damage, Suspension Damage, Selling De-Registered",N/A,5,Petrol,https://manheim.co.nz/damaged-vehicles/000000000007434258/2008-ford-focus-2-0-a-hatch-hatch?referringPage=SearchResults
Ford,Falcon,2007,No,$600,N/A,, Selling De-Registered,"Automatic,",5,Petrol,https://manheim.co.nz/damaged-vehicles/000000000007434268/2007-ford-falcon-bf2-xt-sedan-fa-sedan?referringPage=SearchResults
Honda,fit,2010,No,$800,"127,467",," Underbody Damage, Selling De-Registered","CVT,",5,Hybrid,https://manheim.co.nz/damaged-vehicles/000000000007424293/2010-honda-fit-hybrid-hatch?referringPage=SearchResults
Honda,Odyssey,2007,No,"$1,000","84,298",," Import, Left Front Damage, Right Rear Damage, Selling De-Registered","Automatic,",8,Petrol,https://manheim.co.nz/damaged-vehicles/000000000007424296/2007-honda-odyssey-absolute-station-wagon?referringPage=SearchResults
Subaru,Foresrter,2008,No,$900,"90,375",," Import, Underbody Damage, Selling De-Registered","Automatic,",5,Petrol,https://manheim.co.nz/damaged-vehicles/000000000007424331/2008-subaru-foresrter-xs-2-0-station-wagon?referringPage=SearchResults
Ford,Falcon,2010,No,$400,"85,000",," Left Front Damage, Left Rear Damage, Left Side Damage, Roof Damage, Right Front Damage, Right Rear Damage, Dismantled - Entire Vehicle, Selling De-Registered","Automatic,",5,Petrol,https://manheim.co.nz/damaged-vehicles/000000000007414346/2010-ford-falcon-fg-xr6-sedan-a-sedan?referringPage=SearchResults
Subaru,Forester,2002,No,$500,"156,468",," Structural Damage, Stolen & Recovered, Selling De-Registered","Automatic,",5,Petrol,https://manheim.co.nz/damaged-vehicles/000000000007434418/2002-subaru-forester-station-wagon?referringPage=SearchResults
Toyota,RAV4,2015,No,"$2,200",N/A,," Front Damage, Structural Damage, Selling De-Registered",N/A,5,Petrol,https://manheim.co.nz/damaged-vehicles/000000000007434420/2015-toyota-rav4-gxl-suv-2-0p-cvt-sw-station-wagon?referringPage=SearchResults
Subaru,Legacy,2012,No,$0,N/A,," Right Front Damage, Structural Damage, Selling De-Registered","Automatic,",5,Petrol,https://manheim.co.nz/damaged-vehicles/000000000007434472/2012-subaru-legacy-station-wagon?referringPage=SearchResults
Honda,Hr-v,2019,No,"$2,200","99,275",," Front Damage, Structural Damage, Selling De-Registered","Automatic,",5,Petrol,https://manheim.co.nz/damaged-vehicles/000000000007424566/2019-honda-hr-v-active-1-8p-cvt-station-wagon?referringPage=SearchResults
Nissan,Wingroad,2008,Yes,$0,"218,295",," Right Side Damage, Selling Registered","Automatic,",5,Petrol,https://manheim.co.nz/damaged-vehicles/000000000007424577/2008-nissan-wingroad-station-wagon?referringPage=SearchResults
Mazda,BT-50,2007,No,$750,"350,744",," Front Damage, Structural Damage, Selling De-Registered",N/A,5,Diesel,https://manheim.co.nz/damaged-vehicles/000000000007424581/2007-mazda-bt-50-d-c-w-s-4wd-sdx-5-a-dual-cab-utility?referringPage=SearchResults
Jaguar,F-pace,2018,No,$25,N/A,, Selling De-Registered,N/A,N/A,N/A,https://manheim.co.nz/damaged-vehicles/000000000007424588/2018-jaguar-f-pace-parts-hatch?referringPage=SearchResults
LDV,V80,2018,No,$0,"133,277",," Front Damage, Left Front Damage, Left Side Damage, Structural Damage, Selling De-Registered",N/A,3,Diesel,https://manheim.co.nz/damaged-vehicles/000000000007424610/2018-ldv-v80-bigger-amt-2-5d-6am-high-roof-van?referringPage=SearchResults
Toyota,Tercel,1998,No,$500,N/A,, Selling De-Registered,N/A,5,Petrol,https://manheim.co.nz/damaged-vehicles/000000000007424679/1998-toyota-tercel-joinus-l-hatch?referringPage=SearchResults
BMW,740i,1998,Yes,$425,"288,833",," Stolen & Recovered, Selling Registered","5spd Automatic,",5,Petrol,https://manheim.co.nz/damaged-vehicles/000000000007434726/1998-bmw-740i-sedan?referringPage=SearchResults
Honda,Inspire,2005,No,$500,N/A,," Front Damage, Left Rear Damage, Rear Damage, Roof Damage, Right Front Damage, Right Rear Damage, Right Side Damage, Airbags Deployed, Structural Damage, Selling De-Registered","Automatic,",5,Petrol,https://manheim.co.nz/damaged-vehicles/000000000007434745/2005-honda-inspire-sedan?referringPage=SearchResults
Toyota,Altezza,2001,No,"$1,000","354,020",," Left Rear Damage, Structural Damage, Selling De-Registered","Automatic,",5,Petrol,https://manheim.co.nz/damaged-vehicles/000000000007434751/2001-toyota-altezza-sedan?referringPage=SearchResults
Nissan,Leaf,2012,Yes,$400,"115,150",," Left Side Damage, Selling Registered","Automatic, Fuel Type, Electri",5,Electric,https://manheim.co.nz/damaged-vehicles/000000000007434768/2012-nissan-leaf-hatch?referringPage=SearchResults
MINI,Cooper,2006,No,$500,N/A,," Right Rear Damage, Structural Damage, Suspension Damage, Selling De-Registered",N/A,N/A,Petrol,https://manheim.co.nz/damaged-vehicles/000000000007434771/2006-mini-cooper-coup%C3%A9?referringPage=SearchResults
Mazda,MAZDA3,2009,No,$400,"209,597",," Front Damage, Interior Damage, Left Side Damage, Structural Damage, Water Damage, Selling De-Registered","5spd Automatic,",5,Petrol,https://manheim.co.nz/damaged-vehicles/000000000007434772/2009-mazda-mazda3-sporthatch-sp23-2-3-hatch?referringPage=SearchResults
Mitsubishi,Colt Plus,2005,Yes,$825,"155,749",," Ignition Damage, Left Side Damage, Vandalised - Interior, Stolen & Recovered, Selling Registered",N/A,5,Petrol,https://manheim.co.nz/damaged-vehicles/000000000007434773/2005-mitsubishi-colt-plus-1-5p-ls-5dr-hatch?referringPage=SearchResults
Toyota,Auris,2006,No,$600,N/A,," Front Damage, Structural Damage, Selling De-Registered",N/A,5,Petrol,https://manheim.co.nz/damaged-vehicles/000000000007434775/2006-toyota-auris-hatch?referringPage=SearchResults
Toyota,Prius,2012,No,$800,N/A,," Front Damage, Airbags Deployed, Structural Damage, Selling De-Registered","4spd Automatic,",5,Hybrid,https://manheim.co.nz/damaged-vehicles/000000000007434776/2012-toyota-prius-phv-hatch?referringPage=SearchResults
Suzuki,Baleno,2017,No,$750,"151,837",," Front Damage, Structural Damage, Selling De-Registered","Automatic,",5,Petrol,https://manheim.co.nz/damaged-vehicles/000000000007434777/2017-suzuki-baleno-glxa-1-4p-4at-hatch?referringPage=SearchResults
Mercedes-Benz,C200,2012,No,"$1,450","95,325",," Right Rear Damage, Structural Damage, Selling De-Registered","Automatic,",5,Petrol,https://manheim.co.nz/damaged-vehicles/000000000007434779/2012-mercedes-benz-c200-sedan?referringPage=SearchResults
Audi,A4,2010,No,$750,"80,385",," Left Front Damage, Left Side Damage, Structural Damage, Selling De-Registered","7spd Automatic,",5,Petrol,https://manheim.co.nz/damaged-vehicles/000000000007434780/2010-audi-a4-station-wagon?referringPage=SearchResults
Honda,Insight,2009,No,$550,"97,621",," Left Side Damage, Right Side Damage, Structural Damage, Selling De-Registered","Automatic,",5,Hybrid,https://manheim.co.nz/damaged-vehicles/000000000007434787/2009-honda-insight-hybrid-hatch?referringPage=SearchResults
Nissan,Sentra,1998,No,$500,"263,116",, Selling De-Registered,N/A,5,Petrol,https://manheim.co.nz/damaged-vehicles/000000000007424794/1998-nissan-sentra-s-hatch-1-5-man-hatch?referringPage=SearchResults
Ford,Laser,2001,No,$500,N/A,," Left Side Damage, Selling De-Registered",N/A,5,Petrol,https://manheim.co.nz/damaged-vehicles/000000000007424808/2001-ford-laser-1-6-lxi-5dr-man-hatch?referringPage=SearchResults
Honda,fit Shuttle Hatchback,2011,No,$200,"180,197",," Glass Broken, Left Rear Damage, Rear Damage, Right Rear Damage, Structural Damage, Selling De-Registered","Automatic,",5,Hybrid,https://manheim.co.nz/damaged-vehicles/000000000007434801/2011-honda-fit-shuttle-hatchback-hatch?referringPage=SearchResults
Nissan,Note,2008,No,$525,N/A,," Front Damage, Structural Damage, Selling De-Registered",N/A,5,Petrol,https://manheim.co.nz/damaged-vehicles/000000000007434822/2008-nissan-note-hatch?referringPage=SearchResults
Volkswagen,Polo,2012,No,$550,N/A,," Front Damage, Structural Damage, Selling De-Registered","Automatic,",5,Petrol,https://manheim.co.nz/damaged-vehicles/000000000007434826/2012-volkswagen-polo-63kw-7dsg-hatch?referringPage=SearchResults
ROYAL ENFIELD,Bear 650,2025,No,"$1,900",1,," Structural Damage, Selling De-Registered","Automatic,",N/A,Petrol,https://manheim.co.nz/damaged-vehicles/000000000007424821/2025-royal-enfield-bear-650-motorcycle?referringPage=SearchResults
Peugeot,306,1999,No,$500,N/A,," Right Side Damage, Selling De-Registered",N/A,5,Petrol,https://manheim.co.nz/damaged-vehicles/000000000007424825/1999-peugeot-306-hatch?referringPage=SearchResults
Toyota,Aqua,2016,No,$800,"124,683",," Front Damage, Left Front Damage, Right Front Damage, Structural Damage, Selling De-Registered","Automatic,",5,Hybrid,https://manheim.co.nz/damaged-vehicles/000000000007434834/2016-toyota-aqua-hatch?referringPage=SearchResults
Mazda,Demio,2004,No,$400,"220,412",," Chassis Damage, Left Front Damage, Structural Damage, Suspension Damage, Selling De-Registered","Automatic,",5,Petrol,https://manheim.co.nz/damaged-vehicles/000000000007434840/2004-mazda-demio-hatch?referringPage=SearchResults
Holden,Trax,2013,No,$500,"126,006",," Water Damage, Selling De-Registered",N/A,5,Petrol,https://manheim.co.nz/damaged-vehicles/000000000007434845/2013-holden-trax-ltz-1-8p6a-ha5d5s-hatch?referringPage=SearchResults
Piaggio,Vespa LX50,2007,No,$300,"4,402",," Left Side Damage, Structural Damage, Selling De-Registered","Automatic,",N/A,Petrol,https://manheim.co.nz/damaged-vehicles/000000000007434848/2007-piaggio-vespa-lx50-scooter?referringPage=SearchResults
Nissan,Dualis,2007,No,$650,N/A,," Front Damage, Structural Damage, Selling De-Registered",N/A,5,Petrol,https://manheim.co.nz/damaged-vehicles/000000000007434855/2007-nissan-dualis-station-wagon?referringPage=SearchResults
Toyota,Hilux,2007,No,N/A,"267,304",," Front Damage, Structural Damage, Selling De-Registered",N/A,5,Diesel,https://manheim.co.nz/damaged-vehicles/000000000007434857/2007-toyota-hilux-3-0td-2wd-d-c-ute-5-utility?referringPage=SearchResults
Subaru,Impreza,2005,Yes,$400,"168,458",," Interior Damage, Stolen & Recovered, Selling Registered","5spd Automatic,",5,Petrol,https://manheim.co.nz/damaged-vehicles/000000000007434872/2005-subaru-impreza-station-wagon?referringPage=SearchResults
Nissan,Sentra,1996,No,$500,N/A,, Selling De-Registered,N/A,5,Petrol,https://manheim.co.nz/damaged-vehicles/000000000007424878/1996-nissan-sentra-1-4-s-hatch-hatch?referringPage=SearchResults
Ford,Focus,2011,Yes,$925,"135,367",," Right Front Damage, Right Side Damage, Selling Registered","6spd Automatic,",5,Diesel,https://manheim.co.nz/damaged-vehicles/000000000007434971/2011-ford-focus-trend-2-0-auto-h-ds-hatch?referringPage=SearchResults
Toyota,Hilux Surf,1994,No,"$2,900","217,987",," Interior Damage, Left Front Damage, Left Rear Damage, Left Side Damage, Right Front Damage, Right Rear Damage, Vandalised - Interior, Structural Damage, Selling De-Registered","Automatic,",5,Diesel,https://manheim.co.nz/damaged-vehicles/000000000007434989/1994-toyota-hilux-surf-station-wagon-station-wagon?referringPage=SearchResults
Ford,Focus,2014,Yes,"$1,000","171,244",, Selling Registered,"6spd Automatic,",5,Petrol,https://manheim.co.nz/damaged-vehicles/000000000007434994/2014-ford-focus-ambiente-1-6-a-w-station-wagon?referringPage=SearchResults
Mazda,323,1996,No,$500,N/A,, Selling De-Registered,N/A,5,Petrol,https://manheim.co.nz/damaged-vehicles/000000000007425015/1996-mazda-323-sedan-glxi-1-6-m5-sedan?referringPage=SearchResults
Suzuki,Swift,2020,No,"$2,200","70,081",," Front Damage, Structural Damage, Selling De-Registered","Automatic,",5,Petrol,https://manheim.co.nz/damaged-vehicles/000000000007415012/2020-suzuki-swift-rs-1-0pt-6at-hatch?referringPage=SearchResults
Nissan,Fuga,2007,No,$0,N/A,, Selling De-Registered,N/A,5,Petrol,https://manheim.co.nz/damaged-vehicles/000000000007425020/2007-nissan-fuga-sedan?referringPage=SearchResults
Hyundai,Lantra,1999,No,$500,"235,086",, Selling De-Registered,N/A,5,Petrol,https://manheim.co.nz/damaged-vehicles/000000000007425033/1999-hyundai-lantra-1-6gls-4dr-5spd-sedan?referringPage=SearchResults
Mitsubishi,Mirage,1999,No,$500,N/A,, Selling De-Registered,N/A,5,Petrol,https://manheim.co.nz/damaged-vehicles/000000000007425037/1999-mitsubishi-mirage-dingo-hatch?referringPage=SearchResults
FORZA,Capri LX Motorcycle,2020,No,$200,"3,165",," Front Damage, Structural Damage, Stolen & Recovered, Selling De-Registered","Automatic,",N/A,Petrol,https://manheim.co.nz/damaged-vehicles/000000000007435030/2020-forza-capri-lx-motorcycle-motorcycle?referringPage=SearchResults
Mazda,Demio,2004,Yes,$500,"167,287",," Vandalised - Interior, Stolen & Recovered, Selling Registered","Automatic,",5,Petrol,https://manheim.co.nz/damaged-vehicles/000000000007435043/2004-mazda-demio-hatch?referringPage=SearchResults
Nissan,Qashqai,2019,No,N/A,"140,733",," Left Side Damage, Structural Damage, Selling De-Registered","Automatic,",5,Petrol,https://manheim.co.nz/damaged-vehicles/000000000007425049/2019-nissan-qashqai-st-2-0p-cvt-hatch?referringPage=SearchResults
Honda,Elysion,2004,No,$0,N/A,, Selling De-Registered,N/A,8,Petrol,https://manheim.co.nz/damaged-vehicles/000000000007425052/2004-honda-elysion-station-wagon?referringPage=SearchResults
Subaru,Impreza,2007,No,$500,"139,976",," Water Damage, Selling De-Registered","Automatic,",5,Petrol,https://manheim.co.nz/damaged-vehicles/000000000007435057/2007-subaru-impreza-station-wagon?referringPage=SearchResults
Mitsubishi,Pajero,2011,No,"$2,600","199,846",," Left Front Damage, Structural Damage, Selling De-Registered","Automatic,",7,Petrol,https://manheim.co.nz/damaged-vehicles/000000000007435068/2011-mitsubishi-pajero-station-wagon?referringPage=SearchResults
Mazda,Verisa,2006,No,$325,N/A,," Rear Damage, Structural Damage, Selling De-Registered",N/A,5,Petrol,https://manheim.co.nz/damaged-vehicles/000000000007435075/2006-mazda-verisa-hatch?referringPage=SearchResults
Suzuki,Swift,2019,No,"$1,350","66,300",," Right Front Damage, Right Side Damage, Structural Damage, Selling De-Registered","Automatic,",5,Petrol,https://manheim.co.nz/damaged-vehicles/000000000007435079/2019-suzuki-swift-hatch?referringPage=SearchResults
Ford,Fiesta,2015,No,$750,"217,819",," Left Rear Damage, Rear Damage, Right Rear Damage, Structural Damage, Selling De-Registered","Automatic,",5,Petrol,https://manheim.co.nz/damaged-vehicles/000000000007435085/2015-ford-fiesta-hatch?referringPage=SearchResults
Opel,Astra,2000,No,$500,N/A,," Right Front Damage, Selling De-Registered",N/A,5,Petrol,https://manheim.co.nz/damaged-vehicles/000000000007425082/2000-opel-astra-hatch?referringPage=SearchResults
BMW,323i,2008,No,$600,N/A,," Right Side Damage, Structural Damage, Selling De-Registered",N/A,5,Petrol,https://manheim.co.nz/damaged-vehicles/000000000007415087/2008-bmw-323i-sedan?referringPage=SearchResults
Ford,Escape,2018,No,"$1,450","195,288",," Front Damage, Airbags Deployed, Structural Damage, Selling De-Registered","Automatic,",5,Petrol,https://manheim.co.nz/damaged-vehicles/000000000007425095/2018-ford-escape-ambiente-fwd-petrol-station-wagon?referringPage=SearchResults
Toyota,Corolla,2017,No,"$1,650","111,109",," Front Damage, Right Front Damage, Structural Damage, Selling De-Registered","Automatic,",5,Petrol,https://manheim.co.nz/damaged-vehicles/000000000007435092/2017-toyota-corolla-glx-1-8p-cvt-hatch?referringPage=SearchResults
FOTON,Tunland,2018,No,$750,N/A,," Front Damage, Left Side Damage, Rear Damage, Structural Damage, Selling De-Registered",N/A,5,Diesel,https://manheim.co.nz/damaged-vehicles/000000000007435093/2018-foton-tunland-4wd-s-2-8dt-4wd-5mt-utility?referringPage=SearchResults
Suzuki,UZ50,2019,No,$300,"10,592",," Structural Damage, Selling De-Registered","Automatic,",N/A,Petrol,https://manheim.co.nz/damaged-vehicles/000000000007435094/2019-suzuki-uz50-scooter?referringPage=SearchResults
Toyota,Passo,2005,No,$875,N/A,," Left Front Damage, Structural Damage, Selling De-Registered","Automatic,",5,Petrol,https://manheim.co.nz/damaged-vehicles/000000000007435097/2005-toyota-passo-hatch?referringPage=SearchResults
Ford,Kuga,2013,No,$0,"106,792",," Engine Damage, Fire Damage, Left Front Damage, Fire - Engine, Selling De-Registered","6spd Automatic,",5,Petrol,https://manheim.co.nz/damaged-vehicles/000000000007435101/2013-ford-kuga-awd-1-6p-ecoboost-a-station-wagon?referringPage=SearchResults
Mazda,323 Protege,2000,No,$300,"167,793",," Rear Damage, Structural Damage, Selling De-Registered","Manual,",5,Petrol,https://manheim.co.nz/damaged-vehicles/000000000007435103/2000-mazda-323-protege-glxi-sedan?referringPage=SearchResults
Toyota,Hiace,2009,No,"$4,100",N/A,," Front Damage, Interior Damage, Left Side Damage, Rear Damage, Roof Damage, Rolled, Right Side Damage, Structural Damage, Selling De-Registered","Automatic,",11,Petrol,https://manheim.co.nz/damaged-vehicles/000000000007435106/2009-toyota-hiace-2-7p-zl-van-4a-3sea-van?referringPage=SearchResults
Nissan,Leaf,2014,No,$750,"120,241",," Left Side Damage, Right Side Damage, Structural Damage, Selling De-Registered","Automatic, Drive Type, Front Wheel Drive, Fuel Type, Electri",5,Electric,https://manheim.co.nz/damaged-vehicles/000000000007425100/2014-nissan-leaf-hatch?referringPage=SearchResults
Mazda,Axela,2006,No,$400,"218,632",," Structural Damage, Selling De-Registered",N/A,5,Petrol,https://manheim.co.nz/damaged-vehicles/000000000007435114/2006-mazda-axela-sport-hatch?referringPage=SearchResults
Nissan,Serena,2011,No,$1,N/A,," Fire Damage, Structural Damage, Selling De-Registered",N/A,8,Petrol,https://manheim.co.nz/damaged-vehicles/000000000007435115/2011-nissan-serena-station-wagon?referringPage=SearchResults
Volkswagen,Caddy,2013,No,$750,N/A,," Front Damage, Structural Damage, Selling De-Registered","Manual,",2,Petrol,https://manheim.co.nz/damaged-vehicles/000000000007435116/2013-volkswagen-caddy-maxi-van-1-2-man-van?referringPage=SearchResults
Toyota,Caldina,2007,No,$500,"158,572",," Front Damage, Structural Damage, Selling De-Registered","Automatic,",5,Petrol,https://manheim.co.nz/damaged-vehicles/000000000007435117/2007-toyota-caldina-station-wagon?referringPage=SearchResults
Mitsubishi,Lancer,2012,No,$600,"191,365",," Right Side Damage, Structural Damage, Suspension Damage, Selling De-Registered",N/A,5,Petrol,https://manheim.co.nz/damaged-vehicles/000000000007435118/2012-mitsubishi-lancer-2-0p-sei-sedan-auto-sedan?referringPage=SearchResults
Toyota,Corolla,1995,No,$550,"197,994",," Left Front Damage, Structural Damage, Selling De-Registered","5spd Automatic,",5,Petrol,https://manheim.co.nz/damaged-vehicles/000000000007435119/1995-toyota-corolla-1-6p-gl-hbac-hatch?referringPage=SearchResults
Hyundai,I30,2011,No,$650,"156,374",," Left Rear Damage, Structural Damage, Selling De-Registered","Automatic,",5,Diesel,https://manheim.co.nz/damaged-vehicles/000000000007435120/2011-hyundai-i30-1-6-crdi-elite-a4-hatch?referringPage=SearchResults
Ford,Ranger,2023,No,N/A,N/A,," Glass Broken, Interior Damage, Left Side Damage, Roof Damage, Right Front Damage, Structural Damage, Selling De-Registered",N/A,5,Petrol,https://manheim.co.nz/damaged-vehicles/000000000007435121/2023-ford-ranger-raptor-3-0p-4wd-10a-utility?referringPage=SearchResults
Mitsubishi,Outlander,2012,No,$600,N/A,," Front Damage, Left Side Damage, Structural Damage, Selling De-Registered","Automatic,",7,Petrol,https://manheim.co.nz/damaged-vehicles/000000000007435123/2012-mitsubishi-outlander-2-4-vrx-station-wagon?referringPage=SearchResults
Mitsubishi,Outlander,2005,No,$500,"292,359",," Left Rear Damage, Right Front Damage, Structural Damage, Selling De-Registered",N/A,5,Petrol,https://manheim.co.nz/damaged-vehicles/000000000007435124/2005-mitsubishi-outlander-station-wagon?referringPage=SearchResults
Toyota,Corolla,2010,No,$650,"226,129",," Left Front Damage, Structural Damage, Selling De-Registered",N/A,N/A,Petrol,https://manheim.co.nz/damaged-vehicles/000000000007435126/2010-toyota-corolla-hatch?referringPage=SearchResults
Toyota,RAV4,2023,No,N/A,N/A,," Airbags Deployed, Rear Damage, Right Front Damage, Right Side Damage, Structural Damage, Selling De-Registered","Automatic,",5,Hybrid,https://manheim.co.nz/damaged-vehicles/000000000007435130/2023-toyota-rav4-gxl-2-5ph-4wd-hd-station-wagon?referringPage=SearchResults
Subaru,Legacy,2000,Yes,$850,N/A,," Front Damage, Ignition Damage, Right Side Damage, Stolen & Recovered, Selling Registered","Manual,",5,Petrol,https://manheim.co.nz/damaged-vehicles/000000000007435140/2000-subaru-legacy-b4-sedan?referringPage=SearchResults
Hyundai,Sonata,2018,No,N/A,"172,561",," Right Front Damage, Right Side Damage, Structural Damage, Selling De-Registered","Automatic,",5,Petrol,https://manheim.co.nz/damaged-vehicles/000000000007435146/2018-hyundai-sonata-2-4p-6at-sl-4dr-5s-sedan?referringPage=SearchResults
Mazda,Atenza,2008,No,$1,N/A,," Fire - Entire Vehicle, Structural Damage, Fire Damaged, Selling De-Registered",N/A,5,Petrol,https://manheim.co.nz/damaged-vehicles/000000000007435147/2008-mazda-atenza-station-wagon?referringPage=SearchResults
Holden,Captiva,2010,Yes,$500,"161,174",, Selling Registered,"5spd Manual,",5,Petrol,https://manheim.co.nz/damaged-vehicles/000000000007415141/2010-holden-captiva-5-2-4l-fwd-mt-station-wagon?referringPage=SearchResults
Kawasaki,KLE,2019,No,$200,N/A,," Structural Damage, Selling De-Registered",N/A,N/A,Petrol,https://manheim.co.nz/damaged-vehicles/000000000007425150/2019-kawasaki-kle-300c-motorcycle?referringPage=SearchResults
Citroen,DS4,2015,No,$500,N/A,, Selling De-Registered,N/A,5,Petrol,https://manheim.co.nz/damaged-vehicles/000000000007425169/2015-citroen-ds4-dstylepetrol-1-6p6a-hatch?referringPage=SearchResults
Mazda,Demio,2004,No,$100,N/A,," Front Damage, Right Side Damage, Structural Damage, Stolen & Recovered, Selling De-Registered","Automatic,",5,Petrol,https://manheim.co.nz/damaged-vehicles/000000000007435166/2004-mazda-demio-hatch?referringPage=SearchResults
Mazda,Demio,2007,No,$500,N/A,," Right Front Damage, Structural Damage, Suspension Damage, Selling De-Registered","Automatic,",5,Petrol,https://manheim.co.nz/damaged-vehicles/000000000007435169/2007-mazda-demio-hatch?referringPage=SearchResults
Nissan,Qashqai,2018,No,N/A,N/A,," Front Damage, Rear Damage, Structural Damage, Selling De-Registered","Automatic,",5,Petrol,https://manheim.co.nz/damaged-vehicles/000000000007435172/2018-nissan-qashqai-n-tec-2-0p-cvt-hatch?referringPage=SearchResults
Toyota,Lucida,1992,No,$525,N/A,," Left Side Damage, Right Side Damage, Selling De-Registered",N/A,8,Petrol,https://manheim.co.nz/damaged-vehicles/000000000007425171/1992-toyota-lucida-estima-x-station-wagon?referringPage=SearchResults
Mazda,CX-5,2017,No,$500,1,," Front Damage, Structural Damage, Selling De-Registered",N/A,5,Diesel,https://manheim.co.nz/damaged-vehicles/000000000007425188/2017-mazda-cx-5-gsx-dsl-2-2d-4wd-6a-station-wagon?referringPage=SearchResults
Hyundai,Getz,2008,No,$200,"300,002",," Front Damage, Rear Damage, Structural Damage, Selling De-Registered","Automatic,",5,Diesel,https://manheim.co.nz/damaged-vehicles/000000000007435180/2008-hyundai-getz-1-5d-crdi-5d-m5-hatch?referringPage=SearchResults
Kia,Rio,2014,No,$750,"128,149",," Left Side Damage, Airbags Deployed, Structural Damage, Selling De-Registered","Automatic,",5,Diesel,https://manheim.co.nz/damaged-vehicles/000000000007435194/2014-kia-rio-hatch?referringPage=SearchResults
Volkswagen,Polo,2009,No,$600,"152,829",," Chassis Damage, Front Damage, Structural Damage, Selling De-Registered","4spd Automatic,",5,Petrol,https://manheim.co.nz/damaged-vehicles/000000000007435202/2009-volkswagen-polo-hatch?referringPage=SearchResults
Honda,Accord,2006,No,$575,"197,660",," Right Front Damage, Structural Damage, Selling De-Registered",N/A,5,Petrol,https://manheim.co.nz/damaged-vehicles/000000000007435211/2006-honda-accord-sedan?referringPage=SearchResults
Nissan,X-trail,2006,No,$500,N/A,," Rear Damage, Right Front Damage, Structural Damage, Selling De-Registered",N/A,5,Petrol,https://manheim.co.nz/damaged-vehicles/000000000007435219/2006-nissan-x-trail-station-wagon?referringPage=SearchResults
Toyota,Cielo,1989,No,$25,"64,725",," Interior Damage, Has Key, Structural Damage, Water Damage, Selling De-Registered",N/A,5,Petrol,https://manheim.co.nz/damaged-vehicles/000000000007435221/1989-toyota-cielo-xi-16-valve-hatch?referringPage=SearchResults
Subaru,XV,2012,No,$900,"199,963",," Left Side Damage, Structural Damage, Selling De-Registered","Automatic,",5,Petrol,https://manheim.co.nz/damaged-vehicles/000000000007435223/2012-subaru-xv-hatch-2-0i-l-auto-station-wagon?referringPage=SearchResults
Mazda,Demio,2008,No,$200,N/A,," Front Damage, Airbags Deployed, Structural Damage, Selling De-Registered",N/A,5,Petrol,https://manheim.co.nz/damaged-vehicles/000000000007435239/2008-mazda-demio-hatch?referringPage=SearchResults
Toyota,Carib,1997,Yes,$500,"305,747",," Left Front Damage, Selling Registered","Automatic,",5,Petrol,https://manheim.co.nz/damaged-vehicles/000000000007435261/1997-toyota-carib-station-wagon?referringPage=SearchResults
Toyota,Prius,2015,No,"$1,300",N/A,," Left Side Damage, Structural Damage, Selling De-Registered","Automatic,",5,N/A,https://manheim.co.nz/damaged-vehicles/000000000007435266/2015-toyota-prius-hybrid-hatch?referringPage=SearchResults
Toyota,Camry,2019,No,N/A,N/A,," Left Rear Damage, Rear Damage, Right Rear Damage, Structural Damage, Selling De-Registered","Automatic,",5,Hybrid,https://manheim.co.nz/damaged-vehicles/000000000007435270/2019-toyota-camry-gx-2-5ph-cvt-sedan?referringPage=SearchResults
Nissan,Skyline,2013,No,"$1,100","77,738",," Right Front Damage, Right Rear Damage, Right Side Damage, Structural Damage, Selling De-Registered",N/A,5,Petrol,https://manheim.co.nz/damaged-vehicles/000000000007435282/2013-nissan-skyline-sedan?referringPage=SearchResults
Nissan,Elgrand,2005,No,$500,"246,647",," Front Damage, Structural Damage, Selling De-Registered","Automatic,",8,Petrol,https://manheim.co.nz/damaged-vehicles/000000000007435306/2005-nissan-elgrand-rider-s-station-wagon?referringPage=SearchResults
Hyundai,IX35,2013,No,"$1,300","237,970",," Right Rear Damage, Structural Damage, Suspension Damage, Selling De-Registered","Automatic,",5,Diesel,https://manheim.co.nz/damaged-vehicles/000000000007435307/2013-hyundai-ix35-2-0r-crdi-elite-a6-station-wagon?referringPage=SearchResults
Nissan,Navara,2022,No,N/A,"109,437",," Front Damage, Airbags Deployed, Structural Damage, Selling De-Registered","7spd Automatic,",5,Diesel,https://manheim.co.nz/damaged-vehicles/000000000007435308/2022-nissan-navara-sl-2-3d-4wd-7at-utility?referringPage=SearchResults
Toyota,Wish,2009,No,$500,N/A,," Left Front Damage, Structural Damage, Selling De-Registered","Automatic,",7,Petrol,https://manheim.co.nz/damaged-vehicles/000000000007435309/2009-toyota-wish-station-wagon?referringPage=SearchResults
Toyota,Estima,1996,No,$500,N/A,, Selling De-Registered,"Automatic,",2,Petrol,https://manheim.co.nz/damaged-vehicles/000000000007425323/1996-toyota-estima-emina-station-wagon?referringPage=SearchResults
Toyota,Estima,1996,No,$525,N/A,, Selling De-Registered,N/A,8,Petrol,https://manheim.co.nz/damaged-vehicles/000000000007425329/1996-toyota-estima-station-wagon?referringPage=SearchResults
Holden,Vectra,2004,No,$500,N/A,, Selling De-Registered,"Automatic,",5,Petrol,https://manheim.co.nz/damaged-vehicles/000000000007425339/2004-holden-vectra-cd-hatch-auto-hatch?referringPage=SearchResults
Toyota,Estima,1999,No,$525,N/A,, Selling De-Registered,"Automatic,",8,Petrol,https://manheim.co.nz/damaged-vehicles/000000000007425345/1999-toyota-estima-lucida-x-luxury-station-wagon?referringPage=SearchResults
Honda,Accord 4DR EXI MAN,1991,Yes,$325,"167,110",," Ignition Damage, Left Rear Damage, Left Side Damage, Selling Registered","5spd Automatic,",5,Petrol,https://manheim.co.nz/damaged-vehicles/000000000007435343/1991-honda-accord-4dr-exi-man-sedan?referringPage=SearchResults
Volkswagen,Polo,2017,No,"$1,450",N/A,," Left Rear Damage, Left Side Damage, Structural Damage, Suspension Damage, Selling De-Registered",N/A,5,Petrol,https://manheim.co.nz/damaged-vehicles/000000000007435346/2017-volkswagen-polo-tsi-66kw-cl-1-2p-7a-hatch?referringPage=SearchResults
Subaru,Forester,2003,No,$200,"159,931",," Ignition Damage, Left Front Damage, Stolen & Recovered, Selling De-Registered","Automatic,",5,Petrol,https://manheim.co.nz/damaged-vehicles/000000000007435347/2003-subaru-forester-station-wagon?referringPage=SearchResults
Dodge,Journey,2015,Yes,$900,N/A,," Front Damage, Ignition Damage, Rear Damage, Selling Registered",N/A,7,Petrol,https://manheim.co.nz/damaged-vehicles/000000000007435349/2015-dodge-journey-sxt-3-6p-6at-sw-5dr-station-wagon?referringPage=SearchResults
Toyota,Cynos,1998,Yes,$600,"176,087",," Left Side Damage, Selling Registered",N/A,4,Petrol,https://manheim.co.nz/damaged-vehicles/000000000007435350/1998-toyota-cynos-coup%C3%A9?referringPage=SearchResults
Toyota,Highlander,2011,No,"$1,300",N/A,," Chassis Damage, Front Damage, Structural Damage, Selling De-Registered",N/A,7,Petrol,https://manheim.co.nz/damaged-vehicles/000000000007435358/2011-toyota-highlander-3-5p-4wd-wagon5-5a-station-wagon?referringPage=SearchResults
Mazda,MAZDA3,2008,No,$0,"259,945",," Left Front Damage, Left Side Damage, Right Front Damage, Structural Damage, Selling De-Registered","Manual,",5,Petrol,https://manheim.co.nz/damaged-vehicles/000000000007425356/2008-mazda-mazda3-sporthatch-sp23-2-3-hatch?referringPage=SearchResults
Mazda,Atenza,2009,No,$300,N/A,," Front Damage, Airbags Deployed, Structural Damage, Selling De-Registered","Automatic,",5,Petrol,https://manheim.co.nz/damaged-vehicles/000000000007435371/2009-mazda-atenza-station-wagon?referringPage=SearchResults
Mazda,Atenza,2013,No,$750,"124,414",," Front Damage, Structural Damage, Selling De-Registered","Automatic,",5,Diesel,https://manheim.co.nz/damaged-vehicles/000000000007435372/2013-mazda-atenza-station-wagon?referringPage=SearchResults
Volkswagen,Golf,2010,Yes,$750,N/A,," Right Front Damage, Right Rear Damage, Right Side Damage, Selling Registered","Automatic,",5,Petrol,https://manheim.co.nz/damaged-vehicles/000000000007435373/2010-volkswagen-golf-hatch?referringPage=SearchResults
Toyota,Corolla,2002,Yes,$525,"241,382",," Front Damage, Right Front Damage, Structural Damage, Selling Registered","Automatic,",5,Petrol,https://manheim.co.nz/damaged-vehicles/000000000007435374/2002-toyota-corolla-1-8p-glx-hatch5-4a-hatch?referringPage=SearchResults
Toyota,Altezza,2000,No,$102,N/A,," Fire Damage, Structural Damage, Stolen & Recovered, Selling De-Registered","Automatic,",5,Petrol,https://manheim.co.nz/damaged-vehicles/000000000007435375/2000-toyota-altezza-sedan?referringPage=SearchResults
Toyota,Noah,2006,No,$550,N/A,," Right Front Damage, Structural Damage, Selling De-Registered",N/A,8,Petrol,https://manheim.co.nz/damaged-vehicles/000000000007435376/2006-toyota-noah-station-wagon?referringPage=SearchResults
Toyota,Aqua,2014,No,$850,N/A,," Front Damage, Left Side Damage, Rear Damage, Right Rear Damage, Structural Damage, Selling De-Registered","Automatic,",5,Hybrid,https://manheim.co.nz/damaged-vehicles/000000000007435377/2014-toyota-aqua-hatch?referringPage=SearchResults
Lexus,IS250,2008,No,$800,N/A,," Left Rear Damage, Structural Damage, Selling De-Registered",N/A,5,Petrol,https://manheim.co.nz/damaged-vehicles/000000000007435382/2008-lexus-is250-sedan?referringPage=SearchResults
Mazda,Demio,2008,Yes,"$1,500",N/A,," Ignition Damage, No Keys, Right Side Damage, Stolen & Recovered, Selling Registered",N/A,5,Petrol,https://manheim.co.nz/damaged-vehicles/000000000007435384/2008-mazda-demio-hatch?referringPage=SearchResults
Citroen,C3,2014,No,$750,N/A,," Front Damage, Structural Damage, Selling De-Registered","Automatic,",5,Petrol,https://manheim.co.nz/damaged-vehicles/000000000007435387/2014-citroen-c3-exclusiveauto-1-6p4-hatch?referringPage=SearchResults
Honda,fit,2008,No,$550,"240,105",," Front Damage, Structural Damage, Selling De-Registered","Automatic,",5,Petrol,https://manheim.co.nz/damaged-vehicles/000000000007435390/2008-honda-fit-hatch?referringPage=SearchResults
Toyota,Corolla,2008,Yes,"$2,100","114,345",," Ignition Damage, Left Rear Damage, Stolen & Recovered, Selling Registered","Automatic,",5,Petrol,https://manheim.co.nz/damaged-vehicles/000000000007435397/2008-toyota-corolla-fielder-station-wagon?referringPage=SearchResults
Holden,Barina,2010,No,$400,"150,393",," Front Damage, Structural Damage, Selling De-Registered","Automatic,",5,Petrol,https://manheim.co.nz/damaged-vehicles/000000000007435423/2010-holden-barina-hatch?referringPage=SearchResults
Toyota,Estima,2000,No,$500,"257,123",," Left Front Damage, Left Side Damage, Structural Damage, Selling De-Registered","Automatic,",8,Petrol,https://manheim.co.nz/damaged-vehicles/000000000007435427/2000-toyota-estima-t-3-0-aeras-station-wagon?referringPage=SearchResults
Toyota,Blade,2007,No,$750,"210,044",," Front Damage, Right Side Damage, Airbags Deployed, Structural Damage, Suspension Damage, Selling De-Registered","Automatic,",5,Petrol,https://manheim.co.nz/damaged-vehicles/000000000007435429/2007-toyota-blade-hatch?referringPage=SearchResults
Toyota,Ipsum,2004,No,$650,N/A,," Front Damage, Rear Damage, Structural Damage, Selling De-Registered","Automatic,",7,Petrol,https://manheim.co.nz/damaged-vehicles/000000000007435430/2004-toyota-ipsum-station-wagon?referringPage=SearchResults
Hyundai,I20,2017,No,$0,"108,945",," Front Damage, Rear Damage, Structural Damage, Selling De-Registered","Automatic,",5,Petrol,https://manheim.co.nz/damaged-vehicles/000000000007425439/2017-hyundai-i20-1-4p-4at-hatch?referringPage=SearchResults
Toyota,RAV4,2007,No,"$1,300",N/A,," Left Side Damage, Structural Damage, Selling De-Registered",N/A,5,Petrol,https://manheim.co.nz/damaged-vehicles/000000000007435443/2007-toyota-rav4-2-4-4wd-ltd-wagon-4-station-wagon?referringPage=SearchResults
Toyota,Markx,2005,Yes,"$1,300","135,723",," Interior Damage, Stolen & Recovered, Selling Registered","Automatic,",5,Petrol,https://manheim.co.nz/damaged-vehicles/000000000007435461/2005-toyota-markx-sedan?referringPage=SearchResults
Toyota,Corolla,2015,No,$750,"146,908",," Front Damage, Glass Broken, Airbags Deployed, Structural Damage, Selling De-Registered",N/A,5,Petrol,https://manheim.co.nz/damaged-vehicles/000000000007435475/2015-toyota-corolla-gx-hatch?referringPage=SearchResults
Yamaha,JOG CV50,2009,Yes,$113,"16,241",," Front Damage, Selling Registered","Automatic,",N/A,Petrol,https://manheim.co.nz/damaged-vehicles/000000000007425498/2009-yamaha-jog-cv50-scooter?referringPage=SearchResults
Ford,Ranger,2018,No,N/A,"180,096",," Front Damage, Right Side Damage, Structural Damage, Selling De-Registered","Automatic,",5,Diesel,https://manheim.co.nz/damaged-vehicles/000000000007425502/2018-ford-ranger-xlt-double-cab-w-sa-dual-cab-utility?referringPage=SearchResults
Suzuki,GW250,2015,No,$500,"52,328",," Front Damage, Stolen & Recovered, Selling De-Registered","Automatic,",N/A,Petrol,https://manheim.co.nz/damaged-vehicles/000000000007395553/2015-suzuki-gw250-inazuma-lam-motorcycle?referringPage=SearchResults
Mitsubishi,Outlander,2007,No,$500,"183,796",," Left Side Damage, Structural Damage, Selling De-Registered","Automatic,",5,Petrol,https://manheim.co.nz/damaged-vehicles/000000000007435637/2007-mitsubishi-outlander-station-wagon?referringPage=SearchResults
Porsche,Cayenne S,2006,Yes,"$3,500","144,772",, Selling Registered,"6spd Tiptronic,",5,Petrol,https://manheim.co.nz/damaged-vehicles/000000000007435647/2006-porsche-cayenne-s-4-dr-6sp-tip-station-wagon?referringPage=SearchResults
Toyota,Caldina,2002,No,$950,"252,334",," Left Front Damage, Left Rear Damage, Rear Damage, Right Front Damage, Right Rear Damage, Structural Damage, Selling De-Registered","Automatic,",5,Petrol,https://manheim.co.nz/damaged-vehicles/000000000007435648/2002-toyota-caldina-station-wagon?referringPage=SearchResults
Audi,A3,2007,No,$700,"238,479",," Left Rear Damage, Left Side Damage, Airbags Deployed, Structural Damage, Selling De-Registered","Automatic,",5,Petrol,https://manheim.co.nz/damaged-vehicles/000000000007435649/2007-audi-a3-hatch?referringPage=SearchResults
Mazda,Familia,1999,No,$200,"222,410",," Front Damage, Rear Damage, Structural Damage, Selling De-Registered","Automatic,",5,Petrol,https://manheim.co.nz/damaged-vehicles/000000000007435661/1999-mazda-familia-sport20-station-wagon?referringPage=SearchResults
Toyota,Hilux,1997,No,"$2,600","276,395",," Rear Damage, Stolen & Recovered, Selling De-Registered",N/A,5,Diesel,https://manheim.co.nz/damaged-vehicles/000000000007435662/1997-toyota-hilux-surf-ssr-x-limited-station-wagon?referringPage=SearchResults
Nissan,Primera,1997,Yes,$525,"194,068",," Ignition Damage, Stolen & Recovered, Selling Registered","Automatic,",5,Petrol,https://manheim.co.nz/damaged-vehicles/000000000007435663/1997-nissan-primera-sedan?referringPage=SearchResults
Holden,Commodore,2007,No,$600,"146,613",," Left Side Damage, Structural Damage, Selling De-Registered",N/A,N/A,Petrol,https://manheim.co.nz/damaged-vehicles/000000000007435664/2007-holden-commodore-sv6-3-6p-5at-sedan?referringPage=SearchResults
Toyota,Corolla,2006,Yes,"$1,650",N/A,," Left Side Damage, Right Front Damage, Selling Registered","Manual,",5,Petrol,https://manheim.co.nz/damaged-vehicles/000000000007435665/2006-toyota-corolla-1-8p-gl-hatch5-5m-hatch?referringPage=SearchResults
Nissan,Navara,2012,No,"$1,300","252,599",," Left Side Damage, Structural Damage, Selling De-Registered","Automatic,",5,Diesel,https://manheim.co.nz/damaged-vehicles/000000000007435668/2012-nissan-navara-d-c-2-5d-2wd-st-mt-dual-cab-utility?referringPage=SearchResults
Kawasaki,EN,2018,No,$500,N/A,," Structural Damage, Selling De-Registered","Automatic,",N/A,Petrol,https://manheim.co.nz/damaged-vehicles/000000000007425737/2018-kawasaki-en-650d-l-motorcycle?referringPage=SearchResults
Toyota,Corolla,2008,No,$500,N/A,," Right Front Damage, Structural Damage, Selling De-Registered","5spd Manual,",5,Petrol,https://manheim.co.nz/damaged-vehicles/000000000007435762/2008-toyota-corolla-1-8p-gx-hatch-5-6m-hatch?referringPage=SearchResults
Volkswagen,Tiguan,2009,Yes,$500,"132,625",," Engine Damage, Selling Registered",N/A,5,Petrol,https://manheim.co.nz/damaged-vehicles/000000000007435771/2009-volkswagen-tiguan-station-wagon?referringPage=SearchResults
Toyota,Vitz,2010,No,$900,N/A,," Chassis Damage, Front Damage, Structural Damage, Selling De-Registered","Automatic,",5,Petrol,https://manheim.co.nz/damaged-vehicles/000000000007435778/2010-toyota-vitz-hatch?referringPage=SearchResults
Honda,CBR,2019,No,"$1,300","16,261",," Front Damage, Right Side Damage, Structural Damage, Selling De-Registered","Automatic,",N/A,Petrol,https://manheim.co.nz/damaged-vehicles/000000000007405771/2019-honda-cbr-500-p-motorcycle?referringPage=SearchResults
Yamaha,MW155AP,2024,No,$1,1,, Selling De-Registered,N/A,N/A,N/A,https://manheim.co.nz/damaged-vehicles/000000000007425786/2024-yamaha-mw155ap-parts-motorcycle?referringPage=SearchResults
Land Rover,Discovery,2016,No,N/A,N/A,," Left Rear Damage, Structural Damage, Selling De-Registered",N/A,7,Diesel,https://manheim.co.nz/damaged-vehicles/000000000007435780/2016-land-rover-discovery-4-sdv6-hse-station-wagon?referringPage=SearchResults
Honda,Accord,2006,No,$600,"223,743",," Rear Damage, Structural Damage, Selling De-Registered","Automatic,",5,Petrol,https://manheim.co.nz/damaged-vehicles/000000000007435798/2006-honda-accord-eurol-2-4-4d-sed-5a-sedan?referringPage=SearchResults
Toyota,Aqua,2013,No,$800,N/A,," Right Side Damage, Structural Damage, Selling De-Registered","Automatic,",5,Hybrid,https://manheim.co.nz/damaged-vehicles/000000000007435806/2013-toyota-aqua-hatch?referringPage=SearchResults
Nissan,NV200,2014,No,"$1,300",N/A,," Right Side Damage, Structural Damage, Selling De-Registered","Automatic,",2,Petrol,https://manheim.co.nz/damaged-vehicles/000000000007435827/2014-nissan-nv200-vanette-van?referringPage=SearchResults
Hyundai,Accent,2007,No,$0,"212,174",," Rear Damage, Right Rear Damage, Structural Damage, Selling De-Registered","4spd Automatic,",5,Petrol,https://manheim.co.nz/damaged-vehicles/000000000007425828/2007-hyundai-accent-1-6-gls-4d-a4-sedan?referringPage=SearchResults
Subaru,XV,2019,No,$0,"111,268",," Left Front Damage, Left Rear Damage, Left Side Damage, Right Front Damage, Underbody Damage, Structural Damage, Selling De-Registered","Automatic,",5,Petrol,https://manheim.co.nz/damaged-vehicles/000000000007435835/2019-subaru-xv-premium-2-0p-4wd-7a-station-wagon?referringPage=SearchResults
Subaru,Legacy,1997,No,$100,N/A,," Rear Damage, Dismantled - Entire Vehicle, Structural Damage, Stolen & Recovered, Selling De-Registered",N/A,5,Petrol,https://manheim.co.nz/damaged-vehicles/000000000007435846/1997-subaru-legacy-250t-station-wagon?referringPage=SearchResults
Triumph,Speed Triple,2014,No,"$2,750","37,600",," Left Side Damage, Structural Damage, Selling De-Registered","Automatic,",N/A,Petrol,https://manheim.co.nz/damaged-vehicles/000000000007435857/2014-triumph-speed-triple-1050-abs-motorcycle?referringPage=SearchResults
Ford,Fiesta,2012,No,$700,N/A,," Right Front Damage, Selling De-Registered","Automatic,",5,Petrol,https://manheim.co.nz/damaged-vehicles/000000000007395855/2012-ford-fiesta-5dr-1-6-lx-a-hatch?referringPage=SearchResults
Ford,Ranger,2024,Yes,N/A,"56,739",, Selling Registered,N/A,5,Diesel,https://manheim.co.nz/damaged-vehicles/000000000007435891/2024-ford-ranger-xlt-double-cab-w-sa-dual-cab-utility?referringPage=SearchResults
Kawasaki,300,2016,Yes,$825,"18,461",," LH Fairing Damage, RH Fairing Damage, Structural Damage, Selling Registered","Manual,",N/A,N/A,https://manheim.co.nz/damaged-vehicles/000000000007435959/2016-kawasaki-300-motorcycle?referringPage=SearchResults
Toyota,Corolla,2008,No,"$1,300","182,679",," Chassis Damage, Front Damage, Left Rear Damage, Left Side Damage, Structural Damage, Selling De-Registered","Automatic,",5,Petrol,https://manheim.co.nz/damaged-vehicles/000000000007435968/2008-toyota-corolla-fielder-station-wagon?referringPage=SearchResults
Suzuki,GW250Z,2017,No,$400,"30,392",," Structural Damage, Selling De-Registered",N/A,N/A,Petrol,https://manheim.co.nz/damaged-vehicles/000000000007435970/2017-suzuki-gw250z-inazuma-motorcycle?referringPage=SearchResults
Honda,Jazz,2019,No,$0,N/A,," Engine Damage, Left Rear Damage, Left Side Damage, Structural Damage, Stolen & Recovered, Selling De-Registered","CVT,",5,Petrol,https://manheim.co.nz/damaged-vehicles/000000000007435986/2019-honda-jazz-s-1-3p-cvt-hatch?referringPage=SearchResults
Nissan,Wingroad,2007,No,$0,N/A,," Interior Damage, Left Rear Damage, Vandalised - Interior, Structural Damage, Stolen & Recovered, Suspension Damage, Selling De-Registered","Automatic,",5,Petrol,https://manheim.co.nz/damaged-vehicles/000000000007435990/2007-nissan-wingroad-station-wagon?referringPage=SearchResults
Holden,Commodore,2007,No,$500,N/A,," Left Side Damage, Roof Damage, Right Front Damage, Structural Damage, Selling De-Registered","Automatic,",5,Petrol,https://manheim.co.nz/damaged-vehicles/000000000007406021/2007-holden-commodore-sv6-3-6p-5at-sedan?referringPage=SearchResults
Toyota,Aqua,2017,No,$0,"94,107",," Left Front Damage, Left Rear Damage, Left Side Damage, Rear Damage, Structural Damage, Selling De-Registered","CVT,",5,Hybrid,https://manheim.co.nz/damaged-vehicles/000000000007426020/2017-toyota-aqua-hybrid-hatch?referringPage=SearchResults
Peugeot,206,2003,Yes,$700,"155,657",, Selling Registered,"4spd Automatic,",4,Petrol,https://manheim.co.nz/damaged-vehicles/000000000007426028/2003-peugeot-206-cc-cabriolet?referringPage=SearchResults
Audi,A3NZ,2014,No,$500,"163,730",," Right Side Damage, Structural Damage, Selling De-Registered","Automatic,",5,Petrol,https://manheim.co.nz/damaged-vehicles/000000000007416048/2014-audi-a3nz-spback-1-8tfsi-sp-hatch?referringPage=SearchResults
Toyota,Prius,2013,No,"$1,350",N/A,," Ignition Damage, Right Front Damage, Right Side Damage, Structural Damage, Stolen & Recovered, Selling De-Registered",N/A,5,Hybrid,https://manheim.co.nz/damaged-vehicles/000000000007426056/2013-toyota-prius-hatch?referringPage=SearchResults
Ford,Ranger,2016,No,N/A,"242,808",," Glass Broken, Roof Damage, Right Front Damage, Structural Damage, Selling De-Registered","Automatic,",5,Diesel,https://manheim.co.nz/damaged-vehicles/000000000007426058/2016-ford-ranger-xlt-double-cab-w-sa-dual-cab-utility?referringPage=SearchResults
Nissan,Wingroad,2004,No,$0,"291,411",," Left Front Damage, Left Rear Damage, Left Side Damage, Structural Damage, Selling De-Registered","Automatic,",5,Petrol,https://manheim.co.nz/damaged-vehicles/000000000007436082/2004-nissan-wingroad-station-wagon?referringPage=SearchResults
Kawasaki,ex,2013,No,$175,N/A,," Stolen & Recovered, Selling De-Registered",N/A,N/A,Petrol,https://manheim.co.nz/damaged-vehicles/000000000007416117/2013-kawasaki-ex-300a-motorcycle?referringPage=SearchResults
Subaru,Impreza,2014,No,$500,"102,565",," Front Damage, Left Front Damage, Right Front Damage, Airbags Deployed, Structural Damage, Selling De-Registered",N/A,5,Petrol,https://manheim.co.nz/damaged-vehicles/000000000007356158/2014-subaru-impreza-hatch?referringPage=SearchResults
CF Moto,300sr,2023,No,$500,1,," Right Side Damage, Structural Damage, Selling De-Registered","Automatic,",N/A,Petrol,https://manheim.co.nz/damaged-vehicles/000000000007426156/2023-cfmoto-300sr-motorcycle?referringPage=SearchResults
Toyota,Aqua,2014,No,$0,"117,991",," Front Damage, Interior Damage, Structural Damage, Stolen & Recovered, Suspension Damage, Selling De-Registered","Automatic,",5,Hybrid,https://manheim.co.nz/damaged-vehicles/000000000007426158/2014-toyota-aqua-hatch?referringPage=SearchResults
Mazda,Demio,2001,No,$250,"249,993",, Selling De-Registered,"Automatic,",5,Petrol,https://manheim.co.nz/damaged-vehicles/000000000007396180/2001-mazda-demio-hatch?referringPage=SearchResults
Toyota,Starlet,1997,No,$0,"241,792",," Left Rear Damage, Right Rear Damage, Structural Damage, Selling De-Registered","2spd Automatic,",5,Petrol,https://manheim.co.nz/damaged-vehicles/000000000007436237/1997-toyota-starlet-hatch?referringPage=SearchResults
Land Rover,Freelander,1998,Yes,$325,"283,866",," Front Damage, Selling Registered","Automatic,",5,Diesel,https://manheim.co.nz/damaged-vehicles/000000000007436239/1998-land-rover-freelander-station-wagon?referringPage=SearchResults
Toyota,Surf,1993,No,"$1,500","329,697",," Chassis Damage, Left Front Damage, Structural Damage, Selling De-Registered","Automatic,",5,Diesel,https://manheim.co.nz/damaged-vehicles/000000000007436240/1993-toyota-surf-ssr-x-3-0-station-wagon?referringPage=SearchResults
Toyota,Corolla,2013,Yes,$0,N/A,, Selling Registered,"CVT,",5,Petrol,https://manheim.co.nz/damaged-vehicles/000000000007416247/2013-toyota-corolla-gx-1-5p-wagon-cvt-station-wagon?referringPage=SearchResults
Subaru,Legacy,1998,Yes,$400,"163,650",, Selling Registered,N/A,5,Petrol,https://manheim.co.nz/damaged-vehicles/000000000007436260/1998-subaru-legacy-station-wagon?referringPage=SearchResults
Honda,fit,2016,No,"$1,400",N/A,," Glass Broken, Right Rear Damage, Right Side Damage, Structural Damage, Selling De-Registered",N/A,5,Hybrid,https://manheim.co.nz/damaged-vehicles/000000000007436262/2016-honda-fit-hatch?referringPage=SearchResults
Nissan,March,2008,Yes,$400,"108,619",," Left Front Damage, Right Front Damage, Structural Damage, Selling Registered","Automatic,",5,Petrol,https://manheim.co.nz/damaged-vehicles/000000000007436270/2008-nissan-march-hatch?referringPage=SearchResults
Holden,Barina,2018,No,"$1,450","54,778",," Front Damage, Underbody Damage, Structural Damage, Selling De-Registered","Automatic,",5,Petrol,https://manheim.co.nz/damaged-vehicles/000000000007436272/2018-holden-barina-hatch?referringPage=SearchResults
BMW,535i,2010,Yes,"$1,350",N/A,," Stolen & Recovered, Selling Registered",N/A,5,Petrol,https://manheim.co.nz/damaged-vehicles/000000000007436275/2010-bmw-535i-sedan?referringPage=SearchResults
Holden,Captiva,2008,Yes,$500,N/A,," Light Dmg, Left Front Damage, Suspension Damage, Selling Registered","Automatic,",7,Diesel,https://manheim.co.nz/damaged-vehicles/000000000007436285/2008-holden-captiva-lx-diesel-auto-station-wagon?referringPage=SearchResults
Ford,Fiesta,2009,No,$400,"122,703",," Left Front Damage, Right Rear Damage, Selling De-Registered","5spd Manual,",5,Petrol,https://manheim.co.nz/damaged-vehicles/000000000007386294/2009-ford-fiesta-5dr-1-6-m-s-hatch?referringPage=SearchResults
Ssangyong,Actyon Sport,2017,No,$0,N/A,," Right Side Damage, Airbags Deployed, Structural Damage, Selling De-Registered","Automatic,",5,Diesel,https://manheim.co.nz/damaged-vehicles/000000000007436316/2017-ssangyong-actyon-sport-wkmte-2wd-a5-2-0d-5-dual-cab-utility?referringPage=SearchResults
Ford,Ecosport,2014,No,$650,"141,548",," Left Front Damage, Right Front Damage, Selling De-Registered","Automatic,",5,Petrol,https://manheim.co.nz/damaged-vehicles/000000000007386341/2014-ford-ecosport-trend-1-5p-6at-sw-5-station-wagon?referringPage=SearchResults
Ford,Trader,1986,No,"$2,600","198,772",0," Structural Damage, Selling De-Registered","5spd Manual,",3,Diesel,https://manheim.co.nz/damaged-vehicles/000000000007426354/1986-ford-trader-n0510-campervan?referringPage=SearchResults
Nissan,Note,2014,No,$0,N/A,," Front Damage, Roof Damage, Structural Damage, Selling De-Registered","Automatic,",5,Petrol,https://manheim.co.nz/damaged-vehicles/000000000007436375/2014-nissan-note-hatch?referringPage=SearchResults
Kawasaki,ex,2024,No,$650,"8,696",," Front Damage, Left Side Damage, Structural Damage, Selling De-Registered","Automatic,",N/A,Petrol,https://manheim.co.nz/damaged-vehicles/000000000007436399/2024-kawasaki-ex-400gpfan-motorcycle?referringPage=SearchResults
Honda,fit,2009,No,$575,N/A,," Chassis Damage, Right Front Damage, Structural Damage, Selling De-Registered",N/A,5,Petrol,https://manheim.co.nz/damaged-vehicles/000000000007416434/2009-honda-fit-hatch?referringPage=SearchResults
Nissan,Serena,2013,No,$750,"124,134",," Rear Damage, Structural Damage, Selling De-Registered","CVT,",8,Hybrid,https://manheim.co.nz/damaged-vehicles/000000000007426442/2013-nissan-serena-station-wagon?referringPage=SearchResults
Ford,Focus,2017,No,$200,"230,979",," Front Damage, Glass Broken, Airbags Deployed, Structural Damage, Selling De-Registered","Automatic,",5,Petrol,https://manheim.co.nz/damaged-vehicles/000000000007436448/2017-ford-focus-hatch?referringPage=SearchResults
Mazda,Atenza,2009,No,$0,N/A,," Structural Damage, Selling De-Registered","Automatic,",5,Petrol,https://manheim.co.nz/damaged-vehicles/000000000007426455/2009-mazda-atenza-station-wagon?referringPage=SearchResults
Harley-Davidson,FAT BOY,2004,No,$950,N/A,," Structural Damage, Selling De-Registered","Automatic,",N/A,Petrol,https://manheim.co.nz/damaged-vehicles/000000000007426461/2004-harley-davidson-fat-boy-motorcycle?referringPage=SearchResults
Honda,VTR,2003,Yes,$325,"68,137",," Stolen & Recovered, Selling Registered",N/A,N/A,Petrol,https://manheim.co.nz/damaged-vehicles/000000000007426479/2003-honda-vtr-250-quad-bike?referringPage=SearchResults
GWM,Haval H6,2024,No,N/A,N/A,," Front Damage, Rear Damage, Structural Damage, Selling De-Registered",N/A,5,Hybrid,https://manheim.co.nz/damaged-vehicles/000000000007426534/2024-gwm-haval-h6-ultra-2wd-hybrid-1--station-wagon?referringPage=SearchResults
Toyota,Hilux,2018,No,$0,N/A,," Rolled, Structural Damage, Selling De-Registered",N/A,5,Diesel,https://manheim.co.nz/damaged-vehicles/000000000007436567/2018-toyota-hilux-sr-td-dc-2-8d-4wd-6-dual-cab-utility?referringPage=SearchResults
Nissan,Leaf,2014,No,$500,N/A,," Right Front Damage, Structural Damage, Suspension Damage, Selling De-Registered","Automatic,",5,N/A,https://manheim.co.nz/damaged-vehicles/000000000007436619/2014-nissan-leaf-hatch?referringPage=SearchResults
Ford,Fiesta,2018,No,$0,"61,275",," Front Damage, Interior Damage, Airbags Deployed, Structural Damage, Selling De-Registered","Automatic,",5,Petrol,https://manheim.co.nz/damaged-vehicles/000000000007416615/2018-ford-fiesta-trend-1-5p-6at-ha-5-hatch?referringPage=SearchResults
Peugeot,508,2013,No,$750,"120,500",," Rear Damage, Structural Damage, Selling De-Registered","Automatic,",5,Diesel,https://manheim.co.nz/damaged-vehicles/000000000007436631/2013-peugeot-508-allure-sedan-sedan?referringPage=SearchResults
Mercedes-Benz,GLE 350d,2018,No,N/A,"209,485",," Structural Damage, Selling De-Registered",N/A,N/A,Diesel,https://manheim.co.nz/damaged-vehicles/000000000007436645/2018-mercedes-benz-gle-350d-station-wagon?referringPage=SearchResults
Nissan,Fuga,2005,Yes,$525,"86,697",," Light Dmg, Left Front Damage, Selling Registered","Automatic,",5,Petrol,https://manheim.co.nz/damaged-vehicles/000000000007436648/2005-nissan-fuga-250gt-sedan?referringPage=SearchResults
Ford,Focus,2014,No,$500,"209,037",," Front Damage, Structural Damage, Selling De-Registered","Automatic,",5,Petrol,https://manheim.co.nz/damaged-vehicles/000000000007436673/2014-ford-focus-trend-2-0-auto-hatc-hatch?referringPage=SearchResults
Toyota,Aqua,2014,Yes,$0,"227,960",," Ignition Damage, Stolen & Recovered, Selling Registered","Automatic,",5,Hybrid,https://manheim.co.nz/damaged-vehicles/000000000007436675/2014-toyota-aqua-hatch?referringPage=SearchResults
Subaru,Legacy,2005,Yes,$575,N/A,," Ignition Damage, Vandalised - Interior, Stolen & Recovered, Selling Registered","Automatic,",5,Petrol,https://manheim.co.nz/damaged-vehicles/000000000007436678/2005-subaru-legacy-station-wagon?referringPage=SearchResults
Daihatsu,Sirion,2008,No,$225,"63,890",," Front Damage, Structural Damage, Selling De-Registered","4spd Automatic,",5,Petrol,https://manheim.co.nz/damaged-vehicles/000000000007436692/2008-daihatsu-sirion-1-3p-hatch-4a-hatch?referringPage=SearchResults
Toyota,Passo,2004,No,$500,"167,851",," Rear Damage, Right Rear Damage, Structural Damage, Selling De-Registered","Automatic,",5,Petrol,https://manheim.co.nz/damaged-vehicles/000000000007436693/2004-toyota-passo-hatch?referringPage=SearchResults
BMW,Compact,2003,No,$200,"165,252",," Left Side Damage, Structural Damage, Selling De-Registered","Automatic,",5,Petrol,https://manheim.co.nz/damaged-vehicles/000000000007436694/2003-bmw-compact-compact-a-hatch?referringPage=SearchResults
Honda,fit,2002,No,$650,"243,482",," Glass Broken, Left Front Damage, Left Rear Damage, Rear Damage, Right Rear Damage, Structural Damage, Selling De-Registered","Automatic,",5,Petrol,https://manheim.co.nz/damaged-vehicles/000000000007436695/2002-honda-fit-1300-hatch?referringPage=SearchResults
Ford,Falcon,2011,No,$1,N/A,," Burnt 100%, Structural Damage, Stolen & Recovered, Selling De-Registered",N/A,5,Petrol,https://manheim.co.nz/damaged-vehicles/000000000007436699/2011-ford-falcon-fg-xr6-sedan-a-sedan?referringPage=SearchResults
Toyota,Platz Saloon,2003,No,$500,N/A,," Front Damage, Left Side Damage, Rear Damage, Roof Damage, Rolled, Right Side Damage, Structural Damage, Stolen & Recovered, Selling De-Registered","Automatic,",5,Petrol,https://manheim.co.nz/damaged-vehicles/000000000007436700/2003-toyota-platz-saloon-sedan?referringPage=SearchResults
Toyota,Hilux,2002,No,N/A,"217,905",," Rear Damage, Structural Damage, Selling De-Registered",N/A,3,Diesel,https://manheim.co.nz/damaged-vehicles/000000000007436709/2002-toyota-hilux-3-0d-4wd-s-c-c-c-5m-dual-cab-chassis?referringPage=SearchResults
Nissan,NV200,2016,No,$0,N/A,," Front Damage, Structural Damage, Selling De-Registered","Automatic,",5,Petrol,https://manheim.co.nz/damaged-vehicles/000000000007426721/2016-nissan-nv200-station-wagon?referringPage=SearchResults
Toyota,Aqua,2016,No,"$1,300","85,052",," Left Front Damage, Left Rear Damage, Rear Damage, Right Front Damage, Right Rear Damage, Structural Damage, Selling De-Registered","Automatic,",5,Hybrid,https://manheim.co.nz/damaged-vehicles/000000000007426729/2016-toyota-aqua-hatch?referringPage=SearchResults
Nissan,Navara,2017,Yes,$0,"172,184",," Front Damage, Selling Registered","Automatic,",5,Diesel,https://manheim.co.nz/damaged-vehicles/000000000007426738/2017-nissan-navara-rx-2-3d-7at-ut-4dr--dual-cab-utility?referringPage=SearchResults
Hyundai,Elantra,2007,No,$500,N/A,," Right Rear Damage, Structural Damage, Selling De-Registered","4spd Automatic,",5,Petrol,https://manheim.co.nz/damaged-vehicles/000000000007436734/2007-hyundai-elantra-2-0p-4d-a4-sedan-sedan?referringPage=SearchResults
BMW,X3,2014,No,"$1,450","80,959",," Interior Damage, Water Damage, Selling De-Registered","8spd Automatic,",5,Petrol,https://manheim.co.nz/damaged-vehicles/000000000007436735/2014-bmw-x3-touring?referringPage=SearchResults
BMW,Compact A E46 Hatchback,2004,Yes,$500,N/A,," Glass Broken, Ignition Damage, Right Front Damage, Vandalised - Interior, Selling Registered","Automatic,",5,Petrol,https://manheim.co.nz/damaged-vehicles/000000000007436737/2004-bmw-compact-a-e46-hatchback-hatch?referringPage=SearchResults
Toyota,Platz,2000,No,$500,"69,956",," Front Damage, Structural Damage, Selling De-Registered","Automatic,",5,Petrol,https://manheim.co.nz/damaged-vehicles/000000000007436738/2000-toyota-platz-sedan?referringPage=SearchResults
Mazda,MAZDA6,2016,No,"$1,300","209,901",," Left Rear Damage, Rear Damage, Right Rear Damage, Structural Damage, Selling De-Registered","Automatic,",5,Petrol,https://manheim.co.nz/damaged-vehicles/000000000007436739/2016-mazda-mazda6-gsx-ptr-2-5p-6at-sedan?referringPage=SearchResults
Toyota,Corolla,2017,No,"$1,450","140,088",," Airbags Deployed, Front Damage, Left Side Damage, Structural Damage, Selling De-Registered",N/A,5,Hybrid,https://manheim.co.nz/damaged-vehicles/000000000007436740/2017-toyota-corolla-axio-sedan?referringPage=SearchResults
Toyota,Corolla,2015,Yes,N/A,"106,452",," Ignition Damage, Left Rear Damage, Stolen & Recovered, Selling Registered","Automatic,",5,Hybrid,https://manheim.co.nz/damaged-vehicles/000000000007426820/2015-toyota-corolla-fielder-hybrid-station-wagon?referringPage=SearchResults
Honda,Shuttle,2017,No,$850,N/A,," Front Damage, Right Front Damage, Airbags Deployed, Structural Damage, Selling De-Registered",N/A,5,Hybrid,https://manheim.co.nz/damaged-vehicles/000000000007426835/2017-honda-shuttle-station-wagon?referringPage=SearchResults
Holden,Cruze,2013,No,$400,"133,500",," Left Front Damage, Right Front Damage, Dismantled - Interior, Selling De-Registered","Automatic,",5,Petrol,https://manheim.co.nz/damaged-vehicles/000000000007386831/2013-holden-cruze-cdx-sdn-1-8-at-sedan?referringPage=SearchResults
Toyota,RAV4,1999,No,"$1,050","125,048",," Front Damage, Left Front Damage, Structural Damage, Selling De-Registered","Automatic,",5,Petrol,https://manheim.co.nz/damaged-vehicles/000000000007436831/1999-toyota-rav4-station-wagon?referringPage=SearchResults
Toyota,Prius,2014,No,$850,N/A,," Right Rear Damage, Structural Damage, Selling De-Registered",N/A,5,Hybrid,https://manheim.co.nz/damaged-vehicles/000000000007436843/2014-toyota-prius-hybrid-hatch?referringPage=SearchResults
Honda,Integra,2002,No,"$1,000","290,676",, Selling De-Registered,"Automatic,",4,Petrol,https://manheim.co.nz/damaged-vehicles/000000000007406850/2002-honda-integra-hatch?referringPage=SearchResults
Toyota,Aqua,2019,No,$0,"102,782",," Front Damage, Structural Damage, Selling De-Registered","CVT,",5,Hybrid,https://manheim.co.nz/damaged-vehicles/000000000007406884/2019-toyota-aqua-hatch?referringPage=SearchResults
Toyota,Corolla,2014,No,$0,N/A,," Repossed Vehicle, Right Side Damage, Selling De-Registered",N/A,5,Hybrid,https://manheim.co.nz/damaged-vehicles/000000000007426880/2014-toyota-corolla-fielder-hybrid-station-wagon?referringPage=SearchResults
Holden,Colorado,2012,No,"$1,450","362,364",," Front Damage, Structural Damage, Selling De-Registered","Automatic,",8,Diesel,https://manheim.co.nz/damaged-vehicles/000000000007406899/2012-holden-colorado-4x4-dx-rc-cc-2-8-mt-utility?referringPage=SearchResults
Ford,Fiesta,2006,No,$0,"51,164",," Left Side Damage, Airbags Deployed, Dismantled - Entire Vehicle, Selling De-Registered","Automatic,",5,Petrol,https://manheim.co.nz/damaged-vehicles/000000000007426902/2006-ford-fiesta-5dr-1-6-a-hatch?referringPage=SearchResults
Ford,Focus,2005,No,$0,"50,587",," Left Rear Damage, Left Side Damage, Roof Damage, Right Side Damage, Dismantled - Entire Vehicle, Selling De-Registered","Automatic,",5,Petrol,https://manheim.co.nz/damaged-vehicles/000000000007426918/2005-ford-focus-hatch?referringPage=SearchResults
Mazda,MAZDA6,2005,No,$0,"236,256",," Left Front Damage, Left Side Damage, Structural Damage, Selling De-Registered",N/A,5,Petrol,https://manheim.co.nz/damaged-vehicles/000000000007426972/2005-mazda-mazda6-sedan-gsx-2-3-auto-sedan?referringPage=SearchResults
Toyota,Wish,2008,No,$500,N/A,," Front Damage, Structural Damage, Selling De-Registered","Automatic,",7,Petrol,https://manheim.co.nz/damaged-vehicles/000000000007436972/2008-toyota-wish-station-wagon?referringPage=SearchResults
Toyota,Aqua,2013,No,"$1,050",N/A,," Interior Damage, Vandalised - Interior, Structural Damage, Stolen & Recovered, Selling De-Registered",N/A,5,Hybrid,https://manheim.co.nz/damaged-vehicles/000000000007436973/2013-toyota-aqua-hatch?referringPage=SearchResults
Subaru,Outback,2010,No,"$1,150","170,528",," Left Rear Damage, Rear Damage, Structural Damage, Selling De-Registered","Automatic,",5,Petrol,https://manheim.co.nz/damaged-vehicles/000000000007436988/2010-subaru-outback-station-wagon?referringPage=SearchResults
Toyota,Ractis,2007,No,$750,"179,599",," Rear Damage, Structural Damage, Selling De-Registered","CVT,",5,Petrol,https://manheim.co.nz/damaged-vehicles/000000000007436991/2007-toyota-ractis-hatch?referringPage=SearchResults
Mazda,Atenza,2004,No,$300,"165,028",," Right Rear Damage, Structural Damage, Selling De-Registered","Automatic,",5,Petrol,https://manheim.co.nz/damaged-vehicles/000000000007436997/2004-mazda-atenza-station-wagon?referringPage=SearchResults
Honda,CRV,2001,Yes,$650,"230,717",," Left Rear Damage, Selling Registered","Automatic,",5,Petrol,https://manheim.co.nz/damaged-vehicles/000000000007437002/2001-honda-crv-hatch?referringPage=SearchResults
Toyota,Spacio,2005,No,$150,1,," Ignition Damage, Left Side Damage, Right Rear Damage, Structural Damage, Stolen & Recovered, Selling De-Registered","Automatic,",7,Petrol,https://manheim.co.nz/damaged-vehicles/000000000007437009/2005-toyota-spacio-station-wagon?referringPage=SearchResults
Toyota,Prius,2008,No,$500,"406,620",," Rear Damage, Structural Damage, Selling De-Registered","Automatic,",5,Hybrid,https://manheim.co.nz/damaged-vehicles/000000000007437011/2008-toyota-prius-sedan?referringPage=SearchResults
Nissan,Fuga,2016,No,"$1,050","153,740",," Right Rear Damage, Structural Damage, Water Damage, Selling De-Registered","Automatic,",5,Hybrid,https://manheim.co.nz/damaged-vehicles/000000000007437012/2016-nissan-fuga-sedan?referringPage=SearchResults
BMW,X3,2019,No,N/A,N/A,," Front Damage, Structural Damage, Selling De-Registered",N/A,5,Petrol,https://manheim.co.nz/damaged-vehicles/000000000007437017/2019-bmw-x3-s20i-2-0pt-8at-touring?referringPage=SearchResults
Honda,Odyssey,2005,No,$300,"245,170",," Left Side Damage, Structural Damage, Selling De-Registered","Automatic,",7,Petrol,https://manheim.co.nz/damaged-vehicles/000000000007437018/2005-honda-odyssey-station-wagon?referringPage=SearchResults
Suzuki,SX4 GLXFCB2 2.0 5DR Ltd Hatch,2012,No,$500,"79,198",," Right Front Damage, Structural Damage, Selling De-Registered","Automatic,",5,Petrol,https://manheim.co.nz/damaged-vehicles/000000000007437019/2012-suzuki-sx4-glxfcb2-2-0-5dr-ltd-hatch-hatch?referringPage=SearchResults
Kawasaki,Vulcan,N/A,No,$550,N/A,N/A, Selling De-Registered,"5spd Manual,",N/A,Petrol,https://manheim.co.nz/damaged-vehicles/000000000007427016/kawasaki-vulcan-motorcycle?referringPage=SearchResults
Suzuki,Splash,2009,No,$200,N/A,," Fire Damage, Interior Damage, Rear Damage, Structural Damage, Selling De-Registered","Automatic,",5,Petrol,https://manheim.co.nz/damaged-vehicles/000000000007437020/2009-suzuki-splash-hatch?referringPage=SearchResults
Kawasaki,ex,2020,Yes,$400,1,," Stolen & Recovered, Selling Registered","Automatic,",N/A,Petrol,https://manheim.co.nz/damaged-vehicles/000000000007427037/2020-kawasaki-ex-400-motorcycle?referringPage=SearchResults
Ford,Falcon,2003,No,$900,"156,048",," Left Front Damage, Left Side Damage, Roof Damage, Right Rear Damage, Right Side Damage, Dismantled - Entire Vehicle, Dismantled - Engine, Selling De-Registered","Automatic,",5,Petrol,https://manheim.co.nz/damaged-vehicles/000000000007407071/2003-ford-falcon-ba-falcon-xr6t-4fa-sedan?referringPage=SearchResults
Suzuki,Swift,2017,No,"$1,450","102,040",," Left Rear Damage, Rear Damage, Right Rear Damage, Dismantled - Interior, Structural Damage, Selling De-Registered","Automatic,",5,Petrol,https://manheim.co.nz/damaged-vehicles/000000000007437112/2017-suzuki-swift-hatch?referringPage=SearchResults
Volkswagen,Golf,2013,No,$550,N/A,," Right Front Damage, Airbags Deployed, Structural Damage, Selling De-Registered",N/A,5,Petrol,https://manheim.co.nz/damaged-vehicles/000000000007437115/2013-volkswagen-golf-tsi-highline-7dsg-hatch?referringPage=SearchResults
Ford,Mondeo,2012,No,$400,N/A,," Front Damage, Airbags Deployed, Structural Damage, Selling De-Registered","Automatic,",5,Petrol,https://manheim.co.nz/damaged-vehicles/000000000007437116/2012-ford-mondeo-hatch?referringPage=SearchResults
Mazda,Verisa,2008,No,$400,N/A,," Front Damage, Structural Damage, Selling De-Registered","Automatic,",5,Petrol,https://manheim.co.nz/damaged-vehicles/000000000007437118/2008-mazda-verisa-hatch?referringPage=SearchResults
Toyota,Camry,2015,No,"$1,450","153,459",," Front Damage, Structural Damage, Selling De-Registered",N/A,N/A,Hybrid,https://manheim.co.nz/damaged-vehicles/000000000007437120/2015-toyota-camry-sedan?referringPage=SearchResults
Ford,Fiesta,2008,No,$0,"75,447",," Left Front Damage, Left Rear Damage, Left Side Damage, Right Front Damage, Dismantled - Entire Vehicle, Selling De-Registered","5spd Manual,",5,Petrol,https://manheim.co.nz/damaged-vehicles/000000000007427126/2008-ford-fiesta-5dr-1-6-m-hatch?referringPage=SearchResults
Toyota,Camry,2014,No,"$1,450",N/A,," Left Rear Damage, Structural Damage, Selling De-Registered",N/A,5,Petrol,https://manheim.co.nz/damaged-vehicles/000000000007437131/2014-toyota-camry-gl-2-5p-sdn-6a-sedan?referringPage=SearchResults
Holden,Commodore,2007,No,$500,N/A,," Front Damage, Right Rear Damage, Right Side Damage, Structural Damage, Selling De-Registered","Automatic,",5,Petrol,https://manheim.co.nz/damaged-vehicles/000000000007437141/2007-holden-commodore-sv6-3-6p-5at-sedan?referringPage=SearchResults
Suzuki,Swift,2011,No,$525,N/A,," Right Rear Damage, Structural Damage, Selling De-Registered",N/A,5,Petrol,https://manheim.co.nz/damaged-vehicles/000000000007437143/2011-suzuki-swift-ltda-1-4-5dr-hatch?referringPage=SearchResults
Toyota,Yaris,2009,Yes,"$1,150",N/A,," Right Side Damage, Selling Registered","Automatic,",5,Petrol,https://manheim.co.nz/damaged-vehicles/000000000007437144/2009-toyota-yaris-hatch?referringPage=SearchResults
Suzuki,Ignis,2002,No,$400,"203,011",," Left Rear Damage, Right Rear Damage, Structural Damage, Selling De-Registered","Automatic,",5,Petrol,https://manheim.co.nz/damaged-vehicles/000000000007437145/2002-suzuki-ignis-hatch-1-3-5dr-hatch?referringPage=SearchResults
LDV,V80,2016,No,$800,"126,031",," Left Rear Damage, Structural Damage, Selling De-Registered",N/A,N/A,Diesel,https://manheim.co.nz/damaged-vehicles/000000000007437146/2016-ldv-v80-panel-van?referringPage=SearchResults
Honda,CRV,2007,No,$700,"220,586",," Left Side Damage, Structural Damage, Selling De-Registered","4spd Automatic,",5,Petrol,https://manheim.co.nz/damaged-vehicles/000000000007437149/2007-honda-crv-rvi-hatch?referringPage=SearchResults
Toyota,Wish,2010,No,$800,N/A,," Left Front Damage, Right Rear Damage, Structural Damage, Selling De-Registered",N/A,7,Petrol,https://manheim.co.nz/damaged-vehicles/000000000007437161/2010-toyota-wish-station-wagon?referringPage=SearchResults
Mitsubishi,Outlander,2005,No,$375,"161,158",," Right Front Damage, Structural Damage, Selling De-Registered","5spd Automatic,",5,Petrol,https://manheim.co.nz/damaged-vehicles/000000000007437165/2005-mitsubishi-outlander-station-wagon?referringPage=SearchResults
Mercedes-Benz,C200,2011,No,$0,N/A,," Front Damage, Structural Damage, Selling De-Registered","Automatic,",5,Petrol,https://manheim.co.nz/damaged-vehicles/000000000007427163/2011-mercedes-benz-c200-sedan?referringPage=SearchResults
Nissan,Skyline,1992,Yes,N/A,"104,510",," Ignition Damage, Stolen & Recovered, Selling Registered",N/A,N/A,Petrol,https://manheim.co.nz/damaged-vehicles/000000000007437172/1992-nissan-skyline-sedan?referringPage=SearchResults
Toyota,Corolla,2012,No,"$1,300","143,612",," Right Front Damage, Structural Damage, Selling De-Registered","Automatic,",5,Petrol,https://manheim.co.nz/damaged-vehicles/000000000007437173/2012-toyota-corolla-gx-1-8p-hatch-cv-hatch?referringPage=SearchResults
Mitsubishi,Colt,2005,Yes,$625,N/A,," Ignition Damage, Left Front Damage, Right Front Damage, Vandalised - Interior, Stolen & Recovered, Selling Registered","Automatic,",5,Petrol,https://manheim.co.nz/damaged-vehicles/000000000007437175/2005-mitsubishi-colt-hatch?referringPage=SearchResults
Toyota,RAV4,2017,No,N/A,"146,373",," Rear Damage, Structural Damage, Selling De-Registered","Automatic,",5,Petrol,https://manheim.co.nz/damaged-vehicles/000000000007437178/2017-toyota-rav4-gxl-suv-2-5p-4wd-6a-station-wagon?referringPage=SearchResults
Honda,Jazz,2021,No,"$2,450","38,823",," Left Front Damage, Structural Damage, Selling De-Registered",N/A,5,Petrol,https://manheim.co.nz/damaged-vehicles/000000000007437179/2021-honda-jazz-life-1-5p-cvt-hatch?referringPage=SearchResults
Suzuki,SV650,2023,No,$0,1,," Rear Damage, Structural Damage, Selling De-Registered","Automatic,",N/A,Petrol,https://manheim.co.nz/damaged-vehicles/000000000007417184/2023-suzuki-sv650-am3-abs-motorcycle?referringPage=SearchResults
Toyota,Hiace Minibus,1990,No,"$1,650","278,847",," Left Rear Damage, Left Side Damage, Structural Damage, Selling De-Registered","5spd Manual,",2,Diesel,https://manheim.co.nz/damaged-vehicles/000000000007437205/1990-toyota-hiace-minibus-van?referringPage=SearchResults
BMW,5 Series,2010,No,$600,"189,254",," Front Damage, Structural Damage, Selling De-Registered","Automatic,",5,Petrol,https://manheim.co.nz/damaged-vehicles/000000000007437211/2010-bmw-5-series-sedan?referringPage=SearchResults
Nissan,Dualis,2008,No,$600,"181,102",," Left Side Damage, Structural Damage, Selling De-Registered",N/A,5,Petrol,https://manheim.co.nz/damaged-vehicles/000000000007437215/2008-nissan-dualis-station-wagon?referringPage=SearchResults
Ford,Capri,1990,No,$500,"179,195",," Left Front Damage, Left Rear Damage, Right Front Damage, Dismantled - Interior, Selling De-Registered","5spd Manual,",5,Petrol,https://manheim.co.nz/damaged-vehicles/000000000007407234/1990-ford-capri-hatch?referringPage=SearchResults
Ford,Falcon,2009,No,$0,N/A,," Left Front Damage, Left Rear Damage, Dismantled - Interior, Selling De-Registered","Automatic,",5,Petrol,https://manheim.co.nz/damaged-vehicles/000000000007407259/2009-ford-falcon-fg-xt-sedan-fa-sedan?referringPage=SearchResults
Toyota,Aqua,2014,No,$800,N/A,," Right Side Damage, Structural Damage, Selling De-Registered",N/A,5,Hybrid,https://manheim.co.nz/damaged-vehicles/000000000007437257/2014-toyota-aqua-hatch?referringPage=SearchResults
Ssangyong,Korando,2014,No,$500,"236,178",," Left Side Damage, Right Rear Damage, Structural Damage, Selling De-Registered","Automatic,",5,Petrol,https://manheim.co.nz/damaged-vehicles/000000000007437269/2014-ssangyong-korando-sprpetrol-2-0p-4wd--station-wagon?referringPage=SearchResults
Nissan,Tiida,2006,No,$450,"115,250",," Front Damage, Right Rear Damage, Structural Damage, Selling De-Registered","Automatic,",5,Petrol,https://manheim.co.nz/damaged-vehicles/000000000007437279/2006-nissan-tiida-latio-sedan?referringPage=SearchResults
Mazda,Demio,2001,No,$400,N/A,," Left Front Damage, Left Side Damage, Right Front Damage, Selling De-Registered","5spd Manual,",5,Petrol,https://manheim.co.nz/damaged-vehicles/000000000007417278/2001-mazda-demio-sedan?referringPage=SearchResults
Holden,Commodore,2018,No,N/A,N/A,," Left Front Damage, Right Front Damage, Airbags Deployed, Selling De-Registered","Automatic,",5,Petrol,https://manheim.co.nz/damaged-vehicles/000000000007407282/2018-holden-commodore-rs-2-0pt-9at-sedan?referringPage=SearchResults
Honda,fit,2005,No,$125,"368,015",," Rolled, Structural Damage, Selling De-Registered","Automatic,",5,Petrol,https://manheim.co.nz/damaged-vehicles/000000000007437300/2005-honda-fit-hatch?referringPage=SearchResults
Mahindra,Pikup,2014,Yes,"$1,000",N/A,," Left Front Damage, Selling Registered","5spd Manual,",5,Diesel,https://manheim.co.nz/damaged-vehicles/000000000007417317/2014-mahindra-pikup-d-cc-c4x4-2-2d-4wd--utility?referringPage=SearchResults
Toyota,Prius,2012,No,$500,"110,325",," Front Damage, Airbags Deployed, Structural Damage, Suspension Damage, Selling De-Registered",N/A,5,Hybrid,https://manheim.co.nz/damaged-vehicles/000000000007437321/2012-toyota-prius-hatch?referringPage=SearchResults
Toyota,Markx,2005,No,$650,"152,191",," Front Damage, Structural Damage, Selling De-Registered","Automatic,",5,Petrol,https://manheim.co.nz/damaged-vehicles/000000000007437336/2005-toyota-markx-250g-sedan?referringPage=SearchResults
Ford,Territory,2013,No,$900,N/A,," Left Front Damage, Left Rear Damage, Right Front Damage, Right Rear Damage, Dismantled - Interior, Selling De-Registered","Automatic,",7,Petrol,https://manheim.co.nz/damaged-vehicles/000000000007407336/2013-ford-territory-titanium-rwd-petrol-station-wagon?referringPage=SearchResults
Nissan,Qashqai,2009,No,$0,"139,794",," Front Damage, Structural Damage, Selling De-Registered","Automatic,",5,Petrol,https://manheim.co.nz/damaged-vehicles/000000000007427345/2009-nissan-qashqai-2-0-ti-at-hatch?referringPage=SearchResults
Ford,Mondeo,2004,Yes,$500,"240,524",," Right Front Damage, Selling Registered","5spd Manual,",5,Petrol,https://manheim.co.nz/damaged-vehicles/000000000007427365/2004-ford-mondeo-wag-2-0-manual-station-wagon?referringPage=SearchResults
Toyota,Aqua,2020,No,"$1,300",N/A,," Front Damage, Airbags Deployed, Structural Damage, Selling De-Registered",N/A,N/A,Petrol,https://manheim.co.nz/damaged-vehicles/000000000007437380/2020-toyota-aqua-hatch?referringPage=SearchResults
Yamaha,TTR110E,2024,No,$700,N/A,," Structural Damage, Selling De-Registered",Automati,N/A,N/A,https://manheim.co.nz/damaged-vehicles/000000000007437382/2024-yamaha-ttr110e-motorcycle?referringPage=SearchResults
Suzuki,SX4,2007,No,$300,"171,037",," Right Side Damage, Structural Damage, Selling De-Registered",N/A,5,Petrol,https://manheim.co.nz/damaged-vehicles/000000000007437418/2007-suzuki-sx4-hatch?referringPage=SearchResults
Toyota,Aqua,2012,No,$800,N/A,," Left Front Damage, Structural Damage, Selling De-Registered",N/A,5,Hybrid,https://manheim.co.nz/damaged-vehicles/000000000007437419/2012-toyota-aqua-hatch?referringPage=SearchResults
Audi,Q5,2013,Yes,N/A,"139,030",," Front Damage, Selling Registered","Automatic,",5,Diesel,https://manheim.co.nz/damaged-vehicles/000000000007437420/2013-audi-q5-2-0-tdi-q-s-tronic-station-wagon?referringPage=SearchResults
BMW,320i,2008,Yes,"$1,600",N/A,, Selling Registered,"Automatic,",5,Petrol,https://manheim.co.nz/damaged-vehicles/000000000007437425/2008-bmw-320i-sedan?referringPage=SearchResults
Holden,Barina,2002,No,$100,N/A,," Left Side Damage, Right Front Damage, Right Side Damage, Structural Damage, Selling De-Registered","Automatic,",5,Petrol,https://manheim.co.nz/damaged-vehicles/000000000007437427/2002-holden-barina-xc-3dr-1-4-automati-hatch?referringPage=SearchResults
Mazda,MAZDA2,2010,No,$525,N/A,," Front Damage, Left Side Damage, Roof Damage, Right Rear Damage, Structural Damage, Selling De-Registered","Automatic,",5,Petrol,https://manheim.co.nz/damaged-vehicles/000000000007437429/2010-mazda-mazda2-sport-5-dr-1-5-4at-hatch?referringPage=SearchResults
Mitsubishi,Lancer,1996,No,"$1,000","279,182",," Glass Broken, Interior Damage, Structural Damage, Stolen & Recovered, Selling De-Registered","Automatic,",5,Petrol,https://manheim.co.nz/damaged-vehicles/000000000007437432/1996-mitsubishi-lancer-sedan?referringPage=SearchResults
Suzuki,Swift,2007,Yes,$625,N/A,," Right Front Damage, Suspension Damage, Selling Registered","Automatic,",5,Petrol,https://manheim.co.nz/damaged-vehicles/000000000007437446/2007-suzuki-swift-hatch?referringPage=SearchResults
Ford,Focus,2008,No,$200,"143,392",," Front Damage, Rear Damage, Right Front Damage, Structural Damage, Selling De-Registered",N/A,5,Petrol,https://manheim.co.nz/damaged-vehicles/000000000007437447/2008-ford-focus-2-0-auto-hatch?referringPage=SearchResults
Holden,Captiva,2013,No,$1,N/A,," Fire Damage, Fire - Entire Vehicle, Structural Damage, Stolen & Recovered, Selling De-Registered","Automatic,",5,Diesel,https://manheim.co.nz/damaged-vehicles/000000000007427448/2013-holden-captiva-5-ltz-awd-2-2d-at-station-wagon?referringPage=SearchResults
Nissan,Tiida,2008,No,$200,N/A,," Front Damage, Structural Damage, Selling De-Registered","Automatic,",5,Petrol,https://manheim.co.nz/damaged-vehicles/000000000007437454/2008-nissan-tiida-latio-sedan?referringPage=SearchResults
Nissan,Note,2014,No,$600,"78,889",," Front Damage, Left Rear Damage, Left Side Damage, Structural Damage, Selling De-Registered",N/A,5,Petrol,https://manheim.co.nz/damaged-vehicles/000000000007437455/2014-nissan-note-hatch?referringPage=SearchResults
Toyota,Highlander,2016,No,N/A,N/A,," Chassis Damage, Front Damage, Vandalised - Interior, Structural Damage, Selling De-Registered","Automatic,",7,Petrol,https://manheim.co.nz/damaged-vehicles/000000000007437460/2016-toyota-highlander-gxl-3-5p-4wd-6at-sw-station-wagon?referringPage=SearchResults
Holden,Cruze,2012,No,$900,"9,099",," Left Front Damage, Left Rear Damage, Left Side Damage, Right Front Damage, Right Rear Damage, Right Side Damage, Selling De-Registered","Automatic,",5,Petrol,https://manheim.co.nz/damaged-vehicles/000000000007427466/2012-holden-cruze-cdx-sdn-1-8-at-sedan?referringPage=SearchResults
Nissan,Tiida,2007,Yes,"$1,450",N/A,," Ignition Damage, Right Side Damage, Stolen & Recovered, Selling Registered","Automatic,",5,Petrol,https://manheim.co.nz/damaged-vehicles/000000000007437470/2007-nissan-tiida-latio-sedan?referringPage=SearchResults
Ford,Ranger,2021,No,N/A,N/A,," Front Damage, Airbags Deployed, Structural Damage, Selling De-Registered","Automatic,",5,Diesel,https://manheim.co.nz/damaged-vehicles/000000000007437492/2021-ford-ranger-xlt-double-cab-w-s-utility?referringPage=SearchResults
BMW,320i,2008,Yes,"$1,550","153,223",," Front Damage, Selling Registered","Automatic,",4,Petrol,https://manheim.co.nz/damaged-vehicles/000000000007437507/2008-bmw-320i-coup%C3%A9?referringPage=SearchResults
Ford,Focus,2007,Yes,$0,N/A,," Right Side Damage, Selling Registered","5spd Manual,",5,Diesel,https://manheim.co.nz/damaged-vehicles/000000000007407510/2007-ford-focus-1-8td-wagon-station-wagon?referringPage=SearchResults
Porsche,Macan,2016,No,$0,"139,009",," Front Damage, Left Side Damage, Structural Damage, Selling De-Registered","Automatic,",5,Diesel,https://manheim.co.nz/damaged-vehicles/000000000007427529/2016-porsche-macan-s-diesel-3-0d-4wd-7-station-wagon?referringPage=SearchResults
Subaru,Legacy,2011,No,$600,"213,744",," Rear Damage, Right Rear Damage, Structural Damage, Selling De-Registered","Automatic,",5,Petrol,https://manheim.co.nz/damaged-vehicles/000000000007437523/2011-subaru-legacy-outback-station-wagon?referringPage=SearchResults
Toyota,Wish,2003,No,$600,"227,696",," Front Damage, Rear Damage, Structural Damage, Selling De-Registered","Automatic,",7,Petrol,https://manheim.co.nz/damaged-vehicles/000000000007437534/2003-toyota-wish-station-wagon?referringPage=SearchResults
Mazda,3,2013,No,$1,N/A,," Structural Damage, Accident Damage, Fire Damaged, Selling De-Registered",N/A,5,Petrol,https://manheim.co.nz/damaged-vehicles/000000000007437541/2013-mazda-3-hatch?referringPage=SearchResults
Nissan,Pathfinder,2017,No,N/A,"100,394",," Front Damage, Has Key, Left Rear Damage, Left Side Damage, Structural Damage, Selling De-Registered",N/A,N/A,Petrol,https://manheim.co.nz/damaged-vehicles/000000000007437557/2017-nissan-pathfinder-st-station-wagon?referringPage=SearchResults
Toyota,Prius,2013,No,$800,"344,468",," Front Damage, Right Front Damage, Structural Damage, Selling De-Registered","CVT,",5,Hybrid,https://manheim.co.nz/damaged-vehicles/000000000007437572/2013-toyota-prius-hatch?referringPage=SearchResults
Honda,Civic,2007,No,$500,"163,067",," Rear Damage, Structural Damage, Selling De-Registered","Automatic,",5,Petrol,https://manheim.co.nz/damaged-vehicles/000000000007437589/2007-honda-civic-sedan?referringPage=SearchResults
Toyota,Vitz,2001,No,$875,N/A,," Left Rear Damage, Right Rear Damage, Structural Damage, Selling De-Registered",N/A,5,Petrol,https://manheim.co.nz/damaged-vehicles/000000000007407616/2001-toyota-vitz-hatch?referringPage=SearchResults
Holden,Cruze,2010,Yes,$0,N/A,," Left Front Damage, Right Side Damage, Selling Registered","Automatic,",5,Petrol,https://manheim.co.nz/damaged-vehicles/000000000007427625/2010-holden-cruze-cdx-1-8-at-sedan?referringPage=SearchResults
Mazda,Axela,2006,Yes,$600,N/A,," Engine Damage, Left Front Damage, Left Rear Damage, Dismantled - Engine, Selling Registered","Automatic,",5,Petrol,https://manheim.co.nz/damaged-vehicles/000000000007427740/2006-mazda-axela-hatch?referringPage=SearchResults
Ford,Territory,2014,Yes,"$2,500","167,901",, Selling Registered,"6spd Automatic,",7,Petrol,https://manheim.co.nz/damaged-vehicles/000000000007427773/2014-ford-territory-titanium-rwd-petrol-station-wagon?referringPage=SearchResults
Mazda,Demio,2003,No,$500,"178,475",," Front Damage, Ignition Damage, Left Front Damage, Vandalised - Interior, Structural Damage, Stolen & Recovered, Selling De-Registered","Automatic,",5,Petrol,https://manheim.co.nz/damaged-vehicles/000000000007427782/2003-mazda-demio-hatch?referringPage=SearchResults
Toyota,Vitz,2017,No,"$1,000",N/A,, Front Damage,"CVT,",5,Hybrid,https://manheim.co.nz/damaged-vehicles/000000000007427791/2017-toyota-vitz-1-5l-hybrid-cvt-hatch?referringPage=SearchResults
Mercedes-Benz,A180,2013,No,$0,N/A,," Left Front Damage, Structural Damage, Selling De-Registered","Automatic,",5,Petrol,https://manheim.co.nz/damaged-vehicles/000000000007427802/2013-mercedes-benz-a180-hatch?referringPage=SearchResults
Toyota,Corolla,2001,No,$550,"296,383",," Front Damage, Rear Damage, Structural Damage, Selling De-Registered",N/A,5,Petrol,https://manheim.co.nz/damaged-vehicles/000000000007437978/2001-toyota-corolla-1-6p-xl-hatch-4a-hatch?referringPage=SearchResults
Holden,Commodore,2006,No,"$1,000",N/A,," Chassis Damage, Structural Damage, Under Body Damage, Selling De-Registered",N/A,5,Petrol,https://manheim.co.nz/damaged-vehicles/000000000007437980/2006-holden-commodore-s-v6-auto-sedan?referringPage=SearchResults
ACE,Jubiler,2004,No,"$2,600",N/A,0," Structural Damage, Selling De-Registered",N/A,N/A,N/A,https://manheim.co.nz/damaged-vehicles/000000000007438014/2004-ace-jubiler-caravan?referringPage=SearchResults
Toyota,Vitz,2019,No,"$2,050","73,953",," Left Front Damage, Right Front Damage, Selling De-Registered","Automatic,",5,Hybrid,https://manheim.co.nz/damaged-vehicles/000000000007438015/2019-toyota-vitz-hatch?referringPage=SearchResults
Volvo,V40,2013,No,$500,"127,176",," Front Damage, Right Front Damage, Right Rear Damage, Right Side Damage, Structural Damage, Selling De-Registered","6spd Automatic,",5,Petrol,https://manheim.co.nz/damaged-vehicles/000000000007438017/2013-volvo-v40-station-wagon?referringPage=SearchResults
Toyota,Estima,2009,No,$500,"118,817",," Right Front Damage, Structural Damage, Selling De-Registered",N/A,7,Petrol,https://manheim.co.nz/damaged-vehicles/000000000007438018/2009-toyota-estima-aeras-station-wagon?referringPage=SearchResults
Nissan,Note,2010,No,$325,N/A,," Airbags Deployed, Chassis Damage, Front Damage, Airbags Deployed, Structural Damage, Suspension Damage, Selling De-Registered","4spd Automatic,",5,Petrol,https://manheim.co.nz/damaged-vehicles/000000000007438019/2010-nissan-note-15-rs-hatch?referringPage=SearchResults
Hyundai,I30,2014,No,$750,"124,649",," Front Damage, Left Front Damage, Left Rear Damage, Left Side Damage, Structural Damage, Selling De-Registered","Automatic,",5,Petrol,https://manheim.co.nz/damaged-vehicles/000000000007438020/2014-hyundai-i30-gd-1-8-elite-a6-hatch?referringPage=SearchResults
Peugeot,208,2014,No,$500,"119,603",," Front Damage, Left Rear Damage, Rear Damage, Structural Damage, Selling De-Registered","Automatic,",5,Petrol,https://manheim.co.nz/damaged-vehicles/000000000007438031/2014-peugeot-208-allure-3-dr-hatch?referringPage=SearchResults
Mazda,Axela,2005,No,$200,"170,279",," Left Rear Damage, Structural Damage, Selling De-Registered","Automatic,",5,Petrol,https://manheim.co.nz/damaged-vehicles/000000000007438032/2005-mazda-axela-sedan?referringPage=SearchResults
Kawasaki,ex,2010,No,$200,"16,613",," Structural Damage, Selling De-Registered",N/A,N/A,Petrol,https://manheim.co.nz/damaged-vehicles/000000000007438033/2010-kawasaki-ex-250j-motorcycle?referringPage=SearchResults
Volkswagen,Golf,2016,No,$750,"110,721",," Left Rear Damage, Rear Damage, Structural Damage, Selling De-Registered","Automatic,",53,Petrol,https://manheim.co.nz/damaged-vehicles/000000000007438034/2016-volkswagen-golf-hatch?referringPage=SearchResults
Hyundai,Santa FE,2021,No,N/A,"135,863",," Rear Damage, Structural Damage, Selling De-Registered",N/A,7,Diesel,https://manheim.co.nz/damaged-vehicles/000000000007438035/2021-hyundai-santa-fe-tm-limited-2-2dt-4w-station-wagon?referringPage=SearchResults
Nissan,X-trail,2008,No,$600,N/A,," Front Damage, Structural Damage, Selling De-Registered",N/A,5,Petrol,https://manheim.co.nz/damaged-vehicles/000000000007438037/2008-nissan-x-trail-station-wagon?referringPage=SearchResults
Toyota,Vitz,2005,Yes,"$1,025",N/A,," Stolen & Recovered, Selling Registered","Automatic,",5,Petrol,https://manheim.co.nz/damaged-vehicles/000000000007438038/2005-toyota-vitz-hatch?referringPage=SearchResults
Toyota,Aqua,2015,No,$750,"100,595",," Front Damage, Structural Damage, Accident Damage, Selling De-Registered",N/A,5,Hybrid,https://manheim.co.nz/damaged-vehicles/000000000007438039/2015-toyota-aqua-hatch?referringPage=SearchResults
Nissan,Leaf,2014,No,$325,"121,086",," Rear Damage, Structural Damage, Selling De-Registered",N/A,5,N/A,https://manheim.co.nz/damaged-vehicles/000000000007438044/2014-nissan-leaf-hatch?referringPage=SearchResults
Toyota,Hiace,2017,Yes,$0,"276,503",," Roof Damage, Selling Registered",N/A,2,Diesel,https://manheim.co.nz/damaged-vehicles/000000000007438055/2017-toyota-hiace-zx-td-3-0dt-4at-van?referringPage=SearchResults
Holden,VS Commodore,1997,No,N/A,N/A,," Left Front Damage, Left Rear Damage, Right Front Damage, Right Rear Damage, Selling De-Registered","Automatic,",5,Petrol,https://manheim.co.nz/damaged-vehicles/000000000007438060/1997-holden-vs-commodore-hsv-clubsport-aut--sedan?referringPage=SearchResults
Subaru,XV,2014,No,"$1,000","133,943",," Interior Damage, Structural Damage, Selling De-Registered","5spd Automatic,",5,Hybrid,https://manheim.co.nz/damaged-vehicles/000000000007438061/2014-subaru-xv-station-wagon?referringPage=SearchResults
Alfa Romeo,Giulietta,2014,Yes,$650,"84,620",," Right Front Damage, Selling Registered","Automatic,",5,Petrol,https://manheim.co.nz/damaged-vehicles/000000000007438065/2014-alfa-romeo-giulietta-progression-1-4p-6a-hatch?referringPage=SearchResults
Mitsubishi,Outlander,2014,No,"$1,550",N/A,," Rear Damage, Structural Damage, Selling De-Registered",N/A,5,Hybrid,https://manheim.co.nz/damaged-vehicles/000000000007438068/2014-mitsubishi-outlander-station-wagon?referringPage=SearchResults
Toyota,Corolla,2006,No,$1,N/A,," Fire Damage, Structural Damage, Selling De-Registered","Automatic,",5,Petrol,https://manheim.co.nz/damaged-vehicles/000000000007438073/2006-toyota-corolla-1-8p-gl-hatch5-4a-hatch?referringPage=SearchResults
Toyota,IST,2007,Yes,$650,N/A,," Rear Damage, Selling Registered","Automatic,",5,Petrol,https://manheim.co.nz/damaged-vehicles/000000000007438079/2007-toyota-ist-hatch?referringPage=SearchResults
Nissan,Note,2016,Yes,"$2,525","79,954",, Selling Registered,"CVT,",5,Petrol,https://manheim.co.nz/damaged-vehicles/000000000007428096/2016-nissan-note-hatch?referringPage=SearchResults
Nissan,Note,2013,Yes,"$2,000","168,969",, Selling Registered,"CVT,",5,Petrol,https://manheim.co.nz/damaged-vehicles/000000000007428100/2013-nissan-note-hatch?referringPage=SearchResults
Mazda,Demio,2015,No,"$1,150","43,732",," Front Damage, Left Front Damage, Left Rear Damage, Right Front Damage, Structural Damage, Under Body Damage, Selling De-Registered","Automatic,",5,Petrol,https://manheim.co.nz/damaged-vehicles/000000000007438100/2015-mazda-demio-hatch?referringPage=SearchResults
Ford,Focus,2016,No,$425,"213,798",," Rear Damage, Structural Damage, Selling De-Registered",N/A,5,Diesel,https://manheim.co.nz/damaged-vehicles/000000000007438104/2016-ford-focus-trend-wagon-2-0d-6a-station-wagon?referringPage=SearchResults
Toyota,RAV4,2002,No,$500,N/A,," Underbody Damage, Structural Damage, Selling De-Registered","Automatic,",5,Petrol,https://manheim.co.nz/damaged-vehicles/000000000007438111/2002-toyota-rav4-2-0p-4wd-wagon5-5m-station-wagon?referringPage=SearchResults
Nissan,Terrano,1996,No,$600,"178,134",," Glass Broken, Ignition Damage, Left Side Damage, Structural Damage, Stolen & Recovered, Selling De-Registered",N/A,5,Diesel,https://manheim.co.nz/damaged-vehicles/000000000007438114/1996-nissan-terrano-regulus-rs-r-station-wagon?referringPage=SearchResults
Toyota,Aqua,2015,No,$200,"180,760",," Front Damage, Glass Broken, Ignition Damage, Left Side Damage, Structural Damage, Stolen & Recovered, Selling De-Registered",N/A,5,Hybrid,https://manheim.co.nz/damaged-vehicles/000000000007438122/2015-toyota-aqua-hatch?referringPage=SearchResults
Toyota,Wish,2007,No,$600,"520,097",," Structural Damage, Water Damage, Selling De-Registered","Automatic,",7,Petrol,https://manheim.co.nz/damaged-vehicles/000000000007438166/2007-toyota-wish-station-wagon?referringPage=SearchResults
Honda,fit,2012,Yes,"$2,050","137,004",," Left Side Damage, Selling Registered","Automatic,",5,Hybrid,https://manheim.co.nz/damaged-vehicles/000000000007438178/2012-honda-fit-shuttle-station-wagon?referringPage=SearchResults
Honda,fit,2013,No,$0,"60,707",," Front Damage, Left Front Damage, Left Side Damage, Right Front Damage, Right Side Damage, Structural Damage, Selling De-Registered","Automatic,",5,Petrol,https://manheim.co.nz/damaged-vehicles/000000000007438201/2013-honda-fit-hatch?referringPage=SearchResults
BMW,335i,2009,Yes,"$2,750","99,439",," Right Front Damage, Stolen & Recovered, Selling Registered","6spd Automatic,",5,Petrol,https://manheim.co.nz/damaged-vehicles/000000000007438211/2009-bmw-335i-sedan?referringPage=SearchResults
Nissan,Teana,2004,Yes,$500,N/A,," Ignition Damage, Right Front Damage, Right Side Damage, Vandalised - Interior, Selling Registered","Automatic,",5,Petrol,https://manheim.co.nz/damaged-vehicles/000000000007438215/2004-nissan-teana-sedan?referringPage=SearchResults
Hyundai,I30,2011,No,$0,"17,910",," Left Front Damage, Left Rear Damage, Left Side Damage, Structural Damage, Selling De-Registered","Automatic,",5,Petrol,https://manheim.co.nz/damaged-vehicles/000000000007438222/2011-hyundai-i30-2-0-elite-a4-hatch?referringPage=SearchResults
Ford,Transit,2016,No,N/A,"396,110",," Rear Damage, Right Side Damage, Structural Damage, Selling De-Registered",N/A,3,Diesel,https://manheim.co.nz/damaged-vehicles/000000000007438231/2016-ford-transit-350l-lwb-van-2-2d-6-high-roof-van?referringPage=SearchResults
Toyota,Prius,2012,No,$500,"172,484",," Structural Damage, Selling De-Registered","Automatic,",5,Hybrid,https://manheim.co.nz/damaged-vehicles/000000000007438237/2012-toyota-prius-hybrid-hatch?referringPage=SearchResults
Honda,Airwave,2005,Yes,$325,"177,520",," Left Side Damage, Selling Registered",N/A,5,Petrol,https://manheim.co.nz/damaged-vehicles/000000000007438249/2005-honda-airwave-station-wagon?referringPage=SearchResults
Suzuki,Swift,2016,No,"$1,300","209,189",," Front Damage, Structural Damage, Selling De-Registered","Automatic,",5,Petrol,https://manheim.co.nz/damaged-vehicles/000000000007428252/2016-suzuki-swift-hatch?referringPage=SearchResults
Suzuki,GSX250,2019,No,$500,N/A,," Ignition Damage, Structural Damage, Stolen & Recovered, Selling De-Registered","Automatic,",N/A,Petrol,https://manheim.co.nz/damaged-vehicles/000000000007418278/2019-suzuki-gsx250-rza-motorcycle?referringPage=SearchResults
Suzuki,Swift,2007,No,$300,"198,882",," Left Rear Damage, Left Side Damage, Structural Damage, Selling De-Registered",N/A,5,Petrol,https://manheim.co.nz/damaged-vehicles/000000000007438294/2007-suzuki-swift-hatch?referringPage=SearchResults
Vespa,Sprint,2015,No,$500,"14,254",," Front Damage, Structural Damage, Selling De-Registered","Automatic,",N/A,Petrol,https://manheim.co.nz/damaged-vehicles/000000000007418315/2015-vespa-sprint-125-scooter?referringPage=SearchResults
Toyota,Vitz,2010,No,$500,N/A,," Airbags Deployed, Front Damage, Airbags Deployed, Structural Damage, Selling De-Registered",N/A,5,Petrol,https://manheim.co.nz/damaged-vehicles/000000000007438322/2010-toyota-vitz-hatch?referringPage=SearchResults
Toyota,Vanguard,2008,Yes,"$1,650","200,626",, Selling Registered,"Automatic,",5,Petrol,https://manheim.co.nz/damaged-vehicles/000000000007428381/2008-toyota-vanguard-station-wagon?referringPage=SearchResults
Honda,TRX520FMZ,2025,No,$850,N/A,," Structural Damage, Selling De-Registered",N/A,N/A,Hybrid,https://manheim.co.nz/damaged-vehicles/000000000007408428/2025-honda-trx520fmz-quadbike?referringPage=SearchResults
Mazda,Premacy,2013,No,$550,N/A,," Rear Damage, Structural Damage, Selling De-Registered",N/A,7,Petrol,https://manheim.co.nz/damaged-vehicles/000000000007408468/2013-mazda-premacy-station-wagon?referringPage=SearchResults
Suzuki,Swift,2019,No,"$2,800","64,757",," Rear Damage, Structural Damage, Selling De-Registered","Automatic,",5,Petrol,https://manheim.co.nz/damaged-vehicles/000000000007418471/2019-suzuki-swift-sport-1-4pt-6at-hatch?referringPage=SearchResults
CARAVAN,Caravell,1970,No,$51,1,0," Roof Damage, Structural Damage, Selling De-Registered",N/A,N/A,N/A,https://manheim.co.nz/damaged-vehicles/000000000007318474/1970-caravan-caravell-caravan?referringPage=SearchResults
Mazda,Demio,2010,No,$475,N/A,," Left Rear Damage, Structural Damage, Selling De-Registered","Automatic,",5,Petrol,https://manheim.co.nz/damaged-vehicles/000000000007438476/2010-mazda-demio-hatch?referringPage=SearchResults
Yamaha,YZF,2018,No,$400,"11,153",," Right Side Damage, Structural Damage, Selling De-Registered","Automatic,",N/A,Petrol,https://manheim.co.nz/damaged-vehicles/000000000007428483/2018-yamaha-yzf-r3aj-motorcycle?referringPage=SearchResults
Toyota,Aqua,2015,No,$950,"204,520",," Left Front Damage, Right Front Damage, Right Rear Damage, Structural Damage, Selling De-Registered","Automatic,",5,Hybrid,https://manheim.co.nz/damaged-vehicles/000000000007438496/2015-toyota-aqua-hatch?referringPage=SearchResults
Ford,Laser,1991,No,$25,"254,627",," Front Damage, Has Key, Roof Damage, Structural Damage, Selling De-Registered","Automatic,",5,Petrol,https://manheim.co.nz/damaged-vehicles/000000000007438503/1991-ford-laser-hatch?referringPage=SearchResults
BMW,320i,2007,No,$0,N/A,," Left Front Damage, Left Rear Damage, Left Side Damage, Right Front Damage, Structural Damage, Selling De-Registered","Automatic,",5,Petrol,https://manheim.co.nz/damaged-vehicles/000000000007428501/2007-bmw-320i-touring?referringPage=SearchResults
Mazda,Demio,2010,No,$500,"163,697",," Glass Broken, Interior Damage, Ignition Damage, Left Side Damage, Stolen & Recovered, Selling De-Registered",N/A,5,Petrol,https://manheim.co.nz/damaged-vehicles/000000000007408507/2010-mazda-demio-hatch?referringPage=SearchResults
Mitsubishi,Outlander,2007,Yes,$600,"215,553",, Selling Registered,"CVT,",5,Petrol,https://manheim.co.nz/damaged-vehicles/000000000007428517/2007-mitsubishi-outlander-2400-cvt-station-wagon?referringPage=SearchResults
Honda,Airwave,2006,No,$0,N/A,," Left Front Damage, Left Rear Damage, Rear Damage, Right Rear Damage, Structural Damage, Selling De-Registered","Automatic,",5,Petrol,https://manheim.co.nz/damaged-vehicles/000000000007428535/2006-honda-airwave-station-wagon?referringPage=SearchResults
Subaru,Forester,2006,No,$0,N/A,," Interior Damage, Vandalised - Interior, Stolen & Recovered, Selling De-Registered","Automatic,",5,Petrol,https://manheim.co.nz/damaged-vehicles/000000000007428548/2006-subaru-forester-hatch?referringPage=SearchResults
BAILEY,Pegasus,2011,No,"$4,450",N/A,0," Rear Damage, Structural Damage, Selling De-Registered",N/A,N/A,N/A,https://manheim.co.nz/damaged-vehicles/000000000007438553/2011-bailey-pegasus-caravan?referringPage=SearchResults
Honda,CBR,2024,No,$550,"30,417",," Accident Repair, Right Side Damage, Structural Damage, Selling De-Registered","Automatic,",N/A,Petrol,https://manheim.co.nz/damaged-vehicles/000000000007428570/2024-honda-cbr-500-p-motorcycle?referringPage=SearchResults
Holden,VX Commodore,2003,Yes,$0,N/A,," Left Front Damage, Left Side Damage, Right Front Damage, Selling Registered","Automatic,",5,Petrol,https://manheim.co.nz/damaged-vehicles/000000000007418598/2003-holden-vx-commodore-lumina-sedan-v6-aut-sedan?referringPage=SearchResults
Mazda,Bongo,2008,Yes,$0,"176,784",, Selling Registered,N/A,3,Petrol,https://manheim.co.nz/damaged-vehicles/000000000007418610/2008-mazda-bongo-van?referringPage=SearchResults
Ford,Falcon UTE,2004,No,N/A,N/A,," Left Front Damage, Left Side Damage, Right Front Damage, Right Side Damage, Airbags Deployed, Selling De-Registered","Automatic,",2,Petrol,https://manheim.co.nz/damaged-vehicles/000000000007418688/2004-ford-falcon-ute-ba-xr8-pick-up-fa-coup%C3%A9?referringPage=SearchResults
Suzuki,DL1050,2022,No,"$1,950","19,797",," Structural Damage, Selling De-Registered","Manual,",N/A,Petrol,https://manheim.co.nz/damaged-vehicles/000000000007418738/2022-suzuki-dl1050-rcm0-v-strom-1050xt-motorcycle?referringPage=SearchResults
Mercedes-Benz,ML,2006,Yes,$500,"278,209",," Left Front Damage, Selling Registered",N/A,5,Diesel,https://manheim.co.nz/damaged-vehicles/000000000007408756/2006-mercedes-benz-ml-320cdi-station-wagon?referringPage=SearchResults
Volvo,XC90,2015,No,N/A,"109,913",," Rear Damage, Structural Damage, Selling De-Registered","Automatic,",7,Petrol,https://manheim.co.nz/damaged-vehicles/000000000007438772/2015-volvo-xc90-t6-awd-inscription-station-wagon?referringPage=SearchResults
Toyota,Corolla,2006,No,$600,"195,903",," Rear Damage, Structural Damage, Selling De-Registered",N/A,5,Petrol,https://manheim.co.nz/damaged-vehicles/000000000007438789/2006-toyota-corolla-axio-sedan?referringPage=SearchResults
Yamaha,YZF,2019,No,$500,"31,006",," Front Damage, Structural Damage, Selling De-Registered",N/A,N/A,Petrol,https://manheim.co.nz/damaged-vehicles/000000000007408784/2019-yamaha-yzf-r3-aj2-motorcycle?referringPage=SearchResults
Holden,Commodore,2010,No,$800,"177,204",, Selling De-Registered,"Automatic,",5,Petrol,https://manheim.co.nz/damaged-vehicles/000000000007428782/2010-holden-commodore-calais-sedan-sedan?referringPage=SearchResults
Toyota,Estima,2005,No,$0,"203,816",," Front Damage, Left Side Damage, Malicious/Vandalised, Roof Damage, Structural Damage, Selling De-Registered","4spd,",8,Petrol,https://manheim.co.nz/damaged-vehicles/000000000007438809/2005-toyota-estima-station-wagon?referringPage=SearchResults
Suzuki,GSX250FRLL9,2020,No,$300,"31,161",," Rear Damage, Structural Damage, Selling De-Registered","Automatic,",N/A,Petrol,https://manheim.co.nz/damaged-vehicles/000000000007438812/2020-suzuki-gsx250frll9-motorcycle?referringPage=SearchResults
Audi,A4,2009,No,$0,N/A,," Rear Damage, Structural Damage, Selling De-Registered",N/A,5,Petrol,https://manheim.co.nz/damaged-vehicles/000000000007428811/2009-audi-a4-2-0t-sedan?referringPage=SearchResults
Isuzu,D-max,2016,No,N/A,"372,493",," Rear Damage, Structural Damage, Selling De-Registered",N/A,5,Diesel,https://manheim.co.nz/damaged-vehicles/000000000007438827/2016-isuzu-d-max-lx-dx-3-0d-4wd-5mt--utility?referringPage=SearchResults
Subaru,Impreza,2013,No,$0,"103,538",," Front Damage, Left Front Damage, Right Front Damage, Structural Damage, Selling De-Registered","Automatic,",5,Petrol,https://manheim.co.nz/damaged-vehicles/000000000007428858/2013-subaru-impreza-hatch?referringPage=SearchResults
Audi,A4,2014,No,$0,"180,978",," Front Damage, Right Front Damage, Structural Damage, Suspension Damage, Selling De-Registered","Automatic,",5,Petrol,https://manheim.co.nz/damaged-vehicles/000000000007428874/2014-audi-a4-avtfsiq-2-0p7a-sw4d-station-wagon?referringPage=SearchResults
Toyota,Landcruiser,1997,No,"$2,050","317,859",," Interior Damage, Stolen & Recovered, Water Damage, Selling De-Registered",N/A,8,Diesel,https://manheim.co.nz/damaged-vehicles/000000000007438872/1997-toyota-landcruiser-prado-station-wagon?referringPage=SearchResults
Toyota,Corolla,1999,No,$750,N/A,," Left Side Damage, Structural Damage, Selling De-Registered","Automatic,",5,Petrol,https://manheim.co.nz/damaged-vehicles/000000000007438875/1999-toyota-corolla-sprinter-xe-vintage-sedan?referringPage=SearchResults
Audi,A3,2008,No,$500,"146,844",," Left Side Damage, Structural Damage, Selling De-Registered","Automatic,",5,Petrol,https://manheim.co.nz/damaged-vehicles/000000000007438893/2008-audi-a3-hatch?referringPage=SearchResults
Mazda,CX-5,2016,No,$0,N/A,," Chassis Damage, Front Damage, Structural Damage, Selling De-Registered","6spd Automatic,",5,Diesel,https://manheim.co.nz/damaged-vehicles/000000000007438895/2016-mazda-cx-5-gsx-dsl-2-2d-4wd-6a-station-wagon?referringPage=SearchResults
Volvo,V60,2014,No,$0,"116,268",," Left Rear Damage, Structural Damage, Selling De-Registered","6spd Automatic,",5,Petrol,https://manheim.co.nz/damaged-vehicles/000000000007428896/2014-volvo-v60-station-wagon?referringPage=SearchResults
Subaru,Impreza,2010,No,$500,"129,232",," Right Side Damage, Structural Damage, Selling De-Registered","Automatic,",5,Petrol,https://manheim.co.nz/damaged-vehicles/000000000007438926/2010-subaru-impreza-hatch?referringPage=SearchResults
Toyota,Hilux,2019,Yes,N/A,"155,293",," Stolen & Recovered, Selling Registered","Automatic,",5,Diesel,https://manheim.co.nz/damaged-vehicles/000000000007378962/2019-toyota-hilux-sr-td-dc-2-8dt-dual-cab-utility?referringPage=SearchResults
Toyota,Wish,2008,Yes,"$1,250","145,534",," Ignition Damage, Stolen & Recovered, Selling Registered","5spd Automatic,",7,Petrol,https://manheim.co.nz/damaged-vehicles/000000000007438978/2008-toyota-wish-station-wagon?referringPage=SearchResults
Suzuki,Swift,2005,No,$500,"186,181",," Front Damage, Left Rear Damage, Right Rear Damage, Structural Damage, Selling De-Registered","4spd Automatic,",5,Petrol,https://manheim.co.nz/damaged-vehicles/000000000007438979/2005-suzuki-swift-hatch?referringPage=SearchResults
Volkswagen,Golf,2014,No,N/A,"116,213",," Front Damage, Right Front Damage, Underbody Damage, Structural Damage, Selling De-Registered","Automatic,",5,Petrol,https://manheim.co.nz/damaged-vehicles/000000000007438986/2014-volkswagen-golf-r-hatch?referringPage=SearchResults
Ford,Territory,2014,No,$1,N/A,," Fire Damage, Fire - Entire Vehicle, Structural Damage, Stolen & Recovered, Selling De-Registered",N/A,7,Diesel,https://manheim.co.nz/damaged-vehicles/000000000007439005/2014-ford-territory-titanium-awd-diesel-station-wagon?referringPage=SearchResults
Toyota,Allion,2002,Yes,$650,"182,566",," Left Front Damage, Left Side Damage, Selling Registered","4spd Automatic,",5,Petrol,https://manheim.co.nz/damaged-vehicles/000000000007439010/2002-toyota-allion-sedan?referringPage=SearchResults
Volkswagen,Polo,2013,No,$500,"52,045",," Left Side Damage, Structural Damage, Selling De-Registered","Automatic,",5,Petrol,https://manheim.co.nz/damaged-vehicles/000000000007439020/2013-volkswagen-polo-63kw-7dsg-hatch?referringPage=SearchResults
Honda,Accord,2013,No,"$1,600",N/A,," Rear Damage, Structural Damage, Selling De-Registered",N/A,5,Hybrid,https://manheim.co.nz/damaged-vehicles/000000000007439036/2013-honda-accord-sedan?referringPage=SearchResults
CARAVAN,Swift Corniche,1993,No,$680,N/A,0," Interior Damage, Structural Damage, Water Damage, Selling De-Registered",N/A,N/A,N/A,https://manheim.co.nz/damaged-vehicles/000000000007419047/1993-caravan-swift-corniche-caravan?referringPage=SearchResults
CF Moto,450srs,2026,No,$900,"1,018",," Front Fork Damaged, Frame Damaged, Structural Damage, Selling De-Registered",N/A,N/A,Petrol,https://manheim.co.nz/damaged-vehicles/000000000007429051/2026-cfmoto-450srs-motorcycle?referringPage=SearchResults
Subaru,Legacy,2014,No,$200,N/A,," Front Damage, Structural Damage, Selling De-Registered","Automatic,",5,Petrol,https://manheim.co.nz/damaged-vehicles/000000000007439050/2014-subaru-legacy-sedan?referringPage=SearchResults
Hyundai,I30,2009,Yes,$550,"136,524",," Front Damage, Glass Broken, Roof Damage, Selling Registered","5spd Automatic,",5,Petrol,https://manheim.co.nz/damaged-vehicles/000000000007439066/2009-hyundai-i30-station-wagon?referringPage=SearchResults
Honda,Integra,1999,No,$0,"229,979",," Left Side Damage, Right Side Damage, Structural Damage, Selling De-Registered","5spd Manual,",4,Petrol,https://manheim.co.nz/damaged-vehicles/000000000007439095/1999-honda-integra-hatch?referringPage=SearchResults
Ford,Transit,2011,No,$600,N/A,," Front Damage, Ignition Damage, Structural Damage, Selling De-Registered",N/A,3,Diesel,https://manheim.co.nz/damaged-vehicles/000000000007439096/2011-ford-transit-transit-lwb-mroof-m-van?referringPage=SearchResults
Toyota,I[sum,2004,No,$400,"206,905",," Right Side Damage, Structural Damage, Selling De-Registered","Automatic,",7,Petrol,https://manheim.co.nz/damaged-vehicles/000000000007439138/2004-toyota-i-sum-240s-station-wagon?referringPage=SearchResults
Nissan,Primera,2003,No,$1,N/A,," Good Repairer, Rear Damage, Fire - Entire Vehicle, Structural Damage, Selling De-Registered","Automatic,",5,Petrol,https://manheim.co.nz/damaged-vehicles/000000000007429136/2003-nissan-primera-sedan?referringPage=SearchResults
BMW,550i,2011,No,"$1,450",N/A,," Interior Damage, Water Damage, Selling De-Registered","Automatic,",5,Petrol,https://manheim.co.nz/damaged-vehicles/000000000007439171/2011-bmw-550i-sedan?referringPage=SearchResults
Audi,Q3,2020,No,N/A,"122,197",," Right Side Damage, Structural Damage, Selling De-Registered","Automatic,",5,Petrol,https://manheim.co.nz/damaged-vehicles/000000000007439172/2020-audi-q3-station-wagon?referringPage=SearchResults
BMW,M5,2014,No,N/A,"138,114",," Right Side Damage, Structural Damage, Selling De-Registered","Automatic,",5,Petrol,https://manheim.co.nz/damaged-vehicles/000000000007439180/2014-bmw-m5-auto-sedan?referringPage=SearchResults
Mercedes-Benz,CLS 500,2005,Yes,$0,"102,319",, Selling Registered,"Automatic,",4,Petrol,https://manheim.co.nz/damaged-vehicles/000000000007439193/2005-mercedes-benz-cls-500-sedan?referringPage=SearchResults
Toyota,Vitz,2001,No,$200,"156,438",," Left Side Damage, Right Side Damage, Structural Damage, Under Body Damage, Selling De-Registered",N/A,5,Petrol,https://manheim.co.nz/damaged-vehicles/000000000007439223/2001-toyota-vitz-hatch?referringPage=SearchResults
Toyota,Aqua,2016,No,$650,N/A,," Front Damage, Rear Damage, Structural Damage, Selling De-Registered","Automatic,",5,Hybrid,https://manheim.co.nz/damaged-vehicles/000000000007439228/2016-toyota-aqua-hybrid-hatch?referringPage=SearchResults
Toyota,Auris,2007,No,"$1,350",N/A,," Right Rear Damage, Right Side Damage, Structural Damage, Selling De-Registered","Automatic,",5,Petrol,https://manheim.co.nz/damaged-vehicles/000000000007439245/2007-toyota-auris-hatch?referringPage=SearchResults
Toyota,Hilux,2014,No,N/A,"190,857",," Water Damage, Selling De-Registered","Automatic,",5,Diesel,https://manheim.co.nz/damaged-vehicles/000000000007369254/2014-toyota-hilux-utility?referringPage=SearchResults
Hyundai,Accent,2015,No,$0,"133,752",," Front Damage, Left Front Damage, Left Rear Damage, Rear Damage, Right Rear Damage, Structural Damage, Selling De-Registered","Automatic,",5,Petrol,https://manheim.co.nz/damaged-vehicles/000000000007429428/2015-hyundai-accent-1-6-5d-a4-hatch?referringPage=SearchResults
Toyota,Vitz,2005,No,$0,N/A,," Front Damage, Left Front Damage, Structural Damage, Selling De-Registered","Automatic,",5,Petrol,https://manheim.co.nz/damaged-vehicles/000000000007429477/2005-toyota-vitz-hatch?referringPage=SearchResults
Toyota,Corolla,2010,No,$0,"101,151",," Front Damage, Structural Damage, Selling De-Registered","4spd Automatic,",5,Petrol,https://manheim.co.nz/damaged-vehicles/000000000007429478/2010-toyota-corolla-1-8p-glx-hatch-5-4a-hatch?referringPage=SearchResults
Toyota,Ractis,2007,Yes,$750,"220,473",," Rear Damage, Right Side Damage, Selling Registered","Automatic,",5,Petrol,https://manheim.co.nz/damaged-vehicles/000000000007429481/2007-toyota-ractis-hatch?referringPage=SearchResults
Toyota,Ractis,2006,No,$400,N/A,," Rear Damage, Right Front Damage, Right Rear Damage, Structural Damage, Selling De-Registered",N/A,5,Petrol,https://manheim.co.nz/damaged-vehicles/000000000007439485/2006-toyota-ractis-hatch?referringPage=SearchResults
Land Rover,Discovery,2018,No,N/A,"72,316",," Ignition Damage, Water Damage, Selling De-Registered",N/A,N/A,Diesel,https://manheim.co.nz/damaged-vehicles/000000000007439487/2018-land-rover-discovery-td6-station-wagon?referringPage=SearchResults
Mitsubishi,Colt,2006,Yes,"$1,025","167,016",," Right Front Damage, Selling Registered","Automatic,",5,Petrol,https://manheim.co.nz/damaged-vehicles/000000000007439495/2006-mitsubishi-colt-hatch?referringPage=SearchResults
Toyota,RAV4,1998,No,$650,N/A,," Rear Damage, Right Rear Damage, Structural Damage, Suspension Damage, Selling De-Registered","Automatic,",5,Petrol,https://manheim.co.nz/damaged-vehicles/000000000007439501/1998-toyota-rav4-2-0p-4wd-wagon3-station-wagon?referringPage=SearchResults
Honda,Accord,2003,No,$625,"191,228",," Front Damage, Structural Damage, Selling De-Registered","Automatic,",5,Petrol,https://manheim.co.nz/damaged-vehicles/000000000007429501/2003-honda-accord-eurol-2-4-4d-sed-5a-sedan?referringPage=SearchResults
Mazda,MPV,2006,Yes,$525,1,, Selling Registered,"Automatic,",8,Petrol,https://manheim.co.nz/damaged-vehicles/000000000007429531/2006-mazda-mpv-station-wagon?referringPage=SearchResults
Toyota,Prius,2018,No,"$1,300","253,166",," Left Front Damage, Left Side Damage, Structural Damage, Selling De-Registered","Automatic,",5,Hybrid,https://manheim.co.nz/damaged-vehicles/000000000007429630/2018-toyota-prius-alpha-station-wagon?referringPage=SearchResults
Fiat,500,2014,No,$500,N/A,," Right Rear Damage, Structural Damage, Selling De-Registered","Automatic,",4,Petrol,https://manheim.co.nz/damaged-vehicles/000000000007439635/2014-fiat-500-pop-1-2p5am-ha3d4s-hatch?referringPage=SearchResults
Toyota,Passo,2004,Yes,$575,N/A,," Right Side Damage, Selling Registered","Automatic,",5,Petrol,https://manheim.co.nz/damaged-vehicles/000000000007439637/2004-toyota-passo-hatch?referringPage=SearchResults
Honda,fit,2005,Yes,$425,"239,476",," Front Damage, Selling Registered","Automatic,",5,Petrol,https://manheim.co.nz/damaged-vehicles/000000000007439647/2005-honda-fit-hatch?referringPage=SearchResults
Nissan,Navara,2017,No,N/A,"129,141",," Front Damage, Structural Damage, Selling De-Registered","Automatic,",5,Diesel,https://manheim.co.nz/damaged-vehicles/000000000007439672/2017-nissan-navara-st-2-3d-7am-ut-4dr--dual-cab-utility?referringPage=SearchResults
Mazda,CX-7,2007,No,$950,"138,268",," Left Front Damage, Structural Damage, Selling De-Registered","Automatic,",5,Petrol,https://manheim.co.nz/damaged-vehicles/000000000007439760/2007-mazda-cx-7-station-wagon?referringPage=SearchResults
Suzuki,Swift,2019,No,"$1,450","16,625",," Left Front Damage, Right Front Damage, Right Rear Damage, Right Side Damage, Structural Damage, Selling De-Registered","Automatic,",5,Petrol,https://manheim.co.nz/damaged-vehicles/000000000007439789/2019-suzuki-swift-plus-1-2p-cvt-hatch?referringPage=SearchResults
Nissan,Qashqai,2016,Yes,$0,"332,028",," Front Damage, Selling Registered","Automatic,",5,Petrol,https://manheim.co.nz/damaged-vehicles/000000000007429789/2016-nissan-qashqai-st-2-0p-cvt-station-wagon?referringPage=SearchResults
Ford,Ranger,2007,No,$750,"279,154",," Right Side Damage, Structural Damage, Selling De-Registered","Manual,",4,Diesel,https://manheim.co.nz/damaged-vehicles/000000000007439802/2007-ford-ranger-3-0td-xl-rc-w-s-4x4-dual-cab-utility?referringPage=SearchResults
Suzuki,Swift,2008,No,$375,"164,472",," Airbags Deployed, Front Damage, Structural Damage, Selling De-Registered",N/A,5,Petrol,https://manheim.co.nz/damaged-vehicles/000000000007439812/2008-suzuki-swift-hatch-1-6-5dr-sport-hatch?referringPage=SearchResults
Toyota,Carib,1996,No,$650,N/A,," Front Damage, Structural Damage, Selling De-Registered","4spd Automatic,",5,Petrol,https://manheim.co.nz/damaged-vehicles/000000000007439834/1996-toyota-carib-z-touring-station-wagon?referringPage=SearchResults
Kia,Rio,2019,No,$500,N/A,," Front Damage, Structural Damage, Selling De-Registered",N/A,5,Petrol,https://manheim.co.nz/damaged-vehicles/000000000007439835/2019-kia-rio-ex-hatch?referringPage=SearchResults
Toyota,Corolla,2001,No,"$1,050",N/A,," Left Side Damage, Structural Damage, Selling De-Registered",N/A,5,Petrol,https://manheim.co.nz/damaged-vehicles/000000000007439837/2001-toyota-corolla-sedan?referringPage=SearchResults
Yamaha,MW,2016,No,$1,N/A,," Front Damage, Structural Damage, Selling De-Registered",N/A,2,Petrol,https://manheim.co.nz/damaged-vehicles/000000000007429836/2016-yamaha-mw-125f-motorcycle?referringPage=SearchResults
Mitsubishi,Lancer,1998,No,$400,N/A,," Front Damage, Left Front Damage, Left Rear Damage, Right Front Damage, Structural Damage, Selling De-Registered","5spd Manual,",5,Petrol,https://manheim.co.nz/damaged-vehicles/000000000007439840/1998-mitsubishi-lancer-1-5-gls-sedan-m-sedan?referringPage=SearchResults
Suzuki,GSX150,2019,No,$400,N/A,," Front Damage, Structural Damage, Selling De-Registered","Automatic,",N/A,Petrol,https://manheim.co.nz/damaged-vehicles/000000000007419860/2019-suzuki-gsx150-dxa-gixxer-motorcycle?referringPage=SearchResults
Honda,Odyssey,2013,No,"$1,450",N/A,," Front Damage, Rear Damage, Right Side Damage, Structural Damage, Suspension Damage, Selling De-Registered","5spd Automatic,",7,Petrol,https://manheim.co.nz/damaged-vehicles/000000000007409868/2013-honda-odyssey-absolute-station-wagon?referringPage=SearchResults
BMW,X5,2007,No,"$1,150","144,209",," Interior Damage, Right Front Damage, Water Damage, Selling De-Registered","Automatic,",7,Petrol,https://manheim.co.nz/damaged-vehicles/000000000007439882/2007-bmw-x5-touring?referringPage=SearchResults
Toyota,Corolla,2002,Yes,$700,N/A,," Right Side Damage, Selling Registered",N/A,5,Petrol,https://manheim.co.nz/damaged-vehicles/000000000007439883/2002-toyota-corolla-sedan?referringPage=SearchResults
Ford,Focus,2006,No,$525,"141,032",," Rear Damage, Right Front Damage, Right Rear Damage, Structural Damage, Selling De-Registered","Automatic,",5,Petrol,https://manheim.co.nz/damaged-vehicles/000000000007439888/2006-ford-focus-ghia-2-0-a-h-hatch?referringPage=SearchResults
Toyota,Auris,2014,No,"$1,400","53,558",," Right Rear Damage, Structural Damage, Suspension Damage, Selling De-Registered","Automatic,",5,Petrol,https://manheim.co.nz/damaged-vehicles/000000000007439889/2014-toyota-auris-hatch?referringPage=SearchResults
Mazda,MPV,2004,No,$500,"290,941",," Rear Damage, Structural Damage, Selling De-Registered","Automatic,",7,Petrol,https://manheim.co.nz/damaged-vehicles/000000000007439894/2004-mazda-mpv-station-wagon?referringPage=SearchResults
Subaru,Impreza,2012,No,"$1,050",N/A,," Rear Damage, Structural Damage, Selling De-Registered","Automatic,",5,Petrol,https://manheim.co.nz/damaged-vehicles/000000000007439899/2012-subaru-impreza-sedan?referringPage=SearchResults
Suzuki,Swift,2005,Yes,"$1,500",N/A,," Left Rear Damage, Right Front Damage, Right Side Damage, Stolen & Recovered, Selling Registered","Automatic,",5,Petrol,https://manheim.co.nz/damaged-vehicles/000000000007439913/2005-suzuki-swift-hatch?referringPage=SearchResults
Mercedes-Benz,S,1993,Yes,$500,"118,351",," Left Rear Damage, Left Side Damage, Vandalised - Interior, Stolen & Recovered, Selling Registered","Automatic,",5,Petrol,https://manheim.co.nz/damaged-vehicles/000000000007439920/1993-mercedes-benz-s-320-sedan?referringPage=SearchResults
Toyota,RAV4,2016,No,N/A,"123,983",," Front Damage, Airbags Deployed, Structural Damage, Selling De-Registered","Automatic,",5,Petrol,https://manheim.co.nz/damaged-vehicles/000000000007439930/2016-toyota-rav4-gxl-suv-2-5p-4wd-6a-station-wagon?referringPage=SearchResults
Toyota,Corolla,2005,No,$300,N/A,," Front Damage, Left Front Damage, Left Rear Damage, Left Side Damage, Rear Damage, Roof Damage, Right Front Damage, Right Rear Damage, Right Side Damage, Structural Damage, Selling De-Registered",N/A,5,Petrol,https://manheim.co.nz/damaged-vehicles/000000000007439931/2005-toyota-corolla-1-8p-gl-hatch5-4a-hatch?referringPage=SearchResults
Honda,TRX420,2020,No,"$1,300","21,777",," Structural Damage, Suspension Damage, Selling De-Registered",Automati,N/A,N/A,https://manheim.co.nz/damaged-vehicles/000000000007439947/2020-honda-trx420-quad-bike?referringPage=SearchResults
Mazda,Demio,2011,No,$475,"88,072",," Left Rear Damage, Rear Damage, Structural Damage, Selling De-Registered","Automatic,",5,Petrol,https://manheim.co.nz/damaged-vehicles/000000000007439964/2011-mazda-demio-hatch?referringPage=SearchResults
Honda,fit,2009,No,$875,N/A,," Left Rear Damage, Structural Damage, Selling De-Registered",N/A,5,Petrol,https://manheim.co.nz/damaged-vehicles/000000000007439980/2009-honda-fit-hatch?referringPage=SearchResults
Hyundai,Lavita,2003,No,$400,N/A,," Rear Damage, Structural Damage, Selling De-Registered",N/A,N/A,Petrol,https://manheim.co.nz/damaged-vehicles/000000000007439996/2003-hyundai-lavita-station-wagon?referringPage=SearchResults
