Manufacturer,Model,Year,Registration Status,Price,Mileage,Keys,Damage description,Transmission,Seats,Fuel Type,Link
SWIFT,Challenger Sport 554,2013,No,"$3,950",N/A,0," Right Side Damage, Structural Damage, Selling De-Registered",N/A,N/A,N/A,https://manheim.co.nz/damaged-vehicles/000000000007430073/2013-swift-challenger-sport-554-caravan?referringPage=SearchResults
Nissan,X-trail,2007,No,$500,"150,380",," Right Front Damage, Structural Damage, Selling De-Registered","Automatic,",5,Petrol,https://manheim.co.nz/damaged-vehicles/000000000007430074/2007-nissan-x-trail-station-wagon?referringPage=SearchResults
Renault,Koleos,2015,No,$700,"101,429",," Right Front Damage, Structural Damage, Selling De-Registered","Automatic,",5,Diesel,https://manheim.co.nz/damaged-vehicles/000000000007430085/2015-renault-koleos-2-0-4x4-2-0d-4wd-6a-station-wagon?referringPage=SearchResults
Toyota,RAV4,2009,No,"$1,300","125,934",," Hard Hit, Rear Damage, Structural Damage, Selling De-Registered",N/A,5,Petrol,https://manheim.co.nz/damaged-vehicles/000000000007430089/2009-toyota-rav4-station-wagon?referringPage=SearchResults
Nissan,Tiida,2009,No,$600,"91,273",," Airbags Deployed, Water Damage, Selling De-Registered","Automatic,",5,Petrol,https://manheim.co.nz/damaged-vehicles/000000000007430102/2009-nissan-tiida-hatch?referringPage=SearchResults
Mazda,Axela,2007,No,$700,"237,055",," Left Side Damage, Selling De-Registered","Automatic,",5,Petrol,https://manheim.co.nz/damaged-vehicles/000000000007430106/2007-mazda-axela-hatch?referringPage=SearchResults
Toyota,Vitz,2005,No,$650,"170,989",," Structural Damage, Suspension Damage, Selling De-Registered",N/A,5,Petrol,https://manheim.co.nz/damaged-vehicles/000000000007430132/2005-toyota-vitz-hatch?referringPage=SearchResults
Honda,CMX,2021,No,$0,1,," Front Damage, Interior Damage, Frame Damaged, Right Front Damage, Right Rear Damage, Right Side Damage, Structural Damage, Suspension Damage, Selling De-Registered","Manual,",N/A,Petrol,https://manheim.co.nz/damaged-vehicles/000000000007300139/2021-honda-cmx-500-p-motorcycle?referringPage=SearchResults
Suzuki,Grand Vitara,2005,Yes,$500,"311,494",," Stolen & Recovered, Selling Registered","Automatic,",5,Petrol,https://manheim.co.nz/damaged-vehicles/000000000007430201/2005-suzuki-grand-vitara-wjlx-2-0-5dr-station-wagon?referringPage=SearchResults
Audi,A5,2014,No,"$1,500",N/A,," Front Damage, Airbags Deployed, Structural Damage, Selling De-Registered","Automatic,",4,Petrol,https://manheim.co.nz/damaged-vehicles/000000000007430253/2014-audi-a5-2-0t-hatch?referringPage=SearchResults
Nissan,Bluebird,2005,Yes,$750,"114,662",," Right Side Damage, Selling Registered",N/A,5,Petrol,https://manheim.co.nz/damaged-vehicles/000000000007440259/2005-nissan-bluebird-sylphy-sedan?referringPage=SearchResults
Toyota,OPA,2004,No,$500,"185,250",," Left Side Damage, Structural Damage, Selling De-Registered","Automatic,",5,Petrol,https://manheim.co.nz/damaged-vehicles/000000000007430343/2004-toyota-opa-hatch?referringPage=SearchResults
Mazda,Atenza,2011,No,$100,"311,842",," Front Damage, Structural Damage, Selling De-Registered","Automatic,",5,Petrol,https://manheim.co.nz/damaged-vehicles/000000000007430388/2011-mazda-atenza-station-wagon?referringPage=SearchResults
Mazda,Demio,2006,No,$600,"207,380",," Roof Damage, Structural Damage, Stolen & Recovered, Selling De-Registered","Automatic,",5,Petrol,https://manheim.co.nz/damaged-vehicles/000000000007430393/2006-mazda-demio-hatch?referringPage=SearchResults
Toyota,Corolla,2008,No,$700,N/A,," Left Rear Damage, Rear Damage, Right Rear Damage, Structural Damage, Selling De-Registered","Automatic,",5,Petrol,https://manheim.co.nz/damaged-vehicles/000000000007430396/2008-toyota-corolla-1-8p-gx-hatch-5-4a-hatch?referringPage=SearchResults
Mazda,Premacy,2007,No,$500,N/A,," Left Front Damage, Left Rear Damage, Left Side Damage, Right Front Damage, Structural Damage, Selling De-Registered","Automatic,",7,Petrol,https://manheim.co.nz/damaged-vehicles/000000000007420395/2007-mazda-premacy-station-wagon?referringPage=SearchResults
Holden,Barina Spark,2014,No,$500,N/A,," Right Front Damage, Structural Damage, Selling De-Registered","Automatic,",5,Petrol,https://manheim.co.nz/damaged-vehicles/000000000007420415/2014-holden-barina-spark-cd-1-2p4a-ha5s-hatch?referringPage=SearchResults
Nissan,Serena,2015,No,"$1,450",N/A,," Left Side Damage, Structural Damage, Selling De-Registered","Automatic,",8,Hybrid,https://manheim.co.nz/damaged-vehicles/000000000007430441/2015-nissan-serena-station-wagon?referringPage=SearchResults
Honda,fit,2007,No,$600,"130,589",," Left Front Damage, Right Front Damage, Structural Damage, Selling De-Registered","Automatic,",5,Petrol,https://manheim.co.nz/damaged-vehicles/000000000007430452/2007-honda-fit-hatch?referringPage=SearchResults
HOMEMADE,N/A,2000,No,"$4,100",N/A,0," Chassis Damage, Frame Damaged, Structural Damage, Selling De-Registered",N/A,N/A,N/A,https://manheim.co.nz/damaged-vehicles/000000000007410481/2000-homemade-transporter-trailer?referringPage=SearchResults
Toyota,Corolla,2016,No,"$1,800","114,660",," Right Side Damage, Structural Damage, Selling De-Registered","Automatic,",5,Petrol,https://manheim.co.nz/damaged-vehicles/000000000007410508/2016-toyota-corolla-gx-1-8p-cvt-ha-4dr--hatch?referringPage=SearchResults
Suzuki,Swift,2010,No,$500,N/A,," Left Front Damage, Right Rear Damage, Structural Damage, Selling De-Registered",N/A,5,Petrol,https://manheim.co.nz/damaged-vehicles/000000000007430513/2010-suzuki-swift-hatch?referringPage=SearchResults
Audi,A3,2016,No,"$1,500","73,711",," Front Damage, Structural Damage, Selling De-Registered","Automatic,",5,Petrol,https://manheim.co.nz/damaged-vehicles/000000000007430520/2016-audi-a3-a3-sportback-1-4-tf-hatch?referringPage=SearchResults
Vespa,Primavera,2018,Yes,$0,"8,400",, Selling Registered,"Automatic,",N/A,Petrol,https://manheim.co.nz/damaged-vehicles/000000000007430526/2018-vespa-primavera-150-iget-scooter?referringPage=SearchResults
Toyota,Corolla,2001,No,$650,"334,875",," Left Rear Damage, Structural Damage, Selling De-Registered",N/A,5,Petrol,https://manheim.co.nz/damaged-vehicles/000000000007410533/2001-toyota-corolla-runxz-station-wagon?referringPage=SearchResults
Ford,Courier,2004,No,$500,"403,067",," Front Damage, Structural Damage, Selling De-Registered",N/A,4,Petrol,https://manheim.co.nz/damaged-vehicles/000000000007420607/2004-ford-courier-xlt-2-6p-w-s-4x2-utility?referringPage=SearchResults
Ford,Escape,2017,No,$0,N/A,," Right Rear Damage, Right Side Damage, Airbags Deployed, Underbody Damage, Selling De-Registered","Automatic,",5,Petrol,https://manheim.co.nz/damaged-vehicles/000000000007430607/2017-ford-escape-ambiente-fwd-petrol-station-wagon?referringPage=SearchResults
Yamaha,YZF-R3A,2023,No,$0,"30,400",," Structural Damage, Selling De-Registered","Automatic,",N/A,Petrol,https://manheim.co.nz/damaged-vehicles/000000000007430609/2023-yamaha-yzf-r3a-n-motorcycle?referringPage=SearchResults
Mazda,Demio,2003,Yes,$800,"219,452",," Glass Broken, Ignition Damage, Stolen & Recovered, Selling Registered","Automatic,",5,Petrol,https://manheim.co.nz/damaged-vehicles/000000000007420620/2003-mazda-demio-hatch?referringPage=SearchResults
Mazda,Axela,2005,Yes,$800,N/A,," Left Front Damage, Left Side Damage, Right Rear Damage, Right Side Damage, Selling Registered","4spd Automatic,",5,Petrol,https://manheim.co.nz/damaged-vehicles/000000000007420712/2005-mazda-axela-hatch?referringPage=SearchResults
TRAILER,JFK Jetski,2017,No,"$2,000",N/A,0," Rolled, Structural Damage, Selling De-Registered",Manua,N/A,N/A,https://manheim.co.nz/damaged-vehicles/000000000007430745/2017-trailer-jfk-jetski-trailer--boat-?referringPage=SearchResults
Holden,Adventra,2005,No,$0,N/A,," Right Rear Damage, Selling De-Registered","Automatic,",5,Petrol,https://manheim.co.nz/damaged-vehicles/000000000007430755/2005-holden-adventra-cx6-station-wagon?referringPage=SearchResults
Honda,CBR,2021,No,$0,1,," Front Fork Damaged, Structural Damage, Selling De-Registered","Automatic,",N/A,Petrol,https://manheim.co.nz/damaged-vehicles/000000000007390754/2021-honda-cbr-650-p-motorcycle?referringPage=SearchResults
Toyota,Avensis,2005,Yes,"$1,350","185,554",, Selling Registered,N/A,5,Petrol,https://manheim.co.nz/damaged-vehicles/000000000007430770/2005-toyota-avensis-sedan?referringPage=SearchResults
Ford,Escape,2020,No,"$1,650","122,762",," Left Rear Damage, Rear Damage, Structural Damage, Selling De-Registered","Automatic,",2,Petrol,https://manheim.co.nz/damaged-vehicles/000000000007430772/2020-ford-escape-trend-awd-petrol-2--station-wagon?referringPage=SearchResults
Audi,Q5,2011,No,"$1,500","195,636",," Front Damage, Rear Damage, Structural Damage, Selling De-Registered","4spd Automatic,",5,Diesel,https://manheim.co.nz/damaged-vehicles/000000000007430775/2011-audi-q5-2-0-tdi-q-s-tronic-station-wagon?referringPage=SearchResults
Honda,Odyssey,2013,No,$650,"150,775",," Front Damage, Structural Damage, Selling De-Registered","Automatic,",7,Petrol,https://manheim.co.nz/damaged-vehicles/000000000007430801/2013-honda-odyssey-station-wagon?referringPage=SearchResults
Nissan,Note,2005,No,$600,"190,158",," Left Front Damage, Right Front Damage, Right Rear Damage, Structural Damage, Selling De-Registered","Automatic,",5,Petrol,https://manheim.co.nz/damaged-vehicles/000000000007430802/2005-nissan-note-hatch?referringPage=SearchResults
Ford,Heavy VAN,2009,Yes,$425,"390,239",," Left Side Damage, Rear Damage, Selling Registered","Automatic,",3,Diesel,https://manheim.co.nz/damaged-vehicles/000000000007430805/2009-ford-heavy-van-transit-lwb-mroof-van?referringPage=SearchResults
Toyota,Prius,2013,No,$700,N/A,," Front Damage, Left Front Damage, Right Front Damage, Structural Damage, Selling De-Registered","Automatic,",5,Hybrid,https://manheim.co.nz/damaged-vehicles/000000000007430808/2013-toyota-prius-alpha-station-wagon?referringPage=SearchResults
Nissan,Juke,2012,No,$500,N/A,," Rear Damage, Right Front Damage, Structural Damage, Selling De-Registered",N/A,5,Petrol,https://manheim.co.nz/damaged-vehicles/000000000007430843/2012-nissan-juke-hatch?referringPage=SearchResults
Volkswagen,Golf,2011,No,$500,N/A,," Left Side Damage, Structural Damage, Selling De-Registered",N/A,5,Petrol,https://manheim.co.nz/damaged-vehicles/000000000007430844/2011-volkswagen-golf-hatch?referringPage=SearchResults
Toyota,Aqua,2016,No,$700,N/A,," Front Damage, Airbags Deployed, Structural Damage, Selling De-Registered","Automatic,",5,Hybrid,https://manheim.co.nz/damaged-vehicles/000000000007430848/2016-toyota-aqua-hatch?referringPage=SearchResults
Honda,Odyssey,2006,Yes,$500,N/A,," Stolen & Recovered, Selling Registered",N/A,7,Petrol,https://manheim.co.nz/damaged-vehicles/000000000007430850/2006-honda-odyssey-station-wagon?referringPage=SearchResults
Tesla,Model 3,2022,No,N/A,N/A,," Rear Damage, Right Rear Damage, Structural Damage, Water Damage, Selling De-Registered","Automatic, Fuel Type, Electri",5,Electric,https://manheim.co.nz/damaged-vehicles/000000000007420872/2022-tesla-model-3-rear-wheel-drive-60-sedan?referringPage=SearchResults
Fiat,Abarth 595,2022,No,"$1,300",N/A,," Front Damage, Airbags Deployed, Structural Damage, Selling De-Registered",N/A,4,Petrol,https://manheim.co.nz/damaged-vehicles/000000000007420879/2022-fiat-abarth-595-1-4pt-5at-hatch?referringPage=SearchResults
Harley-Davidson,Street,2017,No,$0,"20,852",," Structural Damage, Selling De-Registered","Automatic,",N/A,Petrol,https://manheim.co.nz/damaged-vehicles/000000000007430881/2017-harley-davidson-street-17-street-500-motorcycle?referringPage=SearchResults
Toyota,Prius,2011,No,$650,N/A,," Left Rear Damage, Right Rear Damage, Right Side Damage, Structural Damage, Under Body Damage, Selling De-Registered","Automatic,",5,Hybrid,https://manheim.co.nz/damaged-vehicles/000000000007430882/2011-toyota-prius-hybrid-hatch?referringPage=SearchResults
Nissan,Bluebird,2011,No,$600,"115,572",," Front Damage, Airbags Deployed, Structural Damage, Selling De-Registered","Automatic,",5,Petrol,https://manheim.co.nz/damaged-vehicles/000000000007430889/2011-nissan-bluebird-sedan?referringPage=SearchResults
Toyota,Vitz,2002,No,$500,N/A,," Left Side Damage, Right Front Damage, Structural Damage, Selling De-Registered","Automatic,",5,Petrol,https://manheim.co.nz/damaged-vehicles/000000000007430890/2002-toyota-vitz-hatch?referringPage=SearchResults
Volkswagen,Golf,2015,Yes,N/A,"162,940",, Selling Registered,N/A,5,Petrol,https://manheim.co.nz/damaged-vehicles/000000000007430897/2015-volkswagen-golf-variant-hatch?referringPage=SearchResults
Mitsubishi,Galant,2006,No,$200,"200,363",," Left Side Damage, Structural Damage, Selling De-Registered","Automatic,",5,Petrol,https://manheim.co.nz/damaged-vehicles/000000000007430913/2006-mitsubishi-galant-2-0p-sedan-a-sedan?referringPage=SearchResults
Toyota,Aqua,2014,No,$650,N/A,," Left Rear Damage, Rear Damage, Right Front Damage, Right Rear Damage, Vandalised - Interior, Structural Damage, Selling De-Registered","Automatic,",5,Hybrid,https://manheim.co.nz/damaged-vehicles/000000000007430916/2014-toyota-aqua-hatch?referringPage=SearchResults
Honda,fit,2013,No,$650,N/A,," Front Damage, Structural Damage, Selling De-Registered",N/A,5,Hybrid,https://manheim.co.nz/damaged-vehicles/000000000007430921/2013-honda-fit-shuttle-station-wagon?referringPage=SearchResults
Audi,A5,2013,No,$600,N/A,," Engine Damage, Fire Damage, Glass Broken, Interior Damage, Rear Damage, Fire - Entire Vehicle, Structural Damage, Selling De-Registered","Automatic,",4,Petrol,https://manheim.co.nz/damaged-vehicles/000000000007430923/2013-audi-a5-spback-2-0t-quattro-sedan?referringPage=SearchResults
Toyota,Vitz,2005,No,$700,"120,608",," Rear Damage, Structural Damage, Selling De-Registered","4spd Automatic,",5,Petrol,https://manheim.co.nz/damaged-vehicles/000000000007430931/2005-toyota-vitz-hatch?referringPage=SearchResults
Toyota,SAI,2012,No,"$1,300","102,749",," Rear Damage, Structural Damage, Selling De-Registered","Automatic,",5,Hybrid,https://manheim.co.nz/damaged-vehicles/000000000007430932/2012-toyota-sai-hybrid-sedan?referringPage=SearchResults
Ford,Ranger,2007,No,$700,"293,954",," Front Damage, Right Rear Damage, Right Side Damage, Structural Damage, Selling De-Registered","Manual,",5,Diesel,https://manheim.co.nz/damaged-vehicles/000000000007430933/2007-ford-ranger-3-0td-xl-dc-w-s-4x4-dual-cab-utility?referringPage=SearchResults
Citroen,C5,2014,No,$500,"251,456",," Rear Damage, Roof Damage, Structural Damage, Selling De-Registered","6spd Automatic,",5,Diesel,https://manheim.co.nz/damaged-vehicles/000000000007430936/2014-citroen-c5-2-0exclusivetourer-station-wagon?referringPage=SearchResults
Nissan,Navara,2004,Yes,"$1,500","192,392",," Stolen & Recovered, Selling Registered",N/A,5,Diesel,https://manheim.co.nz/damaged-vehicles/000000000007430937/2004-nissan-navara-3-0-4wd-d-c-w-s-ven-dual-cab-chassis?referringPage=SearchResults
Audi,A3,2011,No,$0,"134,582",, Selling De-Registered,"Automatic,",5,Petrol,https://manheim.co.nz/damaged-vehicles/000000000007430954/2011-audi-a3-2-0t-quattro-hatch?referringPage=SearchResults
Peugeot,3008,2014,Yes,"$1,500","62,500",, Selling Registered,N/A,5,Petrol,https://manheim.co.nz/damaged-vehicles/000000000007430959/2014-peugeot-3008-allure-1-6p-6at-ha--touring?referringPage=SearchResults
LDV,T60,2015,No,$800,"364,743",," Right Side Damage, Structural Damage, Selling De-Registered","Automatic,",5,Diesel,https://manheim.co.nz/damaged-vehicles/000000000007430966/2015-ldv-t60-max-2-lux-4wd-at-2--dual-cab-utility?referringPage=SearchResults
Ford,Escape,2008,No,$0,"188,958",," Left Front Damage, Roof Damage, Right Front Damage, Vandalised - Interior, Selling De-Registered","Automatic,",5,Petrol,https://manheim.co.nz/damaged-vehicles/000000000007400969/2008-ford-escape-xlt-v6-sport-station-wagon?referringPage=SearchResults
Nissan,Pulsar,1999,No,$500,"336,256",," Front Damage, Structural Damage, Selling De-Registered",N/A,5,Petrol,https://manheim.co.nz/damaged-vehicles/000000000007431004/1999-nissan-pulsar-1-6-slx-5dr-5m-p-hatch?referringPage=SearchResults
Aprilia,RS 457,2025,No,$0,"10,894",," Front Fork Damaged, Structural Damage, Selling De-Registered","Automatic,",N/A,Petrol,https://manheim.co.nz/damaged-vehicles/000000000007431056/2025-aprilia-rs-457-motorcycle?referringPage=SearchResults
Nissan,Caravan,2013,No,"$1,500",N/A,," Front Damage, Rear Damage, Structural Damage, Selling De-Registered","Automatic,",3,Petrol,https://manheim.co.nz/damaged-vehicles/000000000007431060/2013-nissan-caravan-nv350-van?referringPage=SearchResults
Subaru,Legacy,2012,No,$650,N/A,," Rear Damage, Structural Damage, Selling De-Registered",N/A,5,Petrol,https://manheim.co.nz/damaged-vehicles/000000000007431081/2012-subaru-legacy-station-wagon?referringPage=SearchResults
Mitsubishi,Lancer,2005,No,$200,"204,809",," Left Front Damage, Structural Damage, Selling De-Registered","Automatic,",5,Petrol,https://manheim.co.nz/damaged-vehicles/000000000007431088/2005-mitsubishi-lancer-es-sedan?referringPage=SearchResults
Ford,Mondeo,2013,Yes,$600,"155,448",," Front Damage, Left Rear Damage, Left Side Damage, Roof Damage, Right Rear Damage, Right Side Damage, Selling Registered","Automatic,",5,Petrol,https://manheim.co.nz/damaged-vehicles/000000000007431093/2013-ford-mondeo-2-3p-auto-hatch?referringPage=SearchResults
Hyundai,i30,2012,No,$400,"161,531",," Front Damage, Structural Damage, Selling De-Registered","Automatic,",5,Petrol,https://manheim.co.nz/damaged-vehicles/000000000007431103/2012-hyundai-i30-hatch?referringPage=SearchResults
Mazda,Axela,2009,No,$500,N/A,," Fire Damage, Fire - Interior, Selling De-Registered","Automatic,",5,Petrol,https://manheim.co.nz/damaged-vehicles/000000000007431113/2009-mazda-axela-sedan?referringPage=SearchResults
Toyota,Vitz,1999,No,$500,N/A,," Left Front Damage, Structural Damage, Selling De-Registered","Automatic,",5,Petrol,https://manheim.co.nz/damaged-vehicles/000000000007431124/1999-toyota-vitz-hatch?referringPage=SearchResults
Honda,Accord,2008,Yes,"$1,300","299,712",, Selling Registered,"5spd Automatic,",5,Petrol,https://manheim.co.nz/damaged-vehicles/000000000007431134/2008-honda-accord-euro-s-sedan?referringPage=SearchResults
Subaru,Impreza,2001,Yes,$800,"237,440",, Selling Registered,"4spd Automatic,",5,Petrol,https://manheim.co.nz/damaged-vehicles/000000000007431136/2001-subaru-impreza-20-n-station-wagon?referringPage=SearchResults
Toyota,Estima,2008,No,$700,"236,963",," Rear Damage, Structural Damage, Selling De-Registered","5spd Automatic,",8,Petrol,https://manheim.co.nz/damaged-vehicles/000000000007431137/2008-toyota-estima-g-station-wagon?referringPage=SearchResults
Mercedes-Benz,GLA250,2014,No,"$1,500",N/A,," Front Damage, Rear Damage, Structural Damage, Selling De-Registered","Automatic,",5,Petrol,https://manheim.co.nz/damaged-vehicles/000000000007431139/2014-mercedes-benz-gla250-hatch?referringPage=SearchResults
Holden,Colorado,2011,No,"$1,300","340,028",," Left Side Damage, Structural Damage, Selling De-Registered","Automatic,",5,Diesel,https://manheim.co.nz/damaged-vehicles/000000000007431143/2011-holden-colorado-4x2-lt-crw-pu-dsl-m-dual-cab-utility?referringPage=SearchResults
Toyota,Camry,2012,No,"$1,500",N/A,," Rear Damage, Structural Damage, Selling De-Registered",N/A,5,Hybrid,https://manheim.co.nz/damaged-vehicles/000000000007431150/2012-toyota-camry-sedan?referringPage=SearchResults
Harley-Davidson,FXD,2007,No,$0,N/A,," Left Rear Damage, Right Rear Damage, Right Side Damage, Structural Damage, Selling De-Registered","6spd Manual,",N/A,Petrol,https://manheim.co.nz/damaged-vehicles/000000000007431155/2007-harley-davidson-fxd-wideglide-motorcycle?referringPage=SearchResults
Nissan,Dualis,2007,No,$25,N/A,," Fire - Entire Vehicle, Structural Damage, Salt Water Damage, Water Damage, Selling De-Registered",N/A,5,Petrol,https://manheim.co.nz/damaged-vehicles/000000000007431162/2007-nissan-dualis-station-wagon?referringPage=SearchResults
Mazda,Demio,2003,Yes,$500,"205,403",, Selling Registered,"Automatic,",5,Petrol,https://manheim.co.nz/damaged-vehicles/000000000007431173/2003-mazda-demio-hatch?referringPage=SearchResults
Toyota,Corolla,2004,Yes,"$1,300","160,544",," Left Side Damage, Selling Registered","Automatic,",7,Petrol,https://manheim.co.nz/damaged-vehicles/000000000007431174/2004-toyota-corolla-spacio-x-station-wagon?referringPage=SearchResults
Toyota,Vitz,2016,No,"$1,300",N/A,," Front Damage, Structural Damage, Selling De-Registered","Automatic,",5,Petrol,https://manheim.co.nz/damaged-vehicles/000000000007431180/2016-toyota-vitz-hatch?referringPage=SearchResults
Toyota,Prius,2015,No,$700,"326,869",," Left Side Damage, Structural Damage, Selling De-Registered",N/A,5,Hybrid,https://manheim.co.nz/damaged-vehicles/000000000007431184/2015-toyota-prius-hatch?referringPage=SearchResults
Nissan,Cube,2005,No,$600,"259,900",," Rear Damage, Structural Damage, Selling De-Registered",N/A,5,Petrol,https://manheim.co.nz/damaged-vehicles/000000000007431188/2005-nissan-cube-hatch?referringPage=SearchResults
Suzuki,SX4,2009,No,$600,N/A,," Interior Damage, Malicious/Vandalised, Structural Damage, Stolen & Recovered, Selling De-Registered","5spd,",5,Petrol,https://manheim.co.nz/damaged-vehicles/000000000007431195/2009-suzuki-sx4-hatch?referringPage=SearchResults
Mazda,CX-7,2007,No,$500,N/A,," Right Front Damage, Structural Damage, Selling De-Registered","Automatic,",5,Petrol,https://manheim.co.nz/damaged-vehicles/000000000007431198/2007-mazda-cx-7-station-wagon?referringPage=SearchResults
Nissan,Pulsar,1999,Yes,$600,"266,393",," Left Rear Damage, Rear Damage, Right Rear Damage, Selling Registered","5spd Manual,",5,Petrol,https://manheim.co.nz/damaged-vehicles/000000000007431206/1999-nissan-pulsar-1-6-lx-5dr-5m-p-hatch?referringPage=SearchResults
Toyota,Corolla,2004,No,$600,"116,457",," Right Front Damage, Right Rear Damage, Structural Damage, Selling De-Registered, Selling Registered","Automatic,",5,Petrol,https://manheim.co.nz/damaged-vehicles/000000000007431210/2004-toyota-corolla-allex-hatch?referringPage=SearchResults
Honda,CRV,2007,No,$500,"273,945",," Front Damage, Structural Damage, Selling De-Registered","Automatic,",5,Petrol,https://manheim.co.nz/damaged-vehicles/000000000007431220/2007-honda-crv-station-wagon?referringPage=SearchResults
Mitsubishi,ASX,2017,No,"$1,500","153,351",," Interior Damage, Water Damage, Selling De-Registered","Automatic,",5,Petrol,https://manheim.co.nz/damaged-vehicles/000000000007431225/2017-mitsubishi-asx-xls-2-0p-cvt-station-wagon?referringPage=SearchResults
Honda,fit,2008,No,$200,"180,407",," Right Side Damage, Structural Damage, Selling De-Registered",N/A,5,Petrol,https://manheim.co.nz/damaged-vehicles/000000000007431227/2008-honda-fit-hatch?referringPage=SearchResults
Audi,Q3,2015,No,"$1,650",N/A,," Front Damage, Left Front Damage, Left Side Damage, Right Front Damage, Right Side Damage, Structural Damage, Suspension Damage, Selling De-Registered","Automatic,",5,Petrol,https://manheim.co.nz/damaged-vehicles/000000000007431229/2015-audi-q3-station-wagon?referringPage=SearchResults
Hyundai,I30,2014,No,$700,"198,022",," Left Rear Damage, Structural Damage, Selling De-Registered","Automatic,",5,Petrol,https://manheim.co.nz/damaged-vehicles/000000000007431240/2014-hyundai-i30-gde-wagon-1-6-a-station-wagon?referringPage=SearchResults
Suzuki,Swift,2009,Yes,"$1,300","207,261",, Selling Registered,"4spd Automatic,",5,Petrol,https://manheim.co.nz/damaged-vehicles/000000000007431243/2009-suzuki-swift-hatch?referringPage=SearchResults
Suzuki,Swift,2005,No,$400,"204,635",," Left Rear Damage, Left Side Damage, Right Rear Damage, Structural Damage, Selling De-Registered","5spd Manual,",5,Petrol,https://manheim.co.nz/damaged-vehicles/000000000007431245/2005-suzuki-swift-hatch?referringPage=SearchResults
Mazda,Axela,2007,No,$400,"133,178",," Front Damage, Structural Damage, Selling De-Registered",N/A,5,Petrol,https://manheim.co.nz/damaged-vehicles/000000000007431248/2007-mazda-axela-sedan?referringPage=SearchResults
Ford,Falcon,2000,No,$700,"200,801",, Selling De-Registered,"4spd Automatic,",3,Petrol,https://manheim.co.nz/damaged-vehicles/000000000007431257/2000-ford-falcon-auii-xls-pick-up-fa-x-cab-utility?referringPage=SearchResults
Mazda,Demio,2006,No,$600,"119,138",," Front Damage, Right Front Damage, Structural Damage, Selling De-Registered","Automatic,",5,Petrol,https://manheim.co.nz/damaged-vehicles/000000000007431259/2006-mazda-demio-hatch?referringPage=SearchResults
Holden,Commodore,2008,Yes,"$1,300",N/A,, Selling Registered,"5spd Automatic,",5,Petrol,https://manheim.co.nz/damaged-vehicles/000000000007431260/2008-holden-commodore-calais-v-sedan-v6-a-sedan?referringPage=SearchResults
Nissan,Primera,1999,No,$700,"149,173",," Front Damage, Rear Damage, Selling De-Registered","4spd Automatic,",5,Petrol,https://manheim.co.nz/damaged-vehicles/000000000007431264/1999-nissan-primera-2-0l-5dr-wgn-4a-station-wagon?referringPage=SearchResults
Mazda,Axela,2007,No,$600,N/A,," Front Damage, Structural Damage, Selling De-Registered",N/A,5,Petrol,https://manheim.co.nz/damaged-vehicles/000000000007431269/2007-mazda-axela-station-wagon?referringPage=SearchResults
Mazda,MAZDA6,2009,No,$0,N/A,, Selling De-Registered,"5spd Automatic,",5,Petrol,https://manheim.co.nz/damaged-vehicles/000000000007431273/2009-mazda-mazda6-sedan-gsx-2-5-5at-sedan?referringPage=SearchResults
Suzuki,Swift,2007,Yes,"$3,325","119,621",," Left Rear Damage, Rear Damage, Right Rear Damage, Selling Registered","4spd Automatic,",5,Petrol,https://manheim.co.nz/damaged-vehicles/000000000007431292/2007-suzuki-swift-hatch?referringPage=SearchResults
Suzuki,Escudo,2008,No,$500,"136,250",," Front Damage, Left Front Damage, Right Front Damage, Structural Damage, Selling De-Registered","Automatic,",5,Petrol,https://manheim.co.nz/damaged-vehicles/000000000007431293/2008-suzuki-escudo-station-wagon?referringPage=SearchResults
Mazda,Axela,2006,No,$500,"262,506",," Left Front Damage, Structural Damage, Selling De-Registered","Automatic,",5,Petrol,https://manheim.co.nz/damaged-vehicles/000000000007431294/2006-mazda-axela-hatch?referringPage=SearchResults
Toyota,Aqua,2014,No,$500,"198,886",," Left Side Damage, Right Front Damage, Structural Damage, Selling De-Registered","Automatic,",5,Hybrid,https://manheim.co.nz/damaged-vehicles/000000000007431295/2014-toyota-aqua-hatch?referringPage=SearchResults
Yamaha,MT03LA,2019,No,$0,1,," Structural Damage, Selling De-Registered",N/A,N/A,Petrol,https://manheim.co.nz/damaged-vehicles/000000000007401316/2019-yamaha-mt03la-k-motorcycle?referringPage=SearchResults
Suzuki,GSX250FRLL9,2021,No,$500,N/A,, Selling De-Registered,"Automatic,",N/A,Petrol,https://manheim.co.nz/damaged-vehicles/000000000007411314/2021-suzuki-gsx250frll9-motorcycle?referringPage=SearchResults
Nissan,Tiida,2006,Yes,$500,N/A,," Glass Broken, Ignition Damage, Left Front Damage, Left Side Damage, Vandalised - Interior, Selling Registered","Automatic,",5,Petrol,https://manheim.co.nz/damaged-vehicles/000000000007431325/2006-nissan-tiida-hatch?referringPage=SearchResults
Toyota,IST,2002,No,$500,"187,823",," Left Front Damage, Left Rear Damage, Rear Damage, Structural Damage, Selling De-Registered","4spd Automatic,",5,Petrol,https://manheim.co.nz/damaged-vehicles/000000000007431412/2002-toyota-ist-hatch?referringPage=SearchResults
Toyota,RAV4,1999,No,$600,"186,157",," Left Front Damage, Left Rear Damage, Rear Damage, Structural Damage, Selling De-Registered","Automatic,",4,Petrol,https://manheim.co.nz/damaged-vehicles/000000000007431415/1999-toyota-rav4-l-station-wagon?referringPage=SearchResults
Mazda,Demio,2015,No,$600,N/A,," Left Side Damage, Structural Damage, Selling De-Registered","Automatic,",5,Petrol,https://manheim.co.nz/damaged-vehicles/000000000007431429/2015-mazda-demio-hatch?referringPage=SearchResults
Mazda,Demio,2003,Yes,$800,"184,225",," Left Front Damage, Stolen & Recovered, Selling Registered","Automatic,",5,Petrol,https://manheim.co.nz/damaged-vehicles/000000000007411427/2003-mazda-demio-hatch?referringPage=SearchResults
Toyota,Corolla,2006,Yes,"$2,600",N/A,," Stolen & Recovered, Selling Registered","Automatic,",5,Petrol,https://manheim.co.nz/damaged-vehicles/000000000007411437/2006-toyota-corolla-1-8p-gl-hatch5-4a-hatch?referringPage=SearchResults
Toyota,Prius,2009,No,$500,"129,228",," Rear Damage, Structural Damage, Selling De-Registered","Automatic,",5,Hybrid,https://manheim.co.nz/damaged-vehicles/000000000007431442/2009-toyota-prius-hatch?referringPage=SearchResults
Honda,fit,2006,Yes,$600,N/A,," Glass Broken, Ignition Damage, Right Side Damage, Vandalised - Interior, Stolen & Recovered, Selling Registered",N/A,5,Petrol,https://manheim.co.nz/damaged-vehicles/000000000007431443/2006-honda-fit-hatch?referringPage=SearchResults
Toyota,Markx,2008,No,$600,"131,584",," Front Damage, Structural Damage, Selling De-Registered","Automatic,",6,Petrol,https://manheim.co.nz/damaged-vehicles/000000000007431444/2008-toyota-markx-zio-station-wagon?referringPage=SearchResults
Nissan,Fuga,2009,No,$500,N/A,," Rear Damage, Structural Damage, Selling De-Registered",N/A,5,Petrol,https://manheim.co.nz/damaged-vehicles/000000000007431445/2009-nissan-fuga-250gt-sedan?referringPage=SearchResults
Holden,Commodore,2017,No,"$1,650","306,206",," Front Damage, Left Front Damage, Right Front Damage, Structural Damage, Selling De-Registered","Automatic,",5,Petrol,https://manheim.co.nz/damaged-vehicles/000000000007431446/2017-holden-commodore-vf2-sv6-3-6p-6at-sedan?referringPage=SearchResults
Toyota,Corolla,2001,No,$650,N/A,," Left Side Damage, Right Side Damage, Selling De-Registered","Automatic,",5,Petrol,https://manheim.co.nz/damaged-vehicles/000000000007431447/2001-toyota-corolla-allex-station-wagon?referringPage=SearchResults
Mazda,Demio,2003,Yes,$700,"170,121",," Glass Broken, Ignition Damage, Left Rear Damage, Vandalised - Interior, Stolen & Recovered, Selling Registered","Automatic,",5,Petrol,https://manheim.co.nz/damaged-vehicles/000000000007431448/2003-mazda-demio-1500-hatch?referringPage=SearchResults
Volkswagen,Golf,2005,No,$600,"192,119",," Front Damage, Left Front Damage, Right Front Damage, Structural Damage, Selling De-Registered","Automatic,",5,Petrol,https://manheim.co.nz/damaged-vehicles/000000000007431450/2005-volkswagen-golf-hatch?referringPage=SearchResults
Mercedes-Benz,CL500,2007,No,$650,N/A,," Front Damage, Structural Damage, Selling De-Registered","Automatic,",4,Petrol,https://manheim.co.nz/damaged-vehicles/000000000007431461/2007-mercedes-benz-cl500-7g-tronic-coup%C3%A9?referringPage=SearchResults
Audi,Q7,2008,Yes,"$1,650",N/A,," Engine Damage, Fire Damage, Right Rear Damage, Right Side Damage, Selling Registered","Automatic,",7,Petrol,https://manheim.co.nz/damaged-vehicles/000000000007431464/2008-audi-q7-3-6-quattro-s-line-station-wagon?referringPage=SearchResults
Toyota,Spacio,2003,No,$500,N/A,," Left Rear Damage, Left Side Damage, Rear Damage, Right Rear Damage, Structural Damage, Selling De-Registered",N/A,7,Petrol,https://manheim.co.nz/damaged-vehicles/000000000007431465/2003-toyota-spacio-station-wagon?referringPage=SearchResults
Mazda,Demio,2005,Yes,$500,N/A,," Ignition Damage, Left Side Damage, Vandalised - Interior, Stolen & Recovered, Selling Registered","Automatic,",5,Petrol,https://manheim.co.nz/damaged-vehicles/000000000007431466/2005-mazda-demio-hatch?referringPage=SearchResults
Honda,Civic,2002,No,$400,"168,730",," Rear Damage, Right Front Damage, Structural Damage, Selling De-Registered",N/A,5,Petrol,https://manheim.co.nz/damaged-vehicles/000000000007431479/2002-honda-civic-hatch?referringPage=SearchResults
Toyota,Camry,2014,No,"$1,500","162,669",," Rear Damage, Right Side Damage, Structural Damage, Selling De-Registered",N/A,5,Hybrid,https://manheim.co.nz/damaged-vehicles/000000000007421489/2014-toyota-camry-sedan?referringPage=SearchResults
Land Rover,Discovery,2007,No,$500,"193,190",," Roof Damage, Structural Damage, Water Damage, Selling De-Registered","Automatic,",7,Petrol,https://manheim.co.nz/damaged-vehicles/000000000007421498/2007-landrover-discovery-station-wagon?referringPage=SearchResults
Toyota,RAV4,2012,No,"$1,450","251,780",," Right Rear Damage, Structural Damage, Selling De-Registered","Automatic,",5,Petrol,https://manheim.co.nz/damaged-vehicles/000000000007431495/2012-toyota-rav4-2-4p-4wd-wagon5-5a-station-wagon?referringPage=SearchResults
Hyundai,I30,2011,Yes,$500,"199,727",," Front Damage, Selling Registered","Automatic,",5,Diesel,https://manheim.co.nz/damaged-vehicles/000000000007431498/2011-hyundai-i30-wagon-1-6-crdi-elit-station-wagon?referringPage=SearchResults
BMW,X7,2021,Yes,N/A,"75,459",," Right Front Damage, Right Side Damage, Dismantled - Engine, Underbody Damage, Stolen & Recovered, Selling Registered",N/A,7,Diesel,https://manheim.co.nz/damaged-vehicles/000000000007431502/2021-bmw-x7-x30d-3-0dt-4wd-8at-touring?referringPage=SearchResults
Toyota,Yaris,2014,No,"$1,300","160,400",," Front Damage, Right Front Damage, Structural Damage, Selling De-Registered","5spd Manual,",5,Petrol,https://manheim.co.nz/damaged-vehicles/000000000007421516/2014-toyota-yaris-yr-1-3p-hatch5-5m-hatch?referringPage=SearchResults
Renault,Lutecia,2007,No,$600,"123,578",," Right Rear Damage, Structural Damage, Suspension Damage, Selling De-Registered","Automatic,",5,Petrol,https://manheim.co.nz/damaged-vehicles/000000000007421524/2007-renault-lutecia-hatch?referringPage=SearchResults
Holden,Barina,2018,No,$700,"54,072",," Left Front Damage, Left Side Damage, Structural Damage, Selling De-Registered","5spd Automatic,",5,Petrol,https://manheim.co.nz/damaged-vehicles/000000000007431525/2018-holden-barina-lt-1-6p-6at-hatch?referringPage=SearchResults
Volkswagen,Tiguan,2017,No,"$2,300","111,761",," Right Rear Damage, Structural Damage, Selling De-Registered","Automatic,",5,Petrol,https://manheim.co.nz/damaged-vehicles/000000000007431527/2017-volkswagen-tiguan-tsi-highline-2wd-1--station-wagon?referringPage=SearchResults
Mazda,MAZDA6,2015,No,"$1,300",N/A,," Right Side Damage, Structural Damage, Selling De-Registered","Automatic,",5,Diesel,https://manheim.co.nz/damaged-vehicles/000000000007431528/2015-mazda-mazda6-gsx-ds-2-2d-6at-sw--station-wagon?referringPage=SearchResults
Mazda,Axela,2015,No,"$1,050",N/A,," Right Side Damage, Airbags Deployed, Structural Damage, Selling De-Registered","Manual,",5,Petrol,https://manheim.co.nz/damaged-vehicles/000000000007431529/2015-mazda-axela-hatch?referringPage=SearchResults
Subaru,Legacy,2006,No,$1,N/A,," Fire Damage, Fire - Entire Vehicle, Structural Damage, Selling De-Registered","Automatic,",5,Petrol,https://manheim.co.nz/damaged-vehicles/000000000007431530/2006-subaru-legacy-b-sport-sedan?referringPage=SearchResults
Kia,Sportage,2008,Yes,$600,"243,788",," Right Side Damage, Selling Registered",N/A,5,Petrol,https://manheim.co.nz/damaged-vehicles/000000000007431544/2008-kia-sportage-2-7-v6-auto-station-wagon?referringPage=SearchResults
Nissan,Tiida,2010,No,$400,"220,654",," Ignition Damage, Left Side Damage, Rear Damage, Right Front Damage, Right Side Damage, Structural Damage, Stolen & Recovered, Selling De-Registered","Automatic,",5,Petrol,https://manheim.co.nz/damaged-vehicles/000000000007431549/2010-nissan-tiida-latio-sedan?referringPage=SearchResults
Toyota,Corolla,1993,No,$500,"171,529",," Right Front Damage, Structural Damage, Selling De-Registered","4spd Automatic,",5,Petrol,https://manheim.co.nz/damaged-vehicles/000000000007431562/1993-toyota-corolla-hatch?referringPage=SearchResults
Mitsubishi,Lancer,2015,No,$700,N/A,," Rear Damage, Right Front Damage, Structural Damage, Selling De-Registered","Automatic,",5,Petrol,https://manheim.co.nz/damaged-vehicles/000000000007431563/2015-mitsubishi-lancer-gsr-2-0p-cvt-sl-4dr-sedan?referringPage=SearchResults
Nissan,NV350,2014,No,$600,1,," Front Damage, Left Rear Damage, Structural Damage, Selling De-Registered","Automatic,",6,Petrol,https://manheim.co.nz/damaged-vehicles/000000000007431565/2014-nissan-nv350-caravan-van?referringPage=SearchResults
Toyota,Aqua,2014,No,$750,N/A,," Front Damage, Structural Damage, Selling De-Registered","Automatic,",5,Hybrid,https://manheim.co.nz/damaged-vehicles/000000000007431566/2014-toyota-aqua-hybrid-hatch?referringPage=SearchResults
Nissan,Skyline,2007,No,$200,"200,305",," Right Rear Damage, Structural Damage, Selling De-Registered","Automatic,",5,Petrol,https://manheim.co.nz/damaged-vehicles/000000000007421566/2007-nissan-skyline-sedan?referringPage=SearchResults
Toyota,Wish,2005,No,$650,N/A,," Left Front Damage, Structural Damage, Suspension Damage, Selling De-Registered",N/A,7,Petrol,https://manheim.co.nz/damaged-vehicles/000000000007431570/2005-toyota-wish-station-wagon?referringPage=SearchResults
Mazda,CX-5,2015,No,"$1,500",N/A,," Vandalised - Entire Vehicle, Selling De-Registered",N/A,5,Diesel,https://manheim.co.nz/damaged-vehicles/000000000007421599/2015-mazda-cx-5-station-wagon?referringPage=SearchResults
Mitsubishi,Grandis,2004,No,$600,"259,358",," Right Side Damage, Structural Damage, Suspension Damage, Selling De-Registered",N/A,N/A,Petrol,https://manheim.co.nz/damaged-vehicles/000000000007431606/2004-mitsubishi-grandis-station-wagon?referringPage=SearchResults
Mitsubishi,Galant,2010,No,$400,N/A,," Right Front Damage, Structural Damage, Selling De-Registered",N/A,5,Petrol,https://manheim.co.nz/damaged-vehicles/000000000007431612/2010-mitsubishi-galant-fortis-sedan?referringPage=SearchResults
Kawasaki,ex,2019,No,$0,"30,745",," Right Side Damage, Structural Damage, Selling De-Registered",N/A,N/A,Petrol,https://manheim.co.nz/damaged-vehicles/000000000007431615/2019-kawasaki-ex-400-motorcycle?referringPage=SearchResults
Toyota,Vitz,2002,No,$750,"146,771",," Front Damage, Left Front Damage, Structural Damage, Selling De-Registered","Automatic,",5,Petrol,https://manheim.co.nz/damaged-vehicles/000000000007431643/2002-toyota-vitz-hatch?referringPage=SearchResults
Mazda,Demio,2005,Yes,$500,"147,591",," Rear Damage, Selling Registered",N/A,5,Petrol,https://manheim.co.nz/damaged-vehicles/000000000007431662/2005-mazda-demio-hatch?referringPage=SearchResults
MINI,Cooper S,2009,No,$600,"168,901",," Front Damage, Structural Damage, Selling De-Registered",N/A,4,Petrol,https://manheim.co.nz/damaged-vehicles/000000000007431682/2009-mini-cooper-s-hatch-6a-2dr-1-6i-hatch?referringPage=SearchResults
Toyota,Caldina,2004,No,$600,N/A,," Glass Broken, Rear Damage, Structural Damage, Selling De-Registered",N/A,5,Petrol,https://manheim.co.nz/damaged-vehicles/000000000007431685/2004-toyota-caldina-station-wagon?referringPage=SearchResults
Ford,Focus,2008,Yes,$700,"210,330",," Right Front Damage, Selling Registered","4spd Automatic,",5,Petrol,https://manheim.co.nz/damaged-vehicles/000000000007431701/2008-ford-focus-2-0-a-hatch-hatch?referringPage=SearchResults
Mazda,Demio,2013,No,$200,"174,574",," Front Damage, Left Front Damage, Structural Damage, Selling De-Registered","Automatic,",5,Petrol,https://manheim.co.nz/damaged-vehicles/000000000007431705/2013-mazda-demio-hatch?referringPage=SearchResults
Ford,Escape,2007,No,$300,"213,896",," Front Damage, Rear Damage, Structural Damage, Selling De-Registered","Automatic,",5,Petrol,https://manheim.co.nz/damaged-vehicles/000000000007431712/2007-ford-escape-station-wagon?referringPage=SearchResults
Mazda,Demio,1999,Yes,$600,"127,613",," Front Damage, Ignition Damage, Left Side Damage, Rear Damage, Stolen & Recovered, Suspension Damage, Selling Registered","Automatic,",5,Petrol,https://manheim.co.nz/damaged-vehicles/000000000007431758/1999-mazda-demio-hatch?referringPage=SearchResults
Toyota,Camry,2005,No,$500,"123,307",," Front Damage, Structural Damage, Selling De-Registered","Automatic,",5,Petrol,https://manheim.co.nz/damaged-vehicles/000000000007431772/2005-toyota-camry-sedan?referringPage=SearchResults
Honda,Shuttle,2015,No,$700,N/A,," Front Damage, Left Side Damage, Airbags Deployed, Structural Damage, Suspension Damage, Selling De-Registered","Automatic,",5,Hybrid,https://manheim.co.nz/damaged-vehicles/000000000007431781/2015-honda-shuttle-hybrid-station-wagon?referringPage=SearchResults
Toyota,BB,2005,No,$700,N/A,," Rear Damage, Structural Damage, Selling De-Registered",N/A,5,Petrol,https://manheim.co.nz/damaged-vehicles/000000000007431789/2005-toyota-bb-station-wagon?referringPage=SearchResults
Toyota,Corolla,2007,No,$750,"389,100",," Rear Damage, Right Side Damage, Structural Damage, Selling De-Registered","Automatic,",5,Petrol,https://manheim.co.nz/damaged-vehicles/000000000007431810/2007-toyota-corolla-1-8p-gx-hatch-5-6m-hatch?referringPage=SearchResults
Toyota,Corolla,2014,No,"$1,500",N/A,," Front Damage, Structural Damage, Selling De-Registered","Automatic,",5,Petrol,https://manheim.co.nz/damaged-vehicles/000000000007431825/2014-toyota-corolla-gx-1-8p-cvt-sl-4dr--sedan?referringPage=SearchResults
Honda,Stream,2006,No,$500,N/A,," Front Damage, Structural Damage, Selling De-Registered",N/A,5,Petrol,https://manheim.co.nz/damaged-vehicles/000000000007431830/2006-honda-stream-station-wagon?referringPage=SearchResults
Toyota,Corolla,2008,No,$650,N/A,," Front Damage, Structural Damage, Selling De-Registered","Automatic,",5,Petrol,https://manheim.co.nz/damaged-vehicles/000000000007431834/2008-toyota-corolla-fielder-hatch?referringPage=SearchResults
Subaru,Legacy,2004,No,$500,N/A,," Right Front Damage, Airbags Deployed, Structural Damage, Selling De-Registered",N/A,5,Petrol,https://manheim.co.nz/damaged-vehicles/000000000007431844/2004-subaru-legacy-station-wagon?referringPage=SearchResults
Suzuki,SX4,2008,No,$500,"179,516",," Left Front Damage, Left Rear Damage, Right Front Damage, Structural Damage, Selling De-Registered","Automatic,",5,Petrol,https://manheim.co.nz/damaged-vehicles/000000000007431851/2008-suzuki-sx4-salomon-station-wagon?referringPage=SearchResults
Nissan,Dualis,2007,No,$500,N/A,," Right Rear Damage, Structural Damage, Selling De-Registered","Automatic,",5,Petrol,https://manheim.co.nz/damaged-vehicles/000000000007431859/2007-nissan-dualis-station-wagon?referringPage=SearchResults
Toyota,Highlander,2009,No,"$2,300","328,473",," Front Damage, Left Front Damage, Structural Damage, Suspension Damage, Selling De-Registered","5spd Automatic,",7,Petrol,https://manheim.co.nz/damaged-vehicles/000000000007431865/2009-toyota-highlander-3-5p-4wd-wagon5-5a-station-wagon?referringPage=SearchResults
Mitsubishi,Galant,2008,No,$650,"105,756",," Front Damage, Left Side Damage, Rear Damage, Right Side Damage, Structural Damage, Selling De-Registered","Automatic,",5,Petrol,https://manheim.co.nz/damaged-vehicles/000000000007431895/2008-mitsubishi-galant-fortis-sedan?referringPage=SearchResults
Suzuki,Swift,2012,No,$600,N/A,," Front Damage, Structural Damage, Selling De-Registered",N/A,5,Petrol,https://manheim.co.nz/damaged-vehicles/000000000007431898/2012-suzuki-swift-hatch?referringPage=SearchResults
Toyota,Prius,2013,No,"$1,300","121,087",," Chassis Damage, Left Front Damage, Structural Damage, Selling De-Registered","Automatic,",5,Hybrid,https://manheim.co.nz/damaged-vehicles/000000000007421894/2013-toyota-prius-hatch?referringPage=SearchResults
Mazda,MAZDA3,2016,Yes,"$1,700","163,067",," Engine Damage, Selling Registered",N/A,5,Petrol,https://manheim.co.nz/damaged-vehicles/000000000007431901/2016-mazda-mazda3-glx-2-0p-6at-hatch?referringPage=SearchResults
Peugeot,2008,2014,No,$400,"120,879",," Front Damage, Structural Damage, Selling De-Registered","Automatic,",5,Diesel,https://manheim.co.nz/damaged-vehicles/000000000007431912/2014-peugeot-2008-touring?referringPage=SearchResults
Holden,Commodore,2007,No,$500,N/A,, Selling De-Registered,"5spd Automatic,",5,Petrol,https://manheim.co.nz/damaged-vehicles/000000000007431937/2007-holden-commodore-sv6-sedan-auto-sedan?referringPage=SearchResults
TRAILER,Ifor Williams,2021,Yes,$0,N/A,0," Stolen & Recovered, Selling Registered",N/A,N/A,N/A,https://manheim.co.nz/damaged-vehicles/000000000007431939/2021-trailer-ifor-williams-horse-float?referringPage=SearchResults
Toyota,Corolla,2008,No,$650,N/A,," Left Side Damage, Rear Damage, Vandalised - Interior, Structural Damage, Selling De-Registered","Manual,",5,Petrol,https://manheim.co.nz/damaged-vehicles/000000000007431942/2008-toyota-corolla-1-5p-wagon-5dr-5m-station-wagon?referringPage=SearchResults
Toyota,Prius,2013,No,$700,"147,522",," Right Side Damage, Structural Damage, Selling De-Registered","Automatic,",5,Hybrid,https://manheim.co.nz/damaged-vehicles/000000000007431943/2013-toyota-prius-hatch?referringPage=SearchResults
Mazda,Familia,2001,Yes,$600,"156,673",," Right Front Damage, Selling Registered","Automatic,",5,Petrol,https://manheim.co.nz/damaged-vehicles/000000000007431946/2001-mazda-familia-station-wagon?referringPage=SearchResults
Hyundai,I30,2009,No,$500,1,," Front Damage, Structural Damage, Selling De-Registered","Automatic,",5,Petrol,https://manheim.co.nz/damaged-vehicles/000000000007431948/2009-hyundai-i30-1-6-a4-sedan?referringPage=SearchResults
Toyota,Corolla,1998,No,$400,"167,377",," Rear Damage, Structural Damage, Selling De-Registered","Automatic,",5,Petrol,https://manheim.co.nz/damaged-vehicles/000000000007411949/1998-toyota-corolla-xe-saloon-sedan?referringPage=SearchResults
Suzuki,Swift,2012,No,$600,"172,619",," Front Damage, Structural Damage, Selling De-Registered","Automatic,",5,Petrol,https://manheim.co.nz/damaged-vehicles/000000000007431950/2012-suzuki-swift-hatch?referringPage=SearchResults
Audi,A6,2008,No,$700,N/A,," Right Rear Damage, Structural Damage, Selling De-Registered","Manual,",5,Diesel,https://manheim.co.nz/damaged-vehicles/000000000007421975/2008-audi-a6-station-wagon?referringPage=SearchResults
Kia,Cerato,2011,No,$500,N/A,," Right Side Damage, Structural Damage, Selling De-Registered","Automatic,",5,Petrol,https://manheim.co.nz/damaged-vehicles/000000000007422092/2011-kia-cerato-2-0-petrol-auto-sx-hatch?referringPage=SearchResults
Mitsubishi,Outlander,2024,No,N/A,N/A,," Left Front Damage, Left Side Damage, Airbags Deployed, Selling De-Registered","CVT,",7,Petrol,https://manheim.co.nz/damaged-vehicles/000000000007412099/2024-mitsubishi-outlander-vrx-2-5p-cvt-station-wagon?referringPage=SearchResults
Toyota,Vitz,2005,No,$650,N/A,," Left Front Damage, Right Front Damage, Right Rear Damage, Structural Damage, Suspension Damage, Selling De-Registered","Automatic,",5,Petrol,https://manheim.co.nz/damaged-vehicles/000000000007422103/2005-toyota-vitz-hatch?referringPage=SearchResults
BMW,123d,2008,No,"$1,300","244,388",, Selling De-Registered,"6spd Automatic,",4,Diesel,https://manheim.co.nz/damaged-vehicles/000000000007422118/2008-bmw-123d-sedan?referringPage=SearchResults
Mitsubishi,Lancer,2004,No,$400,"339,973",," Right Side Damage, Structural Damage, Selling De-Registered","4spd Automatic,",5,Petrol,https://manheim.co.nz/damaged-vehicles/000000000007432147/2004-mitsubishi-lancer-2-0p-es-sedan-a-sedan?referringPage=SearchResults
Nissan,Dualis,2010,No,$600,"190,168",," Left Rear Damage, Left Side Damage, Structural Damage, Suspension Damage, Selling De-Registered","Automatic,",5,Petrol,https://manheim.co.nz/damaged-vehicles/000000000007432148/2010-nissan-dualis-station-wagon?referringPage=SearchResults
Toyota,Prius,2012,No,$650,N/A,," Front Damage, Rear Damage, Right Front Damage, Right Rear Damage, Structural Damage, Suspension Damage, Selling De-Registered",N/A,5,Hybrid,https://manheim.co.nz/damaged-vehicles/000000000007432151/2012-toyota-prius-hatch?referringPage=SearchResults
Toyota,Aqua,2013,No,$650,N/A,," Left Front Damage, Right Front Damage, Structural Damage, Selling De-Registered",N/A,5,Hybrid,https://manheim.co.nz/damaged-vehicles/000000000007432154/2013-toyota-aqua-1-5l-petrol-hybrid-hatch?referringPage=SearchResults
Mazda,Atenza,2007,No,$500,N/A,," Left Rear Damage, Structural Damage, Selling De-Registered","Automatic,",5,Petrol,https://manheim.co.nz/damaged-vehicles/000000000007432158/2007-mazda-atenza-station-wagon?referringPage=SearchResults
Suzuki,Swift,2011,No,$600,N/A,," Rear Damage, Structural Damage, Selling De-Registered","Automatic,",5,Petrol,https://manheim.co.nz/damaged-vehicles/000000000007432161/2011-suzuki-swift-hatch?referringPage=SearchResults
Toyota,Camry,2013,No,"$1,500","431,729",," Front Damage, Structural Damage, Selling De-Registered","Automatic,",5,Hybrid,https://manheim.co.nz/damaged-vehicles/000000000007432163/2013-toyota-camry-hybird-sedan?referringPage=SearchResults
Suzuki,SX4,2008,No,$500,"68,506",," Right Front Damage, Structural Damage, Selling De-Registered","Automatic,",5,Petrol,https://manheim.co.nz/damaged-vehicles/000000000007432165/2008-suzuki-sx4-glxfa-2-0-5dr-hatch?referringPage=SearchResults
Suzuki,Swift,2005,No,$500,N/A,," Right Front Damage, Right Rear Damage, Right Side Damage, Dismantled - Interior, Structural Damage, Selling De-Registered","Automatic,",5,Petrol,https://manheim.co.nz/damaged-vehicles/000000000007432166/2005-suzuki-swift-station-wagon?referringPage=SearchResults
Honda,Stream,2010,No,$400,"133,446",," Rear Damage, Structural Damage, Selling De-Registered",N/A,7,Petrol,https://manheim.co.nz/damaged-vehicles/000000000007432167/2010-honda-stream-station-wagon?referringPage=SearchResults
Mazda,Verisa,2007,Yes,$800,"141,164",," Left Side Damage, Selling Registered",N/A,5,Petrol,https://manheim.co.nz/damaged-vehicles/000000000007432168/2007-mazda-verisa-hatch?referringPage=SearchResults
Holden,Colorado,2014,No,$500,N/A,," Right Front Damage, Vandalised - Interior, Structural Damage, Selling De-Registered",N/A,5,Diesel,https://manheim.co.nz/damaged-vehicles/000000000007432171/2014-holden-colorado-lt-dc-pu-2-8d-4wd-6-dual-cab-utility?referringPage=SearchResults
Mazda,Demio,2004,No,$200,N/A,," Front Damage, Left Side Damage, Rear Damage, Roof Damage, Right Side Damage, Structural Damage, Suspension Damage, Selling De-Registered","Automatic,",5,Petrol,https://manheim.co.nz/damaged-vehicles/000000000007432182/2004-mazda-demio-hatch?referringPage=SearchResults
Nissan,Primera,2007,Yes,$500,"227,443",," Left Rear Damage, Right Side Damage, Selling Registered","Automatic,",5,Petrol,https://manheim.co.nz/damaged-vehicles/000000000007432184/2007-nissan-primera-2-0-petrol-sx-hatch-hatch?referringPage=SearchResults
Toyota,Aqua,2020,No,N/A,"101,182",," Glass Broken, Left Front Damage, Left Rear Damage, Rear Damage, Right Rear Damage, Structural Damage, Selling De-Registered",N/A,5,Hybrid,https://manheim.co.nz/damaged-vehicles/000000000007432187/2020-toyota-aqua-hatch?referringPage=SearchResults
Mitsubishi,Mirage,2016,No,$700,N/A,," Front Damage, Right Side Damage, Structural Damage, Selling De-Registered","Automatic,",5,Petrol,https://manheim.co.nz/damaged-vehicles/000000000007432188/2016-mitsubishi-mirage-hatch?referringPage=SearchResults
Volkswagen,Beetle,2008,No,$500,N/A,," Right Rear Damage, Structural Damage, Selling De-Registered",N/A,4,Petrol,https://manheim.co.nz/damaged-vehicles/000000000007432202/2008-volkswagen-beetle-coup%C3%A9?referringPage=SearchResults
Toyota,Wish,2004,Yes,"$1,400","145,066",," Right Front Damage, Selling Registered",N/A,7,Petrol,https://manheim.co.nz/damaged-vehicles/000000000007432205/2004-toyota-wish-station-wagon?referringPage=SearchResults
Volkswagen,Polo,2007,No,$600,"258,027",," Rear Damage, Structural Damage, Selling De-Registered","Manual,",5,Petrol,https://manheim.co.nz/damaged-vehicles/000000000007432206/2007-volkswagen-polo-gti-hatch?referringPage=SearchResults
Toyota,Auris,2006,No,$500,"100,177",," Left Front Damage, Left Rear Damage, Left Side Damage, Structural Damage, Selling De-Registered","Automatic,",5,Petrol,https://manheim.co.nz/damaged-vehicles/000000000007432207/2006-toyota-auris-hatch?referringPage=SearchResults
Toyota,Aqua,2016,No,$700,N/A,," Left Rear Damage, Structural Damage, Selling De-Registered","Automatic,",5,Hybrid,https://manheim.co.nz/damaged-vehicles/000000000007432208/2016-toyota-aqua-hybrid-hatch?referringPage=SearchResults
Toyota,Aqua,2016,No,$800,"162,831",," Left Front Damage, Left Side Damage, Structural Damage, Selling De-Registered","Automatic,",5,Hybrid,https://manheim.co.nz/damaged-vehicles/000000000007432209/2016-toyota-aqua-hatch?referringPage=SearchResults
Ford,Ranger,2017,No,N/A,"209,050",," Right Side Damage, Structural Damage, Selling De-Registered","6spd Automatic,",5,Diesel,https://manheim.co.nz/damaged-vehicles/000000000007432210/2017-ford-ranger-xlt-double-cab-w-sa-utility?referringPage=SearchResults
Toyota,Aqua,2015,No,$700,N/A,," Front Damage, Airbags Deployed, Structural Damage, Selling De-Registered","Automatic,",5,Hybrid,https://manheim.co.nz/damaged-vehicles/000000000007432212/2015-toyota-aqua-hybrid-hatch?referringPage=SearchResults
Toyota,Aqua,2013,Yes,"$2,850",N/A,," Left Side Damage, Vandalised - Interior, Stolen & Recovered, Selling Registered",N/A,5,Hybrid,https://manheim.co.nz/damaged-vehicles/000000000007432215/2013-toyota-aqua-hybrid-hatch?referringPage=SearchResults
Volkswagen,Passat,2013,Yes,"$1,500","223,050",," Front Damage, Rear Damage, Selling Registered","Automatic,",5,Diesel,https://manheim.co.nz/damaged-vehicles/000000000007432218/2013-volkswagen-passat-alltrack-tdi-125kw-station-wagon?referringPage=SearchResults
Nissan,Leaf,2015,Yes,"$1,300","81,047",," Front Damage, Left Side Damage, Right Side Damage, Selling Registered","Automatic, Drive Type, Front Wheel Drive, Fuel Type, Electri",5,Electric,https://manheim.co.nz/damaged-vehicles/000000000007432220/2015-nissan-leaf-hatch?referringPage=SearchResults
Toyota,Fielder,2004,No,$500,"246,604",," Right Front Damage, Suspension Damage, Selling De-Registered","Automatic,",5,Petrol,https://manheim.co.nz/damaged-vehicles/000000000007422227/2004-toyota-fielder-station-wagon?referringPage=SearchResults
Toyota,Auris,2007,No,$650,N/A,," Front Damage, Left Front Damage, Structural Damage, Selling De-Registered","Automatic,",5,Petrol,https://manheim.co.nz/damaged-vehicles/000000000007432251/2007-toyota-auris-hatch?referringPage=SearchResults
Toyota,Markx,2008,No,$650,"107,553",," Roof Damage, Right Rear Damage, Right Side Damage, Structural Damage, Selling De-Registered","7spd Automatic,",5,Petrol,https://manheim.co.nz/damaged-vehicles/000000000007432254/2008-toyota-markx-250g-sedan?referringPage=SearchResults
Mazda,Premacy,2010,No,$500,"196,108",," Right Rear Damage, Right Side Damage, Structural Damage, Selling De-Registered","5spd Automatic,",7,Petrol,https://manheim.co.nz/damaged-vehicles/000000000007432258/2010-mazda-premacy-station-wagon?referringPage=SearchResults
Suzuki,Swift,2008,No,$300,"122,635",," Rear Damage, Right Side Damage, Structural Damage, Selling De-Registered","Automatic,",5,Petrol,https://manheim.co.nz/damaged-vehicles/000000000007432272/2008-suzuki-swift-hatch?referringPage=SearchResults
Toyota,Aqua,2012,Yes,N/A,N/A,," Front Damage, Ignition Damage, Left Rear Damage, Left Side Damage, Right Front Damage, Vandalised - Interior, Selling Registered","Automatic,",5,Hybrid,https://manheim.co.nz/damaged-vehicles/000000000007432281/2012-toyota-aqua-hatch?referringPage=SearchResults
Nissan,Tiida,2005,No,$500,"190,093",," Front Damage, Structural Damage, Selling De-Registered","Automatic,",5,Petrol,https://manheim.co.nz/damaged-vehicles/000000000007432289/2005-nissan-tiida-hatch?referringPage=SearchResults
Honda,Accord,2011,No,$650,"161,276",," Left Side Damage, Structural Damage, Selling De-Registered","Automatic,",5,Petrol,https://manheim.co.nz/damaged-vehicles/000000000007432303/2011-honda-accord-euro-s-sedan?referringPage=SearchResults
Honda,fit,2006,No,$425,N/A,," Rear Damage, Structural Damage, Selling De-Registered","Automatic,",5,Petrol,https://manheim.co.nz/damaged-vehicles/000000000007432318/2006-honda-fit-hatch?referringPage=SearchResults
Ford,Ranger,2019,No,N/A,"85,350",," Right Front Damage, Airbags Deployed, Selling De-Registered",N/A,5,N/A,https://manheim.co.nz/damaged-vehicles/000000000007422327/2019-ford-ranger-xlt-double-cab-w-s-dual-cab-utility?referringPage=SearchResults
Holden,Rodeo 4X2,2003,No,$700,"263,485",," Rear Damage, Structural Damage, Selling De-Registered","Automatic,",5,Petrol,https://manheim.co.nz/damaged-vehicles/000000000007422334/2003-holden-rodeo-4x2-lt-crew-pu-3-5-v6-a-dual-cab-utility?referringPage=SearchResults
Volkswagen,Tiguan,2012,No,$800,N/A,," Front Damage, Left Front Damage, Structural Damage, Selling De-Registered","Automatic,",5,Petrol,https://manheim.co.nz/damaged-vehicles/000000000007432332/2012-volkswagen-tiguan-station-wagon?referringPage=SearchResults
Nissan,Fuga,2014,No,$750,N/A,," Left Front Damage, Structural Damage, Selling De-Registered",N/A,5,Hybrid,https://manheim.co.nz/damaged-vehicles/000000000007432335/2014-nissan-fuga-sedan?referringPage=SearchResults
Volkswagen,Golf,2012,No,$500,N/A,," Right Front Damage, Structural Damage, Selling De-Registered","Automatic,",5,Petrol,https://manheim.co.nz/damaged-vehicles/000000000007432348/2012-volkswagen-golf-hatch?referringPage=SearchResults
Toyota,Passo,2004,No,$600,"156,782",," Left Front Damage, Structural Damage, Selling De-Registered","Automatic,",5,Petrol,https://manheim.co.nz/damaged-vehicles/000000000007432353/2004-toyota-passo-hatch?referringPage=SearchResults
Suzuki,Swift,2010,No,$400,"105,160",," Front Damage, Right Side Damage, Structural Damage, Selling De-Registered","Automatic,",5,Petrol,https://manheim.co.nz/damaged-vehicles/000000000007432379/2010-suzuki-swift-hatch?referringPage=SearchResults
Toyota,Spacio,2005,No,$500,N/A,," Front Damage, Structural Damage, Selling De-Registered","Automatic,",7,Petrol,https://manheim.co.nz/damaged-vehicles/000000000007432397/2005-toyota-spacio-station-wagon?referringPage=SearchResults
Volvo,XC90,2008,No,$500,"120,054",," Airbags Deployed, Rear Damage, Structural Damage, Selling De-Registered","5spd Automatic,",7,Diesel,https://manheim.co.nz/damaged-vehicles/000000000007432468/2008-volvo-xc90-2-4-d5-awd-5dr-6sp-station-wagon?referringPage=SearchResults
Honda,CBF,2026,No,$0,"1,702",," Right Front Damage, Structural Damage, Selling De-Registered","Manual,",N/A,Petrol,https://manheim.co.nz/damaged-vehicles/000000000007432476/2026-honda-cbf-125-motorcycle?referringPage=SearchResults
Mazda,Atenza,2008,No,$600,N/A,," Right Side Damage, Structural Damage, Selling De-Registered","Automatic,",5,Petrol,https://manheim.co.nz/damaged-vehicles/000000000007432485/2008-mazda-atenza-station-wagon?referringPage=SearchResults
Toyota,Prius,2015,No,"$1,750","99,940",," Rear Damage, Structural Damage, Selling De-Registered","Automatic,",5,Hybrid,https://manheim.co.nz/damaged-vehicles/000000000007432505/2015-toyota-prius-hatch?referringPage=SearchResults
Mitsubishi,Outlander,2006,No,$650,N/A,," Airbags Deployed, Front Damage, Structural Damage, Selling De-Registered","Automatic,",7,Petrol,https://manheim.co.nz/damaged-vehicles/000000000007432513/2006-mitsubishi-outlander-station-wagon?referringPage=SearchResults
Nissan,March,2005,No,$500,"147,294",," Rear Damage, Structural Damage, Selling De-Registered","Automatic,",5,Petrol,https://manheim.co.nz/damaged-vehicles/000000000007432523/2005-nissan-march-hatch?referringPage=SearchResults
Suzuki,Grand Vitara,2012,No,$650,N/A,," Water Damage, Selling De-Registered","Automatic,",4,Petrol,https://manheim.co.nz/damaged-vehicles/000000000007432527/2012-suzuki-grand-vitara-vjlx-2-4-3dr-station-wagon?referringPage=SearchResults
Toyota,Will,2001,Yes,$600,"184,818",," Left Front Damage, Left Rear Damage, Selling Registered","4spd Automatic,",5,Petrol,https://manheim.co.nz/damaged-vehicles/000000000007432544/2001-toyota-will-hatch?referringPage=SearchResults
Honda,CRV,2010,No,$650,"247,146",," Has Key, Right Rear Damage, Structural Damage, Selling De-Registered","Automatic,",5,Petrol,https://manheim.co.nz/damaged-vehicles/000000000007432546/2010-honda-crv-van?referringPage=SearchResults
Holden,VX Commodore,2002,No,$500,"302,047",," Front Damage, Structural Damage, Selling De-Registered","Automatic,",5,Petrol,https://manheim.co.nz/damaged-vehicles/000000000007432548/2002-holden-vx-commodore-3-8-calais-sedan-au-sedan?referringPage=SearchResults
Nissan,Tiida,2005,No,$500,N/A,," Front Damage, Left Front Damage, Left Rear Damage, Right Rear Damage, Structural Damage, Selling De-Registered","4spd Automatic,",5,Petrol,https://manheim.co.nz/damaged-vehicles/000000000007432553/2005-nissan-tiida-latio-sedan?referringPage=SearchResults
Toyota,Corolla,2005,No,$700,"140,062",," Rear Damage, Structural Damage, Selling De-Registered","Automatic,",5,Petrol,https://manheim.co.nz/damaged-vehicles/000000000007432554/2005-toyota-corolla-runx-x-hatch?referringPage=SearchResults
Toyota,Corolla,2020,No,N/A,N/A,," Right Front Damage, Right Rear Damage, Dismantled - Interior, Selling De-Registered","CVT,",5,Petrol,https://manheim.co.nz/damaged-vehicles/000000000007412553/2020-toyota-corolla-touring-station-wagon?referringPage=SearchResults
Mazda,Atenza,2003,No,$400,"235,074",," Front Damage, Left Front Damage, Right Front Damage, Airbags Deployed, Structural Damage, Selling De-Registered","Automatic,",5,Petrol,https://manheim.co.nz/damaged-vehicles/000000000007422572/2003-mazda-atenza-station-wagon?referringPage=SearchResults
BMW,3 Series,2025,No,N/A,"4,185",," Left Front Damage, Left Side Damage, Structural Damage, Selling De-Registered","Automatic,",5,Petrol,https://manheim.co.nz/damaged-vehicles/000000000007422574/2025-bmw-3-series-m3-comp-3-0pt-4wd-sedan?referringPage=SearchResults
Toyota,Wish,2011,No,"$1,350",N/A,," Front Damage, Structural Damage, Selling De-Registered","Automatic,",7,Petrol,https://manheim.co.nz/damaged-vehicles/000000000007432574/2011-toyota-wish-station-wagon?referringPage=SearchResults
Toyota,Aqua,2015,No,$200,"111,927",," Structural Damage, Selling De-Registered","Automatic,",5,Hybrid,https://manheim.co.nz/damaged-vehicles/000000000007432578/2015-toyota-aqua-hatch?referringPage=SearchResults
Suzuki,Ignis,2017,No,$700,"108,712",," Front Damage, Left Front Damage, Left Side Damage, Structural Damage, Selling De-Registered",N/A,5,Hybrid,https://manheim.co.nz/damaged-vehicles/000000000007422585/2017-suzuki-ignis-hybrid-hatch?referringPage=SearchResults
Honda,Civic,2006,No,$500,"273,518",," Left Side Damage, Structural Damage, Selling De-Registered","Automatic,",5,Hybrid,https://manheim.co.nz/damaged-vehicles/000000000007422589/2006-honda-civic-hybrid-sedan?referringPage=SearchResults
MG,ZS,2025,No,"$1,500",N/A,," Structural Damage, Selling De-Registered",N/A,5,Hybrid,https://manheim.co.nz/damaged-vehicles/000000000007422595/2025-mg-zs-essence-1-5pht-3hd-station-wagon?referringPage=SearchResults
Nissan,Bluebird,2008,Yes,$850,N/A,," Right Side Damage, Selling Registered","Automatic,",5,Petrol,https://manheim.co.nz/damaged-vehicles/000000000007432590/2008-nissan-bluebird-sylphy-sedan?referringPage=SearchResults
Suzuki,Swift,2012,No,$500,"100,436",," Front Damage, Structural Damage, Selling De-Registered","Automatic,",5,Petrol,https://manheim.co.nz/damaged-vehicles/000000000007432607/2012-suzuki-swift-hatch?referringPage=SearchResults
Nissan,Navara,1999,No,$500,"234,225",," Front Damage, Structural Damage, Selling De-Registered",N/A,5,Diesel,https://manheim.co.nz/damaged-vehicles/000000000007432610/1999-nissan-navara-4wd-d-c-vent-3-2d-dual-cab-utility?referringPage=SearchResults
Nissan,Navara,2011,No,$0,"290,646",," Front Damage, Left Rear Damage, Airbags Deployed, Structural Damage, Selling De-Registered",N/A,5,Diesel,https://manheim.co.nz/damaged-vehicles/000000000007422611/2011-nissan-navara-d-c-2-5d-4wd-st-mt-dual-cab-utility?referringPage=SearchResults
CF Moto,C Force 520 Quad,2022,No,$0,N/A,," Rolled, Selling De-Registered",N/A,N/A,N/A,https://manheim.co.nz/damaged-vehicles/000000000007422624/2022-cf-moto-c-force-520-quad-quad-bike?referringPage=SearchResults
Toyota,RAV4,1995,No,$550,"238,590",," Right Rear Damage, Structural Damage, Suspension Damage, Selling De-Registered","4spd Automatic,",5,Petrol,https://manheim.co.nz/damaged-vehicles/000000000007432625/1995-toyota-rav4-l-station-wagon?referringPage=SearchResults
Toyota,Vanguard,2008,No,$700,"232,535",," Front Damage, Structural Damage, Selling De-Registered","Automatic,",5,Petrol,https://manheim.co.nz/damaged-vehicles/000000000007422633/2008-toyota-vanguard-station-wagon?referringPage=SearchResults
Toyota,Camry,2013,No,"$1,300","61,082",," Chassis Damage, Front Damage, Left Front Damage, Right Front Damage, Structural Damage, Selling De-Registered","Automatic,",5,Hybrid,https://manheim.co.nz/damaged-vehicles/000000000007432642/2013-toyota-camry-sedan?referringPage=SearchResults
Nissan,Vanette,2012,No,$500,"171,321",," Ignition Damage, Left Side Damage, Stolen & Recovered, Selling De-Registered","Automatic,",2,Petrol,https://manheim.co.nz/damaged-vehicles/000000000007432653/2012-nissan-vanette-van?referringPage=SearchResults
Mazda,Atenza,2008,No,$650,"249,777",," Left Rear Damage, Rear Damage, Structural Damage, Selling De-Registered","Automatic,",5,Petrol,https://manheim.co.nz/damaged-vehicles/000000000007432673/2008-mazda-atenza-station-wagon?referringPage=SearchResults
Toyota,Aqua,2018,No,"$1,600",N/A,," Left Side Damage, Structural Damage, Selling De-Registered","Automatic,",5,Hybrid,https://manheim.co.nz/damaged-vehicles/000000000007432676/2018-toyota-aqua-hatch?referringPage=SearchResults
Honda,Hatchback,2014,No,$700,"82,553",," Left Rear Damage, Left Side Damage, Structural Damage, Selling De-Registered","Automatic,",5,Petrol,https://manheim.co.nz/damaged-vehicles/000000000007432678/2014-honda-hatchback-hatch?referringPage=SearchResults
Subaru,Legacy,2008,No,$200,"188,713",," Front Damage, Left Rear Damage, Rear Damage, Right Side Damage, Structural Damage, Selling De-Registered",N/A,5,Petrol,https://manheim.co.nz/damaged-vehicles/000000000007432697/2008-subaru-legacy-wag-2-5i-man-station-wagon?referringPage=SearchResults
Hyundai,TB,2003,No,$200,"120,148",," Left Front Damage, Right Rear Damage, Right Side Damage, Structural Damage, Selling De-Registered","5spd Automatic,",5,Petrol,https://manheim.co.nz/damaged-vehicles/000000000007432699/2003-hyundai-tb-hatch?referringPage=SearchResults
BMW,116i,2009,No,$700,N/A,," Rear Damage, Structural Damage, Selling De-Registered",N/A,5,Petrol,https://manheim.co.nz/damaged-vehicles/000000000007432705/2009-bmw-116i-hatch?referringPage=SearchResults
Toyota,Aqua,2014,Yes,N/A,N/A,," Ignition Damage, Right Front Damage, Vandalised - Interior, Stolen & Recovered, Selling Registered","Automatic,",5,Hybrid,https://manheim.co.nz/damaged-vehicles/000000000007422775/2014-toyota-aqua-hatch?referringPage=SearchResults
Ford,Focus,2006,No,$200,"331,850",," Structural Damage, Selling De-Registered","Manual,",5,Petrol,https://manheim.co.nz/damaged-vehicles/000000000007422800/2006-ford-focus-2-0-m-hatch-hatch?referringPage=SearchResults
Toyota,Platz,2002,No,$600,"109,485",," Front Damage, Left Front Damage, Left Rear Damage, Rear Damage, Right Front Damage, Right Rear Damage, Structural Damage, Selling De-Registered","Automatic,",5,Petrol,https://manheim.co.nz/damaged-vehicles/000000000007432837/2002-toyota-platz-sedan?referringPage=SearchResults
Nissan,Lafesta,2011,No,$500,N/A,," Left Front Damage, Structural Damage, Selling De-Registered","Automatic,",7,Petrol,https://manheim.co.nz/damaged-vehicles/000000000007432839/2011-nissan-lafesta-station-wagon?referringPage=SearchResults
Mazda,MAZDA6,2008,No,$650,"306,516",," Left Rear Damage, Rear Damage, Structural Damage, Selling De-Registered","6spd Manual,",5,Petrol,https://manheim.co.nz/damaged-vehicles/000000000007432840/2008-mazda-mazda6-wagon-glx-2-0-m6-station-wagon?referringPage=SearchResults
Porsche,944,1984,No,N/A,"40,049",," Front Damage, Roof Damage, Structural Damage, Selling De-Registered","5spd Manual,",4,Petrol,https://manheim.co.nz/damaged-vehicles/000000000007432848/1984-porsche-944-hatch?referringPage=SearchResults
Suzuki,Swift,2007,No,$700,N/A,," Front Damage, Structural Damage, Selling De-Registered","Automatic,",5,Petrol,https://manheim.co.nz/damaged-vehicles/000000000007432852/2007-suzuki-swift-hatch?referringPage=SearchResults
Suzuki,Swift,2009,No,$600,"187,507",," Front Damage, Rear Damage, Structural Damage, Selling De-Registered",N/A,5,Petrol,https://manheim.co.nz/damaged-vehicles/000000000007432858/2009-suzuki-swift-hatch?referringPage=SearchResults
Volkswagen,Golf,2012,No,$600,N/A,," Front Damage, Structural Damage, Selling De-Registered","Automatic,",5,Petrol,https://manheim.co.nz/damaged-vehicles/000000000007432861/2012-volkswagen-golf-tsi-90kw-7dsg-hatch?referringPage=SearchResults
Toyota,Corolla,2001,Yes,$600,N/A,," Ignition Damage, Vandalised - Interior, Selling Registered","Automatic,",5,Petrol,https://manheim.co.nz/damaged-vehicles/000000000007432865/2001-toyota-corolla-runx-hatch?referringPage=SearchResults
Lexus,IS300H,2023,No,N/A,N/A,," Front Damage, Rear Damage, Structural Damage, Selling De-Registered","Automatic,",5,Hybrid,https://manheim.co.nz/damaged-vehicles/000000000007432866/2023-lexus-is300h-2-5ph-hd-sedan?referringPage=SearchResults
Toyota,Corolla,2017,No,N/A,N/A,," Front Damage, Structural Damage, Selling De-Registered","Automatic,",5,Hybrid,https://manheim.co.nz/damaged-vehicles/000000000007432868/2017-toyota-corolla-hybrid-1-8ph-cvt-hatch?referringPage=SearchResults
Toyota,Ractis,2009,No,$800,"82,775",," Front Damage, Left Front Damage, Right Front Damage, Structural Damage, Selling De-Registered","Automatic,",5,Petrol,https://manheim.co.nz/damaged-vehicles/000000000007432869/2009-toyota-ractis-hatch?referringPage=SearchResults
Honda,fit,2012,No,$500,"135,301",," Front Damage, Left Front Damage, Right Front Damage, Structural Damage, Selling De-Registered","Automatic,",5,Hybrid,https://manheim.co.nz/damaged-vehicles/000000000007422868/2012-honda-fit-shuttle-station-wagon?referringPage=SearchResults
Kia,Soul,2016,No,"$1,500","64,282",," Left Side Damage, Structural Damage, Selling De-Registered","Automatic,",5,Petrol,https://manheim.co.nz/damaged-vehicles/000000000007432870/2016-kia-soul-urban-1-6p-6at-ha-5-hatch?referringPage=SearchResults
Toyota,Passo,2005,No,$500,N/A,," Front Damage, Airbags Deployed, Structural Damage, Selling De-Registered",N/A,5,Petrol,https://manheim.co.nz/damaged-vehicles/000000000007432872/2005-toyota-passo-hatch?referringPage=SearchResults
Honda,Jazz,2007,No,$200,N/A,," Front Damage, Rear Damage, Structural Damage, Selling De-Registered",N/A,5,Petrol,https://manheim.co.nz/damaged-vehicles/000000000007432882/2007-honda-jazz-1-3i-5d-mt-hatch-hatch?referringPage=SearchResults
Toyota,Corolla,2017,No,"$1,500","162,271",," Front Damage, Structural Damage, Selling De-Registered",N/A,5,Hybrid,https://manheim.co.nz/damaged-vehicles/000000000007432885/2017-toyota-corolla-hybrid-1-8ph-cvt-hatch?referringPage=SearchResults
Mazda,Demio,2013,No,$600,N/A,," Rear Damage, Structural Damage, Selling De-Registered","Automatic,",5,Petrol,https://manheim.co.nz/damaged-vehicles/000000000007432899/2013-mazda-demio-hatch?referringPage=SearchResults
Mazda,Demio,2005,No,$100,"158,924",," Front Damage, Structural Damage, Selling De-Registered",N/A,5,Petrol,https://manheim.co.nz/damaged-vehicles/000000000007432901/2005-mazda-demio-hatch?referringPage=SearchResults
Volvo,S60,2007,No,$600,"184,172",," Rear Damage, Right Rear Damage, Structural Damage, Selling De-Registered","Automatic,",5,Petrol,https://manheim.co.nz/damaged-vehicles/000000000007432902/2007-volvo-s60-sedan?referringPage=SearchResults
Mazda,Demio,2011,No,$500,"128,784",," Front Damage, Left Front Damage, Right Front Damage, Structural Damage, Suspension Damage, Selling De-Registered","Automatic,",5,Petrol,https://manheim.co.nz/damaged-vehicles/000000000007432907/2011-mazda-demio-hatch?referringPage=SearchResults
Mazda,MAZDA3,2015,No,$700,N/A,," Front Damage, Right Side Damage, Structural Damage, Selling De-Registered",N/A,5,Petrol,https://manheim.co.nz/damaged-vehicles/000000000007432908/2015-mazda-mazda3-gsx-2-0p-6at-ha-5dr-hatch?referringPage=SearchResults
BMW,116i,2015,No,"$1,500","69,588",," Left Rear Damage, Left Side Damage, Structural Damage, Selling De-Registered","Automatic,",5,Petrol,https://manheim.co.nz/damaged-vehicles/000000000007432914/2015-bmw-116i-hatch-8a-5dr-1-6l-hatch?referringPage=SearchResults
Mazda,Axela,2015,No,$700,"190,606",," Right Rear Damage, Structural Damage, Selling De-Registered",N/A,5,Hybrid,https://manheim.co.nz/damaged-vehicles/000000000007432922/2015-mazda-axela-sedan?referringPage=SearchResults
Toyota,Wish,2004,No,$650,"210,120",," Front Damage, Glass Broken, Structural Damage, Selling De-Registered","Automatic,",7,Petrol,https://manheim.co.nz/damaged-vehicles/000000000007432926/2004-toyota-wish-station-wagon?referringPage=SearchResults
Toyota,Vanguard,2008,No,$0,N/A,," Front Damage, Structural Damage, Selling De-Registered",N/A,5,Petrol,https://manheim.co.nz/damaged-vehicles/000000000007432928/2008-toyota-vanguard-station-wagon?referringPage=SearchResults
Honda,fit,2008,No,$600,"179,789",," Front Damage, Structural Damage, Selling De-Registered","Automatic,",5,Petrol,https://manheim.co.nz/damaged-vehicles/000000000007432931/2008-honda-fit-rs-hatch?referringPage=SearchResults
Toyota,Aqua,2016,No,$700,N/A,," Left Front Damage, Right Side Damage, Structural Damage, Selling De-Registered","Automatic,",5,Hybrid,https://manheim.co.nz/damaged-vehicles/000000000007432933/2016-toyota-aqua-hybrid-hatch?referringPage=SearchResults
Toyota,Ractis,2005,No,$650,N/A,," Left Side Damage, Structural Damage, Selling De-Registered","Automatic,",5,Petrol,https://manheim.co.nz/damaged-vehicles/000000000007422944/2005-toyota-ractis-station-wagon?referringPage=SearchResults
Toyota,Camry,2007,No,$700,"294,781",," Left Side Damage, Structural Damage, Selling De-Registered",N/A,5,Petrol,https://manheim.co.nz/damaged-vehicles/000000000007432951/2007-toyota-camry-2-4p-gl-sedan-5a-sedan?referringPage=SearchResults
Mitsubishi,Challenger,2003,No,$650,N/A,," Ignition Damage, Vandalised - Interior, Stolen & Recovered, Selling De-Registered","Automatic,",5,Diesel,https://manheim.co.nz/damaged-vehicles/000000000007432958/2003-mitsubishi-challenger-4wd-2-8d-5dr-wagon-station-wagon?referringPage=SearchResults
Volkswagen,Tiguan,2012,No,"$1,300","300,544",," Left Front Damage, Left Side Damage, Structural Damage, Selling De-Registered",N/A,5,Diesel,https://manheim.co.nz/damaged-vehicles/000000000007432972/2012-volkswagen-tiguan-tdi-103kw-6a-hatch?referringPage=SearchResults
BMW,116i,2010,Yes,$600,"101,936",, Selling Registered,"Automatic,",5,Petrol,https://manheim.co.nz/damaged-vehicles/000000000007412979/2010-bmw-116i-hatch?referringPage=SearchResults
Toyota,Corolla,2013,No,$650,N/A,," Front Damage, Structural Damage, Selling De-Registered","Automatic,",5,Petrol,https://manheim.co.nz/damaged-vehicles/000000000007432982/2013-toyota-corolla-fielder-station-wagon?referringPage=SearchResults
Nissan,March,2016,No,"$1,300",N/A,," Front Damage, Rear Damage, Structural Damage, Selling De-Registered",N/A,5,Petrol,https://manheim.co.nz/damaged-vehicles/000000000007432993/2016-nissan-march-hatch?referringPage=SearchResults
Nissan,Pulsar,2015,No,$700,N/A,," Front Damage, Structural Damage, Selling De-Registered","Automatic,",5,Petrol,https://manheim.co.nz/damaged-vehicles/000000000007433010/2015-nissan-pulsar-st-hatch?referringPage=SearchResults
Ford,Kuga,2013,No,$500,N/A,," Right Front Damage, Right Side Damage, Airbags Deployed, Structural Damage, Selling De-Registered","Automatic,",5,Petrol,https://manheim.co.nz/damaged-vehicles/000000000007433041/2013-ford-kuga-titanium-station-wagon?referringPage=SearchResults
Toyota,Auris,2008,No,$650,N/A,," Front Damage, Right Rear Damage, Structural Damage, Selling De-Registered","Automatic,",5,Petrol,https://manheim.co.nz/damaged-vehicles/000000000007433044/2008-toyota-auris-hatch?referringPage=SearchResults
Nissan,Tiida,2007,No,$500,"172,991",," Right Side Damage, Structural Damage, Selling De-Registered","Automatic,",5,Petrol,https://manheim.co.nz/damaged-vehicles/000000000007433049/2007-nissan-tiida-hatch?referringPage=SearchResults
Honda,Accord,1992,No,$100,"309,671",," Front Damage, Left Side Damage, Roof Damage, Structural Damage, Selling De-Registered","Automatic,",5,Petrol,https://manheim.co.nz/damaged-vehicles/000000000007403064/1992-honda-accord-lx-auto-sedan?referringPage=SearchResults
Volkswagen,Polo,2015,No,$650,N/A,," Left Rear Damage, Left Side Damage, Right Side Damage, Structural Damage, Selling De-Registered","Automatic,",5,Petrol,https://manheim.co.nz/damaged-vehicles/000000000007433073/2015-volkswagen-polo-tsi-66kw-cl-1-2p-7a-hatch?referringPage=SearchResults
Mazda,Axela,2005,No,$400,"138,594",," Front Damage, Roof Damage, Right Side Damage, Structural Damage, Selling De-Registered","5spd Automatic,",5,Petrol,https://manheim.co.nz/damaged-vehicles/000000000007433094/2005-mazda-axela-station-wagon?referringPage=SearchResults
Dodge,Journey,2013,No,"$1,300",N/A,," Front Damage, Structural Damage, Selling De-Registered",N/A,5,Petrol,https://manheim.co.nz/damaged-vehicles/000000000007423125/2013-dodge-journey-sxt-station-wagon?referringPage=SearchResults
Hyundai,I30,2015,No,"$1,300",N/A,," Front Damage, Rear Damage, Structural Damage, Selling De-Registered",N/A,5,Petrol,https://manheim.co.nz/damaged-vehicles/000000000007433131/2015-hyundai-i30-gd-1-8-elite-a6-hatch?referringPage=SearchResults
Mazda,Demio,2004,Yes,$500,"229,532",," Front Damage, Interior Damage, Selling Registered",N/A,5,Petrol,https://manheim.co.nz/damaged-vehicles/000000000007433132/2004-mazda-demio-hatch?referringPage=SearchResults
Ford,Focus,2011,Yes,$600,"231,742",," Rear Damage, Selling Registered","Automatic,",5,Petrol,https://manheim.co.nz/damaged-vehicles/000000000007433134/2011-ford-focus-wag-1-6-auto-station-wagon?referringPage=SearchResults
Mazda,CX-7,2009,No,$500,N/A,," Right Side Damage, Structural Damage, Selling De-Registered",N/A,5,Petrol,https://manheim.co.nz/damaged-vehicles/000000000007433136/2009-mazda-cx-7-cx-7-wagon-5-dr-aut-station-wagon?referringPage=SearchResults
Hyundai,Accent,2014,No,$700,"161,757",," Front Damage, Left Front Damage, Right Front Damage, Airbags Deployed, Structural Damage, Selling De-Registered",N/A,5,Petrol,https://manheim.co.nz/damaged-vehicles/000000000007433137/2014-hyundai-accent-1-6-5d-a4-hatch?referringPage=SearchResults
Nissan,Tiida,2009,No,$500,"159,843",," Left Rear Damage, Structural Damage, Selling De-Registered","Automatic,",5,Petrol,https://manheim.co.nz/damaged-vehicles/000000000007433138/2009-nissan-tiida-hatch?referringPage=SearchResults
Mazda,Atenza,2003,Yes,$550,N/A,," Interior Damage, Left Rear Damage, Right Front Damage, Vandalised - Interior, Selling Registered","Automatic,",5,Petrol,https://manheim.co.nz/damaged-vehicles/000000000007433139/2003-mazda-atenza-sedan?referringPage=SearchResults
Toyota,Estima,2007,No,$650,N/A,," Front Damage, Structural Damage, Selling De-Registered",N/A,7,Petrol,https://manheim.co.nz/damaged-vehicles/000000000007433182/2007-toyota-estima-station-wagon?referringPage=SearchResults
Mazda,Axela,2005,No,$500,"262,289",," Left Side Damage, Structural Damage, Selling De-Registered","Automatic,",5,Petrol,https://manheim.co.nz/damaged-vehicles/000000000007433184/2005-mazda-axela-station-wagon?referringPage=SearchResults
Suzuki,Swift,2017,No,"$1,500","76,087",," Rear Damage, Structural Damage, Selling De-Registered","Automatic,",5,Petrol,https://manheim.co.nz/damaged-vehicles/000000000007413180/2017-suzuki-swift-hatch?referringPage=SearchResults
Volkswagen,Tiguan,2023,Yes,N/A,"61,733",," Engine Damage, Selling Registered","Automatic,",7,Petrol,https://manheim.co.nz/damaged-vehicles/000000000007413194/2023-volkswagen-tiguan-allspace-style-awd-station-wagon?referringPage=SearchResults
Toyota,Aqua,2014,No,$650,"79,199",," Front Damage, Rear Damage, Roof Damage, Airbags Deployed, Structural Damage, Selling De-Registered","Automatic,",5,Hybrid,https://manheim.co.nz/damaged-vehicles/000000000007433202/2014-toyota-aqua-hatch?referringPage=SearchResults
Toyota,Vitz,2010,No,$700,N/A,," Rear Damage, Structural Damage, Selling De-Registered","Automatic,",5,Petrol,https://manheim.co.nz/damaged-vehicles/000000000007433207/2010-toyota-vitz-hatch?referringPage=SearchResults
Holden,Commodore,2014,No,"$1,300","116,188",," Front Damage, Structural Damage, Selling De-Registered","Automatic,",5,Petrol,https://manheim.co.nz/damaged-vehicles/000000000007433210/2014-holden-commodore-vf-sv6-sdn-at-sedan?referringPage=SearchResults
Toyota,Prius,2009,No,$500,"186,878",," Front Damage, Left Side Damage, Structural Damage, Selling De-Registered",N/A,5,Hybrid,https://manheim.co.nz/damaged-vehicles/000000000007433235/2009-toyota-prius-hatch?referringPage=SearchResults
Mazda,Atenza,2005,No,$600,"353,782",," Left Front Damage, Structural Damage, Selling De-Registered","Automatic,",5,Petrol,https://manheim.co.nz/damaged-vehicles/000000000007433243/2005-mazda-atenza-station-wagon?referringPage=SearchResults
Toyota,Aqua,2017,No,$0,"141,750",," Rear Damage, Structural Damage, Selling De-Registered","4spd Automatic,",5,Hybrid,https://manheim.co.nz/damaged-vehicles/000000000007433245/2017-toyota-aqua-hybrid-hatch?referringPage=SearchResults
Ford,Courier,2004,Yes,"$2,300","212,804",," Front Damage, Selling Registered","Manual,",4,Diesel,https://manheim.co.nz/damaged-vehicles/000000000007433246/2004-ford-courier-xlt-2-5td-c-cab-4x4-utility?referringPage=SearchResults
Suzuki,Swift,2006,No,$500,N/A,," Front Damage, Structural Damage, Selling De-Registered","Automatic,",5,Petrol,https://manheim.co.nz/damaged-vehicles/000000000007433247/2006-suzuki-swift-hatch?referringPage=SearchResults
Toyota,Vitz,2004,Yes,"$1,100","126,016",," Interior Damage, Selling Registered","Automatic,",5,Petrol,https://manheim.co.nz/damaged-vehicles/000000000007433248/2004-toyota-vitz-hatch?referringPage=SearchResults
Ford,Fiesta,2012,Yes,$925,"115,007",," Right Rear Damage, Selling Registered",N/A,5,Petrol,https://manheim.co.nz/damaged-vehicles/000000000007433249/2012-ford-fiesta-5dr-1-6-a-zetec-hatch?referringPage=SearchResults
Toyota,Aqua,2018,No,"$1,400","133,815",," Right Front Damage, Structural Damage, Selling De-Registered","Automatic,",5,Hybrid,https://manheim.co.nz/damaged-vehicles/000000000007433260/2018-toyota-aqua-hatch?referringPage=SearchResults
Suzuki,Swift,2005,No,$500,"258,099",," Right Rear Damage, Structural Damage, Selling De-Registered","Manual,",5,Petrol,https://manheim.co.nz/damaged-vehicles/000000000007433264/2005-suzuki-swift-glxh2-1-5-5dr-hatch?referringPage=SearchResults
Toyota,Highlander,2025,No,N/A,"16,544",," Left Front Damage, Left Rear Damage, Left Side Damage, Roof Damage, Right Front Damage, Right Rear Damage, Right Side Damage, Structural Damage, Selling De-Registered","Automatic,",7,Hybrid,https://manheim.co.nz/damaged-vehicles/000000000007413263/2025-toyota-highlander-gxl-2-5ph-4wd-hd-station-wagon?referringPage=SearchResults
Mitsubishi,ASX,2019,No,"$1,450","151,597",," Front Damage, Structural Damage, Selling De-Registered","Automatic,",5,Petrol,https://manheim.co.nz/damaged-vehicles/000000000007423276/2019-mitsubishi-asx-xls-2-0p-cvt-station-wagon?referringPage=SearchResults
Isuzu,D-max,2021,No,N/A,N/A,," Front Damage, Structural Damage, Selling De-Registered","Manual,",5,Diesel,https://manheim.co.nz/damaged-vehicles/000000000007423278/2021-isuzu-d-max-lx-double-cab-4wd-3-utility?referringPage=SearchResults
Suzuki,UZ50,2025,Yes,$0,"3,996",," Left Side Damage, Right Side Damage, Selling Registered","Automatic,",N/A,Petrol,https://manheim.co.nz/damaged-vehicles/000000000007433271/2025-suzuki-uz50-scooter?referringPage=SearchResults
Toyota,Prius,2014,No,$700,"390,343",," Rear Damage, Selling De-Registered","4spd Automatic,",5,Hybrid,https://manheim.co.nz/damaged-vehicles/000000000007413284/2014-toyota-prius-alpha-station-wagon?referringPage=SearchResults
Honda,fit,2020,No,$0,1,," Front Damage, Structural Damage, Selling De-Registered","Manual,",5,Hybrid,https://manheim.co.nz/damaged-vehicles/000000000007423301/2020-honda-fit-hatch?referringPage=SearchResults
Mercedes-Benz,CLC,2008,No,$700,"147,202",," Left Front Damage, Airbags Deployed, Structural Damage, Selling De-Registered","Automatic,",4,Petrol,https://manheim.co.nz/damaged-vehicles/000000000007433313/2008-mercedes-benz-clc-200k-hatch?referringPage=SearchResults
Holden,Commodore,2005,No,$500,"414,962",," Left Front Damage, Left Side Damage, Right Front Damage, Structural Damage, Suspension Damage, Selling De-Registered","Automatic,",5,Petrol,https://manheim.co.nz/damaged-vehicles/000000000007433317/2005-holden-commodore-s-v6-auto-sedan?referringPage=SearchResults
Volkswagen,Cross Polo,2010,No,$600,"151,085",," Front Damage, Selling De-Registered","Automatic,",5,Petrol,https://manheim.co.nz/damaged-vehicles/000000000007433318/2010-volkswagen-cross-polo-tsi-77kw-7dsg-hatch?referringPage=SearchResults
Suzuki,Swift,2017,No,"$1,300","101,044",," Front Damage, Right Front Damage, Structural Damage, Selling De-Registered","Automatic,",5,Hybrid,https://manheim.co.nz/damaged-vehicles/000000000007433319/2017-suzuki-swift-hatch?referringPage=SearchResults
Holden,Cruze,2009,No,$500,N/A,," Front Damage, Structural Damage, Selling De-Registered",N/A,5,Petrol,https://manheim.co.nz/damaged-vehicles/000000000007433328/2009-holden-cruze-cdx-1-8-at-sedan?referringPage=SearchResults
Toyota,Premio,2002,No,$600,"235,411",," Left Front Damage, Left Side Damage, Structural Damage, Selling De-Registered","Automatic,",5,Petrol,https://manheim.co.nz/damaged-vehicles/000000000007433344/2002-toyota-premio-sedan?referringPage=SearchResults
Toyota,IST,2004,No,$400,"198,074",," Front Damage, Structural Damage, Suspension Damage, Selling De-Registered","5spd Automatic,",5,Petrol,https://manheim.co.nz/damaged-vehicles/000000000007433349/2004-toyota-ist-hatch?referringPage=SearchResults
Hyundai,Getz,2011,No,$400,N/A,," Right Front Damage, Right Side Damage, Airbags Deployed, Structural Damage, Selling De-Registered",N/A,5,Petrol,https://manheim.co.nz/damaged-vehicles/000000000007433352/2011-hyundai-getz-1-6-5d-a4-hatch?referringPage=SearchResults
Maserati,Ghibli,2015,No,N/A,N/A,," Front Damage, Structural Damage, Under Body Damage, Selling De-Registered","Automatic,",5,Petrol,https://manheim.co.nz/damaged-vehicles/000000000007433353/2015-maserati-ghibli-sedan?referringPage=SearchResults
Suzuki,Jimny,2023,No,N/A,N/A,," Interior Damage, Water Damage, Selling De-Registered","Automatic,",4,Petrol,https://manheim.co.nz/damaged-vehicles/000000000007433358/2023-suzuki-jimny-sierra-1-5p-4wd-4at-station-wagon?referringPage=SearchResults
Mazda,Demio,2005,No,$600,"241,603",," Left Side Damage, Right Rear Damage, Structural Damage, Selling De-Registered","5spd Manual,",5,Petrol,https://manheim.co.nz/damaged-vehicles/000000000007423358/2005-mazda-demio-hatch?referringPage=SearchResults
Mazda,MAZDA3,2005,No,$600,"314,130",," Airbags Deployed, Front Damage, Right Side Damage, Structural Damage, Selling De-Registered",N/A,5,Petrol,https://manheim.co.nz/damaged-vehicles/000000000007433369/2005-mazda-mazda3-sporthatch-sp23-2-3-hatch?referringPage=SearchResults
Honda,Civic,2009,No,$500,"232,175",," Structural Damage, Under Body Damage, Selling De-Registered","4spd Automatic,",5,Petrol,https://manheim.co.nz/damaged-vehicles/000000000007433377/2009-honda-civic-1-8s-sedan?referringPage=SearchResults
Toyota,Corolla,2006,No,$500,"281,055",," Front Damage, Airbags Deployed, Structural Damage, Selling De-Registered","Automatic,",5,Petrol,https://manheim.co.nz/damaged-vehicles/000000000007433380/2006-toyota-corolla-1-8p-gl-hatch5-4a-hatch?referringPage=SearchResults
Daihatsu,Boon,2005,No,$500,N/A,," Front Damage, Structural Damage, Selling De-Registered","Automatic,",5,Petrol,https://manheim.co.nz/damaged-vehicles/000000000007423381/2005-daihatsu-boon-hatch?referringPage=SearchResults
BMW,116i,2011,No,$500,"75,474",," Front Damage, Structural Damage, Selling De-Registered","Automatic,",5,Petrol,https://manheim.co.nz/damaged-vehicles/000000000007433399/2011-bmw-116i-sport-hatch?referringPage=SearchResults
Toyota,Hilux,1996,No,"$1,650","383,841",," Front Damage, Left Rear Damage, Right Front Damage, Structural Damage, Selling De-Registered","Automatic,",5,Petrol,https://manheim.co.nz/damaged-vehicles/000000000007433524/1996-toyota-hilux-surf-station-wagon?referringPage=SearchResults
Honda,Odyssey,2006,Yes,$200,"249,034",," Left Side Damage, Malicious/Vandalised, Selling Registered","Automatic,",N/A,Petrol,https://manheim.co.nz/damaged-vehicles/000000000007433528/2006-honda-odyssey-absolute-station-wagon?referringPage=SearchResults
Toyota,Corolla,2012,No,$650,N/A,," Ignition Damage, Left Rear Damage, Structural Damage, Stolen & Recovered, Selling De-Registered","Automatic,",5,Petrol,https://manheim.co.nz/damaged-vehicles/000000000007433530/2012-toyota-corolla-hatch?referringPage=SearchResults
Ford,Fiesta,2006,No,$500,"133,645",," Front Damage, Structural Damage, Selling De-Registered","Automatic,",5,Petrol,https://manheim.co.nz/damaged-vehicles/000000000007433538/2006-ford-fiesta-ma-hatch?referringPage=SearchResults
Nissan,Qashqai,2018,No,"$2,300",N/A,," Front Damage, Left Front Damage, Roof Damage, Structural Damage, Suspension Damage, Selling De-Registered","Automatic,",5,Petrol,https://manheim.co.nz/damaged-vehicles/000000000007433541/2018-nissan-qashqai-st-2-0p-cvt-hatch?referringPage=SearchResults
Nissan,Maxima,2000,No,$600,N/A,," Left Front Damage, Left Side Damage, Right Front Damage, Structural Damage, Selling De-Registered","Automatic,",5,Petrol,https://manheim.co.nz/damaged-vehicles/000000000007433544/2000-nissan-maxima-3-0-st-auto-sedan?referringPage=SearchResults
Toyota,Allion,2005,No,$650,N/A,," Left Front Damage, Structural Damage, Selling De-Registered","Automatic,",5,Petrol,https://manheim.co.nz/damaged-vehicles/000000000007433546/2005-toyota-allion-a20-sedan?referringPage=SearchResults
Toyota,Corolla,2012,No,$650,"155,989",," Left Front Damage, Left Rear Damage, Left Side Damage, Right Front Damage, Dismantled - Interior, Structural Damage, Selling De-Registered","Automatic,",5,Petrol,https://manheim.co.nz/damaged-vehicles/000000000007433548/2012-toyota-corolla-1-8p-gx-hatch-5-4a-hatch?referringPage=SearchResults
Toyota,Aqua,2012,No,$700,"134,987",," Front Damage, Rear Damage, Structural Damage, Selling De-Registered","Automatic,",5,Hybrid,https://manheim.co.nz/damaged-vehicles/000000000007433551/2012-toyota-aqua-hybrid-hatch?referringPage=SearchResults
Toyota,Hilux,2012,No,N/A,"216,996",," Left Side Damage, Structural Damage, Selling De-Registered","Manual,",2,Diesel,https://manheim.co.nz/damaged-vehicles/000000000007433552/2012-toyota-hilux-4wd-3-0td-sc-cc-5m-utility?referringPage=SearchResults
Volkswagen,Golf,2011,No,$500,N/A,," Front Damage, Airbags Deployed, Structural Damage, Selling De-Registered","Automatic,",5,Petrol,https://manheim.co.nz/damaged-vehicles/000000000007433553/2011-volkswagen-golf-gti-hatch?referringPage=SearchResults
Honda,Odyssey,2004,No,$500,"229,886",," Rear Damage, Structural Damage, Selling De-Registered",N/A,7,Petrol,https://manheim.co.nz/damaged-vehicles/000000000007433555/2004-honda-odyssey-station-wagon?referringPage=SearchResults
Nissan,Navara,2009,No,$300,1,," Engine Damage, Interior Damage, Structural Damage, Water Damage, Selling De-Registered","Automatic,",5,Diesel,https://manheim.co.nz/damaged-vehicles/000000000007433556/2009-nissan-navara-dx-4wd-d-c-2-5d-dual-cab-chassis?referringPage=SearchResults
CARAVAN,Stirling Europa,1996,No,$950,N/A,0," Rear Damage, Dismantled - Interior, Structural Damage, Selling De-Registered",N/A,N/A,N/A,https://manheim.co.nz/damaged-vehicles/000000000007433559/1996-caravan-stirling-europa-caravan?referringPage=SearchResults
Holden,Trax,2016,No,$700,"91,061",," Left Rear Damage, Structural Damage, Selling De-Registered","Automatic,",5,Petrol,https://manheim.co.nz/damaged-vehicles/000000000007433560/2016-holden-trax-ls-1-8p-6at-sw-4dr--station-wagon?referringPage=SearchResults
Ford,Focus,2003,No,$0,N/A,," Left Front Damage, Right Rear Damage, Dismantled - Interior, Selling De-Registered","Automatic,",5,Petrol,https://manheim.co.nz/damaged-vehicles/000000000007433562/2003-ford-focus-hatch?referringPage=SearchResults
Mazda,BT-50,2016,No,N/A,N/A,," Front Damage, Structural Damage, Selling De-Registered","Automatic,",5,Diesel,https://manheim.co.nz/damaged-vehicles/000000000007433573/2016-mazda-bt-50-gsx-d-c-w-s-3-2d-4w-utility?referringPage=SearchResults
Toyota,Prius,2011,No,$800,N/A,," Left Front Damage, Structural Damage, Selling De-Registered","Automatic,",5,Hybrid,https://manheim.co.nz/damaged-vehicles/000000000007433574/2011-toyota-prius-hatch?referringPage=SearchResults
Kia,RIO,2020,No,N/A,"43,348",," Front Damage, Structural Damage, Selling De-Registered","Automatic,",5,Petrol,https://manheim.co.nz/damaged-vehicles/000000000007433576/2020-kia-rio-lx-1-4p-6at-hatch?referringPage=SearchResults
Toyota,Hilux,2019,Yes,N/A,N/A,," Stolen & Recovered, Selling Registered",N/A,N/A,Diesel,https://manheim.co.nz/damaged-vehicles/000000000007433578/2019-toyota-hilux-sr5-cruiser-td-dc-2-utility?referringPage=SearchResults
Toyota,Aqua,2012,No,$700,N/A,," Rear Damage, Right Front Damage, Structural Damage, Selling De-Registered",N/A,5,Hybrid,https://manheim.co.nz/damaged-vehicles/000000000007433579/2012-toyota-aqua-hatch?referringPage=SearchResults
GRILLO,Series 9 Mower,2001,No,$1,N/A,0," Engine Damage, Fire Damage, Gearbox Damage, Interior Damage, Fire - Entire Vehicle, Structural Damage",N/A,N/A,Petrol,https://manheim.co.nz/damaged-vehicles/000000000007413579/2001-grillo-series-9-mower-mower--ride-on-?referringPage=SearchResults
Ford,Focus,2009,No,$500,N/A,," Left Front Damage, Selling De-Registered","Automatic,",5,Petrol,https://manheim.co.nz/damaged-vehicles/000000000007433581/2009-ford-focus-2-0-auto-hatch?referringPage=SearchResults
Ford,Falcon,2005,No,$0,N/A,," Left Front Damage, Left Side Damage, Right Front Damage, Selling De-Registered","Automatic,",5,Petrol,https://manheim.co.nz/damaged-vehicles/000000000007433585/2005-ford-falcon-ba-xt-w-fa-station-wagon?referringPage=SearchResults
Ford,Territory,2005,No,$600,N/A,," Right Front Damage, Structural Damage, Selling De-Registered","5spd Automatic,",7,Petrol,https://manheim.co.nz/damaged-vehicles/000000000007433603/2005-ford-territory-ghia-awd-station-wagon?referringPage=SearchResults
Mazda,Atenza,2014,No,$700,N/A,," Front Damage, Structural Damage, Selling De-Registered","Automatic,",5,Diesel,https://manheim.co.nz/damaged-vehicles/000000000007433606/2014-mazda-atenza-sedan?referringPage=SearchResults
Toyota,Aqua,2018,No,"$2,300",N/A,," Left Side Damage, Structural Damage, Selling De-Registered","Automatic,",5,Hybrid,https://manheim.co.nz/damaged-vehicles/000000000007433608/2018-toyota-aqua-hatch?referringPage=SearchResults
Toyota,RAV4,2018,No,N/A,N/A,," Front Damage, Right Rear Damage, Right Side Damage, Structural Damage, Suspension Damage, Selling De-Registered","Automatic,",5,Petrol,https://manheim.co.nz/damaged-vehicles/000000000007433610/2018-toyota-rav4-gxl-suv-2-0p-cvt-sw-station-wagon?referringPage=SearchResults
Ford,Falcon,2003,No,$0,N/A,," Left Front Damage, Right Front Damage, Dismantled - Interior, Selling De-Registered","Automatic,",5,Petrol,https://manheim.co.nz/damaged-vehicles/000000000007433612/2003-ford-falcon-sedan?referringPage=SearchResults
Ford,Falcon,2002,No,$0,N/A,, Selling De-Registered,N/A,5,Petrol,https://manheim.co.nz/damaged-vehicles/000000000007433619/2002-ford-falcon-auiii-xr6-4fa-sedan?referringPage=SearchResults
Toyota,Ractis,2011,No,$500,N/A,," Front Damage, Structural Damage, Selling De-Registered",N/A,5,Petrol,https://manheim.co.nz/damaged-vehicles/000000000007433631/2011-toyota-ractis-hatch?referringPage=SearchResults
Holden,Barina,2013,No,$0,N/A,," Left Front Damage, Right Front Damage, Selling De-Registered","Automatic,",5,Petrol,https://manheim.co.nz/damaged-vehicles/000000000007433637/2013-holden-barina-cd-1-6p6a-ha5s-hatch?referringPage=SearchResults
Toyota,Crown,2009,No,$700,"77,268",," Front Damage, Structural Damage, Selling De-Registered",N/A,5,Petrol,https://manheim.co.nz/damaged-vehicles/000000000007433639/2009-toyota-crown-royal-saloon-sedan?referringPage=SearchResults
Mitsubishi,Colt,2006,Yes,$550,"80,533",," Rear Damage, Selling Registered",N/A,5,Petrol,https://manheim.co.nz/damaged-vehicles/000000000007433642/2006-mitsubishi-colt-plus-hatch?referringPage=SearchResults
Ford,Focus,2017,No,$500,N/A,," Left Side Damage, Right Side Damage, Structural Damage, Selling De-Registered","Automatic,",5,Petrol,https://manheim.co.nz/damaged-vehicles/000000000007433643/2017-ford-focus-station-wagon?referringPage=SearchResults
Kia,RIO,2016,No,"$1,300",N/A,," Left Front Damage, Structural Damage, Selling De-Registered","Automatic,",5,Petrol,https://manheim.co.nz/damaged-vehicles/000000000007433644/2016-kia-rio-lx-1-4p-4at-ha-5dr--hatch?referringPage=SearchResults
Toyota,Camry,2012,No,"$1,300",N/A,," Left Side Damage, Structural Damage, Selling De-Registered",N/A,5,Hybrid,https://manheim.co.nz/damaged-vehicles/000000000007433645/2012-toyota-camry-sedan?referringPage=SearchResults
Mazda,Demio,2008,No,$500,N/A,," Front Damage, Structural Damage, Selling De-Registered","Automatic,",5,Petrol,https://manheim.co.nz/damaged-vehicles/000000000007433647/2008-mazda-demio-hatch?referringPage=SearchResults
Mazda,Axela,2007,No,$400,"125,894",," Left Side Damage, Structural Damage, Suspension Damage, Selling De-Registered",N/A,5,Petrol,https://manheim.co.nz/damaged-vehicles/000000000007433648/2007-mazda-axela-hatch?referringPage=SearchResults
Nissan,Skyline,2006,No,$1,N/A,," Fire - Entire Vehicle, Structural Damage, Fire Damaged, Selling De-Registered",N/A,5,Petrol,https://manheim.co.nz/damaged-vehicles/000000000007433656/2006-nissan-skyline-250gt-sedan?referringPage=SearchResults
Holden,Captiva,2015,Yes,$800,"309,856",," Left Side Damage, Selling Registered","Automatic,",7,Diesel,https://manheim.co.nz/damaged-vehicles/000000000007433673/2015-holden-captiva-7-ltz-2-2d-4wd-6at--station-wagon?referringPage=SearchResults
Toyota,Prius,2016,No,N/A,N/A,," Rear Damage, Structural Damage, Selling De-Registered","Automatic,",5,Hybrid,https://manheim.co.nz/damaged-vehicles/000000000007433683/2016-toyota-prius-station-wagon?referringPage=SearchResults
Nissan,Juke,2010,No,$500,"119,176",," Front Damage, Left Rear Damage, Structural Damage, Selling De-Registered","Automatic,",5,Petrol,https://manheim.co.nz/damaged-vehicles/000000000007433691/2010-nissan-juke-hatch?referringPage=SearchResults
Toyota,Hilux,2005,No,N/A,"332,447",," Left Side Damage, Rear Damage, Structural Damage, Selling De-Registered","Automatic,",5,Petrol,https://manheim.co.nz/damaged-vehicles/000000000007433692/2005-toyota-hilux-utility?referringPage=SearchResults
Toyota,Vitz,2005,No,$650,"235,201",," Rear Damage, Structural Damage, Selling De-Registered","5spd Automatic,",5,Petrol,https://manheim.co.nz/damaged-vehicles/000000000007433693/2005-toyota-vitz-hatch?referringPage=SearchResults
Ford,Kuga,2013,No,$100,N/A,," Front Damage, Fire Damage, Selling De-Registered","Automatic,",5,Petrol,https://manheim.co.nz/damaged-vehicles/000000000007433694/2013-ford-kuga-awd-1-6p-ecoboost-a-station-wagon?referringPage=SearchResults
Toyota,Aqua,2014,No,"$1,500","114,317",," Front Damage, Rear Damage, Structural Damage, Selling De-Registered","Automatic,",5,Hybrid,https://manheim.co.nz/damaged-vehicles/000000000007433705/2014-toyota-aqua-hatch?referringPage=SearchResults
Toyota,Prius,2015,No,$700,N/A,," Right Rear Damage, Structural Damage, Selling De-Registered","Automatic,",5,Hybrid,https://manheim.co.nz/damaged-vehicles/000000000007433707/2015-toyota-prius-hybrid-synergy-driv-hatch?referringPage=SearchResults
Ford,Mondeo,2002,No,$0,N/A,," Left Front Damage, Left Rear Damage, Right Front Damage, Right Rear Damage, Selling De-Registered","Manual,",5,Petrol,https://manheim.co.nz/damaged-vehicles/000000000007433708/2002-ford-mondeo-zetec-2-0-man-hatch?referringPage=SearchResults
Lexus,GS350,2015,No,"$1,500",N/A,," Water Damage, Selling De-Registered",N/A,5,Petrol,https://manheim.co.nz/damaged-vehicles/000000000007423704/2015-lexus-gs350-sedan?referringPage=SearchResults
Toyota,Camry,2018,No,N/A,N/A,," Front Damage, Left Front Damage, Left Side Damage, Structural Damage, Suspension Damage, Selling De-Registered",N/A,5,Hybrid,https://manheim.co.nz/damaged-vehicles/000000000007433718/2018-toyota-camry-hybrid-sedan?referringPage=SearchResults
Ford,Falcon UTE,2006,No,$650,N/A,," Left Front Damage, Left Rear Damage, Right Front Damage, Airbags Deployed, Dismantled - Interior, Selling De-Registered",N/A,2,Petrol,https://manheim.co.nz/damaged-vehicles/000000000007433725/2006-ford-falcon-ute-dual-cab-utility?referringPage=SearchResults
Suzuki,GSF1250,2007,No,$0,"62,144",," Front Damage, Structural Damage, Stolen & Recovered, Selling De-Registered","Manual,",N/A,Petrol,https://manheim.co.nz/damaged-vehicles/000000000007423728/2007-suzuki-gsf1250-sk7-bandit-motorcycle?referringPage=SearchResults
Ford,Mondeo,2004,No,$600,N/A,," Left Front Damage, Right Front Damage, Right Side Damage, Airbags Deployed, Selling De-Registered",N/A,5,Petrol,https://manheim.co.nz/damaged-vehicles/000000000007433743/2004-ford-mondeo-centennial-2-0-sedan?referringPage=SearchResults
Toyota,Hilux,2005,No,N/A,"215,820",," Engine Damage, Left Side Damage, Structural Damage, Selling De-Registered","Automatic,",3,Diesel,https://manheim.co.nz/damaged-vehicles/000000000007433749/2005-toyota-hilux-3-0td-4wd-s-c-c-c-5-cab-chassis?referringPage=SearchResults
Mitsubishi,Outlander,2009,No,$0,N/A,," Left Front Damage, Rear Damage, Right Rear Damage, Structural Damage, Selling De-Registered","CVT,",7,Petrol,https://manheim.co.nz/damaged-vehicles/000000000007433757/2009-mitsubishi-outlander-station-wagon?referringPage=SearchResults
Hyundai,Getz,2004,Yes,$200,"181,803",," Rear Damage, Right Rear Damage, Selling Registered","5spd Manual,",5,Petrol,https://manheim.co.nz/damaged-vehicles/000000000007423790/2004-hyundai-getz-1-3-gl-5dr-m5-hatch?referringPage=SearchResults
Volkswagen,Touran,2006,Yes,"$1,300",N/A,, Selling Registered,"Automatic,",5,Petrol,https://manheim.co.nz/damaged-vehicles/000000000007413817/2006-volkswagen-touran-2-0-fsi-station-wagon?referringPage=SearchResults
Toyota,Prius,2013,No,$700,"310,454",," Rear Damage, Structural Damage, Selling De-Registered","Automatic,",5,Hybrid,https://manheim.co.nz/damaged-vehicles/000000000007433811/2013-toyota-prius-hybrid-hatch?referringPage=SearchResults
Toyota,Markx,2005,No,$700,"174,088",," Rear Damage, Structural Damage, Selling De-Registered","Automatic,",5,Petrol,https://manheim.co.nz/damaged-vehicles/000000000007433823/2005-toyota-markx-sedan?referringPage=SearchResults
Nissan,Tiida,2006,No,$650,"112,664",," Front Damage, Structural Damage, Selling De-Registered",N/A,5,Petrol,https://manheim.co.nz/damaged-vehicles/000000000007423821/2006-nissan-tiida-sedan?referringPage=SearchResults
Nissan,Skyline,2007,No,$0,"149,434",," Water Damage, Selling De-Registered",N/A,5,Petrol,https://manheim.co.nz/damaged-vehicles/000000000007423826/2007-nissan-skyline-sedan?referringPage=SearchResults
Toyota,Aqua,2015,No,"$1,300","113,656",," Glass Broken, Rear Damage, Structural Damage, Selling De-Registered",N/A,5,Hybrid,https://manheim.co.nz/damaged-vehicles/000000000007423833/2015-toyota-aqua-hatch?referringPage=SearchResults
Mazda,CX-5,2012,No,$650,"247,035",," Left Rear Damage, Structural Damage, Selling De-Registered","Automatic,",5,Petrol,https://manheim.co.nz/damaged-vehicles/000000000007423834/2012-mazda-cx-5-station-wagon?referringPage=SearchResults
Toyota,86,2013,No,N/A,N/A,," Left Front Damage, Structural Damage, Selling De-Registered",N/A,4,Petrol,https://manheim.co.nz/damaged-vehicles/000000000007423836/2013-toyota-86-coup%C3%A9?referringPage=SearchResults
Honda,fit,2012,No,$600,N/A,," Front Damage, Airbags Deployed, Structural Damage, Selling De-Registered","Automatic,",5,Petrol,https://manheim.co.nz/damaged-vehicles/000000000007433830/2012-honda-fit-shuttle-station-wagon?referringPage=SearchResults
Volkswagen,Golf,2009,No,$500,"164,235",, Selling De-Registered,"Automatic,",5,Petrol,https://manheim.co.nz/damaged-vehicles/000000000007413844/2009-volkswagen-golf-gti-hatch?referringPage=SearchResults
Lexus,IS350,2011,No,$700,N/A,," Right Side Damage, Structural Damage, Selling De-Registered",N/A,5,Petrol,https://manheim.co.nz/damaged-vehicles/000000000007433861/2011-lexus-is350-3-5p-f-sport-sdn-6a-sedan?referringPage=SearchResults
Toyota,Isis,2004,No,$500,"183,754",," Front Damage, Structural Damage, Selling De-Registered","Automatic,",7,Petrol,https://manheim.co.nz/damaged-vehicles/000000000007433862/2004-toyota-isis-station-wagon?referringPage=SearchResults
BMW,Mini,2015,No,"$1,500","129,180",," Front Damage, Right Side Damage, Structural Damage, Selling De-Registered","Manual,",5,Petrol,https://manheim.co.nz/damaged-vehicles/000000000007433864/2015-bmw-mini-crossover-hatch?referringPage=SearchResults
BMW,550i,2010,No,$700,"201,760",," Front Damage, Structural Damage, Selling De-Registered","Automatic,",5,Petrol,https://manheim.co.nz/damaged-vehicles/000000000007433865/2010-bmw-550i-sedan-8a-4dr-4-5l-sedan?referringPage=SearchResults
Subaru,Impreza,2004,No,$500,"152,045",," Vandalised - Interior, Structural Damage, Selling De-Registered","Automatic,",5,Petrol,https://manheim.co.nz/damaged-vehicles/000000000007433869/2004-subaru-impreza-station-wagon?referringPage=SearchResults
Volkswagen,Golf,2009,No,$500,N/A,," Left Front Damage, Left Rear Damage, Left Side Damage, Airbags Deployed, Structural Damage, Selling De-Registered","Automatic,",5,Petrol,https://manheim.co.nz/damaged-vehicles/000000000007433870/2009-volkswagen-golf-hatch?referringPage=SearchResults
Nissan,Dualis,2007,No,$500,N/A,," Front Damage, Left Front Damage, Left Rear Damage, Right Front Damage, Structural Damage, Selling De-Registered","Automatic,",5,Petrol,https://manheim.co.nz/damaged-vehicles/000000000007433881/2007-nissan-dualis-station-wagon?referringPage=SearchResults
Nissan,Bluebird,2006,Yes,$800,N/A,," Front Damage, Interior Damage, Left Side Damage, Vandalised - Interior, Stolen & Recovered, Selling Registered","Automatic,",5,Petrol,https://manheim.co.nz/damaged-vehicles/000000000007433882/2006-nissan-bluebird-sylphy-sedan?referringPage=SearchResults
Toyota,Aqua,2014,No,$700,"142,058",," Rear Damage, Structural Damage, Selling De-Registered","Automatic,",5,Hybrid,https://manheim.co.nz/damaged-vehicles/000000000007433885/2014-toyota-aqua-hatch?referringPage=SearchResults
Honda,Stream,2008,No,$600,N/A,," Left Side Damage, Structural Damage, Selling De-Registered","Automatic,",7,Petrol,https://manheim.co.nz/damaged-vehicles/000000000007433888/2008-honda-stream-rsz-station-wagon?referringPage=SearchResults
Toyota,Kluger,2006,No,$700,"305,184",," Front Damage, Airbags Deployed, Structural Damage, Selling De-Registered","Automatic,",7,Hybrid,https://manheim.co.nz/damaged-vehicles/000000000007433921/2006-toyota-kluger-hybrid-e-four-station-wagon?referringPage=SearchResults
Toyota,Alphard,2007,No,$500,N/A,," Rolled, Structural Damage, Selling De-Registered","Automatic,",8,Petrol,https://manheim.co.nz/damaged-vehicles/000000000007433924/2007-toyota-alphard-station-wagon?referringPage=SearchResults
Toyota,Corolla,2014,No,$700,N/A,," Right Side Damage, Structural Damage, Selling De-Registered",N/A,5,Hybrid,https://manheim.co.nz/damaged-vehicles/000000000007433927/2014-toyota-corolla-hatch?referringPage=SearchResults
Toyota,Corolla,1992,No,$500,"356,778",," Right Side Damage, Structural Damage, Selling De-Registered",N/A,5,Petrol,https://manheim.co.nz/damaged-vehicles/000000000007433929/1992-toyota-corolla-fxgt-hatch?referringPage=SearchResults
Honda,Civic,1997,Yes,$200,"231,114",," Interior Damage, Stolen & Recovered, Selling Registered","Automatic,",5,Petrol,https://manheim.co.nz/damaged-vehicles/000000000007433941/1997-honda-civic-hatch?referringPage=SearchResults
Nissan,Skyline,2009,No,$600,N/A,," Front Damage, Airbags Deployed, Structural Damage, Selling De-Registered",N/A,5,Petrol,https://manheim.co.nz/damaged-vehicles/000000000007433942/2009-nissan-skyline-250-gt-sedan?referringPage=SearchResults
Toyota,Corolla,2022,No,N/A,"174,704",," Front Damage, Right Front Damage, Structural Damage, Selling De-Registered","Automatic,",5,Hybrid,https://manheim.co.nz/damaged-vehicles/000000000007433943/2022-toyota-corolla-gx-1-8ph-hd-hatch?referringPage=SearchResults
Subaru,Outback,2016,No,"$2,300",N/A,," Rear Damage, Structural Damage, Selling De-Registered","Automatic,",5,Petrol,https://manheim.co.nz/damaged-vehicles/000000000007433944/2016-subaru-outback-2-5p-4wd-6cvt-sw-5d-station-wagon?referringPage=SearchResults
Nissan,Fuga,2013,Yes,$850,"157,607",," Front Damage, Selling Registered","Automatic,",5,Petrol,https://manheim.co.nz/damaged-vehicles/000000000007433947/2013-nissan-fuga-370-gt-sedan?referringPage=SearchResults
Mazda,Axela,2004,No,$600,"240,618",," Left Front Damage, Structural Damage, Selling De-Registered",N/A,N/A,Petrol,https://manheim.co.nz/damaged-vehicles/000000000007433948/2004-mazda-axela-hatch?referringPage=SearchResults
Mazda,Axela,2010,No,$550,N/A,," Rear Damage, Structural Damage, Selling De-Registered","Automatic,",5,Petrol,https://manheim.co.nz/damaged-vehicles/000000000007433949/2010-mazda-axela-hatch?referringPage=SearchResults
Ford,Mondeo,2009,No,$500,"246,928",," Front Damage, Airbags Deployed, Structural Damage, Selling De-Registered","Automatic,",5,Diesel,https://manheim.co.nz/damaged-vehicles/000000000007423944/2009-ford-mondeo-wag-2-0td-auto-station-wagon?referringPage=SearchResults
Toyota,Corolla,2013,No,$700,"63,542",," Right Front Damage, Structural Damage, Selling De-Registered","Automatic,",5,Petrol,https://manheim.co.nz/damaged-vehicles/000000000007433950/2013-toyota-corolla-station-wagon?referringPage=SearchResults
Subaru,WRX,2014,No,$0,"101,334",," Airbags Deployed, Front Damage, Structural Damage, Selling De-Registered",N/A,5,Petrol,https://manheim.co.nz/damaged-vehicles/000000000007423989/2014-subaru-wrx-s4-sedan?referringPage=SearchResults
Toyota,Landcruiser Prado,2010,Yes,N/A,"222,686",," Left Side Damage, Right Front Damage, Stolen & Recovered, Selling Registered","5spd Automatic,",7,Diesel,https://manheim.co.nz/damaged-vehicles/000000000007433991/2010-toyota-landcruiser-prado-vx-3-0td-5a-station-wagon?referringPage=SearchResults
Toyota,Yaris Cross,2020,No,N/A,N/A,," Front Damage, Airbags Deployed, Structural Damage, Selling De-Registered","Automatic,",5,Hybrid,https://manheim.co.nz/damaged-vehicles/000000000007433992/2020-toyota-yaris-cross-station-wagon?referringPage=SearchResults
Ford,Courier,2000,No,$1,N/A,," Fire Damage, Structural Damage, Stolen & Recovered, Selling De-Registered",N/A,5,Diesel,https://manheim.co.nz/damaged-vehicles/000000000007433993/2000-ford-courier-xl-crew-cab-svp-dual-cab-utility?referringPage=SearchResults
Ford,Fiesta,2013,No,$500,N/A,," Right Rear Damage, Right Side Damage, Structural Damage, Suspension Damage, Selling De-Registered","Automatic,",5,Petrol,https://manheim.co.nz/damaged-vehicles/000000000007433994/2013-ford-fiesta-5dr-1-6-lx-a-hatch?referringPage=SearchResults
Mazda,Demio,2005,No,$400,"147,929",," Front Damage, Left Front Damage, Left Side Damage, Right Front Damage, Structural Damage, Suspension Damage, Selling De-Registered",N/A,5,Petrol,https://manheim.co.nz/damaged-vehicles/000000000007433995/2005-mazda-demio-hatch?referringPage=SearchResults
Honda,CRV,2011,No,$500,"144,277",," Front Damage, Structural Damage, Selling De-Registered",N/A,5,Petrol,https://manheim.co.nz/damaged-vehicles/000000000007433996/2011-honda-crv-2-4p-sport-5a-4dr-w-van?referringPage=SearchResults
Mazda,BT-50,2011,No,"$1,500",N/A,," Fire Damage, Interior Damage, Structural Damage, Stolen & Recovered, Selling De-Registered",N/A,5,Diesel,https://manheim.co.nz/damaged-vehicles/000000000007433998/2011-mazda-bt-50-d-cab-w-s-2wd-sdx-dual-cab-utility?referringPage=SearchResults
Toyota,Hiace,2006,No,N/A,"215,826",," Left Rear Damage, Right Side Damage, Structural Damage, Selling De-Registered","4spd Automatic,",10,Petrol,https://manheim.co.nz/damaged-vehicles/000000000007433999/2006-toyota-hiace-van?referringPage=SearchResults
Honda,Jazz,2005,No,$600,"197,907",," Front Damage, Airbags Deployed, Structural Damage, Selling De-Registered","4spd Automatic,",5,Petrol,https://manheim.co.nz/damaged-vehicles/000000000007434000/2005-honda-jazz-sport-hatch?referringPage=SearchResults
Ford,Territory,2004,No,$500,N/A,," Left Front Damage, Left Side Damage, Dismantled - Entire Vehicle, Selling De-Registered","Automatic,",7,Petrol,https://manheim.co.nz/damaged-vehicles/000000000007394058/2004-ford-territory-tx-rwd-station-wagon?referringPage=SearchResults
Mitsubishi,ASX,2026,No,"$4,500","14,635",," Right Front Damage, Right Side Damage, Selling De-Registered","CVT,",5,Petrol,https://manheim.co.nz/damaged-vehicles/000000000007414075/2026-mitsubishi-asx-ls-2-0p-cvt-station-wagon?referringPage=SearchResults
Kawasaki,ex,2022,Yes,$0,"8,557",," Rear Damage, Selling Registered","Manual,",N/A,Petrol,https://manheim.co.nz/damaged-vehicles/000000000007424078/2022-kawasaki-ex-400gpfnn-motorcycle?referringPage=SearchResults
Toyota,Hilux,1998,No,"$1,500","267,493",," Front Damage, Left Front Damage, Right Front Damage, Structural Damage, Selling De-Registered","Automatic,",5,Petrol,https://manheim.co.nz/damaged-vehicles/000000000007434088/1998-toyota-hilux-surf-station-wagon?referringPage=SearchResults
Mazda,Atenza,2002,Yes,$500,N/A,," Right Rear Damage, Right Side Damage, Selling Registered",N/A,5,Petrol,https://manheim.co.nz/damaged-vehicles/000000000007434095/2002-mazda-atenza-2300-station-wagon?referringPage=SearchResults
Toyota,Caldina,1998,No,$500,"90,883",," Left Side Damage, Structural Damage, Selling De-Registered","4spd Automatic,",5,Petrol,https://manheim.co.nz/damaged-vehicles/000000000007434124/1998-toyota-caldina-station-wagon?referringPage=SearchResults
Citroen,C3,2018,No,"$1,500","33,662",," Right Front Damage, Right Rear Damage, Right Side Damage, Dismantled - Interior, Structural Damage, Selling De-Registered","Automatic,",5,Petrol,https://manheim.co.nz/damaged-vehicles/000000000007434127/2018-citroen-c3-aircross-shine-1-2p-hatch?referringPage=SearchResults
Mazda,Roadster,2007,No,"$1,650","128,469",," Left Rear Damage, Structural Damage, Suspension Damage, Selling De-Registered","Automatic,",2,Petrol,https://manheim.co.nz/damaged-vehicles/000000000007434128/2007-mazda-roadster-coup%C3%A9?referringPage=SearchResults
Mercedes-Benz,GL,2013,No,N/A,"222,226",," Interior Damage, Water Damage, Selling De-Registered",N/A,7,Petrol,https://manheim.co.nz/damaged-vehicles/000000000007434134/2013-mercedes-benz-gl-500-blueeff-station-wagon?referringPage=SearchResults
Suzuki,Swift,2008,Yes,$500,"219,649",," Underbody Damage, Selling Registered",N/A,5,Petrol,https://manheim.co.nz/damaged-vehicles/000000000007434135/2008-suzuki-swift-hatch?referringPage=SearchResults
Nissan,Leaf,2016,No,$500,N/A,," Airbags Deployed, Front Damage, Airbags Deployed, Structural Damage, Selling De-Registered",N/A,5,Electric,https://manheim.co.nz/damaged-vehicles/000000000007434136/2016-nissan-leaf-tekna-30kwh-hatch?referringPage=SearchResults
Subaru,Outback,2012,No,$400,N/A,," Engine Damage, Front Damage, Glass Broken, Has Key, Structural Damage, Selling De-Registered",N/A,5,Petrol,https://manheim.co.nz/damaged-vehicles/000000000007434137/2012-subaru-outback-station-wagon?referringPage=SearchResults
Subaru,Forester,2005,Yes,"$1,000","155,865",," Stolen & Recovered, Selling Registered","Automatic,",5,Petrol,https://manheim.co.nz/damaged-vehicles/000000000007434138/2005-subaru-forester-station-wagon?referringPage=SearchResults
Mazda,Demio,2003,Yes,$400,"257,003",," Glass Broken, Interior Damage, Stolen & Recovered, Selling Registered","Automatic,",5,Petrol,https://manheim.co.nz/damaged-vehicles/000000000007434140/2003-mazda-demio-hatch?referringPage=SearchResults
Honda,Freed,2011,No,$500,"147,169",," Right Rear Damage, Structural Damage, Selling De-Registered","Automatic,",7,Petrol,https://manheim.co.nz/damaged-vehicles/000000000007434150/2011-honda-freed-station-wagon?referringPage=SearchResults
Hyundai,I20,2010,Yes,$800,N/A,," Left Rear Damage, Right Front Damage, Right Side Damage, Selling Registered",N/A,5,Petrol,https://manheim.co.nz/damaged-vehicles/000000000007434152/2010-hyundai-i20-1-4-a4-hatch?referringPage=SearchResults
Mazda,Premacy,2007,No,$500,"256,706",," Rear Damage, Right Rear Damage, Structural Damage, Selling De-Registered","Automatic,",7,Petrol,https://manheim.co.nz/damaged-vehicles/000000000007434161/2007-mazda-premacy-station-wagon?referringPage=SearchResults
Jeep,Grand Cherokee,2015,No,"$2,300","232,715",," Right Side Damage, Structural Damage, Selling De-Registered","Automatic,",5,Diesel,https://manheim.co.nz/damaged-vehicles/000000000007434163/2015-jeep-grand-cherokee-limited-3-0d4wd8a-s-station-wagon?referringPage=SearchResults
Honda,Hr-v,2016,No,"$1,500",N/A,," Interior Damage, Water Damage, Selling De-Registered","Automatic,",5,Petrol,https://manheim.co.nz/damaged-vehicles/000000000007434165/2016-honda-hr-v-sport-1-8p-cvt-sw-5-station-wagon?referringPage=SearchResults
Suzuki,Liana,2006,Yes,$900,"144,115",," Left Front Damage, Left Rear Damage, Rear Damage, Selling Registered","Automatic,",5,Petrol,https://manheim.co.nz/damaged-vehicles/000000000007434166/2006-suzuki-liana-hatch-glx-1-6-5dr-hatch?referringPage=SearchResults
Ford,Focus,2002,No,$500,"222,253",," Front Damage, Rear Damage, Structural Damage, Selling De-Registered","Automatic,",5,Petrol,https://manheim.co.nz/damaged-vehicles/000000000007434167/2002-ford-focus-hatch?referringPage=SearchResults
Toyota,Hiace,2010,No,"$2,300",N/A,," Structural Damage, Selling De-Registered","Automatic,",3,Petrol,https://manheim.co.nz/damaged-vehicles/000000000007414160/2010-toyota-hiace-van?referringPage=SearchResults
BMW,116i,2015,No,"$1,500","144,353",," Front Damage, Structural Damage, Selling De-Registered","Automatic,",5,Petrol,https://manheim.co.nz/damaged-vehicles/000000000007424171/2015-bmw-116i-hatch?referringPage=SearchResults
Mazda,Demio,2005,No,$600,"201,549",," Front Damage, Glass Broken, Interior Damage, Ignition Damage, Left Rear Damage, Rear Damage, Structural Damage, Stolen & Recovered, Selling De-Registered","Automatic,",5,Petrol,https://manheim.co.nz/damaged-vehicles/000000000007434170/2005-mazda-demio-hatch?referringPage=SearchResults
Kia,Stonic,2021,No,"$2,300","80,688",," Airbags Deployed, Front Damage, Interior Damage, Structural Damage, Selling De-Registered","Automatic,",5,Petrol,https://manheim.co.nz/damaged-vehicles/000000000007434178/2021-kia-stonic-lx-1-4p-6at-hatch?referringPage=SearchResults
Ford,Ranger,2014,No,N/A,N/A,," Front Damage, Left Front Damage, Left Rear Damage, Roof Damage, Right Front Damage, Structural Damage, Selling De-Registered","Automatic,",5,Diesel,https://manheim.co.nz/damaged-vehicles/000000000007434191/2014-ford-ranger-3-2td-wildtrak-4x4-dual-cab-utility?referringPage=SearchResults
Ford,Falcon,2015,No,N/A,"125,630",," Front Damage, Structural Damage, Selling De-Registered","Automatic,",5,Petrol,https://manheim.co.nz/damaged-vehicles/000000000007434192/2015-ford-falcon-g6e-sedan-auto-4-0p-sedan?referringPage=SearchResults
Kia,Seltos,2026,No,N/A,"4,972",," Left Side Damage, Structural Damage, Selling De-Registered",N/A,5,Petrol,https://manheim.co.nz/damaged-vehicles/000000000007434193/2026-kia-seltos-lx-2-0p-iv-station-wagon?referringPage=SearchResults
Mazda,Demio,2012,No,$200,"139,441",," Rear Damage, Structural Damage, Selling De-Registered","Automatic,",5,Petrol,https://manheim.co.nz/damaged-vehicles/000000000007434196/2012-mazda-demio-hatch?referringPage=SearchResults
Holden,Commodore,2013,No,$800,"190,307",," Left Front Damage, Rear Damage, Structural Damage, Selling De-Registered","Automatic,",5,Petrol,https://manheim.co.nz/damaged-vehicles/000000000007434197/2013-holden-commodore-sv6-z-series-wgn-at-station-wagon?referringPage=SearchResults
Ford,Courier,2005,Yes,N/A,"439,837",, Selling Registered,"5spd Manual,",3,Petrol,https://manheim.co.nz/damaged-vehicles/000000000007434198/2005-ford-courier-2-6p-xl-c-c-4x2-utility?referringPage=SearchResults
Isuzu,D-max,2016,No,N/A,N/A,," Airbags Deployed, Front Damage, Left Front Damage, Roof Damage, Right Side Damage, Airbags Deployed, Structural Damage, Selling De-Registered","Automatic,",5,Diesel,https://manheim.co.nz/damaged-vehicles/000000000007434199/2016-isuzu-d-max-ls-dc-3-0d-4wd-5at--utility?referringPage=SearchResults
Toyota,Platz,2006,No,$500,"168,172",," Left Rear Damage, Right Front Damage, Structural Damage, Selling De-Registered","Automatic,",5,Petrol,https://manheim.co.nz/damaged-vehicles/000000000007434204/2006-toyota-platz-sedan?referringPage=SearchResults
CAN AM850,Outlander,2023,No,$0,"171,753",," Frame Damaged, Structural Damage, Suspension Damage, Selling De-Registered",Automati,N/A,N/A,https://manheim.co.nz/damaged-vehicles/000000000007434209/2023-can-am850-outlander-quad-bike?referringPage=SearchResults
Toyota,Funcargo,2003,No,$500,"230,233",," Left Rear Damage, Structural Damage, Suspension Damage, Selling De-Registered","Automatic,",5,Petrol,https://manheim.co.nz/damaged-vehicles/000000000007434213/2003-toyota-funcargo-station-wagon?referringPage=SearchResults
Toyota,BB,2006,Yes,$750,N/A,," Right Rear Damage, Right Side Damage, Suspension Damage, Selling Registered","Automatic,",5,Petrol,https://manheim.co.nz/damaged-vehicles/000000000007434252/2006-toyota-bb-station-wagon?referringPage=SearchResults
BMW,X5,2004,Yes,$600,"268,572",," Front Damage, Selling Registered","Automatic,",5,Petrol,https://manheim.co.nz/damaged-vehicles/000000000007434253/2004-bmw-x5-touring?referringPage=SearchResults
Ford,Focus,2008,No,$500,N/A,," Left Front Damage, Structural Damage, Suspension Damage, Selling De-Registered",N/A,5,Petrol,https://manheim.co.nz/damaged-vehicles/000000000007434258/2008-ford-focus-2-0-a-hatch-hatch?referringPage=SearchResults
Nissan,X-trail,2008,No,$600,"254,256",," Front Damage, Left Side Damage, Structural Damage, Selling De-Registered","4spd Automatic,",5,Petrol,https://manheim.co.nz/damaged-vehicles/000000000007434259/2008-nissan-x-trail-station-wagon?referringPage=SearchResults
Toyota,Platz,1999,Yes,$500,"225,231",," Front Damage, Selling Registered","4spd Automatic,",5,Petrol,https://manheim.co.nz/damaged-vehicles/000000000007434260/1999-toyota-platz-sedan?referringPage=SearchResults
Ford,Falcon,2007,No,$0,N/A,, Selling De-Registered,"Automatic,",5,Petrol,https://manheim.co.nz/damaged-vehicles/000000000007434268/2007-ford-falcon-bf2-xt-sedan-fa-sedan?referringPage=SearchResults
Honda,Odyssey,2007,No,"$1,300","84,298",," Import, Left Front Damage, Right Rear Damage, Selling De-Registered","Automatic,",8,Petrol,https://manheim.co.nz/damaged-vehicles/000000000007424296/2007-honda-odyssey-absolute-station-wagon?referringPage=SearchResults
Toyota,Aqua,2014,No,$700,N/A,," Left Front Damage, Left Side Damage, Structural Damage, Selling De-Registered","Automatic,",5,Hybrid,https://manheim.co.nz/damaged-vehicles/000000000007434308/2014-toyota-aqua-hatch?referringPage=SearchResults
Mazda,Biante,2010,No,$500,N/A,," Rear Damage, Structural Damage, Selling De-Registered","Automatic,",8,Petrol,https://manheim.co.nz/damaged-vehicles/000000000007434312/2010-mazda-biante-station-wagon?referringPage=SearchResults
Mazda,Demio,2006,Yes,$600,"207,891",," Glass Broken, Ignition Damage, Stolen & Recovered, Selling Registered","Automatic,",5,Petrol,https://manheim.co.nz/damaged-vehicles/000000000007434314/2006-mazda-demio-hatch?referringPage=SearchResults
TRAILER,Domestic Trailer,1999,No,$400,N/A,0," Structural Damage, Selling De-Registered",N/A,N/A,N/A,https://manheim.co.nz/damaged-vehicles/000000000007434315/1999-trailer-domestic-trailer-trailer--box-domestic-?referringPage=SearchResults
Mitsubishi,Colt,2005,Yes,$500,"142,882",," Stolen & Recovered, Selling Registered",N/A,N/A,Petrol,https://manheim.co.nz/damaged-vehicles/000000000007434317/2005-mitsubishi-colt-hatch?referringPage=SearchResults
Toyota,Aqua,2012,No,$700,"42,574",," Left Side Damage, Structural Damage, Selling De-Registered","Automatic,",5,Hybrid,https://manheim.co.nz/damaged-vehicles/000000000007434320/2012-toyota-aqua-hatch?referringPage=SearchResults
Nissan,Note,2015,No,$500,N/A,," Rear Damage, Structural Damage, Selling De-Registered","Automatic,",5,Petrol,https://manheim.co.nz/damaged-vehicles/000000000007434326/2015-nissan-note-hatch?referringPage=SearchResults
Nissan,Pathfinder,2014,Yes,N/A,N/A,," Stolen & Recovered, Selling Registered","CVT,",7,Petrol,https://manheim.co.nz/damaged-vehicles/000000000007424329/2014-nissan-pathfinder-3-5p6cvt-sw5d7s-station-wagon?referringPage=SearchResults
Subaru,Foresrter,2008,No,$800,"90,375",," Import, Underbody Damage, Selling De-Registered","Automatic,",5,Petrol,https://manheim.co.nz/damaged-vehicles/000000000007424331/2008-subaru-foresrter-xs-2-0-station-wagon?referringPage=SearchResults
Toyota,Wish,2012,No,$700,N/A,," Front Damage, Structural Damage, Selling De-Registered","Automatic,",7,Petrol,https://manheim.co.nz/damaged-vehicles/000000000007434332/2012-toyota-wish-station-wagon?referringPage=SearchResults
Toyota,Aqua,2014,No,$650,N/A,," Front Damage, Structural Damage, Selling De-Registered","Automatic,",5,Hybrid,https://manheim.co.nz/damaged-vehicles/000000000007434335/2014-toyota-aqua-hybrid-hatch?referringPage=SearchResults
Toyota,Aqua,2013,Yes,N/A,N/A,," Ignition Damage, Vandalised - Interior, Stolen & Recovered, Selling Registered","Automatic,",5,Hybrid,https://manheim.co.nz/damaged-vehicles/000000000007434341/2013-toyota-aqua-hatch?referringPage=SearchResults
Mazda,Atenza,2007,No,$600,"155,411",," Left Rear Damage, Structural Damage, Selling De-Registered","Automatic,",5,Petrol,https://manheim.co.nz/damaged-vehicles/000000000007434343/2007-mazda-atenza-sedan?referringPage=SearchResults
Toyota,Aqua,2014,No,$750,N/A,," Front Damage, Ignition Damage, Left Front Damage, Left Side Damage, Vandalised - Interior, Structural Damage, Stolen & Recovered, Selling De-Registered","Automatic,",5,Hybrid,https://manheim.co.nz/damaged-vehicles/000000000007434344/2014-toyota-aqua-hybrid-hatch?referringPage=SearchResults
BMW,320i,2014,No,"$1,300","81,737",," Left Front Damage, Structural Damage, Suspension Damage, Selling De-Registered","Automatic,",5,Petrol,https://manheim.co.nz/damaged-vehicles/000000000007434349/2014-bmw-320i-touring?referringPage=SearchResults
Toyota,Allex,2004,No,$500,N/A,," Rear Damage, Roof Damage, Airbags Deployed, Structural Damage, Selling De-Registered","Automatic,",5,Petrol,https://manheim.co.nz/damaged-vehicles/000000000007434360/2004-toyota-allex-hatch?referringPage=SearchResults
Ford,Ranger,2019,No,N/A,"116,583",," Front Damage, Right Side Damage, Structural Damage, Selling De-Registered","6spd Automatic,",5,Diesel,https://manheim.co.nz/damaged-vehicles/000000000007434377/2019-ford-ranger-xlt-double-cab-w-sa-utility?referringPage=SearchResults
GWM,Haval H6,2024,No,"$1,650","63,258",," Left Front Damage, Left Side Damage, Structural Damage, Selling De-Registered",N/A,5,Petrol,https://manheim.co.nz/damaged-vehicles/000000000007434389/2024-gwm-haval-h6-gt-ultra-4wd-2-0pt-station-wagon?referringPage=SearchResults
Nissan,March,2003,Yes,$400,N/A,," Front Damage, Glass Broken, Ignition Damage, Left Front Damage, Right Front Damage, Right Rear Damage, Vandalised - Interior, Stolen & Recovered, Selling Registered","Automatic,",5,Petrol,https://manheim.co.nz/damaged-vehicles/000000000007434390/2003-nissan-march-hatch?referringPage=SearchResults
Toyota,Blade,2008,No,$650,"202,836",," Front Damage, Structural Damage, Selling De-Registered","Automatic,",5,Petrol,https://manheim.co.nz/damaged-vehicles/000000000007434402/2008-toyota-blade-hatch?referringPage=SearchResults
BYD,Dolphin,2023,No,N/A,N/A,," Left Front Damage, Left Rear Damage, Right Front Damage, Right Rear Damage, Airbags Deployed, Structural Damage, Selling De-Registered","Automatic,",5,Electric,https://manheim.co.nz/damaged-vehicles/000000000007434417/2023-byd-dolphin-extended-range-60kw-hatch?referringPage=SearchResults
Subaru,Forester,2002,No,$0,"156,468",," Structural Damage, Stolen & Recovered, Selling De-Registered","Automatic,",5,Petrol,https://manheim.co.nz/damaged-vehicles/000000000007434418/2002-subaru-forester-station-wagon?referringPage=SearchResults
Toyota,RAV4,2015,No,$0,N/A,," Front Damage, Structural Damage, Selling De-Registered",N/A,5,Petrol,https://manheim.co.nz/damaged-vehicles/000000000007434420/2015-toyota-rav4-gxl-suv-2-0p-cvt-sw-station-wagon?referringPage=SearchResults
Toyota,Prius,2015,No,$700,N/A,," Left Rear Damage, Right Front Damage, Right Side Damage, Structural Damage, Selling De-Registered","Automatic,",5,Hybrid,https://manheim.co.nz/damaged-vehicles/000000000007434425/2015-toyota-prius-hatch?referringPage=SearchResults
BMW,M235I,2014,No,N/A,"47,040",," Underbody Damage, Structural Damage, Suspension Damage, Selling De-Registered","Automatic,",4,Petrol,https://manheim.co.nz/damaged-vehicles/000000000007434430/2014-bmw-m235i-sedan?referringPage=SearchResults
Subaru,Legacy,2012,No,$500,N/A,," Right Front Damage, Structural Damage, Selling De-Registered","Automatic,",5,Petrol,https://manheim.co.nz/damaged-vehicles/000000000007434472/2012-subaru-legacy-station-wagon?referringPage=SearchResults
Nissan,Tiida,2006,Yes,$800,"155,341",," Ignition Damage, Stolen & Recovered, Selling Registered","Automatic,",5,Petrol,https://manheim.co.nz/damaged-vehicles/000000000007434548/2006-nissan-tiida-hatch?referringPage=SearchResults
Toyota,Prius,2019,No,N/A,"96,565",," Front Damage, Structural Damage, Selling De-Registered","CVT,",5,Hybrid,https://manheim.co.nz/damaged-vehicles/000000000007424564/2019-toyota-prius-hatch?referringPage=SearchResults
Honda,fit,2013,No,$500,N/A,," Front Damage, Structural Damage, Selling De-Registered","Automatic,",5,Hybrid,https://manheim.co.nz/damaged-vehicles/000000000007424565/2013-honda-fit-shuttle-station-wagon?referringPage=SearchResults
Honda,Hr-v,2019,No,"$2,300","99,275",," Front Damage, Structural Damage, Selling De-Registered","Automatic,",5,Petrol,https://manheim.co.nz/damaged-vehicles/000000000007424566/2019-honda-hr-v-active-1-8p-cvt-station-wagon?referringPage=SearchResults
Honda,fit,2013,No,$850,N/A,," Front Damage, Rear Damage, Structural Damage, Selling De-Registered","Automatic,",5,Hybrid,https://manheim.co.nz/damaged-vehicles/000000000007424567/2013-honda-fit-hatch?referringPage=SearchResults
Mitsubishi,Eclipse Cross,2022,No,N/A,"98,594",," Right Side Damage, Structural Damage, Selling De-Registered","Automatic,",5,Hybrid,https://manheim.co.nz/damaged-vehicles/000000000007424569/2022-mitsubishi-eclipse-cross-vrx-phev-4wd-at-station-wagon?referringPage=SearchResults
Mazda,Bongo,2011,No,$500,"192,876",," Rear Damage, Structural Damage, Selling De-Registered","5spd Automatic,",5,Petrol,https://manheim.co.nz/damaged-vehicles/000000000007424572/2011-mazda-bongo-van?referringPage=SearchResults
Mazda,BT-50,2007,No,$0,"350,744",," Front Damage, Structural Damage, Selling De-Registered",N/A,5,Diesel,https://manheim.co.nz/damaged-vehicles/000000000007424581/2007-mazda-bt-50-d-c-w-s-4wd-sdx-5-a-dual-cab-utility?referringPage=SearchResults
Nissan,Maxima,2005,Yes,$500,N/A,," Rear Damage, Selling Registered","Automatic,",5,Petrol,https://manheim.co.nz/damaged-vehicles/000000000007424582/2005-nissan-maxima-st-3-5-auto-sedan?referringPage=SearchResults
Jaguar,F-pace,2018,No,$50,N/A,, Selling De-Registered,N/A,N/A,N/A,https://manheim.co.nz/damaged-vehicles/000000000007424588/2018-jaguar-f-pace-parts-hatch?referringPage=SearchResults
Nissan,Qashqai,2014,No,"$1,500",N/A,," Left Rear Damage, Left Side Damage, Structural Damage, Selling De-Registered","Automatic,",5,Petrol,https://manheim.co.nz/damaged-vehicles/000000000007424589/2014-nissan-qashqai-st-l-2-0p-cvt-hatch?referringPage=SearchResults
Nissan,Bluebird,2010,No,$600,"245,205",," Front Damage, Structural Damage, Selling De-Registered","Automatic,",5,Petrol,https://manheim.co.nz/damaged-vehicles/000000000007414604/2010-nissan-bluebird-sylphy-sedan?referringPage=SearchResults
LDV,V80,2018,No,"$2,300","133,277",," Front Damage, Left Front Damage, Left Side Damage, Structural Damage, Selling De-Registered",N/A,3,Diesel,https://manheim.co.nz/damaged-vehicles/000000000007424610/2018-ldv-v80-bigger-amt-2-5d-6am-high-roof-van?referringPage=SearchResults
Mazda,Axela,2008,No,$200,"198,075",," Right Front Damage, Structural Damage, Selling De-Registered","Automatic,",5,Petrol,https://manheim.co.nz/damaged-vehicles/000000000007434718/2008-mazda-axela-hatch?referringPage=SearchResults
BMW,740i,1998,Yes,$200,"288,833",," Stolen & Recovered, Selling Registered","5spd Automatic,",5,Petrol,https://manheim.co.nz/damaged-vehicles/000000000007434726/1998-bmw-740i-sedan?referringPage=SearchResults
Toyota,Hiace,2012,No,N/A,N/A,," Front Damage, Left Side Damage, Structural Damage, Selling De-Registered",N/A,6,Diesel,https://manheim.co.nz/damaged-vehicles/000000000007434738/2012-toyota-hiace-3-0dt-zl-5m-3-seat-van?referringPage=SearchResults
Mazda,Demio,2010,No,$500,N/A,," Right Side Damage, Structural Damage, Selling De-Registered","Automatic,",5,Petrol,https://manheim.co.nz/damaged-vehicles/000000000007434741/2010-mazda-demio-hatch?referringPage=SearchResults
Honda,Inspire,2005,No,$0,N/A,," Front Damage, Left Rear Damage, Rear Damage, Roof Damage, Right Front Damage, Right Rear Damage, Right Side Damage, Airbags Deployed, Structural Damage, Selling De-Registered","Automatic,",5,Petrol,https://manheim.co.nz/damaged-vehicles/000000000007434745/2005-honda-inspire-sedan?referringPage=SearchResults
Toyota,Altezza,2001,No,$0,"354,020",," Left Rear Damage, Structural Damage, Selling De-Registered","Automatic,",5,Petrol,https://manheim.co.nz/damaged-vehicles/000000000007434751/2001-toyota-altezza-sedan?referringPage=SearchResults
Nissan,Primera,2001,No,$300,"105,881",," Left Side Damage, Structural Damage, Selling De-Registered","4spd Automatic,",5,Petrol,https://manheim.co.nz/damaged-vehicles/000000000007414755/2001-nissan-primera-sedan?referringPage=SearchResults
ROYAL ENFIELD,Bear 650,2025,No,$0,1,," Structural Damage, Selling De-Registered","Automatic,",N/A,Petrol,https://manheim.co.nz/damaged-vehicles/000000000007424821/2025-royal-enfield-bear-650-motorcycle?referringPage=SearchResults
Nissan,Skyline,2014,No,$650,"135,355",," Front Damage, Left Rear Damage, Structural Damage, Selling De-Registered",N/A,5,Hybrid,https://manheim.co.nz/damaged-vehicles/000000000007424834/2014-nissan-skyline-sedan?referringPage=SearchResults
Nissan,Skyline,1998,No,$500,N/A,," Structural Damage, Selling De-Registered",N/A,5,Petrol,https://manheim.co.nz/damaged-vehicles/000000000007424839/1998-nissan-skyline-gt-sedan?referringPage=SearchResults
Honda,fit,2012,No,$550,"68,899",," Rear Damage, Structural Damage, Selling De-Registered",N/A,5,Hybrid,https://manheim.co.nz/damaged-vehicles/000000000007424912/2012-honda-fit-shuttle-station-wagon?referringPage=SearchResults
Toyota,Hiace,2013,No,N/A,N/A,," Left Side Damage, Structural Damage, Selling De-Registered",N/A,3,Petrol,https://manheim.co.nz/damaged-vehicles/000000000007414924/2013-toyota-hiace-zl-2-7p-5m-3-seat-van?referringPage=SearchResults
Toyota,Corolla,2017,No,"$1,450","241,907",," Front Damage, Right Front Damage, Right Side Damage, Structural Damage, Suspension Damage, Selling De-Registered","Automatic,",5,Petrol,https://manheim.co.nz/damaged-vehicles/000000000007414939/2017-toyota-corolla-sedan?referringPage=SearchResults
Suzuki,Swift,2008,No,$500,N/A,," Rear Damage, Structural Damage, Selling De-Registered","Automatic,",5,Petrol,https://manheim.co.nz/damaged-vehicles/000000000007434960/2008-suzuki-swift-glxha2-1-5-5dr-hatch?referringPage=SearchResults
Suzuki,Swift,2008,No,$500,N/A,," Right Rear Damage, Structural Damage, Selling De-Registered",N/A,5,Petrol,https://manheim.co.nz/damaged-vehicles/000000000007434991/2008-suzuki-swift-hatch?referringPage=SearchResults
Toyota,Avensis,2012,No,$700,N/A,," Left Front Damage, Structural Damage, Selling De-Registered","Automatic,",5,Petrol,https://manheim.co.nz/damaged-vehicles/000000000007435002/2012-toyota-avensis-station-wagon?referringPage=SearchResults
Toyota,Avensis,2005,No,$500,"183,390",," Front Damage, Left Front Damage, Right Front Damage, Structural Damage, Selling De-Registered","Automatic,",5,Petrol,https://manheim.co.nz/damaged-vehicles/000000000007435005/2005-toyota-avensis-2-0p-gx-wagon5-5m-station-wagon?referringPage=SearchResults
Subaru,Outback,2006,No,$25,N/A,," Fire Damage, Structural Damage, Stolen & Recovered, Selling De-Registered","Automatic,",5,Petrol,https://manheim.co.nz/damaged-vehicles/000000000007435008/2006-subaru-outback-station-wagon?referringPage=SearchResults
Ford,Falcon BF2 XR6 Sedan Rebel SA,2008,No,$500,"152,605",," Front Damage, Structural Damage, Selling De-Registered","Automatic,",5,Petrol,https://manheim.co.nz/damaged-vehicles/000000000007435013/2008-ford-falcon-bf2-xr6-sedan-rebel-sa-sedan?referringPage=SearchResults
Suzuki,Swift,2020,No,"$2,300","70,081",," Front Damage, Structural Damage, Selling De-Registered","Automatic,",5,Petrol,https://manheim.co.nz/damaged-vehicles/000000000007415012/2020-suzuki-swift-rs-1-0pt-6at-hatch?referringPage=SearchResults
Nissan,Fuga,2007,No,"$1,500",N/A,, Selling De-Registered,N/A,5,Petrol,https://manheim.co.nz/damaged-vehicles/000000000007425020/2007-nissan-fuga-sedan?referringPage=SearchResults
Nissan,Safari,1991,No,$25,N/A,," Fire Damage, Structural Damage, Stolen & Recovered, Selling De-Registered","Automatic,",5,Diesel,https://manheim.co.nz/damaged-vehicles/000000000007435020/1991-nissan-safari-granroad-station-wagon?referringPage=SearchResults
Mazda,MPV,2005,No,$100,"204,976",," Left Side Damage, Rear Damage, Structural Damage, Selling De-Registered","6spd,",7,Petrol,https://manheim.co.nz/damaged-vehicles/000000000007435021/2005-mazda-mpv-station-wagon?referringPage=SearchResults
Toyota,Echo,2005,No,$500,"123,101",," Front Damage, Structural Damage, Selling De-Registered","Automatic,",5,Petrol,https://manheim.co.nz/damaged-vehicles/000000000007435024/2005-toyota-echo-hatch?referringPage=SearchResults
FORZA,Capri LX Motorcycle,2020,No,$0,"3,165",," Front Damage, Structural Damage, Stolen & Recovered, Selling De-Registered","Automatic,",N/A,Petrol,https://manheim.co.nz/damaged-vehicles/000000000007435030/2020-forza-capri-lx-motorcycle-motorcycle?referringPage=SearchResults
Toyota,Aqua,2014,No,$700,N/A,," Left Side Damage, Structural Damage, Selling De-Registered",N/A,5,Hybrid,https://manheim.co.nz/damaged-vehicles/000000000007435031/2014-toyota-aqua-hybrid-hatch?referringPage=SearchResults
Subaru,Impreza,2007,No,$0,"139,976",," Water Damage, Selling De-Registered","Automatic,",5,Petrol,https://manheim.co.nz/damaged-vehicles/000000000007435057/2007-subaru-impreza-station-wagon?referringPage=SearchResults
Honda,Elysion,2004,No,$700,N/A,, Selling De-Registered,N/A,8,Petrol,https://manheim.co.nz/damaged-vehicles/000000000007425052/2004-honda-elysion-station-wagon?referringPage=SearchResults
Mitsubishi,Pajero,2011,No,$0,"199,846",," Left Front Damage, Structural Damage, Selling De-Registered","Automatic,",7,Petrol,https://manheim.co.nz/damaged-vehicles/000000000007435068/2011-mitsubishi-pajero-station-wagon?referringPage=SearchResults
Toyota,Hilux,2023,No,N/A,N/A,," Front Damage, Airbags Deployed, Structural Damage, Selling De-Registered",N/A,2,Diesel,https://manheim.co.nz/damaged-vehicles/000000000007435071/2023-toyota-hilux-sr-td-sc-cc-2-8dt-dual-cab-chassis?referringPage=SearchResults
Ford,Focus,2009,Yes,$600,"243,569",," Ignition Damage, Selling Registered","Automatic,",5,Petrol,https://manheim.co.nz/damaged-vehicles/000000000007435072/2009-ford-focus-1-6-a-hatch-hatch?referringPage=SearchResults
CARAVAN,Compass Omega,2006,No,"$2,000",N/A,0," Left Side Damage, Structural Damage, Selling De-Registered",N/A,N/A,N/A,https://manheim.co.nz/damaged-vehicles/000000000007435073/2006-caravan-compass-omega-caravan?referringPage=SearchResults
Honda,Jazz,2025,No,N/A,"25,615",," Left Side Damage, Roof Damage, Right Side Damage, Airbags Deployed, Structural Damage, Selling De-Registered","4spd Automatic,",5,Hybrid,https://manheim.co.nz/damaged-vehicles/000000000007435074/2025-honda-jazz-e-hev-rs-1-5ph-e-he-hatch?referringPage=SearchResults
Mazda,Verisa,2006,No,$0,N/A,," Rear Damage, Structural Damage, Selling De-Registered",N/A,5,Petrol,https://manheim.co.nz/damaged-vehicles/000000000007435075/2006-mazda-verisa-hatch?referringPage=SearchResults
LITEWEIGHT,Caravette,1986,Yes,$770,N/A,0," Right Side Damage, Selling Registered",N/A,N/A,N/A,https://manheim.co.nz/damaged-vehicles/000000000007435077/1986-liteweight-caravette-camper-trailer?referringPage=SearchResults
Mazda,Demio,2007,Yes,$600,"190,333",," Stolen & Recovered, Selling Registered",N/A,5,Petrol,https://manheim.co.nz/damaged-vehicles/000000000007435080/2007-mazda-demio-hatch?referringPage=SearchResults
Ford,Fiesta,2015,No,$0,"217,819",," Left Rear Damage, Rear Damage, Right Rear Damage, Structural Damage, Selling De-Registered","Automatic,",5,Petrol,https://manheim.co.nz/damaged-vehicles/000000000007435085/2015-ford-fiesta-hatch?referringPage=SearchResults
BMW,323i,2008,No,$0,N/A,," Right Side Damage, Structural Damage, Selling De-Registered",N/A,5,Petrol,https://manheim.co.nz/damaged-vehicles/000000000007415087/2008-bmw-323i-sedan?referringPage=SearchResults
Ford,Escape,2018,No,"$1,500","195,288",," Front Damage, Airbags Deployed, Structural Damage, Selling De-Registered","Automatic,",5,Petrol,https://manheim.co.nz/damaged-vehicles/000000000007425095/2018-ford-escape-ambiente-fwd-petrol-station-wagon?referringPage=SearchResults
Toyota,Corolla,2017,No,$0,"111,109",," Front Damage, Right Front Damage, Structural Damage, Selling De-Registered","Automatic,",5,Petrol,https://manheim.co.nz/damaged-vehicles/000000000007435092/2017-toyota-corolla-glx-1-8p-cvt-hatch?referringPage=SearchResults
FOTON,Tunland,2018,No,$0,N/A,," Front Damage, Left Side Damage, Rear Damage, Structural Damage, Selling De-Registered",N/A,5,Diesel,https://manheim.co.nz/damaged-vehicles/000000000007435093/2018-foton-tunland-4wd-s-2-8dt-4wd-5mt-utility?referringPage=SearchResults
Toyota,Passo,2005,No,$0,N/A,," Left Front Damage, Structural Damage, Selling De-Registered","Automatic,",5,Petrol,https://manheim.co.nz/damaged-vehicles/000000000007435097/2005-toyota-passo-hatch?referringPage=SearchResults
Ford,Kuga,2013,No,$700,"106,792",," Engine Damage, Fire Damage, Left Front Damage, Fire - Engine, Selling De-Registered","6spd Automatic,",5,Petrol,https://manheim.co.nz/damaged-vehicles/000000000007435101/2013-ford-kuga-awd-1-6p-ecoboost-a-station-wagon?referringPage=SearchResults
Mazda,323 Protege,2000,No,$0,"167,793",," Rear Damage, Structural Damage, Selling De-Registered","Manual,",5,Petrol,https://manheim.co.nz/damaged-vehicles/000000000007435103/2000-mazda-323-protege-glxi-sedan?referringPage=SearchResults
Toyota,Hiace,2009,No,$0,N/A,," Front Damage, Interior Damage, Left Side Damage, Rear Damage, Roof Damage, Rolled, Right Side Damage, Structural Damage, Selling De-Registered","Automatic,",11,Petrol,https://manheim.co.nz/damaged-vehicles/000000000007435106/2009-toyota-hiace-2-7p-zl-van-4a-3sea-van?referringPage=SearchResults
Nissan,Leaf,2014,No,$700,"120,241",," Left Side Damage, Right Side Damage, Structural Damage, Selling De-Registered","Automatic, Drive Type, Front Wheel Drive, Fuel Type, Electri",5,Electric,https://manheim.co.nz/damaged-vehicles/000000000007425100/2014-nissan-leaf-hatch?referringPage=SearchResults
Nissan,Tiida,2005,Yes,$550,"132,467",," Front Damage, Ignition Damage, Right Side Damage, Vandalised - Interior, Stolen & Recovered, Selling Registered","4spd Automatic,",5,Petrol,https://manheim.co.nz/damaged-vehicles/000000000007435113/2005-nissan-tiida-hatch?referringPage=SearchResults
Mazda,Axela,2006,No,$0,"218,632",," Structural Damage, Selling De-Registered",N/A,5,Petrol,https://manheim.co.nz/damaged-vehicles/000000000007435114/2006-mazda-axela-sport-hatch?referringPage=SearchResults
Nissan,Serena,2011,No,$0,N/A,," Fire Damage, Structural Damage, Selling De-Registered",N/A,8,Petrol,https://manheim.co.nz/damaged-vehicles/000000000007435115/2011-nissan-serena-station-wagon?referringPage=SearchResults
Volkswagen,Caddy,2013,No,$0,N/A,," Front Damage, Structural Damage, Selling De-Registered","Manual,",2,Petrol,https://manheim.co.nz/damaged-vehicles/000000000007435116/2013-volkswagen-caddy-maxi-van-1-2-man-van?referringPage=SearchResults
Toyota,Caldina,2007,No,$0,"158,572",," Front Damage, Structural Damage, Selling De-Registered","Automatic,",5,Petrol,https://manheim.co.nz/damaged-vehicles/000000000007435117/2007-toyota-caldina-station-wagon?referringPage=SearchResults
Mitsubishi,Lancer,2012,No,$0,"191,365",," Right Side Damage, Structural Damage, Suspension Damage, Selling De-Registered",N/A,5,Petrol,https://manheim.co.nz/damaged-vehicles/000000000007435118/2012-mitsubishi-lancer-2-0p-sei-sedan-auto-sedan?referringPage=SearchResults
Hyundai,I30,2011,No,$0,"156,374",," Left Rear Damage, Structural Damage, Selling De-Registered","Automatic,",5,Diesel,https://manheim.co.nz/damaged-vehicles/000000000007435120/2011-hyundai-i30-1-6-crdi-elite-a4-hatch?referringPage=SearchResults
Mitsubishi,Outlander,2012,No,$0,N/A,," Front Damage, Left Side Damage, Structural Damage, Selling De-Registered","Automatic,",7,Petrol,https://manheim.co.nz/damaged-vehicles/000000000007435123/2012-mitsubishi-outlander-2-4-vrx-station-wagon?referringPage=SearchResults
Volkswagen,Passat,2009,No,$500,N/A,," Right Front Damage, Structural Damage, Selling De-Registered","Automatic,",4,Diesel,https://manheim.co.nz/damaged-vehicles/000000000007425144/2009-volkswagen-passat-cc-tdi-125kw-sedan?referringPage=SearchResults
Nissan,Skyline,2007,No,$500,"188,340",," Right Rear Damage, Structural Damage, Selling De-Registered","Automatic,",5,Petrol,https://manheim.co.nz/damaged-vehicles/000000000007425145/2007-nissan-skyline-250gt-sedan?referringPage=SearchResults
Holden,Captiva,2010,Yes,$500,"161,174",, Selling Registered,"5spd Manual,",5,Petrol,https://manheim.co.nz/damaged-vehicles/000000000007415141/2010-holden-captiva-5-2-4l-fwd-mt-station-wagon?referringPage=SearchResults
Kawasaki,KLE,2019,No,$0,N/A,," Structural Damage, Selling De-Registered",N/A,N/A,Petrol,https://manheim.co.nz/damaged-vehicles/000000000007425150/2019-kawasaki-kle-300c-motorcycle?referringPage=SearchResults
Mazda,CX-5,2017,No,$500,1,," Front Damage, Structural Damage, Selling De-Registered",N/A,5,Diesel,https://manheim.co.nz/damaged-vehicles/000000000007425188/2017-mazda-cx-5-gsx-dsl-2-2d-4wd-6a-station-wagon?referringPage=SearchResults
Volkswagen,Polo,2009,No,$0,"152,829",," Chassis Damage, Front Damage, Structural Damage, Selling De-Registered","4spd Automatic,",5,Petrol,https://manheim.co.nz/damaged-vehicles/000000000007435202/2009-volkswagen-polo-hatch?referringPage=SearchResults
Holden,Commodore,2009,Yes,$725,N/A,, Selling Registered,"6spd Automatic,",5,Petrol,https://manheim.co.nz/damaged-vehicles/000000000007435264/2009-holden-commodore-calais-sedan?referringPage=SearchResults
Honda,CRV,2001,No,$500,"208,630",," Front Damage, Roof Damage, Structural Damage, Selling De-Registered","Automatic,",5,Petrol,https://manheim.co.nz/damaged-vehicles/000000000007425314/2001-honda-crv-station-wagon?referringPage=SearchResults
Toyota,Prius,2012,No,$700,N/A,," Rear Damage, Structural Damage, Selling De-Registered",N/A,5,Hybrid,https://manheim.co.nz/damaged-vehicles/000000000007425317/2012-toyota-prius-hatch?referringPage=SearchResults
GREAT,Wall GWM,2021,No,N/A,"94,852",," Left Side Damage, Structural Damage, Selling De-Registered",N/A,5,Diesel,https://manheim.co.nz/damaged-vehicles/000000000007325315/2021-great-wall-gwm-utility?referringPage=SearchResults
Mazda,MAZDA3,2008,No,$500,"259,945",," Left Front Damage, Left Side Damage, Right Front Damage, Structural Damage, Selling De-Registered","Manual,",5,Petrol,https://manheim.co.nz/damaged-vehicles/000000000007425356/2008-mazda-mazda3-sporthatch-sp23-2-3-hatch?referringPage=SearchResults
Jeep,Wrangler,2017,No,N/A,"64,000",," Ignition Damage, Vandalised - Interior, Structural Damage, Vandalized Interior Slashed, Selling De-Registered",N/A,5,Petrol,https://manheim.co.nz/damaged-vehicles/000000000007415370/2017-jeep-wrangler-sport-unlimited-3-6-station-wagon?referringPage=SearchResults
Hyundai,I20,2017,No,"$1,500","108,945",," Front Damage, Rear Damage, Structural Damage, Selling De-Registered","Automatic,",5,Petrol,https://manheim.co.nz/damaged-vehicles/000000000007425439/2017-hyundai-i20-1-4p-4at-hatch?referringPage=SearchResults
Yamaha,JOG CV50,2009,Yes,$0,"16,241",," Front Damage, Selling Registered","Automatic,",N/A,Petrol,https://manheim.co.nz/damaged-vehicles/000000000007425498/2009-yamaha-jog-cv50-scooter?referringPage=SearchResults
Suzuki,GW250,2015,No,$0,"52,328",," Front Damage, Stolen & Recovered, Selling De-Registered","Automatic,",N/A,Petrol,https://manheim.co.nz/damaged-vehicles/000000000007395553/2015-suzuki-gw250-inazuma-lam-motorcycle?referringPage=SearchResults
Mazda,Axela,2013,No,$700,N/A,, Selling De-Registered,"Automatic,",5,Petrol,https://manheim.co.nz/damaged-vehicles/000000000007425607/2013-mazda-axela-station-wagon?referringPage=SearchResults
Ssangyong,Korando,2013,No,$650,N/A,, Selling De-Registered,"Automatic,",5,Petrol,https://manheim.co.nz/damaged-vehicles/000000000007425622/2013-ssangyong-korando-petrol-2wd-sport-a6-station-wagon?referringPage=SearchResults
Mitsubishi,Lancer,2005,No,$600,N/A,," Front Damage, Structural Damage, Selling De-Registered",N/A,5,Petrol,https://manheim.co.nz/damaged-vehicles/000000000007435660/2005-mitsubishi-lancer-2-0p-es-wagon-m-station-wagon?referringPage=SearchResults
Suzuki,Swift,2007,No,$600,"208,142",," Right Rear Damage, Structural Damage, Selling De-Registered","4spd Automatic,",5,Petrol,https://manheim.co.nz/damaged-vehicles/000000000007435670/2007-suzuki-swift-hatch?referringPage=SearchResults
Toyota,Corolla,2018,No,"$2,300",N/A,," Right Side Damage, Structural Damage, Suspension Damage, Selling De-Registered","Automatic,",5,Petrol,https://manheim.co.nz/damaged-vehicles/000000000007435671/2018-toyota-corolla-glx-1-8p-cvt-hatch?referringPage=SearchResults
Mazda,MPV,2006,No,$500,N/A,," Front Damage, Left Front Damage, Right Rear Damage, Structural Damage, Selling De-Registered","Automatic,",8,Petrol,https://manheim.co.nz/damaged-vehicles/000000000007435674/2006-mazda-mpv-station-wagon?referringPage=SearchResults
Mazda,Demio,2009,Yes,"$1,300","143,765",," Left Side Damage, Right Side Damage, Selling Registered","Automatic,",5,Petrol,https://manheim.co.nz/damaged-vehicles/000000000007435679/2009-mazda-demio-hatch?referringPage=SearchResults
LDV,V80,2015,No,$650,N/A,," Front Damage, Left Side Damage, Right Side Damage, Airbags Deployed, Structural Damage, Selling De-Registered","Automatic,",3,Diesel,https://manheim.co.nz/damaged-vehicles/000000000007425673/2015-ldv-v80-lwbhr-2-5d-5mt-lv-5-van?referringPage=SearchResults
Nissan,Vanette,2014,No,"$1,300",N/A,," Rear Damage, Structural Damage, Selling De-Registered","Automatic,",2,Petrol,https://manheim.co.nz/damaged-vehicles/000000000007425678/2014-nissan-vanette-nv200-van?referringPage=SearchResults
Porsche,Cayenne,2017,No,N/A,"48,116",," Front Damage, Light Dmg, Left Rear Damage, Rear Damage, Structural Damage, Selling De-Registered","Automatic,",5,Diesel,https://manheim.co.nz/damaged-vehicles/000000000007435683/2017-porsche-cayenne-station-wagon?referringPage=SearchResults
Land Rover,Freelander,2002,No,$200,N/A,," Vandalised - Entire Vehicle, Vandalised - Interior, Structural Damage, Stolen & Recovered, Selling De-Registered",N/A,5,Petrol,https://manheim.co.nz/damaged-vehicles/000000000007435690/2002-land-rover-freelander-2-5p-5d-5a-4wd-sw-station-wagon?referringPage=SearchResults
Ford,Focus,2013,No,$500,N/A,," Front Damage, Structural Damage, Selling De-Registered",N/A,5,Petrol,https://manheim.co.nz/damaged-vehicles/000000000007435707/2013-ford-focus-ambiente-1-6-a-h-hatch?referringPage=SearchResults
BMW,320i,2011,No,$500,"111,383",," Left Front Damage, Left Side Damage, Structural Damage, Selling De-Registered","Automatic,",5,Petrol,https://manheim.co.nz/damaged-vehicles/000000000007435717/2011-bmw-320i-touring?referringPage=SearchResults
Hyundai,I30,2019,No,N/A,N/A,," Front Damage, Rear Damage, Structural Damage, Selling De-Registered",N/A,5,Petrol,https://manheim.co.nz/damaged-vehicles/000000000007425729/2019-hyundai-i30-pd-i30-n-2-0t-2-0p-hatch?referringPage=SearchResults
Kawasaki,EN,2018,No,$500,N/A,," Structural Damage, Selling De-Registered","Automatic,",N/A,Petrol,https://manheim.co.nz/damaged-vehicles/000000000007425737/2018-kawasaki-en-650d-l-motorcycle?referringPage=SearchResults
Nissan,March,2011,No,$500,N/A,," Front Damage, Light Dmg, Structural Damage, Selling De-Registered","Automatic,",5,Petrol,https://manheim.co.nz/damaged-vehicles/000000000007435731/2011-nissan-march-hatch?referringPage=SearchResults
Mazda,Premacy,2005,No,$500,N/A,," Front Damage, Structural Damage, Suspension Damage, Selling De-Registered","Automatic,",7,Petrol,https://manheim.co.nz/damaged-vehicles/000000000007435732/2005-mazda-premacy-station-wagon?referringPage=SearchResults
Mercedes-Benz,C200,2007,Yes,"$1,300",N/A,," Left Side Damage, Selling Registered",N/A,5,Petrol,https://manheim.co.nz/damaged-vehicles/000000000007435733/2007-mercedes-benz-c200-kompressor-sedan?referringPage=SearchResults
Nissan,Tiida,2010,No,$600,N/A,," Right Rear Damage, Right Side Damage, Structural Damage, Suspension Damage, Selling De-Registered","Automatic,",5,Petrol,https://manheim.co.nz/damaged-vehicles/000000000007435739/2010-nissan-tiida-hatch?referringPage=SearchResults
Toyota,Auris,2008,No,$650,N/A,," Front Damage, Right Side Damage, Structural Damage, Selling De-Registered","Automatic,",5,Petrol,https://manheim.co.nz/damaged-vehicles/000000000007435746/2008-toyota-auris-hatch?referringPage=SearchResults
Mazda,MAZDA6,2008,No,$1,N/A,," Fire Damage, Fire - Entire Vehicle, Structural Damage, Stolen & Recovered, Selling De-Registered",N/A,5,Petrol,https://manheim.co.nz/damaged-vehicles/000000000007425744/2008-mazda-mazda6-wagon-glx-2-0-5-aut-station-wagon?referringPage=SearchResults
Honda,Accord,2001,Yes,$600,"240,826",," Good Repairer, Ignition Damage, Rear Damage, Right Rear Damage, Vandalised - Interior, Stolen & Recovered, Selling Registered","4spd Automatic,",5,Petrol,https://manheim.co.nz/damaged-vehicles/000000000007435765/2001-honda-accord-sedan?referringPage=SearchResults
Tesla,Model Y,2024,No,N/A,"67,798",," Left Side Damage, Structural Damage, Selling De-Registered","Automatic,",5,N/A,https://manheim.co.nz/damaged-vehicles/000000000007435774/2024-tesla-model-y-rear-wheel-drive-60-station-wagon?referringPage=SearchResults
Honda,CBR,2019,No,$0,"16,261",," Front Damage, Right Side Damage, Structural Damage, Selling De-Registered","Automatic,",N/A,Petrol,https://manheim.co.nz/damaged-vehicles/000000000007405771/2019-honda-cbr-500-p-motorcycle?referringPage=SearchResults
Yamaha,MW155AP,2024,No,$0,1,, Selling De-Registered,N/A,N/A,N/A,https://manheim.co.nz/damaged-vehicles/000000000007425786/2024-yamaha-mw155ap-parts-motorcycle?referringPage=SearchResults
Nissan,March,2006,Yes,$600,N/A,," Front Damage, Glass Broken, Ignition Damage, Left Front Damage, Left Side Damage, Vandalised - Interior, Stolen & Recovered, Selling Registered","Automatic,",5,Petrol,https://manheim.co.nz/damaged-vehicles/000000000007435785/2006-nissan-march-hatch?referringPage=SearchResults
Ford,Territory,2007,No,$200,N/A,," Dismantled - Entire Vehicle, Structural Damage, Stolen & Recovered, Stolen & Stripped, Selling De-Registered",N/A,7,Petrol,https://manheim.co.nz/damaged-vehicles/000000000007435794/2007-ford-territory-sy-territory-tx-awd-station-wagon?referringPage=SearchResults
Ford,Focus,2012,No,$600,"181,011",," Engine Damage, Front Damage, Structural Damage, Selling De-Registered","5spd Automatic,",5,Petrol,https://manheim.co.nz/damaged-vehicles/000000000007425794/2012-ford-focus-ambiente-1-6-a-h-hatch?referringPage=SearchResults
Toyota,Estima,2006,Yes,$750,"195,082",," Right Side Damage, Selling Registered","5spd Automatic,",8,Petrol,https://manheim.co.nz/damaged-vehicles/000000000007435804/2006-toyota-estima-station-wagon?referringPage=SearchResults
Toyota,Corolla,2003,No,$650,N/A,," Rear Damage, Structural Damage, Selling De-Registered","Automatic,",5,Petrol,https://manheim.co.nz/damaged-vehicles/000000000007435810/2003-toyota-corolla-x-sedan?referringPage=SearchResults
Holden,Cruze,2016,No,$200,"56,917",," Rear Damage, Structural Damage, Selling De-Registered",N/A,5,Petrol,https://manheim.co.nz/damaged-vehicles/000000000007435821/2016-holden-cruze-equipe-1-8p-6at-ha--hatch?referringPage=SearchResults
Nissan,Leaf,2019,No,N/A,N/A,," Rear Damage, Structural Damage, Selling De-Registered","Automatic,",5,N/A,https://manheim.co.nz/damaged-vehicles/000000000007435825/2019-nissan-leaf-hatch?referringPage=SearchResults
Hyundai,Accent,2007,No,$500,"212,174",," Rear Damage, Right Rear Damage, Structural Damage, Selling De-Registered","4spd Automatic,",5,Petrol,https://manheim.co.nz/damaged-vehicles/000000000007425828/2007-hyundai-accent-1-6-gls-4d-a4-sedan?referringPage=SearchResults
Toyota,Corolla,2015,Yes,N/A,"41,158",," Stolen & Recovered, Selling Registered","5spd Automatic,",5,Hybrid,https://manheim.co.nz/damaged-vehicles/000000000007435831/2015-toyota-corolla-axio-sedan?referringPage=SearchResults
Subaru,XV,2019,No,N/A,"111,268",," Left Front Damage, Left Rear Damage, Left Side Damage, Right Front Damage, Underbody Damage, Structural Damage, Selling De-Registered","Automatic,",5,Petrol,https://manheim.co.nz/damaged-vehicles/000000000007435835/2019-subaru-xv-premium-2-0p-4wd-7a-station-wagon?referringPage=SearchResults
Subaru,Legacy,1997,No,$100,N/A,," Rear Damage, Dismantled - Entire Vehicle, Structural Damage, Stolen & Recovered, Selling De-Registered",N/A,5,Petrol,https://manheim.co.nz/damaged-vehicles/000000000007435846/1997-subaru-legacy-250t-station-wagon?referringPage=SearchResults
Triumph,Speed Triple,2014,No,$0,"37,600",," Left Side Damage, Structural Damage, Selling De-Registered","Automatic,",N/A,Petrol,https://manheim.co.nz/damaged-vehicles/000000000007435857/2014-triumph-speed-triple-1050-abs-motorcycle?referringPage=SearchResults
Ford,Fiesta,2012,No,$0,N/A,," Right Front Damage, Selling De-Registered","Automatic,",5,Petrol,https://manheim.co.nz/damaged-vehicles/000000000007395855/2012-ford-fiesta-5dr-1-6-lx-a-hatch?referringPage=SearchResults
Toyota,Highlander,2007,No,"$1,500","221,960",," Right Front Damage, Structural Damage, Selling De-Registered","Automatic,",7,Petrol,https://manheim.co.nz/damaged-vehicles/000000000007435869/2007-toyota-highlander-3-5p-ltd-4wd-wgn5-5-station-wagon?referringPage=SearchResults
Mazda,Axela,2013,No,$200,"225,229",," Airbags Deployed, Front Damage, Airbags Deployed, Structural Damage, Selling De-Registered",N/A,5,Petrol,https://manheim.co.nz/damaged-vehicles/000000000007425900/2013-mazda-axela-hatch?referringPage=SearchResults
Toyota,Yaris,2018,No,"$1,450","175,392",," Left Front Damage, Left Side Damage, Structural Damage, Selling De-Registered",N/A,5,Petrol,https://manheim.co.nz/damaged-vehicles/000000000007425914/2018-toyota-yaris-gx-1-3p-4at-hatch?referringPage=SearchResults
Hyundai,TB,2006,No,$600,"162,169",," Rear Damage, Structural Damage, Selling De-Registered","Automatic,",5,Petrol,https://manheim.co.nz/damaged-vehicles/000000000007435933/2006-hyundai-tb-hatch?referringPage=SearchResults
Volkswagen,Tiguan,2014,Yes,"$2,150","151,958",," Right Rear Damage, Selling Registered",N/A,5,Diesel,https://manheim.co.nz/damaged-vehicles/000000000007435938/2014-volkswagen-tiguan-tdi-103kw-7dsg-hatch?referringPage=SearchResults
Toyota,Prius,2011,No,$650,"322,878",," Front Damage, Left Front Damage, Structural Damage, Selling De-Registered","Automatic,",5,Hybrid,https://manheim.co.nz/damaged-vehicles/000000000007435940/2011-toyota-prius-hatch?referringPage=SearchResults
Kawasaki,300,2016,Yes,$0,"18,461",," LH Fairing Damage, RH Fairing Damage, Structural Damage, Selling Registered","Manual,",N/A,N/A,https://manheim.co.nz/damaged-vehicles/000000000007435959/2016-kawasaki-300-motorcycle?referringPage=SearchResults
Suzuki,Swift,2009,No,$500,"135,327",," Front Damage, Left Front Damage, Rear Damage, Right Front Damage, Structural Damage, Selling De-Registered","Automatic,",5,Petrol,https://manheim.co.nz/damaged-vehicles/000000000007435961/2009-suzuki-swift-glxha-1-5-5dr-hatch?referringPage=SearchResults
Toyota,IST,2003,No,$500,"191,884",," Chassis Damage, Front Damage, Airbags Deployed, Structural Damage, Selling De-Registered","Automatic,",5,Petrol,https://manheim.co.nz/damaged-vehicles/000000000007435964/2003-toyota-ist-hatch?referringPage=SearchResults
Suzuki,GW250Z,2017,No,$0,"30,392",," Structural Damage, Selling De-Registered",N/A,N/A,Petrol,https://manheim.co.nz/damaged-vehicles/000000000007435970/2017-suzuki-gw250z-inazuma-motorcycle?referringPage=SearchResults
Toyota,Aqua Hatchback,2013,No,$700,N/A,," Left Side Damage, Structural Damage, Selling De-Registered","Automatic,",5,Hybrid,https://manheim.co.nz/damaged-vehicles/000000000007435977/2013-toyota-aqua-hatchback-hatch?referringPage=SearchResults
Nissan,Skyline,2010,No,$500,"177,169",," Structural Damage, Selling De-Registered","Automatic,",5,Petrol,https://manheim.co.nz/damaged-vehicles/000000000007435981/2010-nissan-skyline-sedan?referringPage=SearchResults
Honda,Jazz,2019,No,"$1,650",N/A,," Engine Damage, Left Rear Damage, Left Side Damage, Structural Damage, Stolen & Recovered, Selling De-Registered","CVT,",5,Petrol,https://manheim.co.nz/damaged-vehicles/000000000007435986/2019-honda-jazz-s-1-3p-cvt-hatch?referringPage=SearchResults
Toyota,Estima,2004,No,$650,"330,098",," Rear Damage, Structural Damage, Selling De-Registered",N/A,8,Petrol,https://manheim.co.nz/damaged-vehicles/000000000007435987/2004-toyota-estima-g-edition-station-wagon?referringPage=SearchResults
Toyota,Prius,2013,No,$400,"370,126",," Front Damage, Structural Damage, Selling De-Registered","3spd,",5,Hybrid,https://manheim.co.nz/damaged-vehicles/000000000007425981/2013-toyota-prius-sedan?referringPage=SearchResults
Nissan,Juke,2012,No,$500,N/A,," Ignition Damage, Structural Damage, Accident Damage, Selling De-Registered","4spd,",5,Petrol,https://manheim.co.nz/damaged-vehicles/000000000007425984/2012-nissan-juke-hatch?referringPage=SearchResults
Nissan,Wingroad,2007,No,$500,N/A,," Interior Damage, Left Rear Damage, Vandalised - Interior, Structural Damage, Stolen & Recovered, Suspension Damage, Selling De-Registered","Automatic,",5,Petrol,https://manheim.co.nz/damaged-vehicles/000000000007435990/2007-nissan-wingroad-station-wagon?referringPage=SearchResults
Toyota,Aqua,2012,No,$800,"197,104",," Rear Damage, Structural Damage, Selling De-Registered","Automatic,",5,Hybrid,https://manheim.co.nz/damaged-vehicles/000000000007435992/2012-toyota-aqua-hybrid-hatch?referringPage=SearchResults
Nissan,Qashqai,2019,No,"$2,300",N/A,," Front Damage, Airbags Deployed, Structural Damage, Selling De-Registered","Automatic,",5,Petrol,https://manheim.co.nz/damaged-vehicles/000000000007435999/2019-nissan-qashqai-st-2-0p-cvt-hatch?referringPage=SearchResults
Mazda,CX-3 Limited 2.0P/6AT/SW Stat,2016,No,"$1,550",N/A,," Rear Damage, Structural Damage, Selling De-Registered","Automatic,",5,Petrol,https://manheim.co.nz/damaged-vehicles/000000000007436006/2016-mazda-cx-3-limited-2-0p-6at-sw-stat-station-wagon?referringPage=SearchResults
Toyota,Platz,2000,No,$500,"299,999",," Front Damage, Structural Damage, Selling De-Registered","Automatic,",5,Petrol,https://manheim.co.nz/damaged-vehicles/000000000007436021/2000-toyota-platz-sedan?referringPage=SearchResults
Holden,Commodore,2010,No,$500,"349,221",," Engine Damage, Right Front Damage, Right Side Damage, Structural Damage, Selling De-Registered","Automatic,",5,Petrol,https://manheim.co.nz/damaged-vehicles/000000000007436028/2010-holden-commodore-sv6-sedan-at-sedan?referringPage=SearchResults
Toyota,Aqua,2017,No,"$1,300","94,107",," Left Front Damage, Left Rear Damage, Left Side Damage, Rear Damage, Structural Damage, Selling De-Registered","CVT,",5,Hybrid,https://manheim.co.nz/damaged-vehicles/000000000007426020/2017-toyota-aqua-hybrid-hatch?referringPage=SearchResults
Toyota,Aqua,2015,No,$700,"85,109",," Front Damage, Structural Damage, Selling De-Registered","Automatic,",5,Hybrid,https://manheim.co.nz/damaged-vehicles/000000000007426026/2015-toyota-aqua-hatch?referringPage=SearchResults
Peugeot,206,2003,Yes,$600,"155,657",, Selling Registered,"4spd Automatic,",4,Petrol,https://manheim.co.nz/damaged-vehicles/000000000007426028/2003-peugeot-206-cc-cabriolet?referringPage=SearchResults
Audi,A3NZ,2014,No,$0,"163,730",," Right Side Damage, Structural Damage, Selling De-Registered","Automatic,",5,Petrol,https://manheim.co.nz/damaged-vehicles/000000000007416048/2014-audi-a3nz-spback-1-8tfsi-sp-hatch?referringPage=SearchResults
Dodge,Journey,2012,Yes,"$2,300","115,092",, Selling Registered,"6spd Automatic,",7,Petrol,https://manheim.co.nz/damaged-vehicles/000000000007426054/2012-dodge-journey-3-6l-petrol-auto-r--station-wagon?referringPage=SearchResults
Toyota,Prius,2013,No,$0,N/A,," Ignition Damage, Right Front Damage, Right Side Damage, Structural Damage, Stolen & Recovered, Selling De-Registered",N/A,5,Hybrid,https://manheim.co.nz/damaged-vehicles/000000000007426056/2013-toyota-prius-hatch?referringPage=SearchResults
Suzuki,Swift,2016,No,$500,"304,031",," Rear Damage, Structural Damage, Selling De-Registered","6spd Manual,",5,Petrol,https://manheim.co.nz/damaged-vehicles/000000000007436061/2016-suzuki-swift-sport-1-6p-6mt-ha-5-hatch?referringPage=SearchResults
Toyota,Prius,2014,No,$700,N/A,," Front Damage, Right Side Damage, Airbags Deployed, Structural Damage, Selling De-Registered","4spd Automatic,",5,Hybrid,https://manheim.co.nz/damaged-vehicles/000000000007436066/2014-toyota-prius-hatch?referringPage=SearchResults
Nissan,Cube Hatchback,2007,Yes,$200,"178,552",," Front Damage, Right Front Damage, Selling Registered","Automatic,",5,Petrol,https://manheim.co.nz/damaged-vehicles/000000000007436070/2007-nissan-cube-hatchback-hatch?referringPage=SearchResults
Nissan,Wingroad,2004,No,$500,"291,411",," Left Front Damage, Left Rear Damage, Left Side Damage, Structural Damage, Selling De-Registered","Automatic,",5,Petrol,https://manheim.co.nz/damaged-vehicles/000000000007436082/2004-nissan-wingroad-station-wagon?referringPage=SearchResults
Hyundai,Getz,2008,No,$600,N/A,," Front Damage, Structural Damage, Selling De-Registered","Automatic,",5,Petrol,https://manheim.co.nz/damaged-vehicles/000000000007436084/2008-hyundai-getz-1-4-5d-a4-hatch?referringPage=SearchResults
Toyota,Corolla,2005,Yes,$850,N/A,," Front Damage, Left Side Damage, Selling Registered","Automatic,",7,Petrol,https://manheim.co.nz/damaged-vehicles/000000000007436088/2005-toyota-corolla-spacio-station-wagon?referringPage=SearchResults
CF Moto,300sr,2023,No,$0,1,," Right Side Damage, Structural Damage, Selling De-Registered","Automatic,",N/A,Petrol,https://manheim.co.nz/damaged-vehicles/000000000007426156/2023-cfmoto-300sr-motorcycle?referringPage=SearchResults
Toyota,Aqua,2014,No,$700,"117,991",," Front Damage, Interior Damage, Structural Damage, Stolen & Recovered, Suspension Damage, Selling De-Registered","Automatic,",5,Hybrid,https://manheim.co.nz/damaged-vehicles/000000000007426158/2014-toyota-aqua-hatch?referringPage=SearchResults
Mazda,Demio,2001,No,$650,"249,993",, Selling De-Registered,"Automatic,",5,Petrol,https://manheim.co.nz/damaged-vehicles/000000000007396180/2001-mazda-demio-hatch?referringPage=SearchResults
Toyota,Estima,1993,No,$700,"367,767",, Selling De-Registered,"Automatic,",8,Diesel,https://manheim.co.nz/damaged-vehicles/000000000007396193/1993-toyota-estima-lucida-station-wagon?referringPage=SearchResults
Nissan,Mistral,1997,No,$200,"287,637",," Front Damage, Structural Damage, Selling De-Registered",N/A,5,Diesel,https://manheim.co.nz/damaged-vehicles/000000000007426192/1997-nissan-mistral-station-wagon?referringPage=SearchResults
Suzuki,Escudo,2008,No,$600,N/A,," Left Front Damage, Left Side Damage, Structural Damage, Selling De-Registered","Automatic,",5,Petrol,https://manheim.co.nz/damaged-vehicles/000000000007426211/2008-suzuki-escudo-station-wagon?referringPage=SearchResults
Toyota,Wish,2006,No,$500,"166,787",," Front Damage, Structural Damage, Selling De-Registered","Automatic,",7,Petrol,https://manheim.co.nz/damaged-vehicles/000000000007436236/2006-toyota-wish-station-wagon?referringPage=SearchResults
Toyota,Starlet,1997,No,$500,"241,792",," Left Rear Damage, Right Rear Damage, Structural Damage, Selling De-Registered","2spd Automatic,",5,Petrol,https://manheim.co.nz/damaged-vehicles/000000000007436237/1997-toyota-starlet-hatch?referringPage=SearchResults
Mazda,Atenza,2003,No,$500,"267,792",," Glass Broken, Rear Damage, Right Rear Damage, Right Side Damage, Structural Damage, Selling De-Registered","Automatic,",5,Petrol,https://manheim.co.nz/damaged-vehicles/000000000007436238/2003-mazda-atenza-sedan?referringPage=SearchResults
Toyota,Corolla,2013,Yes,"$1,650",N/A,, Selling Registered,"CVT,",5,Petrol,https://manheim.co.nz/damaged-vehicles/000000000007416247/2013-toyota-corolla-gx-1-5p-wagon-cvt-station-wagon?referringPage=SearchResults
Toyota,Markx,2007,No,$700,N/A,," Left Front Damage, Right Rear Damage, Structural Damage, Selling De-Registered","Automatic,",7,Petrol,https://manheim.co.nz/damaged-vehicles/000000000007436258/2007-toyota-markx-zio-station-wagon?referringPage=SearchResults
Holden,Rodeo 4X2,2007,No,"$1,500",N/A,," Left Side Damage, Structural Damage, Selling De-Registered","Automatic,",5,Diesel,https://manheim.co.nz/damaged-vehicles/000000000007436259/2007-holden-rodeo-4x2-lt-crew-pu-3-0td-mt-dual-cab-chassis?referringPage=SearchResults
Subaru,Legacy,1998,Yes,$500,"163,650",, Selling Registered,N/A,5,Petrol,https://manheim.co.nz/damaged-vehicles/000000000007436260/1998-subaru-legacy-station-wagon?referringPage=SearchResults
Nissan,Navara,2011,Yes,"$1,300",N/A,," Glass Broken, Ignition Damage, Stolen & Recovered, Selling Registered","5spd Automatic,",5,Diesel,https://manheim.co.nz/damaged-vehicles/000000000007436263/2011-nissan-navara-utility?referringPage=SearchResults
Suzuki,SX4,2007,No,$600,N/A,," Front Damage, Structural Damage, Selling De-Registered","Automatic,",5,Petrol,https://manheim.co.nz/damaged-vehicles/000000000007436265/2007-suzuki-sx4-hatch?referringPage=SearchResults
Toyota,Wish,2004,No,$550,N/A,," Left Front Damage, Right Rear Damage, Structural Damage, Selling De-Registered","Automatic,",7,Petrol,https://manheim.co.nz/damaged-vehicles/000000000007436266/2004-toyota-wish-station-wagon?referringPage=SearchResults
BMW,320i,2011,No,$500,N/A,," Right Side Damage, Structural Damage, Selling De-Registered","4spd Automatic,",5,Petrol,https://manheim.co.nz/damaged-vehicles/000000000007436267/2011-bmw-320i-touring?referringPage=SearchResults
Subaru,Legacy,2011,No,$500,N/A,," Front Damage, Rear Damage, Structural Damage, Selling De-Registered","Automatic,",5,Petrol,https://manheim.co.nz/damaged-vehicles/000000000007436268/2011-subaru-legacy-sedan?referringPage=SearchResults
Holden,Barina,2018,No,"$1,500","54,778",," Front Damage, Underbody Damage, Structural Damage, Selling De-Registered","Automatic,",5,Petrol,https://manheim.co.nz/damaged-vehicles/000000000007436272/2018-holden-barina-hatch?referringPage=SearchResults
Land Rover,Range Rover,2011,Yes,"$2,100","143,427",," Left Side Damage, Right Front Damage, Right Side Damage, Stolen & Recovered, Selling Registered","Automatic,",5,Petrol,https://manheim.co.nz/damaged-vehicles/000000000007436274/2011-land-rover-range-rover-sport-station-wagon?referringPage=SearchResults
Mazda,Verisa,2005,No,$600,N/A,," Right Rear Damage, Structural Damage, Selling De-Registered","Automatic,",5,Petrol,https://manheim.co.nz/damaged-vehicles/000000000007436281/2005-mazda-verisa-hatch?referringPage=SearchResults
Nissan,Primera,1996,Yes,$500,"168,703",," Left Rear Damage, Rear Damage, Selling Registered","Automatic,",5,Petrol,https://manheim.co.nz/damaged-vehicles/000000000007436282/1996-nissan-primera-sedan?referringPage=SearchResults
Holden,Colorado,2015,No,N/A,N/A,," Engine Damage, Water Damage, Selling De-Registered","Automatic,",5,Diesel,https://manheim.co.nz/damaged-vehicles/000000000007436287/2015-holden-colorado-ltz-dc-pu-2-8d-6at--dual-cab-utility?referringPage=SearchResults
Nissan,X-trail,2014,No,"$1,500","104,348",," Left Rear Damage, Rolled, Right Side Damage, Structural Damage, Selling De-Registered","Automatic,",7,Petrol,https://manheim.co.nz/damaged-vehicles/000000000007436289/2014-nissan-x-trail-station-wagon?referringPage=SearchResults
Toyota,Aqua,2017,No,"$2,300",N/A,," Front Damage, Structural Damage, Selling De-Registered","Automatic,",5,Hybrid,https://manheim.co.nz/damaged-vehicles/000000000007436290/2017-toyota-aqua-hatch?referringPage=SearchResults
Toyota,Prius,2012,No,$700,"117,996",," Right Front Damage, Structural Damage, Selling De-Registered","Automatic,",5,Hybrid,https://manheim.co.nz/damaged-vehicles/000000000007436299/2012-toyota-prius-hatch?referringPage=SearchResults
Nissan,Primera,1996,No,$600,"223,454",," Front Damage, Left Front Damage, Left Rear Damage, Rear Damage, Right Front Damage, Right Rear Damage, Structural Damage, Selling De-Registered","Automatic,",5,Petrol,https://manheim.co.nz/damaged-vehicles/000000000007426308/1996-nissan-primera-sedan?referringPage=SearchResults
Mazda,MAZDA3,2014,No,$700,N/A,," Rear Damage, Structural Damage, Selling De-Registered","Automatic,",5,Petrol,https://manheim.co.nz/damaged-vehicles/000000000007436314/2014-mazda-mazda3-gsx-2-0p-6at-ha-5dr-hatch?referringPage=SearchResults
Ssangyong,Actyon Sport,2017,No,"$1,500",N/A,," Right Side Damage, Airbags Deployed, Structural Damage, Selling De-Registered","Automatic,",5,Diesel,https://manheim.co.nz/damaged-vehicles/000000000007436316/2017-ssangyong-actyon-sport-wkmte-2wd-a5-2-0d-5-dual-cab-utility?referringPage=SearchResults
Toyota,Yaris,2006,No,$700,N/A,," Front Damage, Structural Damage, Selling De-Registered","Automatic,",5,Petrol,https://manheim.co.nz/damaged-vehicles/000000000007436317/2006-toyota-yaris-1-3p-hatch5-5m-hatch?referringPage=SearchResults
Toyota,Aqua,2015,No,$700,N/A,," Left Side Damage, Right Front Damage, Structural Damage, Stolen & Recovered, Selling De-Registered","Automatic,",5,Hybrid,https://manheim.co.nz/damaged-vehicles/000000000007436318/2015-toyota-aqua-1-5l-petrol-hybrid-hatch?referringPage=SearchResults
Honda,Accord,2005,No,$100,"303,372",," Water Damage, Selling De-Registered",N/A,5,Petrol,https://manheim.co.nz/damaged-vehicles/000000000007426333/2005-honda-accord-euro-2-4-4d-sed-6m-sedan?referringPage=SearchResults
Toyota,Prius C,2018,No,N/A,"103,117",," Left Side Damage, Structural Damage, Selling De-Registered","5spd Automatic,",5,Hybrid,https://manheim.co.nz/damaged-vehicles/000000000007436341/2018-toyota-prius-c-gx-1-5ph-cvt-hatch?referringPage=SearchResults
Lexus,IS250,2007,No,$700,N/A,," Rear Damage, Structural Damage, Selling De-Registered","6spd Automatic,",5,Petrol,https://manheim.co.nz/damaged-vehicles/000000000007436351/2007-lexus-is250-cab-chassis?referringPage=SearchResults
Ford,Trader,1986,No,$0,"198,772",0," Structural Damage, Selling De-Registered","5spd Manual,",3,Diesel,https://manheim.co.nz/damaged-vehicles/000000000007426354/1986-ford-trader-n0510-campervan?referringPage=SearchResults
Mitsubishi,Mirage,2015,No,$500,"103,865",," Rear Damage, Structural Damage, Selling De-Registered","5spd Automatic,",5,Petrol,https://manheim.co.nz/damaged-vehicles/000000000007426379/2015-mitsubishi-mirage-xls-1-2p-cvt-ha-5dr-hatch?referringPage=SearchResults
Toyota,Corolla,2017,No,N/A,"214,141",," Left Rear Damage, Rear Damage, Right Rear Damage, Structural Damage, Selling De-Registered","Automatic,",5,Petrol,https://manheim.co.nz/damaged-vehicles/000000000007436371/2017-toyota-corolla-station-wagon?referringPage=SearchResults
Nissan,Note,2014,No,$700,N/A,," Front Damage, Roof Damage, Structural Damage, Selling De-Registered","Automatic,",5,Petrol,https://manheim.co.nz/damaged-vehicles/000000000007436375/2014-nissan-note-hatch?referringPage=SearchResults
Subaru,Forester,2005,Yes,$600,N/A,," Ignition Damage, Right Rear Damage, Vandalised - Interior, Stolen & Recovered, Transmission Failure, Selling Registered","Automatic,",5,Petrol,https://manheim.co.nz/damaged-vehicles/000000000007436380/2005-subaru-forester-station-wagon?referringPage=SearchResults
Toyota,Corolla,1999,No,$500,"182,492",," Front Damage, Left Front Damage, Right Front Damage, Structural Damage, Selling De-Registered","5spd Manual,",5,Petrol,https://manheim.co.nz/damaged-vehicles/000000000007426389/1999-toyota-corolla-1-6p-gl-hatch5-5m-hatch?referringPage=SearchResults
Toyota,Yaris,2016,No,"$1,500","218,877",," Right Rear Damage, Structural Damage, Selling De-Registered","4spd Automatic,",5,Petrol,https://manheim.co.nz/damaged-vehicles/000000000007426397/2016-toyota-yaris-gx-1-3p-4at-hatch?referringPage=SearchResults
Audi,A3,2008,Yes,$600,"92,078",," Stolen & Recovered, Selling Registered","Automatic,",5,Petrol,https://manheim.co.nz/damaged-vehicles/000000000007436395/2008-audi-a3-hatch?referringPage=SearchResults
Toyota,Wish,2009,No,$700,"127,909",," Structural Damage, Selling De-Registered","5spd Automatic,",7,Petrol,https://manheim.co.nz/damaged-vehicles/000000000007436398/2009-toyota-wish-station-wagon?referringPage=SearchResults
Kawasaki,ex,2024,No,$0,"8,696",," Front Damage, Left Side Damage, Structural Damage, Selling De-Registered","Automatic,",N/A,Petrol,https://manheim.co.nz/damaged-vehicles/000000000007436399/2024-kawasaki-ex-400gpfan-motorcycle?referringPage=SearchResults
Holden,Barina Spark,2014,No,$500,N/A,," Left Rear Damage, Structural Damage, Selling De-Registered","Automatic,",5,Petrol,https://manheim.co.nz/damaged-vehicles/000000000007436411/2014-holden-barina-spark-cd-1-2p4a-ha5s-hatch?referringPage=SearchResults
Lexus,RX350,2012,No,"$2,300","133,129",," Front Damage, Rear Damage, Structural Damage, Selling De-Registered","Automatic,",5,Petrol,https://manheim.co.nz/damaged-vehicles/000000000007436413/2012-lexus-rx350-station-wagon?referringPage=SearchResults
Nissan,Presage,2006,No,$500,"243,188",," Left Front Damage, Rear Damage, Right Front Damage, Right Rear Damage, Structural Damage, Selling De-Registered","Automatic,",7,Petrol,https://manheim.co.nz/damaged-vehicles/000000000007436418/2006-nissan-presage-station-wagon?referringPage=SearchResults
Mitsubishi,Outlander,2017,No,N/A,"74,916",," Rear Damage, Structural Damage, Selling De-Registered","Automatic,",7,Petrol,https://manheim.co.nz/damaged-vehicles/000000000007436419/2017-mitsubishi-outlander-ls-2-4p-4wd-cvt-station-wagon?referringPage=SearchResults
Toyota,Estima,2004,No,$200,N/A,," Front Damage, Structural Damage, Selling De-Registered",N/A,2,Petrol,https://manheim.co.nz/damaged-vehicles/000000000007426426/2004-toyota-estima-station-wagon?referringPage=SearchResults
TRAILER,Elite 7X4,2014,No,"$1,200",N/A,0," Structural Damage, Selling De-Registered",N/A,N/A,N/A,https://manheim.co.nz/damaged-vehicles/000000000007426434/2014-trailer-elite-7x4-box-body-trailer?referringPage=SearchResults
Nissan,Serena,2013,No,$700,"124,134",," Rear Damage, Structural Damage, Selling De-Registered","CVT,",8,Hybrid,https://manheim.co.nz/damaged-vehicles/000000000007426442/2013-nissan-serena-station-wagon?referringPage=SearchResults
Toyota,Camry,2015,Yes,"$1,650",N/A,," Front Damage, Stolen & Recovered, Selling Registered","4spd Automatic,",5,Hybrid,https://manheim.co.nz/damaged-vehicles/000000000007396445/2015-toyota-camry-gl-2-5ph-cvt-sl-4dr-sedan?referringPage=SearchResults
Honda,Stream,2009,No,$500,N/A,," Left Side Damage, Structural Damage, Stolen & Recovered, Selling De-Registered","Automatic,",7,Petrol,https://manheim.co.nz/damaged-vehicles/000000000007436443/2009-honda-stream-station-wagon?referringPage=SearchResults
Holden,Barina,2007,No,$100,N/A,," Left Front Damage, Left Rear Damage, Left Side Damage, Roof Damage, Right Front Damage, Right Rear Damage, Right Side Damage, Dismantled - Interior, Structural Damage, Selling De-Registered","Manual,",5,Petrol,https://manheim.co.nz/damaged-vehicles/000000000007436449/2007-holden-barina-hatch?referringPage=SearchResults
Mazda,Atenza,2009,No,$500,N/A,," Structural Damage, Selling De-Registered","Automatic,",5,Petrol,https://manheim.co.nz/damaged-vehicles/000000000007426455/2009-mazda-atenza-station-wagon?referringPage=SearchResults
Harley-Davidson,FAT BOY,2004,No,$0,N/A,," Structural Damage, Selling De-Registered","Automatic,",N/A,Petrol,https://manheim.co.nz/damaged-vehicles/000000000007426461/2004-harley-davidson-fat-boy-motorcycle?referringPage=SearchResults
Mitsubishi,Lancer,2007,No,$400,"191,719",," Front Damage, Structural Damage, Selling De-Registered","5spd Automatic,",5,Petrol,https://manheim.co.nz/damaged-vehicles/000000000007426465/2007-mitsubishi-lancer-2-4p-ls-sedan-a-sedan?referringPage=SearchResults
Honda,VTR,2003,Yes,$0,"68,137",," Stolen & Recovered, Selling Registered",N/A,N/A,Petrol,https://manheim.co.nz/damaged-vehicles/000000000007426479/2003-honda-vtr-250-quad-bike?referringPage=SearchResults
Toyota,Corolla,2005,No,$500,N/A,," Front Damage, Structural Damage, Selling De-Registered","5spd Automatic,",5,Petrol,https://manheim.co.nz/damaged-vehicles/000000000007436488/2005-toyota-corolla-1-8p-gl-hatch5-4a-hatch?referringPage=SearchResults
Nissan,Note,2017,No,"$1,500",N/A,," Right Rear Damage, Structural Damage, Selling De-Registered",N/A,5,Hybrid,https://manheim.co.nz/damaged-vehicles/000000000007426527/2017-nissan-note-hatch?referringPage=SearchResults
Mitsubishi,Outlander 2400 Station Wagon,2007,No,$200,"253,832",," Left Side Damage, Structural Damage, Selling De-Registered","5spd Automatic,",7,Petrol,https://manheim.co.nz/damaged-vehicles/000000000007436545/2007-mitsubishi-outlander-2400-station-wagon-station-wagon?referringPage=SearchResults
Toyota,Wish,2005,No,$500,"159,475",," Right Side Damage, Structural Damage, Selling De-Registered","Automatic,",7,Petrol,https://manheim.co.nz/damaged-vehicles/000000000007436562/2005-toyota-wish-station-wagon?referringPage=SearchResults
Toyota,Hilux,2018,No,N/A,N/A,," Rolled, Structural Damage, Selling De-Registered",N/A,5,Diesel,https://manheim.co.nz/damaged-vehicles/000000000007436567/2018-toyota-hilux-sr-td-dc-2-8d-4wd-6-dual-cab-utility?referringPage=SearchResults
Holden,Cruze,2015,No,$200,1,," Water Damage, Selling De-Registered","Automatic,",5,Petrol,https://manheim.co.nz/damaged-vehicles/000000000007426565/2015-holden-cruze-sri-z-1-6p-6at-sl-4-sedan?referringPage=SearchResults
Honda,Civic,2000,No,$500,"208,949",," Front Damage, Structural Damage, Selling De-Registered","5spd Manual,",5,Petrol,https://manheim.co.nz/damaged-vehicles/000000000007436574/2000-honda-civic-ferio-lev-sedan?referringPage=SearchResults
Nissan,Leaf,2017,No,$650,N/A,," Right Front Damage, Structural Damage, Selling De-Registered","Automatic, Fuel Type, Electri",5,Electric,https://manheim.co.nz/damaged-vehicles/000000000007416584/2017-nissan-leaf-hatch?referringPage=SearchResults
Toyota,Previa,2005,No,$400,"384,208",," Front Damage, Structural Damage, Selling De-Registered","Automatic,",8,Petrol,https://manheim.co.nz/damaged-vehicles/000000000007436603/2005-toyota-previa-2-4p-wagon-4a-station-wagon?referringPage=SearchResults
Nissan,NV350,2016,No,"$1,500","209,687",," Left Side Damage, Rear Damage, Structural Damage, Selling De-Registered","5spd Automatic,",3,Petrol,https://manheim.co.nz/damaged-vehicles/000000000007436611/2016-nissan-nv350-caravan-van?referringPage=SearchResults
Toyota,Altezza,2000,No,$400,"212,681",," Front Damage, Structural Damage, Selling De-Registered","Automatic,",5,Petrol,https://manheim.co.nz/damaged-vehicles/000000000007436612/2000-toyota-altezza-sedan?referringPage=SearchResults
Mazda,Bounty,2005,No,$700,"136,145",," Right Side Damage, Structural Damage, Selling De-Registered","5spd Manual,",5,Diesel,https://manheim.co.nz/damaged-vehicles/000000000007436615/2005-mazda-bounty-d-cab-w-s-2wd-dx-ab-utility?referringPage=SearchResults
Ford,Fiesta,2018,No,"$1,300","61,275",," Front Damage, Interior Damage, Airbags Deployed, Structural Damage, Selling De-Registered","Automatic,",5,Petrol,https://manheim.co.nz/damaged-vehicles/000000000007416615/2018-ford-fiesta-trend-1-5p-6at-ha-5-hatch?referringPage=SearchResults
Toyota,Aqua,2014,Yes,N/A,"227,960",," Ignition Damage, Stolen & Recovered, Selling Registered","Automatic,",5,Hybrid,https://manheim.co.nz/damaged-vehicles/000000000007436675/2014-toyota-aqua-hatch?referringPage=SearchResults
Toyota,Estima,2005,No,$650,"186,211",," Left Rear Damage, Rear Damage, Right Rear Damage, Dismantled - Interior, Structural Damage, Selling De-Registered","Automatic,",7,Petrol,https://manheim.co.nz/damaged-vehicles/000000000007436679/2005-toyota-estima-aeras-station-wagon?referringPage=SearchResults
Ford,Falcon UTE,2004,No,$500,"301,961",," Front Damage, Left Front Damage, Right Front Damage, Structural Damage, Selling De-Registered","Automatic,",3,Petrol,https://manheim.co.nz/damaged-vehicles/000000000007436680/2004-ford-falcon-ute-ba-falcon-c-a-p-up-utility?referringPage=SearchResults
Yamaha,GRP 26  launch,1990,No,$101,N/A,0," Engine Damage, Water Damage, Selling De-Registered",N/A,N/A,N/A,https://manheim.co.nz/damaged-vehicles/000000000007376689/1990-yamaha-grp-26--launch-boat?referringPage=SearchResults
Toyota,Prius,2015,No,$600,"273,525",," Rear Damage, Structural Damage, Selling De-Registered","Automatic,",5,Hybrid,https://manheim.co.nz/damaged-vehicles/000000000007436691/2015-toyota-prius-hatch?referringPage=SearchResults
BYD,Atto 3,2022,No,N/A,N/A,," Glass Broken, Left Front Damage, Left Side Damage, Right Front Damage, Right Side Damage, Structural Damage, Selling De-Registered",N/A,5,Electric,https://manheim.co.nz/damaged-vehicles/000000000007426703/2022-byd-atto-3-extended-range-60kw-station-wagon?referringPage=SearchResults
Mazda,MAZDA2,2019,No,$400,"130,301",," Front Damage, Glass Broken, Left Front Damage, Right Front Damage, Structural Damage, Selling De-Registered","Automatic,",5,Petrol,https://manheim.co.nz/damaged-vehicles/000000000007426704/2019-mazda-mazda2-hatch?referringPage=SearchResults
Nissan,NV200,2016,No,"$1,300",N/A,," Front Damage, Structural Damage, Selling De-Registered","Automatic,",5,Petrol,https://manheim.co.nz/damaged-vehicles/000000000007426721/2016-nissan-nv200-station-wagon?referringPage=SearchResults
Ssangyong,Rexton,2014,No,$100,"208,392",," Front Damage, Glass Broken, Right Front Damage, Structural Damage, Selling De-Registered","Automatic,",7,Diesel,https://manheim.co.nz/damaged-vehicles/000000000007426727/2014-ssangyong-rexton-sports402-2-7d4wd5a-station-wagon?referringPage=SearchResults
Toyota,Aqua,2016,No,"$1,300","85,052",," Left Front Damage, Left Rear Damage, Rear Damage, Right Front Damage, Right Rear Damage, Structural Damage, Selling De-Registered","Automatic,",5,Hybrid,https://manheim.co.nz/damaged-vehicles/000000000007426729/2016-toyota-aqua-hatch?referringPage=SearchResults
Nissan,Navara,2017,Yes,N/A,"172,184",," Front Damage, Selling Registered","Automatic,",5,Diesel,https://manheim.co.nz/damaged-vehicles/000000000007426738/2017-nissan-navara-rx-2-3d-7at-ut-4dr--dual-cab-utility?referringPage=SearchResults
Ford,Mondeo,1999,Yes,$400,"116,288",," Front Damage, Selling Registered","Automatic,",5,Petrol,https://manheim.co.nz/damaged-vehicles/000000000007436733/1999-ford-mondeo-glx-2-0-sedan-manua-sedan?referringPage=SearchResults
Mitsubishi,Eclipse Cross,2019,No,"$1,650",N/A,," Airbags Deployed, Left Front Damage, Left Side Damage, Airbags Deployed, Structural Damage, Selling De-Registered","Automatic,",5,Petrol,https://manheim.co.nz/damaged-vehicles/000000000007426746/2019-mitsubishi-eclipse-cross-xls-1-5p-8cvt-station-wagon?referringPage=SearchResults
Nissan,Juke,2014,Yes,$900,N/A,, Selling Registered,"Automatic,",5,Petrol,https://manheim.co.nz/damaged-vehicles/000000000007426753/2014-nissan-juke-hatch?referringPage=SearchResults
Nissan,X-trail,2008,No,$250,"234,167",," Water Damage, Selling De-Registered","Automatic,",5,Petrol,https://manheim.co.nz/damaged-vehicles/000000000007426839/2008-nissan-x-trail-2-5-st-l-manual-station-wagon?referringPage=SearchResults
Honda,Integra,2002,No,"$1,300","290,676",, Selling De-Registered,"Automatic,",4,Petrol,https://manheim.co.nz/damaged-vehicles/000000000007406850/2002-honda-integra-hatch?referringPage=SearchResults
Subaru,Legacy,2014,No,$700,"112,417",," Right Front Damage, Structural Damage, Selling De-Registered","Automatic,",5,Petrol,https://manheim.co.nz/damaged-vehicles/000000000007416876/2014-subaru-legacy-outback-station-wagon?referringPage=SearchResults
Toyota,Aqua,2019,No,N/A,"102,782",," Front Damage, Structural Damage, Selling De-Registered","CVT,",5,Hybrid,https://manheim.co.nz/damaged-vehicles/000000000007406884/2019-toyota-aqua-hatch?referringPage=SearchResults
Subaru,Outback,2004,Yes,$400,"153,594",," Ignition Damage, Left Side Damage, Stolen & Recovered, Selling Registered","Automatic,",5,Petrol,https://manheim.co.nz/damaged-vehicles/000000000007426883/2004-subaru-outback-station-wagon?referringPage=SearchResults
Mitsubishi,Outlander,2023,No,N/A,N/A,," Front Damage, Airbags Deployed, Structural Damage, Selling De-Registered","Automatic,",7,Hybrid,https://manheim.co.nz/damaged-vehicles/000000000007426888/2023-mitsubishi-outlander-vrx-phev-4wd-at-station-wagon?referringPage=SearchResults
Holden,Colorado,2012,No,"$1,500","362,364",," Front Damage, Structural Damage, Selling De-Registered","Automatic,",8,Diesel,https://manheim.co.nz/damaged-vehicles/000000000007406899/2012-holden-colorado-4x4-dx-rc-cc-2-8-mt-utility?referringPage=SearchResults
Ford,Fiesta,2006,No,$700,"51,164",," Left Side Damage, Airbags Deployed, Dismantled - Entire Vehicle, Selling De-Registered","Automatic,",5,Petrol,https://manheim.co.nz/damaged-vehicles/000000000007426902/2006-ford-fiesta-5dr-1-6-a-hatch?referringPage=SearchResults
Holden,Cruze,2009,No,$700,"30,578",," Left Front Damage, Left Rear Damage, Dismantled - Entire Vehicle, Selling De-Registered","Automatic,",5,Petrol,https://manheim.co.nz/damaged-vehicles/000000000007426910/2009-holden-cruze-cdx-1-8-at-sedan?referringPage=SearchResults
Ford,Focus,2005,No,$0,"50,587",," Left Rear Damage, Left Side Damage, Roof Damage, Right Side Damage, Dismantled - Entire Vehicle, Selling De-Registered","Automatic,",5,Petrol,https://manheim.co.nz/damaged-vehicles/000000000007426918/2005-ford-focus-hatch?referringPage=SearchResults
Mazda,MAZDA6,2005,No,$600,"236,256",," Left Front Damage, Left Side Damage, Structural Damage, Selling De-Registered",N/A,5,Petrol,https://manheim.co.nz/damaged-vehicles/000000000007426972/2005-mazda-mazda6-sedan-gsx-2-3-auto-sedan?referringPage=SearchResults
Mazda,Demio,2015,No,"$2,300",N/A,, Selling De-Registered,"Automatic,",5,Petrol,https://manheim.co.nz/damaged-vehicles/000000000007406973/2015-mazda-demio-skyactiv-hatch?referringPage=SearchResults
Audi,S4,2010,Yes,"$2,600","142,331",," Left Side Damage, Selling Registered","7spd Automatic,",5,Petrol,https://manheim.co.nz/damaged-vehicles/000000000007426987/2010-audi-s4-sedan?referringPage=SearchResults
Toyota,Vitz,2006,No,$850,N/A,, Selling De-Registered,"4spd Automatic,",5,Petrol,https://manheim.co.nz/damaged-vehicles/000000000007427013/2006-toyota-vitz-hatch?referringPage=SearchResults
Kawasaki,Vulcan,N/A,No,$0,N/A,N/A, Selling De-Registered,"5spd Manual,",N/A,Petrol,https://manheim.co.nz/damaged-vehicles/000000000007427016/kawasaki-vulcan-motorcycle?referringPage=SearchResults
Kawasaki,ex,2020,Yes,$0,1,," Stolen & Recovered, Selling Registered","Automatic,",N/A,Petrol,https://manheim.co.nz/damaged-vehicles/000000000007427037/2020-kawasaki-ex-400-motorcycle?referringPage=SearchResults
Nissan,Bluebird,2000,Yes,$800,N/A,," Left Side Damage, Right Rear Damage, Selling Registered","4spd Automatic,",5,Petrol,https://manheim.co.nz/damaged-vehicles/000000000007417066/2000-nissan-bluebird-sylphy-sedan?referringPage=SearchResults
Ford,Falcon,2003,No,$0,"156,048",," Left Front Damage, Left Side Damage, Roof Damage, Right Rear Damage, Right Side Damage, Dismantled - Entire Vehicle, Dismantled - Engine, Selling De-Registered","Automatic,",5,Petrol,https://manheim.co.nz/damaged-vehicles/000000000007407071/2003-ford-falcon-ba-falcon-xr6t-4fa-sedan?referringPage=SearchResults
Mazda,CX-5,2013,No,$650,"149,338",, Selling De-Registered,"Automatic,",5,N/A,https://manheim.co.nz/damaged-vehicles/000000000007417113/2013-mazda-cx-5-station-wagon?referringPage=SearchResults
Ford,Fiesta,2008,No,$0,"75,447",," Left Front Damage, Left Rear Damage, Left Side Damage, Right Front Damage, Dismantled - Entire Vehicle, Selling De-Registered","5spd Manual,",5,Petrol,https://manheim.co.nz/damaged-vehicles/000000000007427126/2008-ford-fiesta-5dr-1-6-m-hatch?referringPage=SearchResults
Mercedes-Benz,C200,2011,No,"$1,650",N/A,," Front Damage, Structural Damage, Selling De-Registered","Automatic,",5,Petrol,https://manheim.co.nz/damaged-vehicles/000000000007427163/2011-mercedes-benz-c200-sedan?referringPage=SearchResults
Suzuki,SV650,2023,No,$700,1,," Rear Damage, Structural Damage, Selling De-Registered","Automatic,",N/A,Petrol,https://manheim.co.nz/damaged-vehicles/000000000007417184/2023-suzuki-sv650-am3-abs-motorcycle?referringPage=SearchResults
Ford,Capri,1990,No,$0,"179,195",," Left Front Damage, Left Rear Damage, Right Front Damage, Dismantled - Interior, Selling De-Registered","5spd Manual,",5,Petrol,https://manheim.co.nz/damaged-vehicles/000000000007407234/1990-ford-capri-hatch?referringPage=SearchResults
Ford,Falcon,2009,No,$0,N/A,," Left Front Damage, Left Rear Damage, Dismantled - Interior, Selling De-Registered","Automatic,",5,Petrol,https://manheim.co.nz/damaged-vehicles/000000000007407259/2009-ford-falcon-fg-xt-sedan-fa-sedan?referringPage=SearchResults
Mitsubishi,Colt,2005,Yes,$800,N/A,," Left Front Damage, Selling Registered","Automatic,",5,Petrol,https://manheim.co.nz/damaged-vehicles/000000000007417275/2005-mitsubishi-colt-hatch?referringPage=SearchResults
Mazda,Demio,2001,No,$600,N/A,," Left Front Damage, Left Side Damage, Right Front Damage, Selling De-Registered","5spd Manual,",5,Petrol,https://manheim.co.nz/damaged-vehicles/000000000007417278/2001-mazda-demio-sedan?referringPage=SearchResults
Toyota,Prius,2019,No,N/A,N/A,," Front Damage, Airbags Deployed, Structural Damage, Selling De-Registered","Automatic,",5,Hybrid,https://manheim.co.nz/damaged-vehicles/000000000007427305/2019-toyota-prius-alpha-hybrid-station-wagon?referringPage=SearchResults
Chevrolet,Pickup,1977,No,N/A,"43,752",," Front Damage, Left Side Damage, Structural Damage, Selling De-Registered","Automatic,",3,Petrol,https://manheim.co.nz/damaged-vehicles/000000000007427314/1977-chevrolet-pickup-utility?referringPage=SearchResults
Mahindra,Pikup,2014,Yes,"$2,300",N/A,," Left Front Damage, Selling Registered","5spd Manual,",5,Diesel,https://manheim.co.nz/damaged-vehicles/000000000007417317/2014-mahindra-pikup-d-cc-c4x4-2-2d-4wd--utility?referringPage=SearchResults
Ford,Territory,2013,No,$0,N/A,," Left Front Damage, Left Rear Damage, Right Front Damage, Right Rear Damage, Dismantled - Interior, Selling De-Registered","Automatic,",7,Petrol,https://manheim.co.nz/damaged-vehicles/000000000007407336/2013-ford-territory-titanium-rwd-petrol-station-wagon?referringPage=SearchResults
Nissan,Atlas,1996,No,"$1,000","221,812",, Selling De-Registered,"Manual,",3,Diesel,https://manheim.co.nz/damaged-vehicles/000000000007417342/1996-nissan-atlas-flat-deck?referringPage=SearchResults
Nissan,Qashqai,2009,No,$500,"139,794",," Front Damage, Structural Damage, Selling De-Registered","Automatic,",5,Petrol,https://manheim.co.nz/damaged-vehicles/000000000007427345/2009-nissan-qashqai-2-0-ti-at-hatch?referringPage=SearchResults
Toyota,Corolla,2006,No,$700,"367,483",," Airbags Deployed, Front Damage, Structural Damage, Selling De-Registered","Automatic,",5,Petrol,https://manheim.co.nz/damaged-vehicles/000000000007427360/2006-toyota-corolla-1-8p-gl-hatch5-4a-hatch?referringPage=SearchResults
Ford,Mondeo,2004,Yes,$600,"240,524",," Right Front Damage, Selling Registered","5spd Manual,",5,Petrol,https://manheim.co.nz/damaged-vehicles/000000000007427365/2004-ford-mondeo-wag-2-0-manual-station-wagon?referringPage=SearchResults
Mitsubishi,Outlander,2013,No,"$1,300","191,349",," Front Damage, Underbody Damage, Structural Damage, Selling De-Registered","Automatic,",5,Hybrid,https://manheim.co.nz/damaged-vehicles/000000000007427383/2013-mitsubishi-outlander-station-wagon?referringPage=SearchResults
Toyota,Vitz,2002,No,$650,N/A,," Interior Damage, Ignition Damage, Right Side Damage, Dismantled - Interior, Structural Damage, Selling De-Registered","Automatic,",5,Petrol,https://manheim.co.nz/damaged-vehicles/000000000007427392/2002-toyota-vitz-rs-hatch?referringPage=SearchResults
Nissan,Bluebird,2008,No,$100,"113,245",," Front Damage, Structural Damage, Selling De-Registered",N/A,5,Petrol,https://manheim.co.nz/damaged-vehicles/000000000007427398/2008-nissan-bluebird-sylphy-sedan?referringPage=SearchResults
Toyota,Auris,2007,No,$600,N/A,," Front Damage, Rear Damage, Structural Damage, Selling De-Registered","Automatic,",5,Petrol,https://manheim.co.nz/damaged-vehicles/000000000007427410/2007-toyota-auris-hatch?referringPage=SearchResults
Holden,Captiva,2013,No,$1,N/A,," Fire Damage, Fire - Entire Vehicle, Structural Damage, Stolen & Recovered, Selling De-Registered","Automatic,",5,Diesel,https://manheim.co.nz/damaged-vehicles/000000000007427448/2013-holden-captiva-5-ltz-awd-2-2d-at-station-wagon?referringPage=SearchResults
Holden,Cruze,2012,No,$0,"9,099",," Left Front Damage, Left Rear Damage, Left Side Damage, Right Front Damage, Right Rear Damage, Right Side Damage, Selling De-Registered","Automatic,",5,Petrol,https://manheim.co.nz/damaged-vehicles/000000000007427466/2012-holden-cruze-cdx-sdn-1-8-at-sedan?referringPage=SearchResults
Ford,Focus,2007,Yes,$600,N/A,," Right Side Damage, Selling Registered","5spd Manual,",5,Diesel,https://manheim.co.nz/damaged-vehicles/000000000007407510/2007-ford-focus-1-8td-wagon-station-wagon?referringPage=SearchResults
Porsche,Macan,2016,No,N/A,"139,009",," Front Damage, Left Side Damage, Structural Damage, Selling De-Registered","Automatic,",5,Diesel,https://manheim.co.nz/damaged-vehicles/000000000007427529/2016-porsche-macan-s-diesel-3-0d-4wd-7-station-wagon?referringPage=SearchResults
Toyota,Aqua,2017,No,$700,N/A,," Front Damage, Structural Damage, Stolen & Recovered, Selling De-Registered","Automatic,",5,Hybrid,https://manheim.co.nz/damaged-vehicles/000000000007427532/2017-toyota-aqua-hybrid-hatch?referringPage=SearchResults
Mitsubishi,Delica,2015,No,$200,1,," Structural Damage, Selling De-Registered","Automatic,",8,Petrol,https://manheim.co.nz/damaged-vehicles/000000000007427555/2015-mitsubishi-delica-d5-high-roof-van?referringPage=SearchResults
Ford,Escape,2006,No,$650,"122,381",," Left Front Damage, Left Side Damage, Right Front Damage, Right Rear Damage, Right Side Damage, Airbags Deployed, Selling De-Registered","Automatic,",5,Petrol,https://manheim.co.nz/damaged-vehicles/000000000007427600/2006-ford-escape-xlt-v6-sport-station-wagon?referringPage=SearchResults
Toyota,Vitz,2001,No,$0,N/A,," Left Rear Damage, Right Rear Damage, Structural Damage, Selling De-Registered",N/A,5,Petrol,https://manheim.co.nz/damaged-vehicles/000000000007407616/2001-toyota-vitz-hatch?referringPage=SearchResults
Holden,Cruze,2010,Yes,$0,N/A,," Left Front Damage, Right Side Damage, Selling Registered","Automatic,",5,Petrol,https://manheim.co.nz/damaged-vehicles/000000000007427625/2010-holden-cruze-cdx-1-8-at-sedan?referringPage=SearchResults
LDV,V80,2022,No,N/A,"188,791",," Left Side Damage, Structural Damage, Selling De-Registered","Automatic,",3,Diesel,https://manheim.co.nz/damaged-vehicles/000000000007407721/2022-ldv-v80-bigger-amt-2-5d-6am-van?referringPage=SearchResults
Mazda,Axela,2006,Yes,$600,N/A,," Engine Damage, Left Front Damage, Left Rear Damage, Dismantled - Engine, Selling Registered","Automatic,",5,Petrol,https://manheim.co.nz/damaged-vehicles/000000000007427740/2006-mazda-axela-hatch?referringPage=SearchResults
Mazda,Demio,2003,No,$600,"178,475",," Front Damage, Ignition Damage, Left Front Damage, Vandalised - Interior, Structural Damage, Stolen & Recovered, Selling De-Registered","Automatic,",5,Petrol,https://manheim.co.nz/damaged-vehicles/000000000007427782/2003-mazda-demio-hatch?referringPage=SearchResults
Toyota,Corolla,2004,No,$650,N/A,," Right Side Damage, Structural Damage, Suspension Damage, Selling De-Registered",N/A,5,Petrol,https://manheim.co.nz/damaged-vehicles/000000000007427788/2004-toyota-corolla-1-5l-hatch?referringPage=SearchResults
Toyota,Vitz,2017,No,"$2,300",N/A,," Front Damage, Selling De-Registered","CVT,",5,Hybrid,https://manheim.co.nz/damaged-vehicles/000000000007427791/2017-toyota-vitz-1-5l-hybrid-cvt-hatch?referringPage=SearchResults
Mercedes-Benz,A180,2013,No,"$1,300",N/A,," Left Front Damage, Structural Damage, Selling De-Registered","Automatic,",5,Petrol,https://manheim.co.nz/damaged-vehicles/000000000007427802/2013-mercedes-benz-a180-hatch?referringPage=SearchResults
Nissan,Tiida,2007,Yes,$800,"157,116",," Left Side Damage, Rear Damage, Right Front Damage, Selling Registered","4spd Automatic,",5,Petrol,https://manheim.co.nz/damaged-vehicles/000000000007427846/2007-nissan-tiida-hatch?referringPage=SearchResults
Hyundai,Tucson,2023,No,N/A,"117,140",," Front Damage, Right Front Damage, Right Side Damage, Structural Damage, Selling De-Registered","Automatic,",5,Petrol,https://manheim.co.nz/damaged-vehicles/000000000007427881/2023-hyundai-tucson-elite-1-6pt-station-wagon?referringPage=SearchResults
ACE,Jubiler,2004,No,$0,N/A,0," Structural Damage, Selling De-Registered",N/A,N/A,N/A,https://manheim.co.nz/damaged-vehicles/000000000007438014/2004-ace-jubiler-caravan?referringPage=SearchResults
Toyota,Hiace,2017,Yes,N/A,"276,503",," Roof Damage, Selling Registered",N/A,2,Diesel,https://manheim.co.nz/damaged-vehicles/000000000007438055/2017-toyota-hiace-zx-td-3-0dt-4at-van?referringPage=SearchResults
Nissan,Note,2015,Yes,"$2,600","116,615",, Selling Registered,"CVT,",5,Petrol,https://manheim.co.nz/damaged-vehicles/000000000007428095/2015-nissan-note-hatch?referringPage=SearchResults
Subaru,Exiga,2008,Yes,"$1,500","130,710",," Left Side Damage, Selling Registered","5spd Automatic,",7,Petrol,https://manheim.co.nz/damaged-vehicles/000000000007428099/2008-subaru-exiga-station-wagon?referringPage=SearchResults
Toyota,Ractis,2006,No,$650,N/A,," Right Rear Damage, Structural Damage, Selling De-Registered","Automatic,",5,Petrol,https://manheim.co.nz/damaged-vehicles/000000000007428109/2006-toyota-ractis-station-wagon?referringPage=SearchResults
Mazda,Axela,2010,No,$200,N/A,," Engine Damage, Front Damage, Glass Broken, Rear Damage, Right Rear Damage, Structural Damage, Selling De-Registered","Automatic,",5,Petrol,https://manheim.co.nz/damaged-vehicles/000000000007428128/2010-mazda-axela-hatch?referringPage=SearchResults
Suzuki,Swift,2012,No,$500,N/A,," Left Front Damage, Structural Damage, Selling De-Registered","Manual,",5,Petrol,https://manheim.co.nz/damaged-vehicles/000000000007428144/2012-suzuki-swift-sport-hatch?referringPage=SearchResults
Toyota,Corolla,2004,No,$650,"255,622",," Left Front Damage, Right Front Damage, Structural Damage, Selling De-Registered","5spd Manual,",5,Petrol,https://manheim.co.nz/damaged-vehicles/000000000007428171/2004-toyota-corolla-1-8p-gl-hatch5-5m-hatch?referringPage=SearchResults
Honda,fit,2013,No,$500,"60,707",," Front Damage, Left Front Damage, Left Side Damage, Right Front Damage, Right Side Damage, Structural Damage, Selling De-Registered","Automatic,",5,Petrol,https://manheim.co.nz/damaged-vehicles/000000000007438201/2013-honda-fit-hatch?referringPage=SearchResults
Hyundai,I30,2011,No,$650,"17,910",," Left Front Damage, Left Rear Damage, Left Side Damage, Structural Damage, Selling De-Registered","Automatic,",5,Petrol,https://manheim.co.nz/damaged-vehicles/000000000007438222/2011-hyundai-i30-2-0-elite-a4-hatch?referringPage=SearchResults
Honda,fit,2010,Yes,$600,"175,639",," Rear Damage, Selling Registered",N/A,5,Petrol,https://manheim.co.nz/damaged-vehicles/000000000007438253/2010-honda-fit-hatch?referringPage=SearchResults
Mazda,CX-5,2012,No,$600,N/A,," Front Damage, Glass Broken, Airbags Deployed, Structural Damage, Selling De-Registered","Automatic,",5,Petrol,https://manheim.co.nz/damaged-vehicles/000000000007428251/2012-mazda-cx-5-station-wagon?referringPage=SearchResults
Suzuki,Swift,2016,No,"$1,300","209,189",," Front Damage, Structural Damage, Selling De-Registered","Automatic,",5,Petrol,https://manheim.co.nz/damaged-vehicles/000000000007428252/2016-suzuki-swift-hatch?referringPage=SearchResults
MG,3,2025,Yes,"$1,500","36,543",," Left Side Damage, Right Rear Damage, Suspension Damage, Under Body Damage, Selling Registered","Automatic,",5,Petrol,https://manheim.co.nz/damaged-vehicles/000000000007428259/2025-mg-3-core-1-5p-4at-hatch?referringPage=SearchResults
Mazda,BT-50,2009,No,"$1,500","271,039",," Front Damage, Structural Damage, Selling De-Registered","Automatic,",5,Diesel,https://manheim.co.nz/damaged-vehicles/000000000007418269/2009-mazda-bt-50-d-cab-w-s-2wd-sdx-dual-cab-utility?referringPage=SearchResults
Nissan,Micra,2011,No,$600,"76,055",," Left Side Damage, Structural Damage, Selling De-Registered","Automatic,",5,Petrol,https://manheim.co.nz/damaged-vehicles/000000000007438269/2011-nissan-micra-1-5-ti-at-hatch?referringPage=SearchResults
Kia,Sportage,2018,No,N/A,N/A,," Front Damage, Left Rear Damage, Structural Damage, Selling De-Registered",N/A,5,Petrol,https://manheim.co.nz/damaged-vehicles/000000000007438279/2018-kia-sportage-urban-lx-2-0p-6at-station-wagon?referringPage=SearchResults
Toyota,Corolla L/B MAN,1993,No,$400,"297,037",," Right Front Damage, Structural Damage, Selling De-Registered","Manual,",5,Petrol,https://manheim.co.nz/damaged-vehicles/000000000007418274/1993-toyota-corolla-l-b-man-hatch?referringPage=SearchResults
Suzuki,GSX250,2019,No,$0,N/A,," Ignition Damage, Structural Damage, Stolen & Recovered, Selling De-Registered","Automatic,",N/A,Petrol,https://manheim.co.nz/damaged-vehicles/000000000007418278/2019-suzuki-gsx250-rza-motorcycle?referringPage=SearchResults
Toyota,Hilux,2008,No,"$1,300",N/A,," Left Side Damage, Roof Damage, Right Side Damage, Structural Damage, Selling De-Registered","Manual,",5,Diesel,https://manheim.co.nz/damaged-vehicles/000000000007428277/2008-toyota-hilux-3-0td-4wd-sr5-dcu-4-dual-cab-utility?referringPage=SearchResults
Nissan,Skyline,2009,No,$200,N/A,," Front Damage, Right Side Damage, Airbags Deployed, Structural Damage, Selling De-Registered","Automatic,",5,Petrol,https://manheim.co.nz/damaged-vehicles/000000000007438295/2009-nissan-skyline-crossover-station-wagon?referringPage=SearchResults
Vespa,Sprint,2015,No,$0,"14,254",," Front Damage, Structural Damage, Selling De-Registered","Automatic,",N/A,Petrol,https://manheim.co.nz/damaged-vehicles/000000000007418315/2015-vespa-sprint-125-scooter?referringPage=SearchResults
Volkswagen,Golf,2007,No,$600,"147,606",," Left Side Damage, Structural Damage, Selling De-Registered","Automatic,",5,Petrol,https://manheim.co.nz/damaged-vehicles/000000000007428324/2007-volkswagen-golf-hatch?referringPage=SearchResults
Audi,Q5,2018,Yes,N/A,"80,378",," Front Damage, Glass Broken, Right Front Damage, Right Side Damage, Selling Registered","Automatic,",5,Petrol,https://manheim.co.nz/damaged-vehicles/000000000007438329/2018-audi-q5-q5-2-0-tfsi-sport-2-station-wagon?referringPage=SearchResults
Toyota,Corolla,2012,No,$700,N/A,," Left Front Damage, Right Front Damage, Structural Damage, Selling De-Registered","Automatic,",5,Petrol,https://manheim.co.nz/damaged-vehicles/000000000007438330/2012-toyota-corolla-station-wagon?referringPage=SearchResults
TRAILER,Rosser,2016,No,$450,N/A,0," Structural Damage, Selling De-Registered",N/A,N/A,N/A,https://manheim.co.nz/damaged-vehicles/000000000007428339/2016-trailer-rosser-a-tipping-trailer?referringPage=SearchResults
Toyota,Hiace,2009,No,N/A,"641,252",," Left Front Damage, Structural Damage, Selling De-Registered",N/A,3,Diesel,https://manheim.co.nz/damaged-vehicles/000000000007438352/2009-toyota-hiace-van?referringPage=SearchResults
LDV,V80,2020,No,$600,N/A,," Fire Damage, Selling De-Registered","Automatic,",3,Diesel,https://manheim.co.nz/damaged-vehicles/000000000007428364/2020-ldv-v80-van?referringPage=SearchResults
Toyota,Prius,2010,No,$500,N/A,," Front Damage, Structural Damage, Selling De-Registered","Automatic,",5,Hybrid,https://manheim.co.nz/damaged-vehicles/000000000007428366/2010-toyota-prius-hatch?referringPage=SearchResults
Toyota,Vanguard,2008,Yes,$0,"200,626",, Selling Registered,"Automatic,",5,Petrol,https://manheim.co.nz/damaged-vehicles/000000000007428381/2008-toyota-vanguard-station-wagon?referringPage=SearchResults
Honda,TRX520FMZ,2025,No,$0,N/A,," Structural Damage, Selling De-Registered",N/A,N/A,Hybrid,https://manheim.co.nz/damaged-vehicles/000000000007408428/2025-honda-trx520fmz-quadbike?referringPage=SearchResults
Volvo,C30,2008,No,$500,N/A,," Interior Damage, Water Damage, Selling De-Registered","5spd Automatic,",4,Petrol,https://manheim.co.nz/damaged-vehicles/000000000007438431/2008-volvo-c30-coup%C3%A9?referringPage=SearchResults
Toyota,Corolla,2010,No,$650,"141,948",," Rear Damage, Structural Damage, Selling De-Registered","Automatic,",5,Petrol,https://manheim.co.nz/damaged-vehicles/000000000007438435/2010-toyota-corolla-1-8p-gx-sedan-4-4a-sedan?referringPage=SearchResults
Mazda,Demio,2009,No,$500,N/A,," Rear Damage, Structural Damage, Selling De-Registered","Automatic,",5,Petrol,https://manheim.co.nz/damaged-vehicles/000000000007438436/2009-mazda-demio-hatch?referringPage=SearchResults
Toyota,Granvia,1999,No,$400,N/A,," Right Front Damage, Right Side Damage, Structural Damage, Selling De-Registered",N/A,8,Diesel,https://manheim.co.nz/damaged-vehicles/000000000007438437/1999-toyota-granvia-van?referringPage=SearchResults
Toyota,RAV4,2011,No,"$1,300","121,056",," Front Damage, Left Front Damage, Left Rear Damage, Rear Damage, Structural Damage, Selling De-Registered","Automatic,",5,Petrol,https://manheim.co.nz/damaged-vehicles/000000000007438438/2011-toyota-rav4-2-4-4wd-ltd-wagon-4-station-wagon?referringPage=SearchResults
Toyota,Caldina,1998,No,$500,N/A,," Front Damage, Left Front Damage, Right Front Damage, Structural Damage, Selling De-Registered","Automatic,",5,Petrol,https://manheim.co.nz/damaged-vehicles/000000000007438440/1998-toyota-caldina-gt-t-station-wagon?referringPage=SearchResults
Mazda,Premacy,2013,No,$0,N/A,," Rear Damage, Structural Damage, Selling De-Registered",N/A,7,Petrol,https://manheim.co.nz/damaged-vehicles/000000000007408468/2013-mazda-premacy-station-wagon?referringPage=SearchResults
Nissan,Caravan,2013,No,"$1,500",N/A,," Left Front Damage, Left Side Damage, Roof Damage, Rolled, Right Side Damage, Structural Damage, Selling De-Registered","5spd Automatic,",6,Diesel,https://manheim.co.nz/damaged-vehicles/000000000007418468/2013-nissan-caravan-nv350-van?referringPage=SearchResults
Suzuki,Swift,2019,No,$0,"64,757",," Rear Damage, Structural Damage, Selling De-Registered","Automatic,",5,Petrol,https://manheim.co.nz/damaged-vehicles/000000000007418471/2019-suzuki-swift-sport-1-4pt-6at-hatch?referringPage=SearchResults
CARAVAN,Caravell,1970,No,"$1,160",1,0," Roof Damage, Structural Damage, Selling De-Registered",N/A,N/A,N/A,https://manheim.co.nz/damaged-vehicles/000000000007318474/1970-caravan-caravell-caravan?referringPage=SearchResults
Toyota,Corolla SD MAN,1994,No,$600,"336,772",," Front Damage, Structural Damage, Selling De-Registered",N/A,5,Petrol,https://manheim.co.nz/damaged-vehicles/000000000007428481/1994-toyota-corolla-sd-man-sedan?referringPage=SearchResults
Yamaha,YZF,2018,No,$0,"11,153",," Right Side Damage, Structural Damage, Selling De-Registered","Automatic,",N/A,Petrol,https://manheim.co.nz/damaged-vehicles/000000000007428483/2018-yamaha-yzf-r3aj-motorcycle?referringPage=SearchResults
Holden,Commodore,2011,No,$500,"323,189",," Water Damage, Selling De-Registered","Automatic,",5,Petrol,https://manheim.co.nz/damaged-vehicles/000000000007428489/2011-holden-commodore-sportwgn-sv6-at-station-wagon?referringPage=SearchResults
Suzuki,Baleno,2022,No,$500,"77,066",," Front Damage, Left Front Damage, Right Front Damage, Structural Damage, Selling De-Registered","Automatic,",5,Petrol,https://manheim.co.nz/damaged-vehicles/000000000007438494/2022-suzuki-baleno-glxa-1-4p-4at-hatch?referringPage=SearchResults
BMW,320i,2007,No,$500,N/A,," Left Front Damage, Left Rear Damage, Left Side Damage, Right Front Damage, Structural Damage, Selling De-Registered","Automatic,",5,Petrol,https://manheim.co.nz/damaged-vehicles/000000000007428501/2007-bmw-320i-touring?referringPage=SearchResults
Toyota,Wish,2008,Yes,"$1,300",N/A,," Ignition Damage, Left Side Damage, Vandalised - Interior, Stolen & Recovered, Selling Registered","Automatic,",7,Petrol,https://manheim.co.nz/damaged-vehicles/000000000007428504/2008-toyota-wish-station-wagon?referringPage=SearchResults
Mazda,Premacy,2005,No,$100,"174,677",," Water Damage, Selling De-Registered","Automatic,",7,Petrol,https://manheim.co.nz/damaged-vehicles/000000000007428506/2005-mazda-premacy-station-wagon?referringPage=SearchResults
Toyota,Aqua,2018,No,$700,"115,423",," Front Damage, Left Front Damage, Left Side Damage, Right Front Damage, Right Side Damage, Structural Damage, Selling De-Registered","Automatic,",5,Hybrid,https://manheim.co.nz/damaged-vehicles/000000000007428509/2018-toyota-aqua-hatch?referringPage=SearchResults
Mazda,Demio,2010,No,$500,"163,697",," Glass Broken, Interior Damage, Ignition Damage, Left Side Damage, Stolen & Recovered, Selling De-Registered",N/A,5,Petrol,https://manheim.co.nz/damaged-vehicles/000000000007408507/2010-mazda-demio-hatch?referringPage=SearchResults
Mitsubishi,Outlander,2007,Yes,$0,"215,553",, Selling Registered,"CVT,",5,Petrol,https://manheim.co.nz/damaged-vehicles/000000000007428517/2007-mitsubishi-outlander-2400-cvt-station-wagon?referringPage=SearchResults
Toyota,Corolla,2014,No,$700,"145,544",," Left Front Damage, Left Side Damage, Structural Damage, Selling De-Registered","Automatic,",5,Hybrid,https://manheim.co.nz/damaged-vehicles/000000000007438514/2014-toyota-corolla-station-wagon?referringPage=SearchResults
Honda,Jazz,2008,No,$500,"81,293",," Right Side Damage, Structural Damage, Selling De-Registered","5spd Automatic,",5,Petrol,https://manheim.co.nz/damaged-vehicles/000000000007438518/2008-honda-jazz-sport-hatch?referringPage=SearchResults
Suzuki,Swift,2009,No,$400,"216,076",," Left Rear Damage, Structural Damage, Selling De-Registered","Automatic,",5,Petrol,https://manheim.co.nz/damaged-vehicles/000000000007438519/2009-suzuki-swift-glxha2-1-5-5dr-hatch?referringPage=SearchResults
Toyota,Caldina,2006,No,$650,"126,364",," Left Front Damage, Structural Damage, Selling De-Registered","Automatic,",5,Petrol,https://manheim.co.nz/damaged-vehicles/000000000007438523/2006-toyota-caldina-station-wagon?referringPage=SearchResults
Toyota,Markx,2009,No,$950,"165,704",," Rear Damage, Structural Damage, Selling De-Registered",N/A,6,Petrol,https://manheim.co.nz/damaged-vehicles/000000000007428522/2009-toyota-markx-zio-station-wagon?referringPage=SearchResults
Nissan,Tiida,2008,No,$100,"167,455",," Right Rear Damage, Structural Damage, Selling De-Registered","6spd Automatic,",5,Petrol,https://manheim.co.nz/damaged-vehicles/000000000007428531/2008-nissan-tiida-hatch?referringPage=SearchResults
Nissan,Note,2005,No,$100,"110,589",," Front Damage, Structural Damage, Selling De-Registered","Automatic,",5,Petrol,https://manheim.co.nz/damaged-vehicles/000000000007428532/2005-nissan-note-hatch?referringPage=SearchResults
Mazda,Demio,2006,Yes,$600,N/A,," Rear Damage, Selling Registered",N/A,5,Petrol,https://manheim.co.nz/damaged-vehicles/000000000007428533/2006-mazda-demio-hatch?referringPage=SearchResults
Honda,Airwave,2006,No,$500,N/A,," Left Front Damage, Left Rear Damage, Rear Damage, Right Rear Damage, Structural Damage, Selling De-Registered","Automatic,",5,Petrol,https://manheim.co.nz/damaged-vehicles/000000000007428535/2006-honda-airwave-station-wagon?referringPage=SearchResults
Subaru,Forester,2006,No,$500,N/A,," Interior Damage, Vandalised - Interior, Stolen & Recovered, Selling De-Registered","Automatic,",5,Petrol,https://manheim.co.nz/damaged-vehicles/000000000007428548/2006-subaru-forester-hatch?referringPage=SearchResults
Ford,Focus,2007,No,$200,"316,024",," Front Damage, Structural Damage, Selling De-Registered","Automatic,",5,Petrol,https://manheim.co.nz/damaged-vehicles/000000000007428553/2007-ford-focus-2-0-m-hatch-hatch?referringPage=SearchResults
Toyota,Prius,2015,No,"$1,300",N/A,," Left Side Damage, Right Rear Damage, Right Side Damage, Structural Damage, Selling De-Registered","Automatic,",5,Hybrid,https://manheim.co.nz/damaged-vehicles/000000000007408569/2015-toyota-prius-hatch?referringPage=SearchResults
Toyota,Wish,2003,Yes,$650,N/A,," Left Rear Damage, Right Side Damage, Selling Registered","Automatic,",5,Petrol,https://manheim.co.nz/damaged-vehicles/000000000007438569/2003-toyota-wish-station-wagon?referringPage=SearchResults
Honda,CBR,2024,No,$0,"30,417",," Accident Repair, Right Side Damage, Structural Damage, Selling De-Registered","Automatic,",N/A,Petrol,https://manheim.co.nz/damaged-vehicles/000000000007428570/2024-honda-cbr-500-p-motorcycle?referringPage=SearchResults
Toyota,Aqua,2016,No,"$1,500","47,869",," Ignition Damage, Right Rear Damage, Structural Damage, Selling De-Registered","Automatic,",5,Hybrid,https://manheim.co.nz/damaged-vehicles/000000000007428582/2016-toyota-aqua-hatch?referringPage=SearchResults
Toyota,Aqua,2016,No,$1,1,," Fire - Entire Vehicle, Structural Damage, Selling De-Registered","Automatic,",5,Hybrid,https://manheim.co.nz/damaged-vehicles/000000000007378580/2016-toyota-aqua-hatch?referringPage=SearchResults
Holden,VX Commodore,2003,Yes,$700,N/A,," Left Front Damage, Left Side Damage, Right Front Damage, Selling Registered","Automatic,",5,Petrol,https://manheim.co.nz/damaged-vehicles/000000000007418598/2003-holden-vx-commodore-lumina-sedan-v6-aut-sedan?referringPage=SearchResults
Nissan,Dualis,2008,Yes,$500,"164,560",," Right Side Damage, Selling Registered","Automatic,",5,Petrol,https://manheim.co.nz/damaged-vehicles/000000000007428591/2008-nissan-dualis-station-wagon?referringPage=SearchResults
Toyota,Prius,2013,No,$700,"150,704",," Left Front Damage, Structural Damage, Selling De-Registered","Automatic,",5,Hybrid,https://manheim.co.nz/damaged-vehicles/000000000007428596/2013-toyota-prius-alpha-hybrid-station-wagon?referringPage=SearchResults
Toyota,Echo,2005,No,$600,"110,705",," Rear Damage, Structural Damage, Selling De-Registered","Automatic,",5,Petrol,https://manheim.co.nz/damaged-vehicles/000000000007438594/2005-toyota-echo-hatch?referringPage=SearchResults
Mazda,Axela,2009,No,$500,N/A,," Right Rear Damage, Structural Damage, Suspension Damage, Selling De-Registered","Automatic,",5,Petrol,https://manheim.co.nz/damaged-vehicles/000000000007428604/2009-mazda-axela-station-wagon?referringPage=SearchResults
Mitsubishi,Triton,2009,No,$700,"233,344",," Left Front Damage, Structural Damage, Selling De-Registered",N/A,5,Diesel,https://manheim.co.nz/damaged-vehicles/000000000007428614/2009-mitsubishi-triton-glxr-dual-cab-utility?referringPage=SearchResults
Suzuki,Swift,2005,No,$500,"238,286",," Front Damage, Rear Damage, Structural Damage, Selling De-Registered",N/A,5,Petrol,https://manheim.co.nz/damaged-vehicles/000000000007428616/2005-suzuki-swift-hatch?referringPage=SearchResults
Mazda,Bongo,2008,Yes,$0,"176,784",, Selling Registered,N/A,3,Petrol,https://manheim.co.nz/damaged-vehicles/000000000007418610/2008-mazda-bongo-van?referringPage=SearchResults
Ford,Falcon UTE,2004,No,"$2,300",N/A,," Left Front Damage, Left Side Damage, Right Front Damage, Right Side Damage, Airbags Deployed, Selling De-Registered","Automatic,",2,Petrol,https://manheim.co.nz/damaged-vehicles/000000000007418688/2004-ford-falcon-ute-ba-xr8-pick-up-fa-coup%C3%A9?referringPage=SearchResults
Suzuki,DL1050,2022,No,$0,"19,797",," Structural Damage, Selling De-Registered","Manual,",N/A,Petrol,https://manheim.co.nz/damaged-vehicles/000000000007418738/2022-suzuki-dl1050-rcm0-v-strom-1050xt-motorcycle?referringPage=SearchResults
Toyota,Voxy,2006,No,$500,"204,623",," Front Damage, Structural Damage, Selling De-Registered",N/A,8,Petrol,https://manheim.co.nz/damaged-vehicles/000000000007428744/2006-toyota-voxy-station-wagon?referringPage=SearchResults
Mitsubishi,Galant,2008,No,$600,N/A,," Right Rear Damage, Structural Damage, Selling De-Registered","Automatic,",5,Petrol,https://manheim.co.nz/damaged-vehicles/000000000007428756/2008-mitsubishi-galant-sedan?referringPage=SearchResults
Toyota,Aqua,2018,No,$800,"147,348",," Left Front Damage, Right Rear Damage, Structural Damage, Selling De-Registered","Automatic,",5,Hybrid,https://manheim.co.nz/damaged-vehicles/000000000007428758/2018-toyota-aqua-hybrid-hatch?referringPage=SearchResults
Toyota,Hilux,2005,No,"$1,300",N/A,," Stolen & Recovered, Stolen & Stripped, Selling De-Registered","Automatic,",5,Petrol,https://manheim.co.nz/damaged-vehicles/000000000007428764/2005-toyota-hilux-2-7p-2wd-d-c-ute-5m-dual-cab-chassis?referringPage=SearchResults
Ford,Falcon,2000,No,$475,"253,499",," Interior Damage, Fire - Interior, Water Damage, Selling De-Registered","Automatic,",5,Petrol,https://manheim.co.nz/damaged-vehicles/000000000007438774/2000-ford-falcon-auii-fmt-ghia-v8-sedan?referringPage=SearchResults
Mazda,Demio,2004,Yes,$600,N/A,," Front Damage, Ignition Damage, Left Rear Damage, Right Front Damage, Stolen & Recovered, Selling Registered","Automatic,",5,Petrol,https://manheim.co.nz/damaged-vehicles/000000000007438787/2004-mazda-demio-hatch?referringPage=SearchResults
Holden,Commodore,2010,No,$800,"177,204",, Selling De-Registered,"Automatic,",5,Petrol,https://manheim.co.nz/damaged-vehicles/000000000007428782/2010-holden-commodore-calais-sedan-sedan?referringPage=SearchResults
Toyota,Aqua,2017,No,"$1,500",N/A,," Right Side Damage, Structural Damage, Selling De-Registered","Automatic,",5,N/A,https://manheim.co.nz/damaged-vehicles/000000000007428785/2017-toyota-aqua-hatch?referringPage=SearchResults
Yamaha,YZF,2019,No,$0,"31,006",," Front Damage, Structural Damage, Selling De-Registered",N/A,N/A,Petrol,https://manheim.co.nz/damaged-vehicles/000000000007408784/2019-yamaha-yzf-r3-aj2-motorcycle?referringPage=SearchResults
Ford,Falcon,2013,No,"$2,600","137,235",," Rear Damage, Structural Damage, Selling De-Registered","Automatic,",5,Petrol,https://manheim.co.nz/damaged-vehicles/000000000007428790/2013-ford-falcon-fg2-xr6-sedan-a-sedan?referringPage=SearchResults
Mazda,Familia,1994,Yes,$200,"201,195",," Front Damage, Glass Broken, Ignition Damage, Left Side Damage, Rear Damage, Stolen & Recovered, Selling Registered","5spd Automatic,",5,Petrol,https://manheim.co.nz/damaged-vehicles/000000000007438790/1994-mazda-familia-sedan?referringPage=SearchResults
Toyota,IST,2004,No,$650,"216,527",," Left Front Damage, Structural Damage, Selling De-Registered","Automatic,",5,Petrol,https://manheim.co.nz/damaged-vehicles/000000000007438791/2004-toyota-ist-hatch?referringPage=SearchResults
Holden,VX Commodore,2002,No,$500,"163,303",," Left Front Damage, Left Rear Damage, Roof Damage, Right Front Damage, Rolled, Right Rear Damage, Structural Damage, Selling De-Registered","Automatic,",5,Petrol,https://manheim.co.nz/damaged-vehicles/000000000007438794/2002-holden-vx-commodore-3-8-acclaim-wagon-a-station-wagon?referringPage=SearchResults
Mazda,Demio,2010,No,$300,"131,060",," Airbags Deployed, Chassis Damage, Front Damage, Structural Damage, Selling De-Registered","Automatic,",5,Petrol,https://manheim.co.nz/damaged-vehicles/000000000007438797/2010-mazda-demio-hatch?referringPage=SearchResults
Suzuki,Swift,2010,Yes,$725,"81,644",," Front Damage, Left Side Damage, Selling Registered",N/A,5,Petrol,https://manheim.co.nz/damaged-vehicles/000000000007438800/2010-suzuki-swift-glxha2-1-5-5dr-ltd-hatch?referringPage=SearchResults
Toyota,Voxy,2005,No,$500,N/A,," Left Rear Damage, Right Front Damage, Right Rear Damage, Right Side Damage, Structural Damage, Selling De-Registered","Automatic,",8,Petrol,https://manheim.co.nz/damaged-vehicles/000000000007438802/2005-toyota-voxy-station-wagon?referringPage=SearchResults
Nissan,Tiida,2005,Yes,$800,N/A,," Ignition Damage, Left Front Damage, Left Side Damage, Stolen & Recovered, Selling Registered","Automatic,",5,Petrol,https://manheim.co.nz/damaged-vehicles/000000000007438807/2005-nissan-tiida-latio-sedan?referringPage=SearchResults
Toyota,Estima,2005,No,$650,"203,816",," Front Damage, Left Side Damage, Malicious/Vandalised, Roof Damage, Structural Damage, Selling De-Registered","4spd,",8,Petrol,https://manheim.co.nz/damaged-vehicles/000000000007438809/2005-toyota-estima-station-wagon?referringPage=SearchResults
Skoda,Fabia,2019,No,"$1,300",N/A,," Left Front Damage, Structural Damage, Suspension Damage, Selling De-Registered","Automatic,",5,Petrol,https://manheim.co.nz/damaged-vehicles/000000000007428803/2019-skoda-fabia-ambition-mpi-81kw-1-hatch?referringPage=SearchResults
Audi,A4,2009,No,$700,N/A,," Rear Damage, Structural Damage, Selling De-Registered",N/A,5,Petrol,https://manheim.co.nz/damaged-vehicles/000000000007428811/2009-audi-a4-2-0t-sedan?referringPage=SearchResults
Nissan,Maxima,2010,No,$500,N/A,," Left Side Damage, Structural Damage, Selling De-Registered",N/A,5,Petrol,https://manheim.co.nz/damaged-vehicles/000000000007428813/2010-nissan-maxima-250l-sedan?referringPage=SearchResults
Suzuki,Swift,2005,Yes,$575,"158,313",," Front Damage, Rear Damage, Selling Registered",N/A,5,Petrol,https://manheim.co.nz/damaged-vehicles/000000000007428815/2005-suzuki-swift-hatch?referringPage=SearchResults
Mitsubishi,Galant,1999,No,$400,"178,188",," Front Damage, Left Front Damage, Right Front Damage, Right Side Damage, Structural Damage, Selling De-Registered","Automatic,",5,Petrol,https://manheim.co.nz/damaged-vehicles/000000000007428820/1999-mitsubishi-galant-2-0-gls-wagon-a-station-wagon?referringPage=SearchResults
Toyota,Avensis,2013,No,$700,"134,489",," Left Rear Damage, Right Front Damage, Structural Damage, Selling De-Registered","Automatic,",5,Petrol,https://manheim.co.nz/damaged-vehicles/000000000007428821/2013-toyota-avensis-station-wagon?referringPage=SearchResults
Subaru,Impreza,2014,No,$650,"61,624",," Left Rear Damage, Rear Damage, Right Rear Damage, Structural Damage, Selling De-Registered","Automatic,",5,Petrol,https://manheim.co.nz/damaged-vehicles/000000000007428823/2014-subaru-impreza-g4-sedan?referringPage=SearchResults
Holden,Commodore,2006,No,$500,"234,453",," Right Rear Damage, Structural Damage, Selling De-Registered","Automatic,",5,Petrol,https://manheim.co.nz/damaged-vehicles/000000000007428829/2006-holden-commodore-omega-sedan-auto-sedan?referringPage=SearchResults
Honda,fit,2009,No,$600,"201,132",," Rear Damage, Structural Damage, Selling De-Registered","Automatic,",5,Petrol,https://manheim.co.nz/damaged-vehicles/000000000007438826/2009-honda-fit-hatch?referringPage=SearchResults
Kia,Seltos,2023,No,N/A,"45,787",," Airbags Deployed, Right Side Damage, Structural Damage, Selling De-Registered",N/A,5,Petrol,https://manheim.co.nz/damaged-vehicles/000000000007438835/2023-kia-seltos-lx--2-0p-iv-station-wagon?referringPage=SearchResults
Mazda,Demio,2007,No,$500,"163,596",," Left Side Damage, Right Side Damage, Structural Damage, Selling De-Registered","Automatic,",5,Petrol,https://manheim.co.nz/damaged-vehicles/000000000007428832/2007-mazda-demio-hatch?referringPage=SearchResults
Toyota,Hiace,2009,No,N/A,N/A,," Front Damage, Left Front Damage, Right Front Damage, Right Rear Damage, Structural Damage, Selling De-Registered","Automatic,",3,Petrol,https://manheim.co.nz/damaged-vehicles/000000000007428836/2009-toyota-hiace-van?referringPage=SearchResults
Honda,fit,2002,No,$200,N/A,," Left Side Damage, Roof Damage, Rolled, Right Side Damage, Structural Damage, Selling De-Registered","4spd Automatic,",5,Petrol,https://manheim.co.nz/damaged-vehicles/000000000007428839/2002-honda-fit-hatch?referringPage=SearchResults
Toyota,RAV4,2000,No,$500,N/A,," Left Side Damage, Roof Damage, Structural Damage, Selling De-Registered","Automatic,",5,Petrol,https://manheim.co.nz/damaged-vehicles/000000000007438846/2000-toyota-rav4-l-station-wagon?referringPage=SearchResults
Nissan,Tiida,2009,No,$600,"156,014",," Right Side Damage, Structural Damage, Selling De-Registered","Automatic,",5,Petrol,https://manheim.co.nz/damaged-vehicles/000000000007428855/2009-nissan-tiida-15-m-hatch?referringPage=SearchResults
Subaru,Impreza,2013,No,$500,"103,538",," Front Damage, Left Front Damage, Right Front Damage, Structural Damage, Selling De-Registered","Automatic,",5,Petrol,https://manheim.co.nz/damaged-vehicles/000000000007428858/2013-subaru-impreza-hatch?referringPage=SearchResults
Nissan,Tiida,2005,No,$600,"165,878",," Rear Damage, Structural Damage, Selling De-Registered","Automatic,",5,Petrol,https://manheim.co.nz/damaged-vehicles/000000000007428870/2005-nissan-tiida-hatch?referringPage=SearchResults
Toyota,Aqua,2012,No,$650,"136,845",," Right Side Damage, Structural Damage, Selling De-Registered","Automatic,",5,Hybrid,https://manheim.co.nz/damaged-vehicles/000000000007428871/2012-toyota-aqua-hatch?referringPage=SearchResults
Audi,A4,2014,No,"$1,300","180,978",," Front Damage, Right Front Damage, Structural Damage, Suspension Damage, Selling De-Registered","Automatic,",5,Petrol,https://manheim.co.nz/damaged-vehicles/000000000007428874/2014-audi-a4-avtfsiq-2-0p7a-sw4d-station-wagon?referringPage=SearchResults
Toyota,RAV4,1996,No,$550,"190,471",," Structural Damage, Selling De-Registered","Automatic,",5,Petrol,https://manheim.co.nz/damaged-vehicles/000000000007428882/1996-toyota-rav4-station-wagon?referringPage=SearchResults
Toyota,Spacio,2003,No,$600,N/A,," Front Damage, Airbags Deployed, Structural Damage, Selling De-Registered","Automatic,",7,Petrol,https://manheim.co.nz/damaged-vehicles/000000000007428887/2003-toyota-spacio-x-station-wagon?referringPage=SearchResults
Nissan,Bluebird,2007,No,$200,N/A,," Front Damage, Left Side Damage, Rear Damage, Structural Damage, Selling De-Registered","Automatic,",5,Petrol,https://manheim.co.nz/damaged-vehicles/000000000007428892/2007-nissan-bluebird-sylphy-sedan?referringPage=SearchResults
Toyota,Corolla,2003,No,$500,"214,430",," Front Damage, Left Front Damage, Rear Damage, Right Front Damage, Structural Damage, Selling De-Registered","Automatic,",5,Petrol,https://manheim.co.nz/damaged-vehicles/000000000007428893/2003-toyota-corolla-runx-hatch?referringPage=SearchResults
Volvo,V60,2014,No,"$1,300","116,268",," Left Rear Damage, Structural Damage, Selling De-Registered","6spd Automatic,",5,Petrol,https://manheim.co.nz/damaged-vehicles/000000000007428896/2014-volvo-v60-station-wagon?referringPage=SearchResults
Nissan,X-trail,2007,No,$400,N/A,," Structural Damage, Stolen & Recovered, Selling De-Registered",N/A,5,Petrol,https://manheim.co.nz/damaged-vehicles/000000000007428897/2007-nissan-x-trail-aut-2-5l-st-f-lift-station-wagon?referringPage=SearchResults
Honda,Odyssey,2005,No,$500,"232,957",," Front Damage, Airbags Deployed, Structural Damage, Selling De-Registered","Automatic,",7,Petrol,https://manheim.co.nz/damaged-vehicles/000000000007428899/2005-honda-odyssey-station-wagon?referringPage=SearchResults
Mazda,CX-5,2016,No,"$1,500",N/A,," Chassis Damage, Front Damage, Structural Damage, Selling De-Registered","6spd Automatic,",5,Diesel,https://manheim.co.nz/damaged-vehicles/000000000007438895/2016-mazda-cx-5-gsx-dsl-2-2d-4wd-6a-station-wagon?referringPage=SearchResults
Suzuki,Swift,2012,No,$500,N/A,," Left Side Damage, Structural Damage, Selling De-Registered","Automatic,",5,Petrol,https://manheim.co.nz/damaged-vehicles/000000000007438900/2012-suzuki-swift-rs-1-4-5dr-at-hatch?referringPage=SearchResults
Toyota,Wish,2009,No,$700,N/A,," Airbags Deployed, Left Rear Damage, Left Side Damage, Structural Damage, Selling De-Registered","Automatic,",7,Petrol,https://manheim.co.nz/damaged-vehicles/000000000007428900/2009-toyota-wish-station-wagon?referringPage=SearchResults
Mazda,MAZDA3,2016,No,"$1,300",N/A,," Right Front Damage, Airbags Deployed, Structural Damage, Selling De-Registered",N/A,5,Petrol,https://manheim.co.nz/damaged-vehicles/000000000007428901/2016-mazda-mazda3-gsx-2-0p-6at-ha-5dr-hatch?referringPage=SearchResults
Mazda,Capella,1998,No,$200,"136,991",," Rear Damage, Structural Damage, Selling De-Registered",N/A,5,Petrol,https://manheim.co.nz/damaged-vehicles/000000000007428903/1998-mazda-capella-station-wagon?referringPage=SearchResults
Nissan,Wingroad,2009,Yes,$200,"262,825",," Front Damage, Left Side Damage, Rear Damage, Selling Registered","Automatic,",5,Petrol,https://manheim.co.nz/damaged-vehicles/000000000007428904/2009-nissan-wingroad-station-wagon?referringPage=SearchResults
Nissan,Tiida,2009,No,$200,"151,093",," Front Damage, Structural Damage, Selling De-Registered","Automatic,",5,Petrol,https://manheim.co.nz/damaged-vehicles/000000000007428906/2009-nissan-tiida-hatch?referringPage=SearchResults
Holden,Commodore,2012,Yes,$800,"190,094",," Left Front Damage, Left Side Damage, Selling Registered","Automatic,",5,Petrol,https://manheim.co.nz/damaged-vehicles/000000000007428912/2012-holden-commodore-sv6-z-series-sdn-at-sedan?referringPage=SearchResults
Nissan,Tiida,2012,No,$500,"235,979",," Front Damage, Structural Damage, Suspension Damage, Selling De-Registered","4spd,",5,Petrol,https://manheim.co.nz/damaged-vehicles/000000000007398921/2012-nissan-tiida-latio-sedan?referringPage=SearchResults
Volvo,XC60,2022,No,N/A,"2,872",," Water Damage, Selling De-Registered",N/A,5,N/A,https://manheim.co.nz/damaged-vehicles/000000000007438920/2022-volvo-xc60-b6-ultimate-dark-2--station-wagon?referringPage=SearchResults
Peugeot,308,2014,Yes,$750,"136,365",," Glass Broken, Selling Registered","Automatic,",5,Petrol,https://manheim.co.nz/damaged-vehicles/000000000007438924/2014-peugeot-308-active-1-6-hatch?referringPage=SearchResults
Mazda,Demio,2006,Yes,$600,"226,288",," Ignition Damage, Left Front Damage, Left Rear Damage, Right Front Damage, Vandalised - Interior, Stolen & Recovered, Selling Registered","Automatic,",5,Petrol,https://manheim.co.nz/damaged-vehicles/000000000007438943/2006-mazda-demio-hatch?referringPage=SearchResults
Holden,Commodore,2011,No,$700,"200,168",," Front Damage, Left Rear Damage, Rear Damage, Right Front Damage, Right Side Damage, Structural Damage, Suspension Damage, Selling De-Registered","Automatic,",5,Petrol,https://manheim.co.nz/damaged-vehicles/000000000007438946/2011-holden-commodore-ve-series-11-sv6-station-wagon?referringPage=SearchResults
Kia,Soul,2009,Yes,"$1,500","90,708",," Left Front Damage, Underbody Damage, Suspension Damage, Selling Registered","Automatic,",5,Diesel,https://manheim.co.nz/damaged-vehicles/000000000007358942/2009-kia-soul-hatch?referringPage=SearchResults
Toyota,Prius,2010,No,$100,N/A,," Fire Damage, Fire - Engine, Structural Damage, Water Damage, Selling De-Registered",N/A,N/A,Hybrid,https://manheim.co.nz/damaged-vehicles/000000000007428943/2010-toyota-prius-hatch?referringPage=SearchResults
Porsche,Boxster,2006,No,$1,N/A,," Fire Damage, Structural Damage, Fire Damaged, Selling De-Registered",N/A,2,Petrol,https://manheim.co.nz/damaged-vehicles/000000000007428990/2006-porsche-boxster-coup%C3%A9?referringPage=SearchResults
Volkswagen,Golf TSI,2016,No,$700,"97,055",," Right Rear Damage, Structural Damage, Suspension Damage, Selling De-Registered","Automatic,",5,Petrol,https://manheim.co.nz/damaged-vehicles/000000000007439013/2016-volkswagen-golf-tsi-hatch?referringPage=SearchResults
Honda,fit,2004,No,$600,N/A,," Left Side Damage, Structural Damage, Selling De-Registered","Automatic,",5,Petrol,https://manheim.co.nz/damaged-vehicles/000000000007429042/2004-honda-fit-hatch?referringPage=SearchResults
CARAVAN,Swift Corniche,1993,No,$0,N/A,0," Interior Damage, Structural Damage, Water Damage, Selling De-Registered",N/A,N/A,N/A,https://manheim.co.nz/damaged-vehicles/000000000007419047/1993-caravan-swift-corniche-caravan?referringPage=SearchResults
CF Moto,450srs,2026,No,$0,"1,018",," Front Fork Damaged, Frame Damaged, Structural Damage, Selling De-Registered",N/A,N/A,Petrol,https://manheim.co.nz/damaged-vehicles/000000000007429051/2026-cfmoto-450srs-motorcycle?referringPage=SearchResults
Subaru,Legacy,2006,No,$500,"240,552",," Rear Damage, Structural Damage, Selling De-Registered",N/A,5,Petrol,https://manheim.co.nz/damaged-vehicles/000000000007439062/2006-subaru-legacy-station-wagon?referringPage=SearchResults
Nissan,Fuga,2010,No,$500,"181,221",," Front Damage, Airbags Deployed, Structural Damage, Selling De-Registered",N/A,5,Petrol,https://manheim.co.nz/damaged-vehicles/000000000007429070/2010-nissan-fuga-sedan?referringPage=SearchResults
Mitsubishi,Triton,2005,No,$700,N/A,," Left Front Damage, Structural Damage, Selling De-Registered","Automatic,",5,Diesel,https://manheim.co.nz/damaged-vehicles/000000000007429072/2005-mitsubishi-triton-4wd-2-8td-dble-cab-dual-cab-utility?referringPage=SearchResults
Suzuki,Swift,2008,Yes,$900,N/A,," Right Side Damage, Accident Damage, Selling Registered",N/A,5,Petrol,https://manheim.co.nz/damaged-vehicles/000000000007429080/2008-suzuki-swift-hatch?referringPage=SearchResults
Toyota,Estima,2004,No,$200,"336,962",," Left Side Damage, Structural Damage, Selling De-Registered","Automatic,",7,Petrol,https://manheim.co.nz/damaged-vehicles/000000000007429081/2004-toyota-estima-station-wagon?referringPage=SearchResults
Toyota,Porte,2006,No,$500,N/A,," Left Rear Damage, Right Side Damage, Stolen & Recovered, Selling De-Registered","Automatic,",5,Petrol,https://manheim.co.nz/damaged-vehicles/000000000007429098/2006-toyota-porte-hatch?referringPage=SearchResults
Honda,Integra,1999,No,$500,"229,979",," Left Side Damage, Right Side Damage, Structural Damage, Selling De-Registered","5spd Manual,",4,Petrol,https://manheim.co.nz/damaged-vehicles/000000000007439095/1999-honda-integra-hatch?referringPage=SearchResults
Toyota,Aqua,2017,No,$700,N/A,," Airbags Deployed, Front Damage, Airbags Deployed, Structural Damage, Selling De-Registered",N/A,5,Hybrid,https://manheim.co.nz/damaged-vehicles/000000000007429102/2017-toyota-aqua-hatch?referringPage=SearchResults
Nissan,Tiida,2006,No,$500,N/A,," Right Rear Damage, Structural Damage, Selling De-Registered","Automatic,",5,Petrol,https://manheim.co.nz/damaged-vehicles/000000000007429104/2006-nissan-tiida-sedan?referringPage=SearchResults
Mitsubishi,Lancer,2005,No,$600,"273,038",," Left Front Damage, Left Side Damage, Right Side Damage, Structural Damage, Selling De-Registered","Automatic,",5,Petrol,https://manheim.co.nz/damaged-vehicles/000000000007429105/2005-mitsubishi-lancer-sedan?referringPage=SearchResults
Skoda,Octavia,2013,No,$500,N/A,," Left Front Damage, Structural Damage, Selling De-Registered","Automatic,",5,Diesel,https://manheim.co.nz/damaged-vehicles/000000000007429121/2013-skoda-octavia-scout-tdi-dsg-station-wagon?referringPage=SearchResults
Daihatsu,Sirion,2007,No,$500,"197,046",," Front Damage, Left Front Damage, Right Front Damage, Structural Damage, Selling De-Registered","4spd Automatic,",5,Petrol,https://manheim.co.nz/damaged-vehicles/000000000007429124/2007-daihatsu-sirion-1-3p-hatch-4a-hatch?referringPage=SearchResults
Nissan,Tiida,2006,No,$600,N/A,," Ignition Damage, Structural Damage, Stolen & Recovered, Selling De-Registered","Automatic,",5,Petrol,https://manheim.co.nz/damaged-vehicles/000000000007429126/2006-nissan-tiida-hatch?referringPage=SearchResults
Nissan,Note,2017,No,"$1,650",N/A,," Front Damage, Right Front Damage, Structural Damage, Selling De-Registered",N/A,4,Hybrid,https://manheim.co.nz/damaged-vehicles/000000000007409121/2017-nissan-note-e-power-hatch?referringPage=SearchResults
Mazda,Atenza,2005,No,$500,N/A,," Front Damage, Glass Broken, Ignition Damage, Left Rear Damage, Structural Damage, Selling De-Registered","Automatic,",5,Petrol,https://manheim.co.nz/damaged-vehicles/000000000007439122/2005-mazda-atenza-sedan?referringPage=SearchResults
Nissan,Primera,2003,No,$25,N/A,," Good Repairer, Rear Damage, Fire - Entire Vehicle, Structural Damage, Selling De-Registered","Automatic,",5,Petrol,https://manheim.co.nz/damaged-vehicles/000000000007429136/2003-nissan-primera-sedan?referringPage=SearchResults
Honda,Stream,2006,No,$500,"259,770",," Right Rear Damage, Structural Damage, Selling De-Registered","Automatic,",7,Petrol,https://manheim.co.nz/damaged-vehicles/000000000007429149/2006-honda-stream-station-wagon?referringPage=SearchResults
Toyota,Camry,2005,Yes,$500,"239,579",," Left Side Damage, Underbody Damage, Selling Registered",N/A,5,Petrol,https://manheim.co.nz/damaged-vehicles/000000000007429152/2005-toyota-camry-2-4p-altise-sedan-4-sedan?referringPage=SearchResults
Peugeot,2008,2019,No,$500,N/A,," Front Damage, Structural Damage, Selling De-Registered","6spd,",5,Petrol,https://manheim.co.nz/damaged-vehicles/000000000007429153/2019-peugeot-2008-allure-1-2pt-6at-touring?referringPage=SearchResults
Toyota,Aqua,2014,No,$800,"155,171",," Right Side Damage, Structural Damage, Stolen & Recovered, Selling De-Registered","Automatic,",5,Hybrid,https://manheim.co.nz/damaged-vehicles/000000000007429160/2014-toyota-aqua-hybrid-hatch?referringPage=SearchResults
Toyota,Markx,2009,No,$700,N/A,," Rear Damage, Structural Damage, Selling De-Registered","Automatic,",7,Petrol,https://manheim.co.nz/damaged-vehicles/000000000007429178/2009-toyota-markx-zio-station-wagon?referringPage=SearchResults
Mitsubishi,Outlander,2007,No,$1,N/A,," Fire Damage, Structural Damage, Stolen & Recovered, Selling De-Registered",N/A,7,Petrol,https://manheim.co.nz/damaged-vehicles/000000000007409173/2007-mitsubishi-outlander-station-wagon?referringPage=SearchResults
Honda,Stream,2006,No,$200,"217,499",," Rear Damage, Structural Damage, Selling De-Registered","4spd,",7,Petrol,https://manheim.co.nz/damaged-vehicles/000000000007429184/2006-honda-stream-station-wagon?referringPage=SearchResults
Honda,Civic,2000,No,$400,"258,800",," Front Damage, Glass Broken, Ignition Damage, Left Front Damage, Left Side Damage, Right Front Damage, Structural Damage, Stolen & Recovered, Selling De-Registered",N/A,5,Petrol,https://manheim.co.nz/damaged-vehicles/000000000007429189/2000-honda-civic-hatch?referringPage=SearchResults
Toyota,Prius,2012,No,$700,"274,757",," Right Rear Damage, Structural Damage, Selling De-Registered","Automatic,",5,Hybrid,https://manheim.co.nz/damaged-vehicles/000000000007429192/2012-toyota-prius-hatch?referringPage=SearchResults
Mitsubishi,Grandis,2004,Yes,$600,"229,444",," Left Front Damage, Selling Registered","Automatic,",7,Petrol,https://manheim.co.nz/damaged-vehicles/000000000007429215/2004-mitsubishi-grandis-station-wagon?referringPage=SearchResults
Rover,MG,1995,Yes,$200,"89,936",," Engine Damage, Selling Registered",N/A,2,Petrol,https://manheim.co.nz/damaged-vehicles/000000000007439226/1995-rover-mg-roadster?referringPage=SearchResults
Mazda,Atenza,2002,No,$500,N/A,," Left Front Damage, Rear Damage, Right Rear Damage, Structural Damage, Selling De-Registered","Automatic,",5,Petrol,https://manheim.co.nz/damaged-vehicles/000000000007439243/2002-mazda-atenza-hatch?referringPage=SearchResults
Toyota,Auris,2006,No,$500,"151,641",," Right Side Damage, Structural Damage, Selling De-Registered",N/A,5,Petrol,https://manheim.co.nz/damaged-vehicles/000000000007429242/2006-toyota-auris-hatch?referringPage=SearchResults
Toyota,Aqua Hatchback,2013,No,$700,N/A,," Rear Damage, Structural Damage, Selling De-Registered","Automatic,",5,Hybrid,https://manheim.co.nz/damaged-vehicles/000000000007429244/2013-toyota-aqua-hatchback-hatch?referringPage=SearchResults
Hyundai,Getz,2010,No,$500,"129,849",," Front Damage, Rear Damage, Structural Damage, Selling De-Registered","Automatic,",5,Petrol,https://manheim.co.nz/damaged-vehicles/000000000007429255/2010-hyundai-getz-1-4-5d-a4-hatch?referringPage=SearchResults
BMW,320i,2008,No,$650,N/A,," Front Damage, Structural Damage, Selling De-Registered",N/A,5,Petrol,https://manheim.co.nz/damaged-vehicles/000000000007429258/2008-bmw-320i-sedan?referringPage=SearchResults
Mitsubishi,Delica,2008,No,$700,N/A,," Front Damage, Right Rear Damage, Structural Damage, Selling De-Registered","4spd Automatic,",8,Petrol,https://manheim.co.nz/damaged-vehicles/000000000007419258/2008-mitsubishi-delica-station-wagon?referringPage=SearchResults
Nissan,Wingroad,2000,Yes,$100,N/A,," Front Damage, Right Rear Damage, Selling Registered",N/A,N/A,Petrol,https://manheim.co.nz/damaged-vehicles/000000000007429260/2000-nissan-wingroad-station-wagon?referringPage=SearchResults
Subaru,Legacy,2005,Yes,$500,N/A,," Interior Damage, Right Rear Damage, Selling Registered","Automatic,",5,Petrol,https://manheim.co.nz/damaged-vehicles/000000000007429266/2005-subaru-legacy-b-sport-station-wagon?referringPage=SearchResults
Toyota,Vitz,2009,No,$700,N/A,," Right Front Damage, Vandalised - Interior, Structural Damage, Selling De-Registered","Automatic,",5,Petrol,https://manheim.co.nz/damaged-vehicles/000000000007439260/2009-toyota-vitz-hatch?referringPage=SearchResults
Honda,Civic,2012,No,$600,N/A,," Rear Damage, Structural Damage, Selling De-Registered",N/A,5,Petrol,https://manheim.co.nz/damaged-vehicles/000000000007439265/2012-honda-civic-s-sedan?referringPage=SearchResults
Citroen,C5,2006,No,$200,"196,878",," Glass Broken, Left Side Damage, Selling De-Registered",N/A,5,Diesel,https://manheim.co.nz/damaged-vehicles/000000000007429279/2006-citroen-c5-2-0-ex-5dr-6sp-a-d-sedan?referringPage=SearchResults
BMW,323i,2007,No,$500,N/A,," Left Rear Damage, Roof Damage, Right Front Damage, Right Side Damage, Selling De-Registered","Automatic,",5,Petrol,https://manheim.co.nz/damaged-vehicles/000000000007419298/2007-bmw-323i-sedan?referringPage=SearchResults
Toyota,Spacio,2004,No,$650,N/A,," Rear Damage, Structural Damage, Selling De-Registered",N/A,7,Petrol,https://manheim.co.nz/damaged-vehicles/000000000007389359/2004-toyota-spacio-station-wagon?referringPage=SearchResults
Mitsubishi,Lancer,2006,Yes,"$1,300","242,662",, Selling Registered,"4spd Automatic,",5,Petrol,https://manheim.co.nz/damaged-vehicles/000000000007399359/2006-mitsubishi-lancer-2-4p-ls-sp-sedan-a-sedan?referringPage=SearchResults
Toyota,Hiace,2001,No,$700,"320,336",," Chassis Damage, Front Damage, Rear Damage, Structural Damage, Selling De-Registered","5spd Automatic,",3,Diesel,https://manheim.co.nz/damaged-vehicles/000000000007429426/2001-toyota-hiace-van?referringPage=SearchResults
Toyota,Camry,2006,No,$700,"240,384",," Left Front Damage, Structural Damage, Selling De-Registered","Automatic,",5,Petrol,https://manheim.co.nz/damaged-vehicles/000000000007429427/2006-toyota-camry-2-4p-sport-sedan-5a-sedan?referringPage=SearchResults
Hyundai,Accent,2015,No,$700,"133,752",," Front Damage, Left Front Damage, Left Rear Damage, Rear Damage, Right Rear Damage, Structural Damage, Selling De-Registered","Automatic,",5,Petrol,https://manheim.co.nz/damaged-vehicles/000000000007429428/2015-hyundai-accent-1-6-5d-a4-hatch?referringPage=SearchResults
Mitsubishi,ASX,2019,No,"$2,300","240,120",," Rear Damage, Structural Damage, Selling De-Registered","Automatic,",5,Petrol,https://manheim.co.nz/damaged-vehicles/000000000007429429/2019-mitsubishi-asx-ls-2-0p-cvt-station-wagon?referringPage=SearchResults
Audi,S4,2013,No,"$2,300","144,953",," Front Damage, Structural Damage, Selling De-Registered","Automatic,",5,Petrol,https://manheim.co.nz/damaged-vehicles/000000000007429430/2013-audi-s4-3-0-tfsi-sedan?referringPage=SearchResults
Nissan,X-trail,2009,No,$700,N/A,, Selling De-Registered,"Automatic,",5,Petrol,https://manheim.co.nz/damaged-vehicles/000000000007419447/2009-nissan-x-trail-station-wagon?referringPage=SearchResults
Hyundai,Santa FE,2007,No,$600,"322,619",," Right Front Damage, Right Side Damage, Structural Damage, Suspension Damage, Selling De-Registered","5spd Automatic,",7,Diesel,https://manheim.co.nz/damaged-vehicles/000000000007429471/2007-hyundai-santa-fe-2-2d-crdi-a5-7s-suv-station-wagon?referringPage=SearchResults
Toyota,Vitz,2005,No,$650,"52,200",," Front Damage, Structural Damage, Selling De-Registered","Automatic,",5,Petrol,https://manheim.co.nz/damaged-vehicles/000000000007429472/2005-toyota-vitz-hatch?referringPage=SearchResults
Holden,Colorado,2010,No,$700,"185,802",," Right Side Damage, Structural Damage, Selling De-Registered","Automatic,",5,Diesel,https://manheim.co.nz/damaged-vehicles/000000000007429474/2010-holden-colorado-4x4-lx-crw-pu-dsl-m-dual-cab-chassis?referringPage=SearchResults
Toyota,Harrier,2006,No,"$1,300","158,912",," Left Side Damage, Structural Damage, Selling De-Registered","Automatic,",5,Petrol,https://manheim.co.nz/damaged-vehicles/000000000007429475/2006-toyota-harrier-station-wagon?referringPage=SearchResults
Toyota,Vitz,2005,No,$700,N/A,," Front Damage, Left Front Damage, Structural Damage, Selling De-Registered","Automatic,",5,Petrol,https://manheim.co.nz/damaged-vehicles/000000000007429477/2005-toyota-vitz-hatch?referringPage=SearchResults
Toyota,Corolla,2010,No,"$1,500","101,151",," Front Damage, Structural Damage, Selling De-Registered","4spd Automatic,",5,Petrol,https://manheim.co.nz/damaged-vehicles/000000000007429478/2010-toyota-corolla-1-8p-glx-hatch-5-4a-hatch?referringPage=SearchResults
Lexus,RX450H,2009,No,"$1,650","137,530",," Front Damage, Left Front Damage, Right Front Damage, Structural Damage, Selling De-Registered","Automatic,",5,Hybrid,https://manheim.co.nz/damaged-vehicles/000000000007429479/2009-lexus-rx450h-station-wagon?referringPage=SearchResults
Subaru,BRZ,2013,No,"$1,500","140,167",," Front Damage, Airbags Deployed, Structural Damage, Selling De-Registered",N/A,4,Petrol,https://manheim.co.nz/damaged-vehicles/000000000007429480/2013-subaru-brz-coup%C3%A9?referringPage=SearchResults
Toyota,Ractis,2007,Yes,"$2,300","220,473",," Rear Damage, Right Side Damage, Selling Registered","Automatic,",5,Petrol,https://manheim.co.nz/damaged-vehicles/000000000007429481/2007-toyota-ractis-hatch?referringPage=SearchResults
Toyota,Camry,2014,No,"$1,500",N/A,," Front Damage, Right Front Damage, Structural Damage, Selling De-Registered",N/A,5,Hybrid,https://manheim.co.nz/damaged-vehicles/000000000007429482/2014-toyota-camry-2-5hybrid-i-tech-cv-sedan?referringPage=SearchResults
BMW,525i,2008,No,$500,N/A,," Front Damage, Airbags Deployed, Structural Damage, Selling De-Registered","Automatic,",5,Petrol,https://manheim.co.nz/damaged-vehicles/000000000007429483/2008-bmw-525i-2-5l-sedan?referringPage=SearchResults
Mazda,Demio,2012,No,$500,"192,187",," Left Rear Damage, Rear Damage, Right Rear Damage, Structural Damage, Selling De-Registered","Automatic,",5,Petrol,https://manheim.co.nz/damaged-vehicles/000000000007429484/2012-mazda-demio-hatch?referringPage=SearchResults
Hyundai,Santa FE,2011,No,$800,N/A,," Right Rear Damage, Structural Damage, Suspension Damage, Selling De-Registered",N/A,5,Diesel,https://manheim.co.nz/damaged-vehicles/000000000007429487/2011-hyundai-santa-fe-2-2r-crdi-a6-5s-suv-station-wagon?referringPage=SearchResults
Toyota,Aqua,2012,No,$750,N/A,," Rear Damage, Structural Damage, Selling De-Registered",N/A,5,Hybrid,https://manheim.co.nz/damaged-vehicles/000000000007429488/2012-toyota-aqua-hatch?referringPage=SearchResults
Honda,fit,2006,Yes,$500,"186,848",," Glass Broken, Ignition Damage, Right Side Damage, Selling Registered","Automatic,",N/A,Petrol,https://manheim.co.nz/damaged-vehicles/000000000007439482/2006-honda-fit-hatch?referringPage=SearchResults
Toyota,Prius,2012,No,$800,N/A,," Left Side Damage, Structural Damage, Selling De-Registered",N/A,5,Hybrid,https://manheim.co.nz/damaged-vehicles/000000000007429491/2012-toyota-prius-hatch?referringPage=SearchResults
Mazda,Demio,2010,Yes,$800,N/A,," Left Side Damage, Rear Damage, Selling Registered",N/A,5,Petrol,https://manheim.co.nz/damaged-vehicles/000000000007429492/2010-mazda-demio-hatch?referringPage=SearchResults
Mazda,Atenza,2008,Yes,$900,N/A,," Right Side Damage, Suspension Damage, Selling Registered",N/A,5,Petrol,https://manheim.co.nz/damaged-vehicles/000000000007429496/2008-mazda-atenza-sedan?referringPage=SearchResults
Toyota,Allion,2004,Yes,"$1,300",N/A,," Ignition Damage, Left Side Damage, Vandalised - Interior, Stolen & Recovered, Selling Registered","Automatic,",5,Petrol,https://manheim.co.nz/damaged-vehicles/000000000007429503/2004-toyota-allion-sedan?referringPage=SearchResults
Toyota,Corolla,2006,No,$400,1,," Front Damage, Structural Damage, Selling De-Registered","Automatic,",5,Petrol,https://manheim.co.nz/damaged-vehicles/000000000007429506/2006-toyota-corolla-hatch?referringPage=SearchResults
Ford,Falcon,2007,No,$500,"147,607",," Front Damage, Structural Damage, Selling De-Registered","Automatic,",5,Petrol,https://manheim.co.nz/damaged-vehicles/000000000007399511/2007-ford-falcon-bf2-xr6-sedan-a-sedan?referringPage=SearchResults
Hyundai,Tucson,2016,No,N/A,N/A,," Left Side Damage, Right Rear Damage, Structural Damage, Selling De-Registered","Automatic,",5,Petrol,https://manheim.co.nz/damaged-vehicles/000000000007439513/2016-hyundai-tucson-gdi-elite-2-0p-6at--station-wagon?referringPage=SearchResults
Mercedes-Benz,S350,2004,Yes,$200,1,," Front Damage, Ignition Damage, Left Front Damage, Left Rear Damage, Left Side Damage, Rear Damage, Roof Damage, Right Front Damage, Right Rear Damage, Right Side Damage, Stolen & Recovered, Selling Registered",N/A,5,Petrol,https://manheim.co.nz/damaged-vehicles/000000000007439531/2004-mercedes-benz-s350-sedan?referringPage=SearchResults
Mazda,MPV,2006,Yes,$600,1,, Selling Registered,"Automatic,",8,Petrol,https://manheim.co.nz/damaged-vehicles/000000000007429531/2006-mazda-mpv-station-wagon?referringPage=SearchResults
Subaru,Forester,2004,Yes,$400,"232,502",," Front Damage, Rear Damage, Selling Registered","Automatic,",5,Petrol,https://manheim.co.nz/damaged-vehicles/000000000007429536/2004-subaru-forester-station-wagon?referringPage=SearchResults
Toyota,MR2,1990,No,$700,"192,909",," Fire Damage, Left Side Damage, Fire - Engine, Structural Damage, Selling De-Registered","5spd Manual,",2,Petrol,https://manheim.co.nz/damaged-vehicles/000000000007409542/1990-toyota-mr2-coup%C3%A9?referringPage=SearchResults
Mazda,MAZDA6,2011,No,$500,N/A,," Front Damage, Structural Damage, Selling De-Registered","Automatic,",5,Petrol,https://manheim.co.nz/damaged-vehicles/000000000007439566/2011-mazda-mazda6-wagon-gsx-2-5-5at-station-wagon?referringPage=SearchResults
Toyota,Aqua,2014,No,$700,N/A,," Front Damage, Left Front Damage, Structural Damage, Selling De-Registered","Automatic,",4,Hybrid,https://manheim.co.nz/damaged-vehicles/000000000007439572/2014-toyota-aqua-hatch?referringPage=SearchResults
Subaru,Impreza,2013,No,$700,N/A,," Right Front Damage, Structural Damage, Selling De-Registered","Automatic,",5,Petrol,https://manheim.co.nz/damaged-vehicles/000000000007429579/2013-subaru-impreza-awd-hatch?referringPage=SearchResults
Toyota,Yaris Cross,2022,Yes,N/A,"35,956",," Front Damage, Interior Damage, Left Side Damage, Right Side Damage, Stolen & Recovered, Selling Registered","Automatic,",5,Hybrid,https://manheim.co.nz/damaged-vehicles/000000000007439582/2022-toyota-yaris-cross-gx-1-5ph-hd-station-wagon?referringPage=SearchResults
Mazda,323,2000,No,$200,N/A,," Front Damage, Airbags Deployed, Structural Damage, Selling De-Registered","Automatic,",5,Petrol,https://manheim.co.nz/damaged-vehicles/000000000007439619/2000-mazda-323-hatch?referringPage=SearchResults
Ford,Kuga,2016,No,$500,"237,441",," Rear Damage, Structural Damage, Selling De-Registered","11spd,",N/A,Petrol,https://manheim.co.nz/damaged-vehicles/000000000007439634/2016-ford-kuga-trend-station-wagon?referringPage=SearchResults
Suzuki,Swift,2006,No,$500,"191,670",," Front Damage, Structural Damage, Accident Damage, Selling De-Registered",N/A,5,Petrol,https://manheim.co.nz/damaged-vehicles/000000000007439639/2006-suzuki-swift-hatch?referringPage=SearchResults
Toyota,Prius,2018,No,N/A,"253,166",," Left Front Damage, Left Side Damage, Structural Damage, Selling De-Registered","Automatic,",5,Hybrid,https://manheim.co.nz/damaged-vehicles/000000000007429630/2018-toyota-prius-alpha-station-wagon?referringPage=SearchResults
Nissan,Note,2018,No,"$1,300",N/A,," Right Side Damage, Structural Damage, Selling De-Registered","Automatic,",5,Hybrid,https://manheim.co.nz/damaged-vehicles/000000000007429655/2018-nissan-note-e-power-hatch?referringPage=SearchResults
Toyota,Harrier,2006,No,$750,"311,982",," Water Damage, Selling De-Registered","Automatic,",5,Petrol,https://manheim.co.nz/damaged-vehicles/000000000007429705/2006-toyota-harrier-station-wagon?referringPage=SearchResults
Nissan,Qashqai,2016,Yes,"$1,500","332,028",," Front Damage, Selling Registered","Automatic,",5,Petrol,https://manheim.co.nz/damaged-vehicles/000000000007429789/2016-nissan-qashqai-st-2-0p-cvt-station-wagon?referringPage=SearchResults
Hyundai,Tucson,2009,No,$600,"242,507",," Right Rear Damage, Structural Damage, Selling De-Registered","Automatic,",5,Petrol,https://manheim.co.nz/damaged-vehicles/000000000007429835/2009-hyundai-tucson-2-0p-city-4d-a4-station-wagon?referringPage=SearchResults
Yamaha,MW,2016,No,$0,N/A,," Front Damage, Structural Damage, Selling De-Registered",N/A,2,Petrol,https://manheim.co.nz/damaged-vehicles/000000000007429836/2016-yamaha-mw-125f-motorcycle?referringPage=SearchResults
Subaru,Sport 4WD,N/A,No,$50,"469,176",," Left Front Damage, Right Front Damage, Right Rear Damage, Dismantled - Entire Vehicle, Selling De-Registered","Manual,",2,Petrol,https://manheim.co.nz/damaged-vehicles/000000000007409834/subaru-sport-4wd-dl-utility?referringPage=SearchResults
Toyota,Spade,2015,No,$750,"122,184",," Left Rear Damage, Left Side Damage, Structural Damage, Selling De-Registered",N/A,5,Petrol,https://manheim.co.nz/damaged-vehicles/000000000007429845/2015-toyota-spade-hatch?referringPage=SearchResults
Suzuki,Swift,2005,No,$200,"223,084",," Structural Damage, Water Damage, Selling De-Registered",N/A,5,Petrol,https://manheim.co.nz/damaged-vehicles/000000000007429847/2005-suzuki-swift-glxha2-1-5-5dr-hatch?referringPage=SearchResults
Suzuki,SX4,2007,Yes,$650,"171,878",," Left Front Damage, Left Side Damage, Selling Registered","Automatic,",5,Petrol,https://manheim.co.nz/damaged-vehicles/000000000007429852/2007-suzuki-sx4-hatch?referringPage=SearchResults
Toyota,Aqua,2012,No,$500,N/A,," Front Damage, Structural Damage, Selling De-Registered",N/A,5,Hybrid,https://manheim.co.nz/damaged-vehicles/000000000007429856/2012-toyota-aqua-hatch?referringPage=SearchResults
Honda,Odyssey,2013,No,"$1,500",N/A,," Front Damage, Rear Damage, Right Side Damage, Structural Damage, Suspension Damage, Selling De-Registered","5spd Automatic,",7,Petrol,https://manheim.co.nz/damaged-vehicles/000000000007409868/2013-honda-odyssey-absolute-station-wagon?referringPage=SearchResults
Suzuki,GSX150,2019,No,$0,N/A,," Front Damage, Structural Damage, Selling De-Registered","Automatic,",N/A,Petrol,https://manheim.co.nz/damaged-vehicles/000000000007419860/2019-suzuki-gsx150-dxa-gixxer-motorcycle?referringPage=SearchResults
Honda,fit,2011,No,$650,N/A,," Right Front Damage, Structural Damage, Selling De-Registered","CVT,",5,Petrol,https://manheim.co.nz/damaged-vehicles/000000000007419870/2011-honda-fit-shuttle-station-wagon?referringPage=SearchResults
Toyota,Camry,2015,No,"$1,500","142,312",," Front Damage, Structural Damage, Selling De-Registered",N/A,5,Hybrid,https://manheim.co.nz/damaged-vehicles/000000000007419876/2015-toyota-camry-hybrid-sedan?referringPage=SearchResults
Mercedes-Benz,B180,2010,Yes,$550,"107,298",," Engine Damage, Selling Registered",N/A,5,Petrol,https://manheim.co.nz/damaged-vehicles/000000000007429871/2010-mercedes-benz-b180-hatch?referringPage=SearchResults
Toyota,Vitz,2000,No,$500,N/A,," Front Damage, Left Front Damage, Rear Damage, Structural Damage, Selling De-Registered","Automatic,",5,Petrol,https://manheim.co.nz/damaged-vehicles/000000000007429876/2000-toyota-vitz-hatch?referringPage=SearchResults
Mazda,MAZDA2,2007,Yes,"$1,300","208,226",," Front Damage, Left Front Damage, Rear Damage, Selling Registered","Automatic,",5,Petrol,https://manheim.co.nz/damaged-vehicles/000000000007429884/2007-mazda-mazda2-classic-5dr-1-5-4at-hatch?referringPage=SearchResults
Mitsubishi,Outlander,2009,Yes,$600,"226,953",," Interior Damage, Stolen & Recovered, Selling Registered",N/A,7,Petrol,https://manheim.co.nz/damaged-vehicles/000000000007429927/2009-mitsubishi-outlander-station-wagon?referringPage=SearchResults
Volvo,XC90,2005,Yes,$600,"177,809",," Left Rear Damage, Selling Registered",N/A,7,Petrol,https://manheim.co.nz/damaged-vehicles/000000000007429977/2005-volvo-xc90-awd-station-wagon?referringPage=SearchResults
