Manufacturer,Model,Year,Registration Status,Price,Mileage,Keys,Damage description,Transmission,Seats,Fuel Type,Link
Toyota,Hiace,2013,No,N/A,"194,753",," Engine Damage, Right Side Damage, Structural Damage, Under Body Damage, Selling De-Registered","Automatic,",10,Petrol,https://manheim.co.nz/damaged-vehicles/000000000007420059/2013-toyota-hiace-high-roof-van?referringPage=SearchResults
SWIFT,Challenger Sport 554,2013,No,"$3,100",N/A,0," Right Side Damage, Structural Damage, Selling De-Registered",N/A,N/A,N/A,https://manheim.co.nz/damaged-vehicles/000000000007430073/2013-swift-challenger-sport-554-caravan?referringPage=SearchResults
Nissan,X-trail,2007,No,$0,"150,380",," Right Front Damage, Structural Damage, Selling De-Registered","Automatic,",5,Petrol,https://manheim.co.nz/damaged-vehicles/000000000007430074/2007-nissan-x-trail-station-wagon?referringPage=SearchResults
Toyota,Regius,2009,No,N/A,"351,298",," Glass Broken, Left Side Damage, Roof Damage, Right Side Damage, Structural Damage, Selling De-Registered","Automatic,",3,Diesel,https://manheim.co.nz/damaged-vehicles/000000000007430075/2009-toyota-regius-ace-van?referringPage=SearchResults
Renault,Koleos,2015,No,$0,"101,429",," Right Front Damage, Structural Damage, Selling De-Registered","Automatic,",5,Diesel,https://manheim.co.nz/damaged-vehicles/000000000007430085/2015-renault-koleos-2-0-4x4-2-0d-4wd-6a-station-wagon?referringPage=SearchResults
Toyota,RAV4,2009,No,$0,"125,934",," Hard Hit, Rear Damage, Structural Damage, Selling De-Registered",N/A,5,Petrol,https://manheim.co.nz/damaged-vehicles/000000000007430089/2009-toyota-rav4-station-wagon?referringPage=SearchResults
Toyota,Prius,2017,No,N/A,N/A,," Front Damage, Structural Damage, Selling De-Registered",N/A,5,Hybrid,https://manheim.co.nz/damaged-vehicles/000000000007430097/2017-toyota-prius-hatch?referringPage=SearchResults
BMW,I,2023,No,N/A,"76,745",," Front Damage, Rear Damage, Right Front Damage, Right Side Damage, Selling De-Registered",N/A,5,Electric,https://manheim.co.nz/damaged-vehicles/000000000007430099/2023-bmw-i-ix3-m-sport-80kwh-e-touring?referringPage=SearchResults
Nissan,Tiida,2009,No,$0,"91,273",," Airbags Deployed, Water Damage, Selling De-Registered","Automatic,",5,Petrol,https://manheim.co.nz/damaged-vehicles/000000000007430102/2009-nissan-tiida-hatch?referringPage=SearchResults
Mazda,Axela,2007,No,$0,"237,055",," Left Side Damage, Selling De-Registered","Automatic,",5,Petrol,https://manheim.co.nz/damaged-vehicles/000000000007430106/2007-mazda-axela-hatch?referringPage=SearchResults
Toyota,Vitz,2005,No,$0,"170,989",," Structural Damage, Suspension Damage, Selling De-Registered",N/A,5,Petrol,https://manheim.co.nz/damaged-vehicles/000000000007430132/2005-toyota-vitz-hatch?referringPage=SearchResults
Honda,CMX,2021,No,$0,1,," Front Damage, Interior Damage, Frame Damaged, Right Front Damage, Right Rear Damage, Right Side Damage, Structural Damage, Suspension Damage, Selling De-Registered","Manual,",N/A,Petrol,https://manheim.co.nz/damaged-vehicles/000000000007300139/2021-honda-cmx-500-p-motorcycle?referringPage=SearchResults
Ford,Ranger,2015,Yes,N/A,"387,013",, Selling Registered,"Automatic,",5,Diesel,https://manheim.co.nz/damaged-vehicles/000000000007430178/2015-ford-ranger-td-xlt-dc-w-sa-3-2d-dual-cab-utility?referringPage=SearchResults
Suzuki,Grand Vitara,2005,Yes,$0,"311,494",," Stolen & Recovered, Selling Registered","Automatic,",5,Petrol,https://manheim.co.nz/damaged-vehicles/000000000007430201/2005-suzuki-grand-vitara-wjlx-2-0-5dr-station-wagon?referringPage=SearchResults
Mitsubishi,ASX,2025,No,N/A,"13,278",," Left Front Damage, Left Side Damage, Selling De-Registered","CVT,",5,Petrol,https://manheim.co.nz/damaged-vehicles/000000000007410216/2025-mitsubishi-asx-ls-2-0p-cvt-station-wagon?referringPage=SearchResults
Toyota,OPA,2004,No,$0,"185,250",," Left Side Damage, Structural Damage, Selling De-Registered","Automatic,",5,Petrol,https://manheim.co.nz/damaged-vehicles/000000000007430343/2004-toyota-opa-hatch?referringPage=SearchResults
Mazda,Atenza,2011,No,$0,"311,842",," Front Damage, Structural Damage, Selling De-Registered","Automatic,",5,Petrol,https://manheim.co.nz/damaged-vehicles/000000000007430388/2011-mazda-atenza-station-wagon?referringPage=SearchResults
Toyota,Corolla,2008,No,$0,N/A,," Left Rear Damage, Rear Damage, Right Rear Damage, Structural Damage, Selling De-Registered","Automatic,",5,Petrol,https://manheim.co.nz/damaged-vehicles/000000000007430396/2008-toyota-corolla-1-8p-gx-hatch-5-4a-hatch?referringPage=SearchResults
Mazda,Premacy,2007,No,$0,N/A,," Left Front Damage, Left Rear Damage, Left Side Damage, Right Front Damage, Structural Damage, Selling De-Registered","Automatic,",7,Petrol,https://manheim.co.nz/damaged-vehicles/000000000007420395/2007-mazda-premacy-station-wagon?referringPage=SearchResults
Toyota,Hiace,2009,No,N/A,"295,622",," Rear Damage, Structural Damage, Selling De-Registered","6spd Automatic,",3,Petrol,https://manheim.co.nz/damaged-vehicles/000000000007430448/2009-toyota-hiace-van?referringPage=SearchResults
HOMEMADE,N/A,2000,No,"$4,000",N/A,0," Chassis Damage, Frame Damaged, Structural Damage, Selling De-Registered",N/A,N/A,N/A,https://manheim.co.nz/damaged-vehicles/000000000007410481/2000-homemade-transporter-trailer?referringPage=SearchResults
Toyota,Corolla,2016,No,$0,"114,660",," Right Side Damage, Structural Damage, Selling De-Registered","Automatic,",5,Petrol,https://manheim.co.nz/damaged-vehicles/000000000007410508/2016-toyota-corolla-gx-1-8p-cvt-ha-4dr--hatch?referringPage=SearchResults
Audi,A3,2022,No,N/A,"48,913",, Selling De-Registered,"7spd Automatic,",5,Petrol,https://manheim.co.nz/damaged-vehicles/000000000007420500/2022-audi-a3-sedan?referringPage=SearchResults
Suzuki,Swift,2010,No,$0,N/A,," Left Front Damage, Right Rear Damage, Structural Damage, Selling De-Registered",N/A,5,Petrol,https://manheim.co.nz/damaged-vehicles/000000000007430513/2010-suzuki-swift-hatch?referringPage=SearchResults
Vespa,Primavera,2018,Yes,$0,"8,400",, Selling Registered,"Automatic,",N/A,Petrol,https://manheim.co.nz/damaged-vehicles/000000000007430526/2018-vespa-primavera-150-iget-scooter?referringPage=SearchResults
Yamaha,YZF-R3A,2023,No,$0,"30,400",," Structural Damage, Selling De-Registered","Automatic,",N/A,Petrol,https://manheim.co.nz/damaged-vehicles/000000000007430609/2023-yamaha-yzf-r3a-n-motorcycle?referringPage=SearchResults
Mazda,Demio,2003,Yes,$0,"219,452",," Glass Broken, Ignition Damage, Stolen & Recovered, Selling Registered","Automatic,",5,Petrol,https://manheim.co.nz/damaged-vehicles/000000000007420620/2003-mazda-demio-hatch?referringPage=SearchResults
TRAILER,JFK Jetski,2017,No,"$2,000",N/A,0," Rolled, Structural Damage, Selling De-Registered",Manua,N/A,N/A,https://manheim.co.nz/damaged-vehicles/000000000007430745/2017-trailer-jfk-jetski-trailer--boat-?referringPage=SearchResults
Honda,Odyssey,2013,No,$0,"150,775",," Front Damage, Structural Damage, Selling De-Registered","Automatic,",7,Petrol,https://manheim.co.nz/damaged-vehicles/000000000007430801/2013-honda-odyssey-station-wagon?referringPage=SearchResults
Nissan,Note,2005,No,$0,"190,158",," Left Front Damage, Right Front Damage, Right Rear Damage, Structural Damage, Selling De-Registered","Automatic,",5,Petrol,https://manheim.co.nz/damaged-vehicles/000000000007430802/2005-nissan-note-hatch?referringPage=SearchResults
Audi,Q7,2018,No,N/A,"128,287",," Left Front Damage, Right Front Damage, Structural Damage, Suspension Damage, Selling De-Registered","Automatic,",7,Petrol,https://manheim.co.nz/damaged-vehicles/000000000007430804/2018-audi-q7-station-wagon?referringPage=SearchResults
Ford,Heavy VAN,2009,Yes,$0,"390,239",," Left Side Damage, Rear Damage, Selling Registered","Automatic,",3,Diesel,https://manheim.co.nz/damaged-vehicles/000000000007430805/2009-ford-heavy-van-transit-lwb-mroof-van?referringPage=SearchResults
Toyota,Aqua,2017,Yes,N/A,N/A,," Glass Broken, Left Side Damage, Selling Registered","CVT,",5,Hybrid,https://manheim.co.nz/damaged-vehicles/000000000007430806/2017-toyota-aqua-hybrid-hatch?referringPage=SearchResults
Volkswagen,Golf,2014,No,N/A,N/A,," Rear Damage, Structural Damage, Selling De-Registered",N/A,5,Petrol,https://manheim.co.nz/damaged-vehicles/000000000007430807/2014-volkswagen-golf-r-hatch?referringPage=SearchResults
Toyota,Prius,2013,No,$0,N/A,," Front Damage, Left Front Damage, Right Front Damage, Structural Damage, Selling De-Registered","Automatic,",5,Hybrid,https://manheim.co.nz/damaged-vehicles/000000000007430808/2013-toyota-prius-alpha-station-wagon?referringPage=SearchResults
Nissan,Juke,2012,No,$0,N/A,," Rear Damage, Right Front Damage, Structural Damage, Selling De-Registered",N/A,5,Petrol,https://manheim.co.nz/damaged-vehicles/000000000007430843/2012-nissan-juke-hatch?referringPage=SearchResults
Volkswagen,Golf,2011,No,$0,N/A,," Left Side Damage, Structural Damage, Selling De-Registered",N/A,5,Petrol,https://manheim.co.nz/damaged-vehicles/000000000007430844/2011-volkswagen-golf-hatch?referringPage=SearchResults
Honda,Odyssey,2006,Yes,$0,N/A,," Stolen & Recovered, Selling Registered",N/A,7,Petrol,https://manheim.co.nz/damaged-vehicles/000000000007430850/2006-honda-odyssey-station-wagon?referringPage=SearchResults
Mitsubishi,Eclipse Cross,2018,Yes,N/A,"150,920",," Left Rear Damage, Left Side Damage, Stolen & Recovered, Selling Registered","CVT,",5,Petrol,https://manheim.co.nz/damaged-vehicles/000000000007400853/2018-mitsubishi-eclipse-cross-xls-1-5p-8cvt-station-wagon?referringPage=SearchResults
Tesla,Model 3,2022,No,N/A,N/A,," Rear Damage, Right Rear Damage, Structural Damage, Water Damage, Selling De-Registered","Automatic, Fuel Type, Electri",5,Electric,https://manheim.co.nz/damaged-vehicles/000000000007420872/2022-tesla-model-3-rear-wheel-drive-60-sedan?referringPage=SearchResults
Harley-Davidson,Street,2017,No,$0,"20,852",," Structural Damage, Selling De-Registered","Automatic,",N/A,Petrol,https://manheim.co.nz/damaged-vehicles/000000000007430881/2017-harley-davidson-street-17-street-500-motorcycle?referringPage=SearchResults
Toyota,Prius,2011,No,$0,N/A,," Left Rear Damage, Right Rear Damage, Right Side Damage, Structural Damage, Under Body Damage, Selling De-Registered","Automatic,",5,Hybrid,https://manheim.co.nz/damaged-vehicles/000000000007430882/2011-toyota-prius-hybrid-hatch?referringPage=SearchResults
Nissan,Bluebird,2011,No,$0,"115,572",," Front Damage, Airbags Deployed, Structural Damage, Selling De-Registered","Automatic,",5,Petrol,https://manheim.co.nz/damaged-vehicles/000000000007430889/2011-nissan-bluebird-sedan?referringPage=SearchResults
Toyota,Vitz,2002,No,$0,N/A,," Left Side Damage, Right Front Damage, Structural Damage, Selling De-Registered","Automatic,",5,Petrol,https://manheim.co.nz/damaged-vehicles/000000000007430890/2002-toyota-vitz-hatch?referringPage=SearchResults
Mitsubishi,Galant,2006,No,$0,"200,363",," Left Side Damage, Structural Damage, Selling De-Registered","Automatic,",5,Petrol,https://manheim.co.nz/damaged-vehicles/000000000007430913/2006-mitsubishi-galant-2-0p-sedan-a-sedan?referringPage=SearchResults
Toyota,Aqua,2014,No,$0,N/A,," Left Rear Damage, Rear Damage, Right Front Damage, Right Rear Damage, Vandalised - Interior, Structural Damage, Selling De-Registered","Automatic,",5,Hybrid,https://manheim.co.nz/damaged-vehicles/000000000007430916/2014-toyota-aqua-hatch?referringPage=SearchResults
Honda,fit,2013,No,$0,N/A,," Front Damage, Structural Damage, Selling De-Registered",N/A,5,Hybrid,https://manheim.co.nz/damaged-vehicles/000000000007430921/2013-honda-fit-shuttle-station-wagon?referringPage=SearchResults
Audi,A5,2013,No,$0,N/A,," Engine Damage, Fire Damage, Glass Broken, Interior Damage, Rear Damage, Fire - Entire Vehicle, Structural Damage, Selling De-Registered","Automatic,",4,Petrol,https://manheim.co.nz/damaged-vehicles/000000000007430923/2013-audi-a5-spback-2-0t-quattro-sedan?referringPage=SearchResults
Toyota,Vitz,2005,No,$0,"120,608",," Rear Damage, Structural Damage, Selling De-Registered","4spd Automatic,",5,Petrol,https://manheim.co.nz/damaged-vehicles/000000000007430931/2005-toyota-vitz-hatch?referringPage=SearchResults
Toyota,SAI,2012,No,$0,"102,749",," Rear Damage, Structural Damage, Selling De-Registered","Automatic,",5,Hybrid,https://manheim.co.nz/damaged-vehicles/000000000007430932/2012-toyota-sai-hybrid-sedan?referringPage=SearchResults
Ford,Ranger,2007,No,$0,"293,954",," Front Damage, Right Rear Damage, Right Side Damage, Structural Damage, Selling De-Registered","Manual,",5,Diesel,https://manheim.co.nz/damaged-vehicles/000000000007430933/2007-ford-ranger-3-0td-xl-dc-w-s-4x4-dual-cab-utility?referringPage=SearchResults
Toyota,Aqua,2016,Yes,N/A,N/A,," Glass Broken, Ignition Damage, Right Front Damage, Vandalised - Interior, Stolen & Recovered, Selling Registered","Automatic,",5,Hybrid,https://manheim.co.nz/damaged-vehicles/000000000007430935/2016-toyota-aqua-hatch?referringPage=SearchResults
Citroen,C5,2014,No,$0,"251,456",," Rear Damage, Roof Damage, Structural Damage, Selling De-Registered","6spd Automatic,",5,Diesel,https://manheim.co.nz/damaged-vehicles/000000000007430936/2014-citroen-c5-2-0exclusivetourer-station-wagon?referringPage=SearchResults
Nissan,Navara,2004,Yes,$0,"192,392",," Stolen & Recovered, Selling Registered",N/A,5,Diesel,https://manheim.co.nz/damaged-vehicles/000000000007430937/2004-nissan-navara-3-0-4wd-d-c-w-s-ven-dual-cab-chassis?referringPage=SearchResults
GWM,Tank,2025,No,N/A,N/A,," Front Damage, Left Side Damage, Rear Damage, Roof Damage, Right Front Damage, Structural Damage, Selling De-Registered",N/A,5,Hybrid,https://manheim.co.nz/damaged-vehicles/000000000007430957/2025-gwm-tank-300-ultra-hybrid-2--station-wagon?referringPage=SearchResults
LDV,T60,2015,No,$0,"364,743",," Right Side Damage, Structural Damage, Selling De-Registered","Automatic,",5,Diesel,https://manheim.co.nz/damaged-vehicles/000000000007430966/2015-ldv-t60-max-2-lux-4wd-at-2--dual-cab-utility?referringPage=SearchResults
Toyota,Hiace,2005,No,N/A,"224,510",," Left Side Damage, Rear Damage, Vandalised - Interior, Structural Damage, Selling De-Registered","Automatic,",3,Petrol,https://manheim.co.nz/damaged-vehicles/000000000007410987/2005-toyota-hiace-panel-van?referringPage=SearchResults
Nissan,Pulsar,1999,No,$0,"336,256",," Front Damage, Structural Damage, Selling De-Registered",N/A,5,Petrol,https://manheim.co.nz/damaged-vehicles/000000000007431004/1999-nissan-pulsar-1-6-slx-5dr-5m-p-hatch?referringPage=SearchResults
Aprilia,RS 457,2025,No,$0,"10,894",," Front Fork Damaged, Structural Damage, Selling De-Registered","Automatic,",N/A,Petrol,https://manheim.co.nz/damaged-vehicles/000000000007431056/2025-aprilia-rs-457-motorcycle?referringPage=SearchResults
Toyota,Corolla,2019,No,N/A,N/A,," Rear Damage, Structural Damage, Selling De-Registered","Automatic,",5,Hybrid,https://manheim.co.nz/damaged-vehicles/000000000007431058/2019-toyota-corolla-axio-hybrid-sedan?referringPage=SearchResults
Nissan,Caravan,2013,No,$0,N/A,," Front Damage, Rear Damage, Structural Damage, Selling De-Registered","Automatic,",3,Petrol,https://manheim.co.nz/damaged-vehicles/000000000007431060/2013-nissan-caravan-nv350-van?referringPage=SearchResults
Subaru,Legacy,2012,No,$0,N/A,," Rear Damage, Structural Damage, Selling De-Registered",N/A,5,Petrol,https://manheim.co.nz/damaged-vehicles/000000000007431081/2012-subaru-legacy-station-wagon?referringPage=SearchResults
Mitsubishi,Lancer,2005,No,$0,"204,809",," Left Front Damage, Structural Damage, Selling De-Registered","Automatic,",5,Petrol,https://manheim.co.nz/damaged-vehicles/000000000007431088/2005-mitsubishi-lancer-es-sedan?referringPage=SearchResults
Ford,Mondeo,2013,Yes,$0,"155,448",," Front Damage, Left Rear Damage, Left Side Damage, Roof Damage, Right Rear Damage, Right Side Damage, Selling Registered","Automatic,",5,Petrol,https://manheim.co.nz/damaged-vehicles/000000000007431093/2013-ford-mondeo-2-3p-auto-hatch?referringPage=SearchResults
Hyundai,i30,2012,No,$0,"161,531",," Front Damage, Structural Damage, Selling De-Registered","Automatic,",5,Petrol,https://manheim.co.nz/damaged-vehicles/000000000007431103/2012-hyundai-i30-hatch?referringPage=SearchResults
Mazda,Axela,2009,No,$0,N/A,," Fire Damage, Fire - Interior, Selling De-Registered","Automatic,",5,Petrol,https://manheim.co.nz/damaged-vehicles/000000000007431113/2009-mazda-axela-sedan?referringPage=SearchResults
Toyota,Vitz,1999,No,$0,N/A,," Left Front Damage, Structural Damage, Selling De-Registered","Automatic,",5,Petrol,https://manheim.co.nz/damaged-vehicles/000000000007431124/1999-toyota-vitz-hatch?referringPage=SearchResults
Mercedes-Benz,GLA250,2014,No,$0,N/A,," Front Damage, Rear Damage, Structural Damage, Selling De-Registered","Automatic,",5,Petrol,https://manheim.co.nz/damaged-vehicles/000000000007431139/2014-mercedes-benz-gla250-hatch?referringPage=SearchResults
Toyota,Aqua,2015,Yes,N/A,N/A,," Ignition Damage, Vandalised - Entire Vehicle, Stolen & Recovered, Selling Registered",N/A,5,Hybrid,https://manheim.co.nz/damaged-vehicles/000000000007411138/2015-toyota-aqua-hybrid-hatch?referringPage=SearchResults
Holden,Colorado,2011,No,$0,"340,028",," Left Side Damage, Structural Damage, Selling De-Registered","Automatic,",5,Diesel,https://manheim.co.nz/damaged-vehicles/000000000007431143/2011-holden-colorado-4x2-lt-crw-pu-dsl-m-dual-cab-utility?referringPage=SearchResults
Toyota,Camry,2012,No,$0,N/A,," Rear Damage, Structural Damage, Selling De-Registered",N/A,5,Hybrid,https://manheim.co.nz/damaged-vehicles/000000000007431150/2012-toyota-camry-sedan?referringPage=SearchResults
Harley-Davidson,FXD,2007,No,$0,N/A,," Left Rear Damage, Right Rear Damage, Right Side Damage, Structural Damage, Selling De-Registered","6spd Manual,",N/A,Petrol,https://manheim.co.nz/damaged-vehicles/000000000007431155/2007-harley-davidson-fxd-wideglide-motorcycle?referringPage=SearchResults
Toyota,RAV4,2018,No,N/A,N/A,," Front Damage, Airbags Deployed, Structural Damage, Selling De-Registered",N/A,5,Petrol,https://manheim.co.nz/damaged-vehicles/000000000007431171/2018-toyota-rav4-gxl-suv-2-0p-cvt-sw-station-wagon?referringPage=SearchResults
Toyota,Corolla,2004,Yes,$0,"160,544",," Left Side Damage, Selling Registered","Automatic,",7,Petrol,https://manheim.co.nz/damaged-vehicles/000000000007431174/2004-toyota-corolla-spacio-x-station-wagon?referringPage=SearchResults
Toyota,Vitz,2016,No,$0,N/A,," Front Damage, Structural Damage, Selling De-Registered","Automatic,",5,Petrol,https://manheim.co.nz/damaged-vehicles/000000000007431180/2016-toyota-vitz-hatch?referringPage=SearchResults
Toyota,Prius,2015,No,$0,"326,869",," Left Side Damage, Structural Damage, Selling De-Registered",N/A,5,Hybrid,https://manheim.co.nz/damaged-vehicles/000000000007431184/2015-toyota-prius-hatch?referringPage=SearchResults
Nissan,Cube,2005,No,$0,"259,900",," Rear Damage, Structural Damage, Selling De-Registered",N/A,5,Petrol,https://manheim.co.nz/damaged-vehicles/000000000007431188/2005-nissan-cube-hatch?referringPage=SearchResults
Suzuki,SX4,2009,No,$0,N/A,," Interior Damage, Malicious/Vandalised, Structural Damage, Stolen & Recovered, Selling De-Registered","5spd,",5,Petrol,https://manheim.co.nz/damaged-vehicles/000000000007431195/2009-suzuki-sx4-hatch?referringPage=SearchResults
Mazda,CX-7,2007,No,$0,N/A,," Right Front Damage, Structural Damage, Selling De-Registered","Automatic,",5,Petrol,https://manheim.co.nz/damaged-vehicles/000000000007431198/2007-mazda-cx-7-station-wagon?referringPage=SearchResults
Toyota,Aqua,2018,Yes,N/A,"100,356",, Selling Registered,"CVT,",5,Hybrid,https://manheim.co.nz/damaged-vehicles/000000000007421190/2018-toyota-aqua-hatch?referringPage=SearchResults
Nissan,Pathfinder,2018,No,N/A,"120,464",," Front Damage, Left Front Damage, Right Front Damage, Airbags Deployed, Structural Damage, Selling De-Registered","Automatic,",7,Petrol,https://manheim.co.nz/damaged-vehicles/000000000007431201/2018-nissan-pathfinder-ti-3-5p-4wd-cvt-station-wagon?referringPage=SearchResults
Nissan,Pulsar,1999,Yes,$0,"266,393",," Left Rear Damage, Rear Damage, Right Rear Damage, Selling Registered","5spd Manual,",5,Petrol,https://manheim.co.nz/damaged-vehicles/000000000007431206/1999-nissan-pulsar-1-6-lx-5dr-5m-p-hatch?referringPage=SearchResults
Toyota,Corolla,2004,No,$0,"116,457",," Right Front Damage, Right Rear Damage, Structural Damage, Selling De-Registered, Selling Registered","Automatic,",5,Petrol,https://manheim.co.nz/damaged-vehicles/000000000007431210/2004-toyota-corolla-allex-hatch?referringPage=SearchResults
Honda,CRV,2007,No,$0,"273,945",," Front Damage, Structural Damage, Selling De-Registered","Automatic,",5,Petrol,https://manheim.co.nz/damaged-vehicles/000000000007431220/2007-honda-crv-station-wagon?referringPage=SearchResults
Land Rover,Range Rover Evoque,2012,Yes,N/A,"110,584",," Interior Damage, Dismantled - Interior, Selling Registered","6spd Automatic,",5,Petrol,https://manheim.co.nz/damaged-vehicles/000000000007431221/2012-land-rover-range-rover-evoque-si4-dynamic-station-wagon?referringPage=SearchResults
Honda,fit,2008,No,$0,"180,407",," Right Side Damage, Structural Damage, Selling De-Registered",N/A,5,Petrol,https://manheim.co.nz/damaged-vehicles/000000000007431227/2008-honda-fit-hatch?referringPage=SearchResults
Hyundai,I30,2014,No,$0,"198,022",," Left Rear Damage, Structural Damage, Selling De-Registered","Automatic,",5,Petrol,https://manheim.co.nz/damaged-vehicles/000000000007431240/2014-hyundai-i30-gde-wagon-1-6-a-station-wagon?referringPage=SearchResults
Suzuki,Swift,2005,No,$0,"204,635",," Left Rear Damage, Left Side Damage, Right Rear Damage, Structural Damage, Selling De-Registered","5spd Manual,",5,Petrol,https://manheim.co.nz/damaged-vehicles/000000000007431245/2005-suzuki-swift-hatch?referringPage=SearchResults
Mazda,Axela,2007,No,$0,"133,178",," Front Damage, Structural Damage, Selling De-Registered",N/A,5,Petrol,https://manheim.co.nz/damaged-vehicles/000000000007431248/2007-mazda-axela-sedan?referringPage=SearchResults
Mazda,Demio,2006,No,$0,"119,138",," Front Damage, Right Front Damage, Structural Damage, Selling De-Registered","Automatic,",5,Petrol,https://manheim.co.nz/damaged-vehicles/000000000007431259/2006-mazda-demio-hatch?referringPage=SearchResults
Mazda,Axela,2007,No,$0,N/A,," Front Damage, Structural Damage, Selling De-Registered",N/A,5,Petrol,https://manheim.co.nz/damaged-vehicles/000000000007431269/2007-mazda-axela-station-wagon?referringPage=SearchResults
Subaru,XV,2018,No,N/A,"84,672",," Left Side Damage, Structural Damage, Selling De-Registered","Automatic,",5,Petrol,https://manheim.co.nz/damaged-vehicles/000000000007431286/2018-subaru-xv-sport-2-0p-4wd-7at-station-wagon?referringPage=SearchResults
Suzuki,Swift,2007,Yes,$0,"119,621",," Left Rear Damage, Rear Damage, Right Rear Damage, Selling Registered","4spd Automatic,",5,Petrol,https://manheim.co.nz/damaged-vehicles/000000000007431292/2007-suzuki-swift-hatch?referringPage=SearchResults
Suzuki,Escudo,2008,No,$0,"136,250",," Front Damage, Left Front Damage, Right Front Damage, Structural Damage, Selling De-Registered","Automatic,",5,Petrol,https://manheim.co.nz/damaged-vehicles/000000000007431293/2008-suzuki-escudo-station-wagon?referringPage=SearchResults
Mazda,Axela,2006,No,$0,"262,506",," Left Front Damage, Structural Damage, Selling De-Registered","Automatic,",5,Petrol,https://manheim.co.nz/damaged-vehicles/000000000007431294/2006-mazda-axela-hatch?referringPage=SearchResults
Toyota,Aqua,2014,No,$0,"198,886",," Left Side Damage, Right Front Damage, Structural Damage, Selling De-Registered","Automatic,",5,Hybrid,https://manheim.co.nz/damaged-vehicles/000000000007431295/2014-toyota-aqua-hatch?referringPage=SearchResults
Nissan,Tiida,2006,Yes,$0,N/A,," Glass Broken, Ignition Damage, Left Front Damage, Left Side Damage, Vandalised - Interior, Selling Registered","Automatic,",5,Petrol,https://manheim.co.nz/damaged-vehicles/000000000007431325/2006-nissan-tiida-hatch?referringPage=SearchResults
Toyota,IST,2002,No,$0,"187,823",," Left Front Damage, Left Rear Damage, Rear Damage, Structural Damage, Selling De-Registered","4spd Automatic,",5,Petrol,https://manheim.co.nz/damaged-vehicles/000000000007431412/2002-toyota-ist-hatch?referringPage=SearchResults
Toyota,RAV4,1999,No,$0,"186,157",," Left Front Damage, Left Rear Damage, Rear Damage, Structural Damage, Selling De-Registered","Automatic,",4,Petrol,https://manheim.co.nz/damaged-vehicles/000000000007431415/1999-toyota-rav4-l-station-wagon?referringPage=SearchResults
Mazda,Demio,2015,No,$0,N/A,," Left Side Damage, Structural Damage, Selling De-Registered","Automatic,",5,Petrol,https://manheim.co.nz/damaged-vehicles/000000000007431429/2015-mazda-demio-hatch?referringPage=SearchResults
Toyota,Prius,2009,No,$0,"129,228",," Rear Damage, Structural Damage, Selling De-Registered","Automatic,",5,Hybrid,https://manheim.co.nz/damaged-vehicles/000000000007431442/2009-toyota-prius-hatch?referringPage=SearchResults
Honda,fit,2006,Yes,$0,N/A,," Glass Broken, Ignition Damage, Right Side Damage, Vandalised - Interior, Stolen & Recovered, Selling Registered",N/A,5,Petrol,https://manheim.co.nz/damaged-vehicles/000000000007431443/2006-honda-fit-hatch?referringPage=SearchResults
Toyota,Markx,2008,No,$0,"131,584",," Front Damage, Structural Damage, Selling De-Registered","Automatic,",6,Petrol,https://manheim.co.nz/damaged-vehicles/000000000007431444/2008-toyota-markx-zio-station-wagon?referringPage=SearchResults
Nissan,Fuga,2009,No,$0,N/A,," Rear Damage, Structural Damage, Selling De-Registered",N/A,5,Petrol,https://manheim.co.nz/damaged-vehicles/000000000007431445/2009-nissan-fuga-250gt-sedan?referringPage=SearchResults
Holden,Commodore,2017,No,$0,"306,206",," Front Damage, Left Front Damage, Right Front Damage, Structural Damage, Selling De-Registered","Automatic,",5,Petrol,https://manheim.co.nz/damaged-vehicles/000000000007431446/2017-holden-commodore-vf2-sv6-3-6p-6at-sedan?referringPage=SearchResults
Toyota,Corolla,2001,No,$0,N/A,," Left Side Damage, Right Side Damage, Selling De-Registered","Automatic,",5,Petrol,https://manheim.co.nz/damaged-vehicles/000000000007431447/2001-toyota-corolla-allex-station-wagon?referringPage=SearchResults
Mazda,Demio,2003,Yes,$0,"170,121",," Glass Broken, Ignition Damage, Left Rear Damage, Vandalised - Interior, Stolen & Recovered, Selling Registered","Automatic,",5,Petrol,https://manheim.co.nz/damaged-vehicles/000000000007431448/2003-mazda-demio-1500-hatch?referringPage=SearchResults
Ford,Ranger,2013,No,N/A,"232,554",," Front Damage, Airbags Deployed, Structural Damage, Selling De-Registered","Automatic,",5,Diesel,https://manheim.co.nz/damaged-vehicles/000000000007431449/2013-ford-ranger-3-2td-wildtrak-4x4-dual-cab-utility?referringPage=SearchResults
Volkswagen,Golf,2005,No,$0,"192,119",," Front Damage, Left Front Damage, Right Front Damage, Structural Damage, Selling De-Registered","Automatic,",5,Petrol,https://manheim.co.nz/damaged-vehicles/000000000007431450/2005-volkswagen-golf-hatch?referringPage=SearchResults
Mercedes-Benz,CL500,2007,No,$0,N/A,," Front Damage, Structural Damage, Selling De-Registered","Automatic,",4,Petrol,https://manheim.co.nz/damaged-vehicles/000000000007431461/2007-mercedes-benz-cl500-7g-tronic-coup%C3%A9?referringPage=SearchResults
Audi,Q7,2008,Yes,$0,N/A,," Engine Damage, Fire Damage, Right Rear Damage, Right Side Damage, Selling Registered","Automatic,",7,Petrol,https://manheim.co.nz/damaged-vehicles/000000000007431464/2008-audi-q7-3-6-quattro-s-line-station-wagon?referringPage=SearchResults
Toyota,Spacio,2003,No,$0,N/A,," Left Rear Damage, Left Side Damage, Rear Damage, Right Rear Damage, Structural Damage, Selling De-Registered",N/A,7,Petrol,https://manheim.co.nz/damaged-vehicles/000000000007431465/2003-toyota-spacio-station-wagon?referringPage=SearchResults
Mazda,Demio,2005,Yes,$0,N/A,," Ignition Damage, Left Side Damage, Vandalised - Interior, Stolen & Recovered, Selling Registered","Automatic,",5,Petrol,https://manheim.co.nz/damaged-vehicles/000000000007431466/2005-mazda-demio-hatch?referringPage=SearchResults
Honda,Civic,2002,No,$0,"168,730",," Rear Damage, Right Front Damage, Structural Damage, Selling De-Registered",N/A,5,Petrol,https://manheim.co.nz/damaged-vehicles/000000000007431479/2002-honda-civic-hatch?referringPage=SearchResults
Toyota,RAV4,2012,No,$0,"251,780",," Right Rear Damage, Structural Damage, Selling De-Registered","Automatic,",5,Petrol,https://manheim.co.nz/damaged-vehicles/000000000007431495/2012-toyota-rav4-2-4p-4wd-wagon5-5a-station-wagon?referringPage=SearchResults
Audi,Q3,2020,No,N/A,N/A,," Left Front Damage, Airbags Deployed, Structural Damage, Suspension Damage, Selling De-Registered","Automatic,",5,Petrol,https://manheim.co.nz/damaged-vehicles/000000000007431497/2020-audi-q3-q3-sportback-45-169-station-wagon?referringPage=SearchResults
Hyundai,I30,2011,Yes,$0,"199,727",," Front Damage, Selling Registered","Automatic,",5,Diesel,https://manheim.co.nz/damaged-vehicles/000000000007431498/2011-hyundai-i30-wagon-1-6-crdi-elit-station-wagon?referringPage=SearchResults
BMW,X7,2021,Yes,N/A,"75,459",," Right Front Damage, Right Side Damage, Dismantled - Engine, Underbody Damage, Stolen & Recovered, Selling Registered",N/A,7,Diesel,https://manheim.co.nz/damaged-vehicles/000000000007431502/2021-bmw-x7-x30d-3-0dt-4wd-8at-touring?referringPage=SearchResults
Holden,Barina,2018,No,$0,"54,072",," Left Front Damage, Left Side Damage, Structural Damage, Selling De-Registered","5spd Automatic,",5,Petrol,https://manheim.co.nz/damaged-vehicles/000000000007431525/2018-holden-barina-lt-1-6p-6at-hatch?referringPage=SearchResults
Volkswagen,Tiguan,2017,No,$0,"111,761",," Right Rear Damage, Structural Damage, Selling De-Registered","Automatic,",5,Petrol,https://manheim.co.nz/damaged-vehicles/000000000007431527/2017-volkswagen-tiguan-tsi-highline-2wd-1--station-wagon?referringPage=SearchResults
Mazda,MAZDA6,2015,No,$0,N/A,," Right Side Damage, Structural Damage, Selling De-Registered","Automatic,",5,Diesel,https://manheim.co.nz/damaged-vehicles/000000000007431528/2015-mazda-mazda6-gsx-ds-2-2d-6at-sw--station-wagon?referringPage=SearchResults
Mazda,Axela,2015,No,$0,N/A,," Right Side Damage, Airbags Deployed, Structural Damage, Selling De-Registered","Manual,",5,Petrol,https://manheim.co.nz/damaged-vehicles/000000000007431529/2015-mazda-axela-hatch?referringPage=SearchResults
Renault,Lutecia,2007,No,$0,"123,578",," Right Rear Damage, Structural Damage, Suspension Damage, Selling De-Registered","Automatic,",5,Petrol,https://manheim.co.nz/damaged-vehicles/000000000007421524/2007-renault-lutecia-hatch?referringPage=SearchResults
Subaru,Legacy,2006,No,$0,N/A,," Fire Damage, Fire - Entire Vehicle, Structural Damage, Selling De-Registered","Automatic,",5,Petrol,https://manheim.co.nz/damaged-vehicles/000000000007431530/2006-subaru-legacy-b-sport-sedan?referringPage=SearchResults
Kia,Sportage,2008,Yes,$0,"243,788",," Right Side Damage, Selling Registered",N/A,5,Petrol,https://manheim.co.nz/damaged-vehicles/000000000007431544/2008-kia-sportage-2-7-v6-auto-station-wagon?referringPage=SearchResults
Nissan,Tiida,2010,No,$0,"220,654",," Ignition Damage, Left Side Damage, Rear Damage, Right Front Damage, Right Side Damage, Structural Damage, Stolen & Recovered, Selling De-Registered","Automatic,",5,Petrol,https://manheim.co.nz/damaged-vehicles/000000000007431549/2010-nissan-tiida-latio-sedan?referringPage=SearchResults
Nissan,Pathfinder,2019,No,N/A,"184,894",," Right Side Damage, Structural Damage, Selling De-Registered","CVT,",7,Petrol,https://manheim.co.nz/damaged-vehicles/000000000007421542/2019-nissan-pathfinder-st-3-5p-4wd-cvt-station-wagon?referringPage=SearchResults
Nissan,Skyline,2007,No,$0,"200,305",," Right Rear Damage, Structural Damage, Selling De-Registered","Automatic,",5,Petrol,https://manheim.co.nz/damaged-vehicles/000000000007421566/2007-nissan-skyline-sedan?referringPage=SearchResults
Isuzu,D-max,2020,No,N/A,N/A,," Roof Damage, Right Side Damage, Structural Damage, Selling De-Registered","Automatic,",5,Diesel,https://manheim.co.nz/damaged-vehicles/000000000007421568/2020-isuzu-d-max-ls-dc-3-0d-4wd-6at-utility?referringPage=SearchResults
Toyota,Corolla,1993,No,$0,"171,529",," Right Front Damage, Structural Damage, Selling De-Registered","4spd Automatic,",5,Petrol,https://manheim.co.nz/damaged-vehicles/000000000007431562/1993-toyota-corolla-hatch?referringPage=SearchResults
Mitsubishi,Lancer,2015,No,$0,N/A,," Rear Damage, Right Front Damage, Structural Damage, Selling De-Registered","Automatic,",5,Petrol,https://manheim.co.nz/damaged-vehicles/000000000007431563/2015-mitsubishi-lancer-gsr-2-0p-cvt-sl-4dr-sedan?referringPage=SearchResults
Nissan,NV350,2014,No,$0,1,," Front Damage, Left Rear Damage, Structural Damage, Selling De-Registered","Automatic,",6,Petrol,https://manheim.co.nz/damaged-vehicles/000000000007431565/2014-nissan-nv350-caravan-van?referringPage=SearchResults
Toyota,Aqua,2014,No,$0,N/A,," Front Damage, Structural Damage, Selling De-Registered","Automatic,",5,Hybrid,https://manheim.co.nz/damaged-vehicles/000000000007431566/2014-toyota-aqua-hybrid-hatch?referringPage=SearchResults
Audi,Q5,2023,No,N/A,"31,314",," Front Damage, Structural Damage, Selling De-Registered",N/A,5,Petrol,https://manheim.co.nz/damaged-vehicles/000000000007431601/2023-audi-q5-45-tfsi-q-183kw-2-0-station-wagon?referringPage=SearchResults
Kawasaki,ex,2019,No,$0,"30,745",," Right Side Damage, Structural Damage, Selling De-Registered",N/A,N/A,Petrol,https://manheim.co.nz/damaged-vehicles/000000000007431615/2019-kawasaki-ex-400-motorcycle?referringPage=SearchResults
Toyota,Corolla,2013,Yes,N/A,N/A,," Front Damage, Glass Broken, Interior Damage, Ignition Damage, Rear Damage, Stolen & Recovered, Selling Registered","Automatic,",5,Petrol,https://manheim.co.nz/damaged-vehicles/000000000007431632/2013-toyota-corolla-gx-1-5p-wagon-5m-station-wagon?referringPage=SearchResults
Mazda,Demio,2005,Yes,$0,"147,591",," Rear Damage, Selling Registered",N/A,5,Petrol,https://manheim.co.nz/damaged-vehicles/000000000007431662/2005-mazda-demio-hatch?referringPage=SearchResults
Ford,Focus,2008,Yes,$0,"210,330",," Right Front Damage, Selling Registered","4spd Automatic,",5,Petrol,https://manheim.co.nz/damaged-vehicles/000000000007431701/2008-ford-focus-2-0-a-hatch-hatch?referringPage=SearchResults
Mazda,Demio,1999,Yes,$0,"127,613",," Front Damage, Ignition Damage, Left Side Damage, Rear Damage, Stolen & Recovered, Suspension Damage, Selling Registered","Automatic,",5,Petrol,https://manheim.co.nz/damaged-vehicles/000000000007431758/1999-mazda-demio-hatch?referringPage=SearchResults
Kia,Seltos,2023,No,N/A,N/A,," Right Side Damage, Airbags Deployed, Structural Damage, Selling De-Registered",N/A,5,Petrol,https://manheim.co.nz/damaged-vehicles/000000000007431803/2023-kia-seltos-lx--2-0p-iv-station-wagon?referringPage=SearchResults
Toyota,Hiace,2014,No,N/A,"941,702",," Rear Damage, Structural Damage, Selling De-Registered","Automatic,",11,Diesel,https://manheim.co.nz/damaged-vehicles/000000000007431804/2014-toyota-hiace-mini-bus?referringPage=SearchResults
Toyota,Landcruiser,2000,No,N/A,"266,096",," Front Damage, Left Side Damage, Right Side Damage, Structural Damage, Selling De-Registered","Automatic,",8,Petrol,https://manheim.co.nz/damaged-vehicles/000000000007431819/2000-toyota-landcruiser-vx-ltd-4-7-station-wagon?referringPage=SearchResults
Nissan,Qashqai,2018,No,N/A,"89,720",," Right Side Damage, Structural Damage, Selling De-Registered",N/A,5,Petrol,https://manheim.co.nz/damaged-vehicles/000000000007431874/2018-nissan-qashqai-n-tec-2-0p-cvt-hatch?referringPage=SearchResults
Mazda,MAZDA3,2016,Yes,$0,"163,067",," Engine Damage, Selling Registered",N/A,5,Petrol,https://manheim.co.nz/damaged-vehicles/000000000007431901/2016-mazda-mazda3-glx-2-0p-6at-hatch?referringPage=SearchResults
Mazda,Familia,2001,Yes,$0,"156,673",," Right Front Damage, Selling Registered","Automatic,",5,Petrol,https://manheim.co.nz/damaged-vehicles/000000000007431946/2001-mazda-familia-station-wagon?referringPage=SearchResults
Toyota,Corolla,1998,No,$0,"167,377",," Rear Damage, Structural Damage, Selling De-Registered","Automatic,",5,Petrol,https://manheim.co.nz/damaged-vehicles/000000000007411949/1998-toyota-corolla-xe-saloon-sedan?referringPage=SearchResults
Kia,Cerato,2011,No,$0,N/A,," Right Side Damage, Structural Damage, Selling De-Registered","Automatic,",5,Petrol,https://manheim.co.nz/damaged-vehicles/000000000007422092/2011-kia-cerato-2-0-petrol-auto-sx-hatch?referringPage=SearchResults
Toyota,Vitz,2005,No,$0,N/A,," Left Front Damage, Right Front Damage, Right Rear Damage, Structural Damage, Suspension Damage, Selling De-Registered","Automatic,",5,Petrol,https://manheim.co.nz/damaged-vehicles/000000000007422103/2005-toyota-vitz-hatch?referringPage=SearchResults
Ford,Ranger,2019,No,N/A,"159,738",," Engine Damage, Fire Damage, Fire Damage Engine, Water Damage, Selling De-Registered","5spd Automatic,",5,Diesel,https://manheim.co.nz/damaged-vehicles/000000000007422104/2019-ford-ranger-wildtrak-2-0d-4wd-dual-cab-utility?referringPage=SearchResults
Mazda,Verisa,2007,Yes,$0,"141,164",," Left Side Damage, Selling Registered",N/A,5,Petrol,https://manheim.co.nz/damaged-vehicles/000000000007432168/2007-mazda-verisa-hatch?referringPage=SearchResults
Nissan,Primera,2007,Yes,$0,"227,443",," Left Rear Damage, Right Side Damage, Selling Registered","Automatic,",5,Petrol,https://manheim.co.nz/damaged-vehicles/000000000007432184/2007-nissan-primera-2-0-petrol-sx-hatch-hatch?referringPage=SearchResults
Toyota,Hilux,2010,No,N/A,N/A,," Left Front Damage, Left Side Damage, Structural Damage, Selling De-Registered",N/A,5,Diesel,https://manheim.co.nz/damaged-vehicles/000000000007432196/2010-toyota-hilux-3-0td-2wd-dc-5m-dual-cab-utility?referringPage=SearchResults
Toyota,Wish,2004,Yes,$0,"145,066",," Right Front Damage, Selling Registered",N/A,7,Petrol,https://manheim.co.nz/damaged-vehicles/000000000007432205/2004-toyota-wish-station-wagon?referringPage=SearchResults
Toyota,Aqua,2013,Yes,$0,N/A,," Left Side Damage, Vandalised - Interior, Stolen & Recovered, Selling Registered",N/A,5,Hybrid,https://manheim.co.nz/damaged-vehicles/000000000007432215/2013-toyota-aqua-hybrid-hatch?referringPage=SearchResults
Nissan,Leaf,2015,Yes,$0,"81,047",," Front Damage, Left Side Damage, Right Side Damage, Selling Registered","Automatic, Drive Type, Front Wheel Drive, Fuel Type, Electri",5,Electric,https://manheim.co.nz/damaged-vehicles/000000000007432220/2015-nissan-leaf-hatch?referringPage=SearchResults
Toyota,Fielder,2004,No,$0,"246,604",," Right Front Damage, Suspension Damage, Selling De-Registered","Automatic,",5,Petrol,https://manheim.co.nz/damaged-vehicles/000000000007422227/2004-toyota-fielder-station-wagon?referringPage=SearchResults
Toyota,Corolla Cross,2024,No,N/A,N/A,," Left Front Damage, Left Rear Damage, Left Side Damage, Roof Damage, Airbags Deployed, Structural Damage, Selling De-Registered","Automatic,",5,Petrol,https://manheim.co.nz/damaged-vehicles/000000000007432255/2024-toyota-corolla-cross-gx-2-0ph-hd-station-wagon?referringPage=SearchResults
Holden,Rodeo 4X2,2003,No,$0,"263,485",," Rear Damage, Structural Damage, Selling De-Registered","Automatic,",5,Petrol,https://manheim.co.nz/damaged-vehicles/000000000007422334/2003-holden-rodeo-4x2-lt-crew-pu-3-5-v6-a-dual-cab-utility?referringPage=SearchResults
Honda,CBF,2026,No,$0,"1,702",," Right Front Damage, Structural Damage, Selling De-Registered","Manual,",N/A,Petrol,https://manheim.co.nz/damaged-vehicles/000000000007432476/2026-honda-cbf-125-motorcycle?referringPage=SearchResults
Toyota,Will,2001,Yes,$0,"184,818",," Left Front Damage, Left Rear Damage, Selling Registered","4spd Automatic,",5,Petrol,https://manheim.co.nz/damaged-vehicles/000000000007432544/2001-toyota-will-hatch?referringPage=SearchResults
Toyota,Corolla,2020,No,N/A,N/A,," Right Front Damage, Right Rear Damage, Dismantled - Interior, Selling De-Registered","CVT,",5,Petrol,https://manheim.co.nz/damaged-vehicles/000000000007412553/2020-toyota-corolla-touring-station-wagon?referringPage=SearchResults
Mercedes-Benz,CLA250,2015,No,N/A,N/A,," Left Front Damage, Left Side Damage, Structural Damage, Selling De-Registered","Automatic,",5,Petrol,https://manheim.co.nz/damaged-vehicles/000000000007432577/2015-mercedes-benz-cla250-station-wagon?referringPage=SearchResults
Mazda,Atenza,2003,No,$0,"235,074",," Front Damage, Left Front Damage, Right Front Damage, Airbags Deployed, Structural Damage, Selling De-Registered","Automatic,",5,Petrol,https://manheim.co.nz/damaged-vehicles/000000000007422572/2003-mazda-atenza-station-wagon?referringPage=SearchResults
BMW,3 Series,2025,No,N/A,"4,185",," Left Front Damage, Left Side Damage, Structural Damage, Selling De-Registered","Automatic,",5,Petrol,https://manheim.co.nz/damaged-vehicles/000000000007422574/2025-bmw-3-series-m3-comp-3-0pt-4wd-sedan?referringPage=SearchResults
Subaru,Impreza WRX,2009,No,N/A,N/A,," Left Front Damage, Right Front Damage, Right Rear Damage, Selling De-Registered","6spd Tiptronic,",5,Petrol,https://manheim.co.nz/damaged-vehicles/000000000007422575/2009-subaru-impreza-wrx-sti-hatch?referringPage=SearchResults
Suzuki,Ignis,2017,No,$0,"108,712",," Front Damage, Left Front Damage, Left Side Damage, Structural Damage, Selling De-Registered",N/A,5,Hybrid,https://manheim.co.nz/damaged-vehicles/000000000007422585/2017-suzuki-ignis-hybrid-hatch?referringPage=SearchResults
Honda,Civic,2006,No,$0,"273,518",," Left Side Damage, Structural Damage, Selling De-Registered","Automatic,",5,Hybrid,https://manheim.co.nz/damaged-vehicles/000000000007422589/2006-honda-civic-hybrid-sedan?referringPage=SearchResults
Ford,Ranger,2018,No,N/A,N/A,," Left Side Damage, Structural Damage, Stolen & Recovered, Salt Water Damage, Selling De-Registered","Automatic,",5,Diesel,https://manheim.co.nz/damaged-vehicles/000000000007432583/2018-ford-ranger-wildtrak-3-2d-4wd-dual-cab-utility?referringPage=SearchResults
Nissan,Bluebird,2008,Yes,$0,N/A,," Right Side Damage, Selling Registered","Automatic,",5,Petrol,https://manheim.co.nz/damaged-vehicles/000000000007432590/2008-nissan-bluebird-sylphy-sedan?referringPage=SearchResults
Toyota,Hilux,2014,No,N/A,N/A,," Salt Water Damage, Water Damage, Selling De-Registered","Automatic,",5,Diesel,https://manheim.co.nz/damaged-vehicles/000000000007432608/2014-toyota-hilux-sr5tddc-3-0d-4wd-5a-dual-cab-utility?referringPage=SearchResults
CF Moto,C Force 520 Quad,2022,No,$0,N/A,," Rolled, Selling De-Registered",N/A,N/A,N/A,https://manheim.co.nz/damaged-vehicles/000000000007422624/2022-cf-moto-c-force-520-quad-quad-bike?referringPage=SearchResults
Toyota,Vanguard,2008,No,$0,"232,535",," Front Damage, Structural Damage, Selling De-Registered","Automatic,",5,Petrol,https://manheim.co.nz/damaged-vehicles/000000000007422633/2008-toyota-vanguard-station-wagon?referringPage=SearchResults
Toyota,C-hr,2018,No,N/A,"48,776",," Interior Damage, Water Damage, Selling De-Registered",N/A,5,Hybrid,https://manheim.co.nz/damaged-vehicles/000000000007432637/2018-toyota-c-hr-hatch?referringPage=SearchResults
Toyota,Hiace,2021,No,N/A,N/A,," Front Damage, Left Side Damage, Roof Damage, Dismantled - Interior, Structural Damage, Selling De-Registered","Automatic,",5,Petrol,https://manheim.co.nz/damaged-vehicles/000000000007402809/2021-toyota-hiace-van?referringPage=SearchResults
Ford,Focus,2006,No,$0,"331,850",," Structural Damage, Selling De-Registered","Manual,",5,Petrol,https://manheim.co.nz/damaged-vehicles/000000000007422800/2006-ford-focus-2-0-m-hatch-hatch?referringPage=SearchResults
Porsche,944,1984,No,N/A,"40,049",," Front Damage, Roof Damage, Structural Damage, Selling De-Registered","5spd Manual,",4,Petrol,https://manheim.co.nz/damaged-vehicles/000000000007432848/1984-porsche-944-hatch?referringPage=SearchResults
Toyota,Corolla,2001,Yes,$0,N/A,," Ignition Damage, Vandalised - Interior, Selling Registered","Automatic,",5,Petrol,https://manheim.co.nz/damaged-vehicles/000000000007432865/2001-toyota-corolla-runx-hatch?referringPage=SearchResults
Lexus,IS300H,2023,No,N/A,N/A,," Front Damage, Rear Damage, Structural Damage, Selling De-Registered","Automatic,",5,Hybrid,https://manheim.co.nz/damaged-vehicles/000000000007432866/2023-lexus-is300h-2-5ph-hd-sedan?referringPage=SearchResults
Honda,fit,2012,No,$0,"135,301",," Front Damage, Left Front Damage, Right Front Damage, Structural Damage, Selling De-Registered","Automatic,",5,Hybrid,https://manheim.co.nz/damaged-vehicles/000000000007422868/2012-honda-fit-shuttle-station-wagon?referringPage=SearchResults
Holden,Colorado,2019,No,N/A,"76,473",," Front Damage, Structural Damage, Selling De-Registered","Automatic,",5,Diesel,https://manheim.co.nz/damaged-vehicles/000000000007422870/2019-holden-colorado-ltz-dc-pu-2-8d-dual-cab-chassis?referringPage=SearchResults
Nissan,Note,2022,No,N/A,"17,264",," Rear Damage, Structural Damage, Selling De-Registered","CVT,",5,Hybrid,https://manheim.co.nz/damaged-vehicles/000000000007432910/2022-nissan-note-station-wagon?referringPage=SearchResults
Toyota,Ractis,2005,No,$0,N/A,," Left Side Damage, Structural Damage, Selling De-Registered","Automatic,",5,Petrol,https://manheim.co.nz/damaged-vehicles/000000000007422944/2005-toyota-ractis-station-wagon?referringPage=SearchResults
Toyota,Hiace,2011,No,N/A,N/A,," Left Side Damage, Rear Damage, Roof Damage, Right Side Damage, Selling De-Registered","Automatic,",3,Diesel,https://manheim.co.nz/damaged-vehicles/000000000007432964/2011-toyota-hiace-van?referringPage=SearchResults
Toyota,Aqua,2017,No,N/A,N/A,," Front Damage, Rear Damage, Right Front Damage, Right Side Damage, Structural Damage, Selling De-Registered",N/A,5,Hybrid,https://manheim.co.nz/damaged-vehicles/000000000007412972/2017-toyota-aqua-hatch?referringPage=SearchResults
Holden,Commodore,2004,Yes,N/A,"138,143",," Dismantled - Interior, Selling Registered","Automatic,",5,Petrol,https://manheim.co.nz/damaged-vehicles/000000000007432986/2004-holden-commodore-executive-v6-sedan?referringPage=SearchResults
Land Rover,Discovery,2013,No,N/A,"347,903",," Water Damage, Selling De-Registered","Automatic,",7,Diesel,https://manheim.co.nz/damaged-vehicles/000000000007433009/2013-land-rover-discovery-station-wagon?referringPage=SearchResults
Toyota,Regius,2008,No,N/A,"286,686",," Front Damage, Left Side Damage, Structural Damage, Selling De-Registered","Automatic,",3,Diesel,https://manheim.co.nz/damaged-vehicles/000000000007433090/2008-toyota-regius-ace-panel-van?referringPage=SearchResults
Ford,Mustang,2016,No,N/A,N/A,," Airbags Deployed, Front Damage, Structural Damage, Selling De-Registered",N/A,4,Petrol,https://manheim.co.nz/damaged-vehicles/000000000007413115/2016-ford-mustang-2-3l-fastback-at-2--coup%C3%A9?referringPage=SearchResults
Mazda,Demio,2004,Yes,$0,"229,532",," Front Damage, Interior Damage, Selling Registered",N/A,5,Petrol,https://manheim.co.nz/damaged-vehicles/000000000007433132/2004-mazda-demio-hatch?referringPage=SearchResults
Ford,Focus,2011,Yes,$0,"231,742",," Rear Damage, Selling Registered","Automatic,",5,Petrol,https://manheim.co.nz/damaged-vehicles/000000000007433134/2011-ford-focus-wag-1-6-auto-station-wagon?referringPage=SearchResults
Toyota,Camry,2017,No,N/A,N/A,," Rear Damage, Structural Damage, Selling De-Registered",N/A,5,Hybrid,https://manheim.co.nz/damaged-vehicles/000000000007423253/2017-toyota-camry-atara-sl-2-5ph-cvt--sedan?referringPage=SearchResults
Toyota,Highlander,2025,No,N/A,"16,544",," Left Front Damage, Left Rear Damage, Left Side Damage, Roof Damage, Right Front Damage, Right Rear Damage, Right Side Damage, Structural Damage, Selling De-Registered","Automatic,",7,Hybrid,https://manheim.co.nz/damaged-vehicles/000000000007413263/2025-toyota-highlander-gxl-2-5ph-4wd-hd-station-wagon?referringPage=SearchResults
Mitsubishi,ASX,2019,No,$0,"151,597",," Front Damage, Structural Damage, Selling De-Registered","Automatic,",5,Petrol,https://manheim.co.nz/damaged-vehicles/000000000007423276/2019-mitsubishi-asx-xls-2-0p-cvt-station-wagon?referringPage=SearchResults
Isuzu,D-max,2021,No,N/A,N/A,," Front Damage, Structural Damage, Selling De-Registered","Manual,",5,Diesel,https://manheim.co.nz/damaged-vehicles/000000000007423278/2021-isuzu-d-max-lx-double-cab-4wd-3-utility?referringPage=SearchResults
Toyota,Prius,2014,No,$0,"390,343",," Rear Damage, Selling De-Registered","4spd Automatic,",5,Hybrid,https://manheim.co.nz/damaged-vehicles/000000000007413284/2014-toyota-prius-alpha-station-wagon?referringPage=SearchResults
Mazda,Demio,2005,No,$0,"241,603",," Left Side Damage, Right Rear Damage, Structural Damage, Selling De-Registered","5spd Manual,",5,Petrol,https://manheim.co.nz/damaged-vehicles/000000000007423358/2005-mazda-demio-hatch?referringPage=SearchResults
Daihatsu,Boon,2005,No,$0,N/A,," Front Damage, Structural Damage, Selling De-Registered","Automatic,",5,Petrol,https://manheim.co.nz/damaged-vehicles/000000000007423381/2005-daihatsu-boon-hatch?referringPage=SearchResults
Toyota,Hilux,2010,No,N/A,"255,692",," Glass Broken, Roof Damage, Structural Damage, Selling De-Registered","Automatic,",5,Diesel,https://manheim.co.nz/damaged-vehicles/000000000007403464/2010-toyota-hilux-3-0td-4wd-sr5-dc-5m-dual-cab-chassis?referringPage=SearchResults
Mercedes-Benz,E550,2007,Yes,N/A,"175,106",," Stolen & Recovered, Selling Registered","Automatic,",5,Petrol,https://manheim.co.nz/damaged-vehicles/000000000007413499/2007-mercedes-benz-e550-sedan?referringPage=SearchResults
CARAVAN,Stirling Europa,1996,No,$800,N/A,0," Rear Damage, Dismantled - Interior, Structural Damage, Selling De-Registered",N/A,N/A,N/A,https://manheim.co.nz/damaged-vehicles/000000000007433559/1996-caravan-stirling-europa-caravan?referringPage=SearchResults
GRILLO,Series 9 Mower,2001,No,$1,N/A,0," Engine Damage, Fire Damage, Gearbox Damage, Interior Damage, Fire - Entire Vehicle, Structural Damage",N/A,N/A,Petrol,https://manheim.co.nz/damaged-vehicles/000000000007413579/2001-grillo-series-9-mower-mower--ride-on-?referringPage=SearchResults
Suzuki,GSF1250,2007,No,$0,"62,144",," Front Damage, Structural Damage, Stolen & Recovered, Selling De-Registered","Manual,",N/A,Petrol,https://manheim.co.nz/damaged-vehicles/000000000007423728/2007-suzuki-gsf1250-sk7-bandit-motorcycle?referringPage=SearchResults
Hyundai,Getz,2004,Yes,$0,"181,803",," Rear Damage, Right Rear Damage, Selling Registered","5spd Manual,",5,Petrol,https://manheim.co.nz/damaged-vehicles/000000000007423790/2004-hyundai-getz-1-3-gl-5dr-m5-hatch?referringPage=SearchResults
Nissan,Tiida,2006,No,$0,"112,664",," Front Damage, Structural Damage, Selling De-Registered",N/A,5,Petrol,https://manheim.co.nz/damaged-vehicles/000000000007423821/2006-nissan-tiida-sedan?referringPage=SearchResults
Toyota,Aqua,2015,No,$0,"113,656",," Glass Broken, Rear Damage, Structural Damage, Selling De-Registered",N/A,5,Hybrid,https://manheim.co.nz/damaged-vehicles/000000000007423833/2015-toyota-aqua-hatch?referringPage=SearchResults
Mazda,CX-5,2012,No,$0,"247,035",," Left Rear Damage, Structural Damage, Selling De-Registered","Automatic,",5,Petrol,https://manheim.co.nz/damaged-vehicles/000000000007423834/2012-mazda-cx-5-station-wagon?referringPage=SearchResults
Mitsubishi,Pajero,2014,No,N/A,"393,094",," Left Side Damage, Structural Damage, Selling De-Registered","5spd Automatic,",7,Diesel,https://manheim.co.nz/damaged-vehicles/000000000007423843/2014-mitsubishi-pajero-3-2d-gls-auto-station-wagon?referringPage=SearchResults
Nissan,Navara,2025,No,N/A,"36,886",," Rolled, Structural Damage, Selling De-Registered",N/A,N/A,Diesel,https://manheim.co.nz/damaged-vehicles/000000000007423849/2025-nissan-navara-st-2-3d-4wd-7at-utility?referringPage=SearchResults
Volkswagen,Golf,2009,No,$0,"164,235",, Selling De-Registered,"Automatic,",5,Petrol,https://manheim.co.nz/damaged-vehicles/000000000007413844/2009-volkswagen-golf-gti-hatch?referringPage=SearchResults
Toyota,Hilux,2022,No,N/A,"113,125",," Structural Damage, Selling De-Registered","5spd,",4,Diesel,https://manheim.co.nz/damaged-vehicles/000000000007413926/2022-toyota-hilux-sr-td-ec-2-8dt-dual-cab-utility?referringPage=SearchResults
Jeep,Grand Cherokee,2014,No,N/A,N/A,," Engine Damage, Selling De-Registered","8spd,",5,Hybrid,https://manheim.co.nz/damaged-vehicles/000000000007423967/2014-jeep-grand-cherokee-limited-3-0d4wd8a-s-station-wagon?referringPage=SearchResults
Skoda,Kodiaq,2022,No,N/A,"57,418",, Selling De-Registered,"Automatic,",7,Diesel,https://manheim.co.nz/damaged-vehicles/000000000007413984/2022-skoda-kodiaq-sportline-tdi-147kw-station-wagon?referringPage=SearchResults
BMW,116i,2015,No,$0,"144,353",," Front Damage, Structural Damage, Selling De-Registered","Automatic,",5,Petrol,https://manheim.co.nz/damaged-vehicles/000000000007424171/2015-bmw-116i-hatch?referringPage=SearchResults
Ford,Courier,2005,Yes,N/A,"439,837",, Selling Registered,"5spd Manual,",3,Petrol,https://manheim.co.nz/damaged-vehicles/000000000007434198/2005-ford-courier-2-6p-xl-c-c-4x2-utility?referringPage=SearchResults
Toyota,Hilux,2018,Yes,N/A,"236,076",," Left Front Damage, Right Front Damage, Selling Registered","6spd Automatic,",5,Diesel,https://manheim.co.nz/damaged-vehicles/000000000007434295/2018-toyota-hilux-sr-td-dc-2-8d-6at-u-dual-cab-utility?referringPage=SearchResults
Toyota,C-hr,2018,No,N/A,N/A,," Front Damage, Structural Damage, Selling De-Registered","Automatic,",5,Hybrid,https://manheim.co.nz/damaged-vehicles/000000000007424301/2018-toyota-c-hr-hybrid-hatch?referringPage=SearchResults
TRAILER,Domestic Trailer,1999,No,$400,N/A,0," Structural Damage, Selling De-Registered",N/A,N/A,N/A,https://manheim.co.nz/damaged-vehicles/000000000007434315/1999-trailer-domestic-trailer-trailer--box-domestic-?referringPage=SearchResults
Nissan,Pathfinder,2014,Yes,N/A,N/A,," Stolen & Recovered, Selling Registered","CVT,",7,Petrol,https://manheim.co.nz/damaged-vehicles/000000000007424329/2014-nissan-pathfinder-3-5p6cvt-sw5d7s-station-wagon?referringPage=SearchResults
Ford,Ranger,2017,No,N/A,N/A,," Left Side Damage, No Keys, Roof Damage, Right Front Damage, Rolled, Right Rear Damage, Right Side Damage, Vandalised - Interior, Airbags Deployed, Underbody Damage, Structural Damage, Selling De-Registered","Manual,",5,Diesel,https://manheim.co.nz/damaged-vehicles/000000000007404358/2017-ford-ranger-xl-double-cab-w-s-3-dual-cab-utility?referringPage=SearchResults
Mitsubishi,Triton,2019,No,N/A,N/A,," Front Damage, Rear Damage, Structural Damage, Selling De-Registered","Automatic,",5,Diesel,https://manheim.co.nz/damaged-vehicles/000000000007424390/2019-mitsubishi-triton-dc-glxr-6at-2-4d-6a-dual-cab-chassis?referringPage=SearchResults
Toyota,Prius,2019,No,N/A,"96,565",," Front Damage, Structural Damage, Selling De-Registered","CVT,",5,Hybrid,https://manheim.co.nz/damaged-vehicles/000000000007424564/2019-toyota-prius-hatch?referringPage=SearchResults
Honda,fit,2013,No,$0,N/A,," Front Damage, Structural Damage, Selling De-Registered","Automatic,",5,Hybrid,https://manheim.co.nz/damaged-vehicles/000000000007424565/2013-honda-fit-shuttle-station-wagon?referringPage=SearchResults
Honda,fit,2013,No,$0,N/A,," Front Damage, Rear Damage, Structural Damage, Selling De-Registered","Automatic,",5,Hybrid,https://manheim.co.nz/damaged-vehicles/000000000007424567/2013-honda-fit-hatch?referringPage=SearchResults
Mitsubishi,Eclipse Cross,2022,No,N/A,"98,594",," Right Side Damage, Structural Damage, Selling De-Registered","Automatic,",5,Hybrid,https://manheim.co.nz/damaged-vehicles/000000000007424569/2022-mitsubishi-eclipse-cross-vrx-phev-4wd-at-station-wagon?referringPage=SearchResults
Mazda,Bongo,2011,No,$0,"192,876",," Rear Damage, Structural Damage, Selling De-Registered","5spd Automatic,",5,Petrol,https://manheim.co.nz/damaged-vehicles/000000000007424572/2011-mazda-bongo-van?referringPage=SearchResults
Nissan,Maxima,2005,Yes,$0,N/A,," Rear Damage, Selling Registered","Automatic,",5,Petrol,https://manheim.co.nz/damaged-vehicles/000000000007424582/2005-nissan-maxima-st-3-5-auto-sedan?referringPage=SearchResults
Jaguar,F-pace,2018,No,$0,N/A,, Selling De-Registered,N/A,N/A,N/A,https://manheim.co.nz/damaged-vehicles/000000000007424588/2018-jaguar-f-pace-parts-hatch?referringPage=SearchResults
Nissan,Qashqai,2014,No,$0,N/A,," Left Rear Damage, Left Side Damage, Structural Damage, Selling De-Registered","Automatic,",5,Petrol,https://manheim.co.nz/damaged-vehicles/000000000007424589/2014-nissan-qashqai-st-l-2-0p-cvt-hatch?referringPage=SearchResults
Nissan,Bluebird,2010,No,$0,"245,205",," Front Damage, Structural Damage, Selling De-Registered","Automatic,",5,Petrol,https://manheim.co.nz/damaged-vehicles/000000000007414604/2010-nissan-bluebird-sylphy-sedan?referringPage=SearchResults
LDV,V80,2018,No,$0,"133,277",," Front Damage, Left Front Damage, Left Side Damage, Structural Damage, Selling De-Registered",N/A,3,Diesel,https://manheim.co.nz/damaged-vehicles/000000000007424610/2018-ldv-v80-bigger-amt-2-5d-6am-high-roof-van?referringPage=SearchResults
Subaru,Impreza,2010,Yes,N/A,"192,628",," Stolen & Recovered, Selling Registered","5spd Tiptronic,",5,Petrol,https://manheim.co.nz/damaged-vehicles/000000000007424632/2010-subaru-impreza-sti-hatch?referringPage=SearchResults
Toyota,Hiace,2005,No,N/A,N/A,," Front Damage, Left Side Damage, Structural Damage, Selling De-Registered","Automatic,",3,Petrol,https://manheim.co.nz/damaged-vehicles/000000000007414648/2005-toyota-hiace-2-7p-zl-van5m-3-sea-van?referringPage=SearchResults
Toyota,RAV4,2024,No,N/A,"46,816",," Chassis Damage, Front Damage, Structural Damage, Selling De-Registered",N/A,5,Hybrid,https://manheim.co.nz/damaged-vehicles/000000000007424694/2024-toyota-rav4-gx-2-5ph-4wd-hd-station-wagon?referringPage=SearchResults
Mercedes-Benz,Sprinter,2020,No,N/A,N/A,," Front Damage, Vandalised - Interior, Structural Damage, Selling De-Registered","Automatic,",3,Diesel,https://manheim.co.nz/damaged-vehicles/000000000007424713/2020-mercedes-benz-sprinter-316-lwb-van-2-1dt-van?referringPage=SearchResults
Nissan,Primera,2001,No,$0,"105,881",," Left Side Damage, Structural Damage, Selling De-Registered","4spd Automatic,",5,Petrol,https://manheim.co.nz/damaged-vehicles/000000000007414755/2001-nissan-primera-sedan?referringPage=SearchResults
ROYAL ENFIELD,Bear 650,2025,No,$0,1,," Structural Damage, Selling De-Registered","Automatic,",N/A,Petrol,https://manheim.co.nz/damaged-vehicles/000000000007424821/2025-royal-enfield-bear-650-motorcycle?referringPage=SearchResults
Honda,fit,2012,No,$0,"68,899",," Rear Damage, Structural Damage, Selling De-Registered",N/A,5,Hybrid,https://manheim.co.nz/damaged-vehicles/000000000007424912/2012-honda-fit-shuttle-station-wagon?referringPage=SearchResults
Toyota,Corolla,2017,No,$0,"241,907",," Front Damage, Right Front Damage, Right Side Damage, Structural Damage, Suspension Damage, Selling De-Registered","Automatic,",5,Petrol,https://manheim.co.nz/damaged-vehicles/000000000007414939/2017-toyota-corolla-sedan?referringPage=SearchResults
Suzuki,Swift,2020,No,$0,"70,081",," Front Damage, Structural Damage, Selling De-Registered","Automatic,",5,Petrol,https://manheim.co.nz/damaged-vehicles/000000000007415012/2020-suzuki-swift-rs-1-0pt-6at-hatch?referringPage=SearchResults
Nissan,Fuga,2007,No,$0,N/A,, Selling De-Registered,N/A,5,Petrol,https://manheim.co.nz/damaged-vehicles/000000000007425020/2007-nissan-fuga-sedan?referringPage=SearchResults
Honda,ZRV,2022,No,N/A,N/A,," Front Damage, Left Side Damage, Structural Damage, Selling De-Registered","Automatic,",5,Hybrid,https://manheim.co.nz/damaged-vehicles/000000000007425023/2022-honda-zrv-hybrid-station-wagon?referringPage=SearchResults
Kia,Sorento,2016,No,N/A,"199,537",," Right Front Damage, Structural Damage, Selling De-Registered",N/A,7,Diesel,https://manheim.co.nz/damaged-vehicles/000000000007425035/2016-kia-sorento-ex-2-2d-4wd-6at-sw--station-wagon?referringPage=SearchResults
Honda,Elysion,2004,No,$0,N/A,, Selling De-Registered,N/A,8,Petrol,https://manheim.co.nz/damaged-vehicles/000000000007425052/2004-honda-elysion-station-wagon?referringPage=SearchResults
CARAVAN,Compass Omega,2006,No,"$1,650",N/A,0," Left Side Damage, Selling De-Registered",N/A,N/A,N/A,https://manheim.co.nz/damaged-vehicles/000000000007435073/2006-caravan-compass-omega-caravan?referringPage=SearchResults
LITEWEIGHT,Caravette,1986,Yes,$720,N/A,0," Right Side Damage, Selling Registered",N/A,N/A,N/A,https://manheim.co.nz/damaged-vehicles/000000000007435077/1986-liteweight-caravette-camper-trailer?referringPage=SearchResults
Nissan,Leaf,2014,No,$0,"120,241",," Left Side Damage, Right Side Damage, Structural Damage, Selling De-Registered","Automatic, Drive Type, Front Wheel Drive, Fuel Type, Electri",5,Electric,https://manheim.co.nz/damaged-vehicles/000000000007425100/2014-nissan-leaf-hatch?referringPage=SearchResults
Mitsubishi,Triton,2021,No,N/A,"70,549",," Front Damage, Right Rear Damage, Structural Damage, Selling De-Registered",N/A,5,Diesel,https://manheim.co.nz/damaged-vehicles/000000000007435112/2021-mitsubishi-triton-dc-glxr-6at-2-4d-4w-dual-cab-utility?referringPage=SearchResults
Toyota,Hilux,2018,No,N/A,"206,570",," Chassis Damage, Underbody Damage, Structural Damage, Selling De-Registered","Automatic,",5,Diesel,https://manheim.co.nz/damaged-vehicles/000000000007425142/2018-toyota-hilux-utility?referringPage=SearchResults
Volkswagen,Passat,2009,No,$0,N/A,," Right Front Damage, Structural Damage, Selling De-Registered","Automatic,",4,Diesel,https://manheim.co.nz/damaged-vehicles/000000000007425144/2009-volkswagen-passat-cc-tdi-125kw-sedan?referringPage=SearchResults
Nissan,Skyline,2007,No,$0,"188,340",," Right Rear Damage, Structural Damage, Selling De-Registered","Automatic,",5,Petrol,https://manheim.co.nz/damaged-vehicles/000000000007425145/2007-nissan-skyline-250gt-sedan?referringPage=SearchResults
Kawasaki,KLE,2019,No,$0,N/A,," Structural Damage, Selling De-Registered",N/A,N/A,Petrol,https://manheim.co.nz/damaged-vehicles/000000000007425150/2019-kawasaki-kle-300c-motorcycle?referringPage=SearchResults
Holden,Commodore,2009,Yes,N/A,N/A,, Selling Registered,"6spd Automatic,",5,Petrol,https://manheim.co.nz/damaged-vehicles/000000000007435264/2009-holden-commodore-calais-sedan?referringPage=SearchResults
Honda,CRV,2001,No,$0,"208,630",," Front Damage, Roof Damage, Structural Damage, Selling De-Registered","Automatic,",5,Petrol,https://manheim.co.nz/damaged-vehicles/000000000007425314/2001-honda-crv-station-wagon?referringPage=SearchResults
Toyota,Prius,2012,No,$0,N/A,," Rear Damage, Structural Damage, Selling De-Registered",N/A,5,Hybrid,https://manheim.co.nz/damaged-vehicles/000000000007425317/2012-toyota-prius-hatch?referringPage=SearchResults
Mazda,MAZDA3,2008,No,$0,"259,945",," Left Front Damage, Left Side Damage, Right Front Damage, Structural Damage, Selling De-Registered","Manual,",5,Petrol,https://manheim.co.nz/damaged-vehicles/000000000007425356/2008-mazda-mazda3-sporthatch-sp23-2-3-hatch?referringPage=SearchResults
Jeep,Wrangler,2017,No,N/A,"64,000",," Ignition Damage, Vandalised - Interior, Structural Damage, Vandalized Interior Slashed, Selling De-Registered",N/A,5,Petrol,https://manheim.co.nz/damaged-vehicles/000000000007415370/2017-jeep-wrangler-sport-unlimited-3-6-station-wagon?referringPage=SearchResults
Hyundai,Tucson,2016,Yes,N/A,N/A,, Selling Registered,"6spd Automatic,",5,Petrol,https://manheim.co.nz/damaged-vehicles/000000000007435394/2016-hyundai-tucson-gdi-elite-2-0p-6at--station-wagon?referringPage=SearchResults
Hyundai,I20,2017,No,$0,"108,945",," Front Damage, Rear Damage, Structural Damage, Selling De-Registered","Automatic,",5,Petrol,https://manheim.co.nz/damaged-vehicles/000000000007425439/2017-hyundai-i20-1-4p-4at-hatch?referringPage=SearchResults
Yamaha,JOG CV50,2009,Yes,$0,"16,241",," Front Damage, Selling Registered","Automatic,",N/A,Petrol,https://manheim.co.nz/damaged-vehicles/000000000007425498/2009-yamaha-jog-cv50-scooter?referringPage=SearchResults
Ford,Ranger,2018,No,N/A,"180,096",," Front Damage, Right Side Damage, Structural Damage, Selling De-Registered","Automatic,",5,Diesel,https://manheim.co.nz/damaged-vehicles/000000000007425502/2018-ford-ranger-xlt-double-cab-w-sa-dual-cab-utility?referringPage=SearchResults
Nissan,X-trail,2022,No,N/A,N/A,," Rolled, Structural Damage, Selling De-Registered","Automatic,",5,Petrol,https://manheim.co.nz/damaged-vehicles/000000000007415531/2022-nissan-x-trail-st-2-5p-4wd-6cvt-station-wagon?referringPage=SearchResults
Suzuki,GW250,2015,No,$0,"52,328",," Front Damage, Stolen & Recovered, Selling De-Registered","Automatic,",N/A,Petrol,https://manheim.co.nz/damaged-vehicles/000000000007395553/2015-suzuki-gw250-inazuma-lam-motorcycle?referringPage=SearchResults
Mazda,Axela,2013,No,$0,N/A,,N/A,"Automatic,",5,Petrol,https://manheim.co.nz/damaged-vehicles/000000000007425607/2013-mazda-axela-station-wagon?referringPage=SearchResults
Ssangyong,Korando,2013,No,$0,N/A,,N/A,"Automatic,",5,Petrol,https://manheim.co.nz/damaged-vehicles/000000000007425622/2013-ssangyong-korando-petrol-2wd-sport-a6-station-wagon?referringPage=SearchResults
Porsche,Cayenne S,2006,Yes,N/A,"144,772",, Selling Registered,"6spd Tiptronic,",5,Petrol,https://manheim.co.nz/damaged-vehicles/000000000007435647/2006-porsche-cayenne-s-4-dr-6sp-tip-station-wagon?referringPage=SearchResults
Hyundai,I30,2019,No,N/A,N/A,," Front Damage, Rear Damage, Structural Damage, Selling De-Registered",N/A,5,Petrol,https://manheim.co.nz/damaged-vehicles/000000000007425729/2019-hyundai-i30-pd-i30-n-2-0t-2-0p-hatch?referringPage=SearchResults
Mazda,MAZDA6,2008,No,$0,N/A,," Fire Damage, Fire - Entire Vehicle, Structural Damage, Stolen & Recovered, Selling De-Registered",N/A,5,Petrol,https://manheim.co.nz/damaged-vehicles/000000000007425744/2008-mazda-mazda6-wagon-glx-2-0-5-aut-station-wagon?referringPage=SearchResults
Ford,Focus,2012,No,$0,"181,011",," Engine Damage, Front Damage, Structural Damage, Selling De-Registered","5spd Automatic,",5,Petrol,https://manheim.co.nz/damaged-vehicles/000000000007425794/2012-ford-focus-ambiente-1-6-a-h-hatch?referringPage=SearchResults
Hyundai,Accent,2007,No,$0,"212,174",," Rear Damage, Right Rear Damage, Structural Damage, Selling De-Registered","4spd Automatic,",5,Petrol,https://manheim.co.nz/damaged-vehicles/000000000007425828/2007-hyundai-accent-1-6-gls-4d-a4-sedan?referringPage=SearchResults
Mazda,Axela,2013,No,$0,"225,229",," Airbags Deployed, Front Damage, Airbags Deployed, Structural Damage, Selling De-Registered",N/A,5,Petrol,https://manheim.co.nz/damaged-vehicles/000000000007425900/2013-mazda-axela-hatch?referringPage=SearchResults
Toyota,Hiace,2012,No,N/A,"650,493",," Airbags Deployed, Left Front Damage, Structural Damage, Selling De-Registered","5spd,",3,Diesel,https://manheim.co.nz/damaged-vehicles/000000000007415905/2012-toyota-hiace-zx-3-0td-5m-3-seat-van?referringPage=SearchResults
Toyota,Yaris,2018,No,$0,"175,392",," Left Front Damage, Left Side Damage, Structural Damage, Selling De-Registered",N/A,5,Petrol,https://manheim.co.nz/damaged-vehicles/000000000007425914/2018-toyota-yaris-gx-1-3p-4at-hatch?referringPage=SearchResults
Toyota,Prius,2013,No,$0,"370,126",," Front Damage, Structural Damage, Selling De-Registered","3spd,",5,Hybrid,https://manheim.co.nz/damaged-vehicles/000000000007425981/2013-toyota-prius-sedan?referringPage=SearchResults
Nissan,Juke,2012,No,$0,N/A,," Ignition Damage, Structural Damage, Accident Damage, Selling De-Registered","4spd,",5,Petrol,https://manheim.co.nz/damaged-vehicles/000000000007425984/2012-nissan-juke-hatch?referringPage=SearchResults
Holden,Commodore,2007,Yes,N/A,"172,681",," Engine Damage, Front Damage, Selling Registered","Automatic,",5,Petrol,https://manheim.co.nz/damaged-vehicles/000000000007416003/2007-holden-commodore-ss-sedan-auto-sedan?referringPage=SearchResults
Toyota,86,2012,No,N/A,N/A,, Selling De-Registered,N/A,4,Petrol,https://manheim.co.nz/damaged-vehicles/000000000007436010/2012-toyota-86-coup%C3%A9?referringPage=SearchResults
Toyota,Aqua,2017,No,$0,"94,107",," Left Front Damage, Left Rear Damage, Left Side Damage, Rear Damage, Structural Damage, Selling De-Registered","CVT,",5,Hybrid,https://manheim.co.nz/damaged-vehicles/000000000007426020/2017-toyota-aqua-hybrid-hatch?referringPage=SearchResults
Mitsubishi,Eclipse Cross,2021,No,N/A,"62,182",," Water Damage, Selling De-Registered","Automatic,",5,Petrol,https://manheim.co.nz/damaged-vehicles/000000000007426157/2021-mitsubishi-eclipse-cross-xls-1-5p-8cvt-station-wagon?referringPage=SearchResults
Toyota,Aqua,2014,No,$0,"117,991",," Front Damage, Interior Damage, Structural Damage, Stolen & Recovered, Suspension Damage, Selling De-Registered","Automatic,",5,Hybrid,https://manheim.co.nz/damaged-vehicles/000000000007426158/2014-toyota-aqua-hatch?referringPage=SearchResults
Nissan,Mistral,1997,No,$0,"287,637",," Front Damage, Structural Damage, Selling De-Registered",N/A,5,Diesel,https://manheim.co.nz/damaged-vehicles/000000000007426192/1997-nissan-mistral-station-wagon?referringPage=SearchResults
Suzuki,Escudo,2008,No,$0,N/A,," Left Front Damage, Left Side Damage, Structural Damage, Selling De-Registered","Automatic,",5,Petrol,https://manheim.co.nz/damaged-vehicles/000000000007426211/2008-suzuki-escudo-station-wagon?referringPage=SearchResults
Honda,Accord,2005,No,$0,"303,372",," Water Damage, Selling De-Registered",N/A,5,Petrol,https://manheim.co.nz/damaged-vehicles/000000000007426333/2005-honda-accord-euro-2-4-4d-sed-6m-sedan?referringPage=SearchResults
Mitsubishi,Triton,2021,Yes,N/A,"220,255",, Selling Registered,"Automatic,",2,Diesel,https://manheim.co.nz/damaged-vehicles/000000000007426344/2021-mitsubishi-triton-sc-c-glx-6at-2-4d-utility?referringPage=SearchResults
Toyota,Corolla,1999,No,$0,"182,492",," Front Damage, Left Front Damage, Right Front Damage, Structural Damage, Selling De-Registered","5spd Manual,",5,Petrol,https://manheim.co.nz/damaged-vehicles/000000000007426389/1999-toyota-corolla-1-6p-gl-hatch5-5m-hatch?referringPage=SearchResults
Toyota,Estima,2004,No,$0,N/A,," Front Damage, Structural Damage, Selling De-Registered",N/A,2,Petrol,https://manheim.co.nz/damaged-vehicles/000000000007426426/2004-toyota-estima-station-wagon?referringPage=SearchResults
TRAILER,Elite 7X4,2014,No,"$1,200",N/A,0," Structural Damage, Selling De-Registered",N/A,N/A,N/A,https://manheim.co.nz/damaged-vehicles/000000000007426434/2014-trailer-elite-7x4-box-body-trailer?referringPage=SearchResults
Harley-Davidson,FAT BOY,2004,No,$0,N/A,," Structural Damage, Selling De-Registered","Automatic,",N/A,Petrol,https://manheim.co.nz/damaged-vehicles/000000000007426461/2004-harley-davidson-fat-boy-motorcycle?referringPage=SearchResults
Mitsubishi,Lancer,2007,No,$0,"191,719",," Front Damage, Structural Damage, Selling De-Registered","5spd Automatic,",5,Petrol,https://manheim.co.nz/damaged-vehicles/000000000007426465/2007-mitsubishi-lancer-2-4p-ls-sedan-a-sedan?referringPage=SearchResults
Honda,VTR,2003,Yes,$0,"68,137",," Stolen & Recovered, Selling Registered",N/A,N/A,Petrol,https://manheim.co.nz/damaged-vehicles/000000000007426479/2003-honda-vtr-250-quad-bike?referringPage=SearchResults
Nissan,Note,2017,No,$0,N/A,," Right Rear Damage, Structural Damage, Selling De-Registered",N/A,5,Hybrid,https://manheim.co.nz/damaged-vehicles/000000000007426527/2017-nissan-note-hatch?referringPage=SearchResults
GWM,Haval H6,2024,No,N/A,N/A,," Front Damage, Rear Damage, Structural Damage, Selling De-Registered",N/A,5,Hybrid,https://manheim.co.nz/damaged-vehicles/000000000007426534/2024-gwm-haval-h6-ultra-2wd-hybrid-1--station-wagon?referringPage=SearchResults
Holden,Cruze,2015,No,$0,1,," Water Damage, Selling De-Registered","Automatic,",5,Petrol,https://manheim.co.nz/damaged-vehicles/000000000007426565/2015-holden-cruze-sri-z-1-6p-6at-sl-4-sedan?referringPage=SearchResults
Honda,Civic,2000,No,$0,"208,949",," Front Damage, Structural Damage, Selling De-Registered","5spd Manual,",5,Petrol,https://manheim.co.nz/damaged-vehicles/000000000007436574/2000-honda-civic-ferio-lev-sedan?referringPage=SearchResults
Yamaha,GRP 26  launch,1990,No,"$8,800",N/A,0," Engine Damage, Water Damage, Selling De-Registered",N/A,N/A,N/A,https://manheim.co.nz/damaged-vehicles/000000000007376689/1990-yamaha-grp-26--launch-boat?referringPage=SearchResults
Mazda,MAZDA2,2019,No,$0,"130,301",," Front Damage, Glass Broken, Left Front Damage, Right Front Damage, Structural Damage, Selling De-Registered","Automatic,",5,Petrol,https://manheim.co.nz/damaged-vehicles/000000000007426704/2019-mazda-mazda2-hatch?referringPage=SearchResults
Nissan,NV200,2016,No,$0,N/A,," Front Damage, Structural Damage, Selling De-Registered","Automatic,",5,Petrol,https://manheim.co.nz/damaged-vehicles/000000000007426721/2016-nissan-nv200-station-wagon?referringPage=SearchResults
Ssangyong,Rexton,2014,No,$0,"208,392",," Front Damage, Glass Broken, Right Front Damage, Structural Damage, Selling De-Registered","Automatic,",7,Diesel,https://manheim.co.nz/damaged-vehicles/000000000007426727/2014-ssangyong-rexton-sports402-2-7d4wd5a-station-wagon?referringPage=SearchResults
Toyota,Aqua,2016,No,$0,"85,052",," Left Front Damage, Left Rear Damage, Rear Damage, Right Front Damage, Right Rear Damage, Structural Damage, Selling De-Registered","Automatic,",5,Hybrid,https://manheim.co.nz/damaged-vehicles/000000000007426729/2016-toyota-aqua-hatch?referringPage=SearchResults
Ford,Escape,2023,No,N/A,"134,239",," Interior Damage, Right Front Damage, Water Damage, Selling De-Registered","Automatic,",5,Hybrid,https://manheim.co.nz/damaged-vehicles/000000000007426773/2023-ford-escape-st-line-fhev-2-5ph-station-wagon?referringPage=SearchResults
Nissan,X-trail,2008,No,$0,"234,167",," Water Damage, Selling De-Registered","Automatic,",5,Petrol,https://manheim.co.nz/damaged-vehicles/000000000007426839/2008-nissan-x-trail-2-5-st-l-manual-station-wagon?referringPage=SearchResults
Subaru,Legacy,2014,No,$0,"112,417",," Right Front Damage, Structural Damage, Selling De-Registered","Automatic,",5,Petrol,https://manheim.co.nz/damaged-vehicles/000000000007416876/2014-subaru-legacy-outback-station-wagon?referringPage=SearchResults
Subaru,Outback,2004,Yes,$0,"153,594",," Ignition Damage, Left Side Damage, Stolen & Recovered, Selling Registered","Automatic,",5,Petrol,https://manheim.co.nz/damaged-vehicles/000000000007426883/2004-subaru-outback-station-wagon?referringPage=SearchResults
Mitsubishi,Outlander,2023,No,N/A,N/A,," Front Damage, Airbags Deployed, Structural Damage, Selling De-Registered","Automatic,",7,Hybrid,https://manheim.co.nz/damaged-vehicles/000000000007426888/2023-mitsubishi-outlander-vrx-phev-4wd-at-station-wagon?referringPage=SearchResults
Mazda,Demio,2015,No,$0,N/A,, Selling De-Registered,"Automatic,",5,Petrol,https://manheim.co.nz/damaged-vehicles/000000000007406973/2015-mazda-demio-skyactiv-hatch?referringPage=SearchResults
Audi,S4,2010,Yes,$0,"142,331",," Left Side Damage, Selling Registered","7spd Automatic,",5,Petrol,https://manheim.co.nz/damaged-vehicles/000000000007426987/2010-audi-s4-sedan?referringPage=SearchResults
Kawasaki,ex,2020,Yes,$0,1,," Stolen & Recovered, Selling Registered","Automatic,",N/A,Petrol,https://manheim.co.nz/damaged-vehicles/000000000007427037/2020-kawasaki-ex-400-motorcycle?referringPage=SearchResults
Nissan,Leaf,2024,No,N/A,N/A,," Front Damage, Right Side Damage, Structural Damage, Selling De-Registered","Automatic, Fuel Type, Electri",5,Electric,https://manheim.co.nz/damaged-vehicles/000000000007397312/2024-nissan-leaf-leaf-40kwh-ev-fd-hatch?referringPage=SearchResults
Nissan,Qashqai,2009,No,$0,"139,794",," Front Damage, Structural Damage, Selling De-Registered","Automatic,",5,Petrol,https://manheim.co.nz/damaged-vehicles/000000000007427345/2009-nissan-qashqai-2-0-ti-at-hatch?referringPage=SearchResults
Toyota,Corolla,2006,No,$0,"367,483",," Airbags Deployed, Front Damage, Structural Damage, Selling De-Registered","Automatic,",5,Petrol,https://manheim.co.nz/damaged-vehicles/000000000007427360/2006-toyota-corolla-1-8p-gl-hatch5-4a-hatch?referringPage=SearchResults
Ford,Mondeo,2004,Yes,$0,"240,524",," Right Front Damage, Selling Registered","5spd Manual,",5,Petrol,https://manheim.co.nz/damaged-vehicles/000000000007427365/2004-ford-mondeo-wag-2-0-manual-station-wagon?referringPage=SearchResults
Toyota,Vitz,2002,No,$0,N/A,," Interior Damage, Ignition Damage, Right Side Damage, Dismantled - Interior, Structural Damage, Selling De-Registered","Automatic,",5,Petrol,https://manheim.co.nz/damaged-vehicles/000000000007427392/2002-toyota-vitz-rs-hatch?referringPage=SearchResults
Nissan,Bluebird,2008,No,$0,"113,245",," Front Damage, Structural Damage, Selling De-Registered",N/A,5,Petrol,https://manheim.co.nz/damaged-vehicles/000000000007427398/2008-nissan-bluebird-sylphy-sedan?referringPage=SearchResults
Toyota,Auris,2007,No,$0,N/A,," Front Damage, Rear Damage, Structural Damage, Selling De-Registered","Automatic,",5,Petrol,https://manheim.co.nz/damaged-vehicles/000000000007427410/2007-toyota-auris-hatch?referringPage=SearchResults
Porsche,Macan,2016,No,N/A,"139,009",," Front Damage, Left Side Damage, Structural Damage, Selling De-Registered","Automatic,",5,Diesel,https://manheim.co.nz/damaged-vehicles/000000000007427529/2016-porsche-macan-s-diesel-3-0d-4wd-7-station-wagon?referringPage=SearchResults
Toyota,Aqua,2017,Yes,N/A,N/A,," Left Front Damage, Selling Registered",N/A,5,Hybrid,https://manheim.co.nz/damaged-vehicles/000000000007427536/2017-toyota-aqua-hatch?referringPage=SearchResults
Mitsubishi,Delica,2015,No,$0,1,," Structural Damage, Selling De-Registered","Automatic,",8,Petrol,https://manheim.co.nz/damaged-vehicles/000000000007427555/2015-mitsubishi-delica-d5-high-roof-van?referringPage=SearchResults
Ford,Ranger,2012,No,N/A,"285,747",, Selling De-Registered,"6spd Manual,",5,Diesel,https://manheim.co.nz/damaged-vehicles/000000000007427698/2012-ford-ranger-3-2td-xlt-dc-w-s-4x-dual-cab-utility?referringPage=SearchResults
Toyota,Corolla,2004,No,$0,N/A,," Right Side Damage, Structural Damage, Suspension Damage, Selling De-Registered",N/A,5,Petrol,https://manheim.co.nz/damaged-vehicles/000000000007427788/2004-toyota-corolla-1-5l-hatch?referringPage=SearchResults
Hyundai,Tucson,2023,No,N/A,"117,140",," Front Damage, Right Front Damage, Right Side Damage, Structural Damage, Selling De-Registered","Automatic,",5,Petrol,https://manheim.co.nz/damaged-vehicles/000000000007427881/2023-hyundai-tucson-elite-1-6pt-station-wagon?referringPage=SearchResults
Toyota,Hiace,2017,Yes,N/A,"276,503",," Roof Damage, Selling Registered",N/A,2,Diesel,https://manheim.co.nz/damaged-vehicles/000000000007438055/2017-toyota-hiace-zx-td-3-0dt-4at-van?referringPage=SearchResults
Toyota,Ractis,2006,No,$0,N/A,," Right Rear Damage, Structural Damage, Selling De-Registered","Automatic,",5,Petrol,https://manheim.co.nz/damaged-vehicles/000000000007428109/2006-toyota-ractis-station-wagon?referringPage=SearchResults
Mazda,Axela,2010,No,$0,N/A,," Engine Damage, Front Damage, Glass Broken, Rear Damage, Right Rear Damage, Structural Damage, Selling De-Registered","Automatic,",5,Petrol,https://manheim.co.nz/damaged-vehicles/000000000007428128/2010-mazda-axela-hatch?referringPage=SearchResults
Suzuki,Swift,2012,No,$0,N/A,," Left Front Damage, Structural Damage, Selling De-Registered","Manual,",5,Petrol,https://manheim.co.nz/damaged-vehicles/000000000007428144/2012-suzuki-swift-sport-hatch?referringPage=SearchResults
Toyota,Corolla,2020,No,N/A,N/A,," Fresh Water Damage, Selling De-Registered",N/A,5,Petrol,https://manheim.co.nz/damaged-vehicles/000000000007428149/2020-toyota-corolla-gx-2-0p-10cvt-hatch?referringPage=SearchResults
Hyundai,IX35,2015,Yes,N/A,"178,593",, Selling Registered,"6spd Automatic,",5,Petrol,https://manheim.co.nz/damaged-vehicles/000000000007428167/2015-hyundai-ix35-gdi2-0elite6a-2-0p6-station-wagon?referringPage=SearchResults
Toyota,Corolla,2004,No,$0,"255,622",," Left Front Damage, Right Front Damage, Structural Damage, Selling De-Registered","5spd Manual,",5,Petrol,https://manheim.co.nz/damaged-vehicles/000000000007428171/2004-toyota-corolla-1-8p-gl-hatch5-5m-hatch?referringPage=SearchResults
Mazda,CX-5,2016,Yes,N/A,"208,455",," Front Damage, Left Side Damage, Selling Registered","Automatic,",5,Diesel,https://manheim.co.nz/damaged-vehicles/000000000007428195/2016-mazda-cx-5-gsx-dsl-2-2d-4wd-6a-station-wagon?referringPage=SearchResults
Nissan,Qashqai,2020,No,N/A,N/A,," Front Damage, Airbags Deployed, Structural Damage, Selling De-Registered","Automatic,",5,Petrol,https://manheim.co.nz/damaged-vehicles/000000000007428205/2020-nissan-qashqai-st-2-0p-cvt-hatch?referringPage=SearchResults
Mazda,CX-5,2012,No,$0,N/A,," Front Damage, Glass Broken, Airbags Deployed, Structural Damage, Selling De-Registered","Automatic,",5,Petrol,https://manheim.co.nz/damaged-vehicles/000000000007428251/2012-mazda-cx-5-station-wagon?referringPage=SearchResults
MG,3,2025,Yes,N/A,"36,543",," Left Side Damage, Right Rear Damage, Suspension Damage, Under Body Damage, Selling Registered","Automatic,",5,Petrol,https://manheim.co.nz/damaged-vehicles/000000000007428259/2025-mg-3-core-1-5p-4at-hatch?referringPage=SearchResults
Toyota,Hilux,2008,No,$0,N/A,," Left Side Damage, Roof Damage, Right Side Damage, Structural Damage, Selling De-Registered","Manual,",5,Diesel,https://manheim.co.nz/damaged-vehicles/000000000007428277/2008-toyota-hilux-3-0td-4wd-sr5-dcu-4-dual-cab-utility?referringPage=SearchResults
Toyota,Corolla L/B MAN,1993,No,$0,"297,037",," Right Front Damage, Structural Damage, Selling De-Registered","Manual,",5,Petrol,https://manheim.co.nz/damaged-vehicles/000000000007418274/1993-toyota-corolla-l-b-man-hatch?referringPage=SearchResults
Mercedes-Benz,A250,2019,No,N/A,N/A,," Front Damage, Rear Damage, Structural Damage, Selling De-Registered","Automatic,",5,Petrol,https://manheim.co.nz/damaged-vehicles/000000000007428294/2019-mercedes-benz-a250-4matic-sedan?referringPage=SearchResults
Volkswagen,Golf,2007,No,$0,"147,606",," Left Side Damage, Structural Damage, Selling De-Registered","Automatic,",5,Petrol,https://manheim.co.nz/damaged-vehicles/000000000007428324/2007-volkswagen-golf-hatch?referringPage=SearchResults
Ford,Ranger,2015,No,N/A,N/A,," Left Front Damage, Left Rear Damage, Right Rear Damage, Structural Damage, Selling De-Registered","Automatic,",5,Diesel,https://manheim.co.nz/damaged-vehicles/000000000007428329/2015-ford-ranger-xlt-double-cab-w-s-dual-cab-utility?referringPage=SearchResults
TRAILER,Rosser,2016,No,$400,N/A,0," Structural Damage, Selling De-Registered",N/A,N/A,N/A,https://manheim.co.nz/damaged-vehicles/000000000007428339/2016-trailer-rosser-a-tipping-trailer?referringPage=SearchResults
Toyota,Prius,2010,No,$0,N/A,," Front Damage, Structural Damage, Selling De-Registered","Automatic,",5,Hybrid,https://manheim.co.nz/damaged-vehicles/000000000007428366/2010-toyota-prius-hatch?referringPage=SearchResults
Toyota,Yaris,2019,No,N/A,N/A,," Front Damage, Rear Damage, Structural Damage, Selling De-Registered","Automatic,",5,Petrol,https://manheim.co.nz/damaged-vehicles/000000000007418367/2019-toyota-yaris-gx-1-3p-4at-hatch?referringPage=SearchResults
Toyota,Vanguard,2008,Yes,$0,"200,626",, Selling Registered,"Automatic,",5,Petrol,https://manheim.co.nz/damaged-vehicles/000000000007428381/2008-toyota-vanguard-station-wagon?referringPage=SearchResults
Nissan,Caravan,2013,No,$0,N/A,," Left Front Damage, Left Side Damage, Roof Damage, Rolled, Right Side Damage, Structural Damage, Selling De-Registered","5spd Automatic,",6,Diesel,https://manheim.co.nz/damaged-vehicles/000000000007418468/2013-nissan-caravan-nv350-van?referringPage=SearchResults
CARAVAN,Caravell,1970,No,"$1,160",1,0," Roof Damage, Structural Damage, Selling De-Registered",N/A,N/A,N/A,https://manheim.co.nz/damaged-vehicles/000000000007318474/1970-caravan-caravell-caravan?referringPage=SearchResults
Toyota,Corolla SD MAN,1994,No,$0,"336,772",," Front Damage, Structural Damage, Selling De-Registered",N/A,5,Petrol,https://manheim.co.nz/damaged-vehicles/000000000007428481/1994-toyota-corolla-sd-man-sedan?referringPage=SearchResults
Yamaha,YZF,2018,No,$0,"11,153",," Right Side Damage, Structural Damage, Selling De-Registered","Automatic,",N/A,Petrol,https://manheim.co.nz/damaged-vehicles/000000000007428483/2018-yamaha-yzf-r3aj-motorcycle?referringPage=SearchResults
Mitsubishi,Triton,2017,No,N/A,"198,882",," Engine Damage, Structural Damage, Selling De-Registered",N/A,5,Diesel,https://manheim.co.nz/damaged-vehicles/000000000007428485/2017-mitsubishi-triton-d-cab-glx-2-4d-4wd-dual-cab-utility?referringPage=SearchResults
Holden,Commodore,2011,No,$0,"323,189",," Water Damage, Selling De-Registered","Automatic,",5,Petrol,https://manheim.co.nz/damaged-vehicles/000000000007428489/2011-holden-commodore-sportwgn-sv6-at-station-wagon?referringPage=SearchResults
LDV,T60,2024,No,N/A,"48,289",," Left Side Damage, Right Side Damage, Structural Damage, Selling De-Registered","Automatic,",5,Diesel,https://manheim.co.nz/damaged-vehicles/000000000007428490/2024-ldv-t60-mega-lux-4wd-at-2-0-dual-cab-utility?referringPage=SearchResults
BMW,320i,2007,No,$0,N/A,," Left Front Damage, Left Rear Damage, Left Side Damage, Right Front Damage, Structural Damage, Selling De-Registered","Automatic,",5,Petrol,https://manheim.co.nz/damaged-vehicles/000000000007428501/2007-bmw-320i-touring?referringPage=SearchResults
Toyota,Wish,2008,Yes,$0,N/A,," Ignition Damage, Left Side Damage, Vandalised - Interior, Stolen & Recovered, Selling Registered","Automatic,",7,Petrol,https://manheim.co.nz/damaged-vehicles/000000000007428504/2008-toyota-wish-station-wagon?referringPage=SearchResults
Mazda,Premacy,2005,No,$0,"174,677",," Water Damage, Selling De-Registered","Automatic,",7,Petrol,https://manheim.co.nz/damaged-vehicles/000000000007428506/2005-mazda-premacy-station-wagon?referringPage=SearchResults
Toyota,Aqua,2018,No,$0,"115,423",," Front Damage, Left Front Damage, Left Side Damage, Right Front Damage, Right Side Damage, Structural Damage, Selling De-Registered","Automatic,",5,Hybrid,https://manheim.co.nz/damaged-vehicles/000000000007428509/2018-toyota-aqua-hatch?referringPage=SearchResults
Toyota,Markx,2009,No,$0,"165,704",," Rear Damage, Structural Damage, Selling De-Registered",N/A,6,Petrol,https://manheim.co.nz/damaged-vehicles/000000000007428522/2009-toyota-markx-zio-station-wagon?referringPage=SearchResults
Nissan,Tiida,2008,No,$0,"167,455",," Right Rear Damage, Structural Damage, Selling De-Registered","6spd Automatic,",5,Petrol,https://manheim.co.nz/damaged-vehicles/000000000007428531/2008-nissan-tiida-hatch?referringPage=SearchResults
Nissan,Note,2005,No,$0,"110,589",," Front Damage, Structural Damage, Selling De-Registered","Automatic,",5,Petrol,https://manheim.co.nz/damaged-vehicles/000000000007428532/2005-nissan-note-hatch?referringPage=SearchResults
Mazda,Demio,2006,Yes,$0,N/A,," Rear Damage, Selling Registered",N/A,5,Petrol,https://manheim.co.nz/damaged-vehicles/000000000007428533/2006-mazda-demio-hatch?referringPage=SearchResults
Honda,Airwave,2006,No,$0,N/A,," Left Front Damage, Left Rear Damage, Rear Damage, Right Rear Damage, Structural Damage, Selling De-Registered","Automatic,",5,Petrol,https://manheim.co.nz/damaged-vehicles/000000000007428535/2006-honda-airwave-station-wagon?referringPage=SearchResults
Honda,Jazz,2025,No,N/A,N/A,," Front Damage, Structural Damage, Selling De-Registered",N/A,5,Hybrid,https://manheim.co.nz/damaged-vehicles/000000000007428545/2025-honda-jazz-e-hev-rs-1-5ph-e-he-hatch?referringPage=SearchResults
Subaru,Forester,2006,No,$0,N/A,," Interior Damage, Vandalised - Interior, Stolen & Recovered, Selling De-Registered","Automatic,",5,Petrol,https://manheim.co.nz/damaged-vehicles/000000000007428548/2006-subaru-forester-hatch?referringPage=SearchResults
Ford,Focus,2007,No,$0,"316,024",," Front Damage, Structural Damage, Selling De-Registered","Automatic,",5,Petrol,https://manheim.co.nz/damaged-vehicles/000000000007428553/2007-ford-focus-2-0-m-hatch-hatch?referringPage=SearchResults
Honda,CBR,2024,No,$0,"30,417",," Accident Repair, Right Side Damage, Structural Damage, Selling De-Registered","Automatic,",N/A,Petrol,https://manheim.co.nz/damaged-vehicles/000000000007428570/2024-honda-cbr-500-p-motorcycle?referringPage=SearchResults
Toyota,Aqua,2016,No,$0,"47,869",," Ignition Damage, Right Rear Damage, Structural Damage, Selling De-Registered","Automatic,",5,Hybrid,https://manheim.co.nz/damaged-vehicles/000000000007428582/2016-toyota-aqua-hatch?referringPage=SearchResults
Toyota,Prius,2013,No,$0,"150,704",," Left Front Damage, Structural Damage, Selling De-Registered","Automatic,",5,Hybrid,https://manheim.co.nz/damaged-vehicles/000000000007428596/2013-toyota-prius-alpha-hybrid-station-wagon?referringPage=SearchResults
Mazda,Axela,2009,No,$0,N/A,," Right Rear Damage, Structural Damage, Suspension Damage, Selling De-Registered","Automatic,",5,Petrol,https://manheim.co.nz/damaged-vehicles/000000000007428604/2009-mazda-axela-station-wagon?referringPage=SearchResults
Mitsubishi,Triton,2009,No,$0,"233,344",," Left Front Damage, Structural Damage, Selling De-Registered",N/A,5,Diesel,https://manheim.co.nz/damaged-vehicles/000000000007428614/2009-mitsubishi-triton-glxr-dual-cab-utility?referringPage=SearchResults
Suzuki,Swift,2005,No,$0,"238,286",," Front Damage, Rear Damage, Structural Damage, Selling De-Registered",N/A,5,Petrol,https://manheim.co.nz/damaged-vehicles/000000000007428616/2005-suzuki-swift-hatch?referringPage=SearchResults
Suzuki,DL1050,2022,No,$0,"19,797",," Structural Damage, Selling De-Registered","Manual,",N/A,Petrol,https://manheim.co.nz/damaged-vehicles/000000000007418738/2022-suzuki-dl1050-rcm0-v-strom-1050xt-motorcycle?referringPage=SearchResults
Toyota,Voxy,2006,No,$0,"204,623",," Front Damage, Structural Damage, Selling De-Registered",N/A,8,Petrol,https://manheim.co.nz/damaged-vehicles/000000000007428744/2006-toyota-voxy-station-wagon?referringPage=SearchResults
BYD,Atto 3,2026,No,N/A,N/A,," Front Damage, Left Front Damage, Left Rear Damage, Rear Damage, Right Rear Damage, Structural Damage, Selling De-Registered","Automatic, Fuel Type, Electri",5,Electric,https://manheim.co.nz/damaged-vehicles/000000000007428751/2026-byd-atto-3-th-superior-ev-60kw-station-wagon?referringPage=SearchResults
Mitsubishi,Galant,2008,No,$0,N/A,," Right Rear Damage, Structural Damage, Selling De-Registered","Automatic,",5,Petrol,https://manheim.co.nz/damaged-vehicles/000000000007428756/2008-mitsubishi-galant-sedan?referringPage=SearchResults
Toyota,Aqua,2018,No,$0,"147,348",," Left Front Damage, Right Rear Damage, Structural Damage, Selling De-Registered","Automatic,",5,Hybrid,https://manheim.co.nz/damaged-vehicles/000000000007428758/2018-toyota-aqua-hybrid-hatch?referringPage=SearchResults
Toyota,Hilux,2017,No,N/A,N/A,," Left Front Damage, Right Front Damage, Right Side Damage, Structural Damage, Selling De-Registered","5spd Manual,",5,Diesel,https://manheim.co.nz/damaged-vehicles/000000000007428759/2017-toyota-hilux-s-td-dc-2-8d-5mt-ut-dual-cab-utility?referringPage=SearchResults
Toyota,Hilux,2005,No,$0,N/A,," Stolen & Recovered, Stolen & Stripped, Selling De-Registered","Automatic,",5,Petrol,https://manheim.co.nz/damaged-vehicles/000000000007428764/2005-toyota-hilux-2-7p-2wd-d-c-ute-5m-dual-cab-chassis?referringPage=SearchResults
Toyota,RAV4,2019,No,N/A,"125,400",," Rear Damage, Structural Damage, Selling De-Registered","Automatic,",5,Petrol,https://manheim.co.nz/damaged-vehicles/000000000007428781/2019-toyota-rav4-gxl-2-5p-4wd-8at-station-wagon?referringPage=SearchResults
Toyota,Aqua,2017,No,$0,N/A,," Right Side Damage, Structural Damage, Selling De-Registered","Automatic,",5,Hybrid,https://manheim.co.nz/damaged-vehicles/000000000007428785/2017-toyota-aqua-hatch?referringPage=SearchResults
Lexus,RX450H,2013,No,N/A,N/A,," Left Front Damage, Right Side Damage, Structural Damage, Suspension Damage, Selling De-Registered",N/A,5,Hybrid,https://manheim.co.nz/damaged-vehicles/000000000007428789/2013-lexus-rx450h-station-wagon?referringPage=SearchResults
Ford,Falcon,2013,No,$0,"137,235",," Rear Damage, Structural Damage, Selling De-Registered","Automatic,",5,Petrol,https://manheim.co.nz/damaged-vehicles/000000000007428790/2013-ford-falcon-fg2-xr6-sedan-a-sedan?referringPage=SearchResults
Toyota,Prius,2018,No,N/A,N/A,," Front Damage, Structural Damage, Selling De-Registered","Automatic,",5,Hybrid,https://manheim.co.nz/damaged-vehicles/000000000007428794/2018-toyota-prius-hatch?referringPage=SearchResults
Skoda,Fabia,2019,No,$0,N/A,," Left Front Damage, Structural Damage, Suspension Damage, Selling De-Registered","Automatic,",5,Petrol,https://manheim.co.nz/damaged-vehicles/000000000007428803/2019-skoda-fabia-ambition-mpi-81kw-1-hatch?referringPage=SearchResults
Audi,A4,2009,No,$0,N/A,," Rear Damage, Structural Damage, Selling De-Registered",N/A,5,Petrol,https://manheim.co.nz/damaged-vehicles/000000000007428811/2009-audi-a4-2-0t-sedan?referringPage=SearchResults
Nissan,Maxima,2010,No,$0,N/A,," Left Side Damage, Structural Damage, Selling De-Registered",N/A,5,Petrol,https://manheim.co.nz/damaged-vehicles/000000000007428813/2010-nissan-maxima-250l-sedan?referringPage=SearchResults
Suzuki,Swift,2005,Yes,$0,"158,313",," Front Damage, Rear Damage, Selling Registered",N/A,5,Petrol,https://manheim.co.nz/damaged-vehicles/000000000007428815/2005-suzuki-swift-hatch?referringPage=SearchResults
Mitsubishi,Galant,1999,No,$0,"178,188",," Front Damage, Left Front Damage, Right Front Damage, Right Side Damage, Structural Damage, Selling De-Registered","Automatic,",5,Petrol,https://manheim.co.nz/damaged-vehicles/000000000007428820/1999-mitsubishi-galant-2-0-gls-wagon-a-station-wagon?referringPage=SearchResults
Toyota,Avensis,2013,No,$0,"134,489",," Left Rear Damage, Right Front Damage, Structural Damage, Selling De-Registered","Automatic,",5,Petrol,https://manheim.co.nz/damaged-vehicles/000000000007428821/2013-toyota-avensis-station-wagon?referringPage=SearchResults
Subaru,Impreza,2014,No,$0,"61,624",," Left Rear Damage, Rear Damage, Right Rear Damage, Structural Damage, Selling De-Registered","Automatic,",5,Petrol,https://manheim.co.nz/damaged-vehicles/000000000007428823/2014-subaru-impreza-g4-sedan?referringPage=SearchResults
Holden,Commodore,2006,No,$0,"234,453",," Right Rear Damage, Structural Damage, Selling De-Registered","Automatic,",5,Petrol,https://manheim.co.nz/damaged-vehicles/000000000007428829/2006-holden-commodore-omega-sedan-auto-sedan?referringPage=SearchResults
Mazda,Demio,2007,No,$0,"163,596",," Left Side Damage, Right Side Damage, Structural Damage, Selling De-Registered","Automatic,",5,Petrol,https://manheim.co.nz/damaged-vehicles/000000000007428832/2007-mazda-demio-hatch?referringPage=SearchResults
Toyota,Hiace,2009,No,N/A,N/A,," Front Damage, Left Front Damage, Right Front Damage, Right Rear Damage, Structural Damage, Selling De-Registered","Automatic,",3,Petrol,https://manheim.co.nz/damaged-vehicles/000000000007428836/2009-toyota-hiace-van?referringPage=SearchResults
Honda,fit,2002,No,$0,N/A,," Left Side Damage, Roof Damage, Rolled, Right Side Damage, Structural Damage, Selling De-Registered","4spd Automatic,",5,Petrol,https://manheim.co.nz/damaged-vehicles/000000000007428839/2002-honda-fit-hatch?referringPage=SearchResults
Volkswagen,Golf,2019,No,N/A,N/A,," Front Damage, Left Side Damage, Structural Damage, Selling De-Registered",N/A,5,Petrol,https://manheim.co.nz/damaged-vehicles/000000000007408849/2019-volkswagen-golf-gti-hatch?referringPage=SearchResults
Nissan,Tiida,2009,No,$0,"156,014",," Right Side Damage, Structural Damage, Selling De-Registered","Automatic,",5,Petrol,https://manheim.co.nz/damaged-vehicles/000000000007428855/2009-nissan-tiida-15-m-hatch?referringPage=SearchResults
Subaru,Impreza,2013,No,$0,"103,538",," Front Damage, Left Front Damage, Right Front Damage, Structural Damage, Selling De-Registered","Automatic,",5,Petrol,https://manheim.co.nz/damaged-vehicles/000000000007428858/2013-subaru-impreza-hatch?referringPage=SearchResults
Mercedes-Benz,C-class,2015,No,N/A,"150,293",," Left Rear Damage, Rear Damage, Right Rear Damage, Structural Damage, Selling De-Registered","7spd Automatic,",5,Diesel,https://manheim.co.nz/damaged-vehicles/000000000007428862/2015-mercedes-benz-c-class-c-250-bt-2-1d-7at-s-sedan?referringPage=SearchResults
Nissan,Tiida,2005,No,$0,"165,878",," Rear Damage, Structural Damage, Selling De-Registered","Automatic,",5,Petrol,https://manheim.co.nz/damaged-vehicles/000000000007428870/2005-nissan-tiida-hatch?referringPage=SearchResults
Toyota,Aqua,2012,No,$0,"136,845",," Right Side Damage, Structural Damage, Selling De-Registered","Automatic,",5,Hybrid,https://manheim.co.nz/damaged-vehicles/000000000007428871/2012-toyota-aqua-hatch?referringPage=SearchResults
Toyota,Hilux,2012,No,N/A,N/A,," Structural Damage, Selling De-Registered",N/A,N/A,Diesel,https://manheim.co.nz/damaged-vehicles/000000000007428872/2012-toyota-hilux-utility?referringPage=SearchResults
Mitsubishi,Triton,2018,No,N/A,"216,148",," Right Side Damage, Structural Damage, Selling De-Registered",N/A,5,Diesel,https://manheim.co.nz/damaged-vehicles/000000000007428873/2018-mitsubishi-triton-dc-glsb-2-4d-4wd-5a-dual-cab-utility?referringPage=SearchResults
Audi,A4,2014,No,$0,"180,978",," Front Damage, Right Front Damage, Structural Damage, Suspension Damage, Selling De-Registered","Automatic,",5,Petrol,https://manheim.co.nz/damaged-vehicles/000000000007428874/2014-audi-a4-avtfsiq-2-0p7a-sw4d-station-wagon?referringPage=SearchResults
Toyota,RAV4,1996,No,$0,"190,471",," Structural Damage, Selling De-Registered","Automatic,",5,Petrol,https://manheim.co.nz/damaged-vehicles/000000000007428882/1996-toyota-rav4-station-wagon?referringPage=SearchResults
Toyota,Spacio,2003,No,$0,N/A,," Front Damage, Airbags Deployed, Structural Damage, Selling De-Registered","Automatic,",7,Petrol,https://manheim.co.nz/damaged-vehicles/000000000007428887/2003-toyota-spacio-x-station-wagon?referringPage=SearchResults
Ford,Ranger,2019,No,N/A,N/A,," Structural Damage, Water Damage, Selling De-Registered","6spd Automatic,",5,Diesel,https://manheim.co.nz/damaged-vehicles/000000000007428888/2019-ford-ranger-xlt-double-cab-w-sa-dual-cab-utility?referringPage=SearchResults
Nissan,Bluebird,2007,No,$0,N/A,," Front Damage, Left Side Damage, Rear Damage, Structural Damage, Selling De-Registered","Automatic,",5,Petrol,https://manheim.co.nz/damaged-vehicles/000000000007428892/2007-nissan-bluebird-sylphy-sedan?referringPage=SearchResults
Toyota,Corolla,2003,No,$0,"214,430",," Front Damage, Left Front Damage, Rear Damage, Right Front Damage, Structural Damage, Selling De-Registered","Automatic,",5,Petrol,https://manheim.co.nz/damaged-vehicles/000000000007428893/2003-toyota-corolla-runx-hatch?referringPage=SearchResults
Volvo,V60,2014,No,$0,"116,268",," Left Rear Damage, Structural Damage, Selling De-Registered","6spd Automatic,",5,Petrol,https://manheim.co.nz/damaged-vehicles/000000000007428896/2014-volvo-v60-station-wagon?referringPage=SearchResults
Nissan,X-trail,2007,No,$0,N/A,," Structural Damage, Stolen & Recovered, Selling De-Registered",N/A,5,Petrol,https://manheim.co.nz/damaged-vehicles/000000000007428897/2007-nissan-x-trail-aut-2-5l-st-f-lift-station-wagon?referringPage=SearchResults
Honda,Odyssey,2005,No,$0,"232,957",," Front Damage, Airbags Deployed, Structural Damage, Selling De-Registered","Automatic,",7,Petrol,https://manheim.co.nz/damaged-vehicles/000000000007428899/2005-honda-odyssey-station-wagon?referringPage=SearchResults
Toyota,Wish,2009,No,$0,N/A,," Airbags Deployed, Left Rear Damage, Left Side Damage, Structural Damage, Selling De-Registered","Automatic,",7,Petrol,https://manheim.co.nz/damaged-vehicles/000000000007428900/2009-toyota-wish-station-wagon?referringPage=SearchResults
Mazda,MAZDA3,2016,No,$0,N/A,," Right Front Damage, Airbags Deployed, Structural Damage, Selling De-Registered",N/A,5,Petrol,https://manheim.co.nz/damaged-vehicles/000000000007428901/2016-mazda-mazda3-gsx-2-0p-6at-ha-5dr-hatch?referringPage=SearchResults
Mazda,Capella,1998,No,$0,"136,991",," Rear Damage, Structural Damage, Selling De-Registered",N/A,5,Petrol,https://manheim.co.nz/damaged-vehicles/000000000007428903/1998-mazda-capella-station-wagon?referringPage=SearchResults
Nissan,Wingroad,2009,Yes,$0,"262,825",," Front Damage, Left Side Damage, Rear Damage, Selling Registered","Automatic,",5,Petrol,https://manheim.co.nz/damaged-vehicles/000000000007428904/2009-nissan-wingroad-station-wagon?referringPage=SearchResults
Nissan,Tiida,2009,No,$0,"151,093",," Front Damage, Structural Damage, Selling De-Registered","Automatic,",5,Petrol,https://manheim.co.nz/damaged-vehicles/000000000007428906/2009-nissan-tiida-hatch?referringPage=SearchResults
Holden,Commodore,2012,Yes,$0,"190,094",," Left Front Damage, Left Side Damage, Selling Registered","Automatic,",5,Petrol,https://manheim.co.nz/damaged-vehicles/000000000007428912/2012-holden-commodore-sv6-z-series-sdn-at-sedan?referringPage=SearchResults
Toyota,Hiace,2012,No,N/A,"157,269",," Front Damage, Left Rear Damage, Left Side Damage, Right Front Damage, Right Side Damage, Structural Damage, Selling De-Registered","5spd Automatic,",10,Petrol,https://manheim.co.nz/damaged-vehicles/000000000007428919/2012-toyota-hiace-van?referringPage=SearchResults
Mitsubishi,Triton,2025,No,N/A,"50,272",," Chassis Damage, Rear Damage, Structural Damage, Selling De-Registered","Automatic,",2,Diesel,https://manheim.co.nz/damaged-vehicles/000000000007428928/2025-mitsubishi-triton-sc-c-glx-6at-2-4dt-dual-cab-chassis?referringPage=SearchResults
Toyota,SAI,2016,No,N/A,N/A,," Rear Damage, Right Side Damage, Structural Damage, Selling De-Registered",N/A,5,Hybrid,https://manheim.co.nz/damaged-vehicles/000000000007418926/2016-toyota-sai-sedan?referringPage=SearchResults
Toyota,Prius,2010,No,$0,N/A,," Fire Damage, Fire - Engine, Structural Damage, Water Damage, Selling De-Registered",N/A,N/A,Hybrid,https://manheim.co.nz/damaged-vehicles/000000000007428943/2010-toyota-prius-hatch?referringPage=SearchResults
Toyota,Hilux,2019,Yes,N/A,"155,293",," Stolen & Recovered, Selling Registered","Automatic,",5,Diesel,https://manheim.co.nz/damaged-vehicles/000000000007378962/2019-toyota-hilux-sr-td-dc-2-8dt-dual-cab-utility?referringPage=SearchResults
Porsche,Boxster,2006,No,$0,N/A,," Fire Damage, Structural Damage, Fire Damaged, Selling De-Registered",N/A,2,Petrol,https://manheim.co.nz/damaged-vehicles/000000000007428990/2006-porsche-boxster-coup%C3%A9?referringPage=SearchResults
Toyota,Prius,2017,No,N/A,"139,132",," Front Damage, Left Side Damage, Structural Damage, Selling De-Registered","Automatic,",5,Hybrid,https://manheim.co.nz/damaged-vehicles/000000000007429039/2017-toyota-prius-hatch?referringPage=SearchResults
Honda,fit,2004,No,$0,N/A,," Left Side Damage, Structural Damage, Selling De-Registered","Automatic,",5,Petrol,https://manheim.co.nz/damaged-vehicles/000000000007429042/2004-honda-fit-hatch?referringPage=SearchResults
CF Moto,450srs,2026,No,$0,"1,018",," Front Fork Damaged, Frame Damaged, Structural Damage, Selling De-Registered",N/A,N/A,Petrol,https://manheim.co.nz/damaged-vehicles/000000000007429051/2026-cfmoto-450srs-motorcycle?referringPage=SearchResults
Nissan,Fuga,2010,No,$0,"181,221",," Front Damage, Airbags Deployed, Structural Damage, Selling De-Registered",N/A,5,Petrol,https://manheim.co.nz/damaged-vehicles/000000000007429070/2010-nissan-fuga-sedan?referringPage=SearchResults
Mitsubishi,Triton,2005,No,$0,N/A,," Left Front Damage, Structural Damage, Selling De-Registered","Automatic,",5,Diesel,https://manheim.co.nz/damaged-vehicles/000000000007429072/2005-mitsubishi-triton-4wd-2-8td-dble-cab-dual-cab-utility?referringPage=SearchResults
Ford,Ranger,2017,No,N/A,"217,032",," Front Damage, Left Front Damage, Left Side Damage, Structural Damage, Selling De-Registered",N/A,5,Diesel,https://manheim.co.nz/damaged-vehicles/000000000007419070/2017-ford-ranger-wildtrak-3-2d-4wd-dual-cab-utility?referringPage=SearchResults
Suzuki,Swift,2008,Yes,$0,N/A,," Right Side Damage, Accident Damage, Selling Registered",N/A,5,Petrol,https://manheim.co.nz/damaged-vehicles/000000000007429080/2008-suzuki-swift-hatch?referringPage=SearchResults
Toyota,Estima,2004,No,$0,"336,962",," Left Side Damage, Structural Damage, Selling De-Registered","Automatic,",7,Petrol,https://manheim.co.nz/damaged-vehicles/000000000007429081/2004-toyota-estima-station-wagon?referringPage=SearchResults
Toyota,Porte,2006,No,$0,N/A,," Left Rear Damage, Right Side Damage, Stolen & Recovered, Selling De-Registered","Automatic,",5,Petrol,https://manheim.co.nz/damaged-vehicles/000000000007429098/2006-toyota-porte-hatch?referringPage=SearchResults
Toyota,Aqua,2017,No,$0,N/A,," Airbags Deployed, Front Damage, Airbags Deployed, Structural Damage, Selling De-Registered",N/A,5,Hybrid,https://manheim.co.nz/damaged-vehicles/000000000007429102/2017-toyota-aqua-hatch?referringPage=SearchResults
Nissan,Tiida,2006,No,$0,N/A,," Right Rear Damage, Structural Damage, Selling De-Registered","Automatic,",5,Petrol,https://manheim.co.nz/damaged-vehicles/000000000007429104/2006-nissan-tiida-sedan?referringPage=SearchResults
Mitsubishi,Lancer,2005,No,$0,"273,038",," Left Front Damage, Left Side Damage, Right Side Damage, Structural Damage, Selling De-Registered","Automatic,",5,Petrol,https://manheim.co.nz/damaged-vehicles/000000000007429105/2005-mitsubishi-lancer-sedan?referringPage=SearchResults
Skoda,Octavia,2013,No,$0,N/A,," Left Front Damage, Structural Damage, Selling De-Registered","Automatic,",5,Diesel,https://manheim.co.nz/damaged-vehicles/000000000007429121/2013-skoda-octavia-scout-tdi-dsg-station-wagon?referringPage=SearchResults
Daihatsu,Sirion,2007,No,$0,"197,046",," Front Damage, Left Front Damage, Right Front Damage, Structural Damage, Selling De-Registered","4spd Automatic,",5,Petrol,https://manheim.co.nz/damaged-vehicles/000000000007429124/2007-daihatsu-sirion-1-3p-hatch-4a-hatch?referringPage=SearchResults
Nissan,Tiida,2006,No,$0,N/A,," Ignition Damage, Structural Damage, Stolen & Recovered, Selling De-Registered","Automatic,",5,Petrol,https://manheim.co.nz/damaged-vehicles/000000000007429126/2006-nissan-tiida-hatch?referringPage=SearchResults
Suzuki,Jimny,2025,No,N/A,"23,441",," Chassis Damage, Front Damage, Frame Damaged, Structural Damage, Selling De-Registered",N/A,4,Petrol,https://manheim.co.nz/damaged-vehicles/000000000007429127/2025-suzuki-jimny-5-door-1-5p-4wd-4at-station-wagon?referringPage=SearchResults
Toyota,Highlander,2014,No,N/A,"150,376",," Front Damage, Left Rear Damage, Rear Damage, Structural Damage, Selling De-Registered","Automatic,",7,Petrol,https://manheim.co.nz/damaged-vehicles/000000000007429130/2014-toyota-highlander-gxl-3-5p-4wd-6at-sw-station-wagon?referringPage=SearchResults
Nissan,Primera,2003,No,$0,N/A,," Good Repairer, Rear Damage, Fire - Entire Vehicle, Structural Damage, Selling De-Registered","Automatic,",5,Petrol,https://manheim.co.nz/damaged-vehicles/000000000007429136/2003-nissan-primera-sedan?referringPage=SearchResults
Honda,Stream,2006,No,$0,"259,770",," Right Rear Damage, Structural Damage, Selling De-Registered","Automatic,",7,Petrol,https://manheim.co.nz/damaged-vehicles/000000000007429149/2006-honda-stream-station-wagon?referringPage=SearchResults
Toyota,Camry,2005,Yes,$0,"239,579",," Left Side Damage, Underbody Damage, Selling Registered",N/A,5,Petrol,https://manheim.co.nz/damaged-vehicles/000000000007429152/2005-toyota-camry-2-4p-altise-sedan-4-sedan?referringPage=SearchResults
Peugeot,2008,2019,No,$0,N/A,," Front Damage, Structural Damage, Selling De-Registered","6spd,",5,Petrol,https://manheim.co.nz/damaged-vehicles/000000000007429153/2019-peugeot-2008-allure-1-2pt-6at-touring?referringPage=SearchResults
Toyota,Aqua,2014,No,$0,"155,171",," Right Side Damage, Structural Damage, Stolen & Recovered, Selling De-Registered","Automatic,",5,Hybrid,https://manheim.co.nz/damaged-vehicles/000000000007429160/2014-toyota-aqua-hybrid-hatch?referringPage=SearchResults
Toyota,Markx,2009,No,$0,N/A,," Rear Damage, Structural Damage, Selling De-Registered","Automatic,",7,Petrol,https://manheim.co.nz/damaged-vehicles/000000000007429178/2009-toyota-markx-zio-station-wagon?referringPage=SearchResults
Honda,Stream,2006,No,$0,"217,499",," Rear Damage, Structural Damage, Selling De-Registered","4spd,",7,Petrol,https://manheim.co.nz/damaged-vehicles/000000000007429184/2006-honda-stream-station-wagon?referringPage=SearchResults
Honda,Civic,2000,No,$0,"258,800",," Front Damage, Glass Broken, Ignition Damage, Left Front Damage, Left Side Damage, Right Front Damage, Structural Damage, Stolen & Recovered, Selling De-Registered",N/A,5,Petrol,https://manheim.co.nz/damaged-vehicles/000000000007429189/2000-honda-civic-hatch?referringPage=SearchResults
Toyota,Prius,2012,No,$0,"274,757",," Right Rear Damage, Structural Damage, Selling De-Registered","Automatic,",5,Hybrid,https://manheim.co.nz/damaged-vehicles/000000000007429192/2012-toyota-prius-hatch?referringPage=SearchResults
Mitsubishi,Grandis,2004,Yes,$0,"229,444",," Left Front Damage, Selling Registered","Automatic,",7,Petrol,https://manheim.co.nz/damaged-vehicles/000000000007429215/2004-mitsubishi-grandis-station-wagon?referringPage=SearchResults
Toyota,Auris,2006,No,$0,"151,641",," Right Side Damage, Structural Damage, Selling De-Registered",N/A,5,Petrol,https://manheim.co.nz/damaged-vehicles/000000000007429242/2006-toyota-auris-hatch?referringPage=SearchResults
Hyundai,Getz,2010,No,$0,"129,849",," Front Damage, Rear Damage, Structural Damage, Selling De-Registered","Automatic,",5,Petrol,https://manheim.co.nz/damaged-vehicles/000000000007429255/2010-hyundai-getz-1-4-5d-a4-hatch?referringPage=SearchResults
BMW,320i,2008,No,$0,N/A,," Front Damage, Structural Damage, Selling De-Registered",N/A,5,Petrol,https://manheim.co.nz/damaged-vehicles/000000000007429258/2008-bmw-320i-sedan?referringPage=SearchResults
Nissan,Wingroad,2000,Yes,$0,N/A,," Front Damage, Right Rear Damage, Selling Registered",N/A,N/A,Petrol,https://manheim.co.nz/damaged-vehicles/000000000007429260/2000-nissan-wingroad-station-wagon?referringPage=SearchResults
Subaru,Legacy,2005,Yes,$0,N/A,," Interior Damage, Right Rear Damage, Selling Registered","Automatic,",5,Petrol,https://manheim.co.nz/damaged-vehicles/000000000007429266/2005-subaru-legacy-b-sport-station-wagon?referringPage=SearchResults
Volkswagen,Amarok,2014,No,N/A,"220,301",," Left Side Damage, Rear Damage, Structural Damage, Selling De-Registered","Automatic,",5,Diesel,https://manheim.co.nz/damaged-vehicles/000000000007429275/2014-volkswagen-amarok-dc-4m-hl-auto-dual-cab-utility?referringPage=SearchResults
Citroen,C5,2006,No,$0,"196,878",," Glass Broken, Left Side Damage, Selling De-Registered",N/A,5,Diesel,https://manheim.co.nz/damaged-vehicles/000000000007429279/2006-citroen-c5-2-0-ex-5dr-6sp-a-d-sedan?referringPage=SearchResults
BMW,323i,2007,No,$0,N/A,," Left Rear Damage, Roof Damage, Right Front Damage, Right Side Damage, Selling De-Registered","Automatic,",5,Petrol,https://manheim.co.nz/damaged-vehicles/000000000007419298/2007-bmw-323i-sedan?referringPage=SearchResults
Toyota,Spacio,2004,No,$0,N/A,," Rear Damage, Structural Damage, Selling De-Registered",N/A,7,Petrol,https://manheim.co.nz/damaged-vehicles/000000000007389359/2004-toyota-spacio-station-wagon?referringPage=SearchResults
Mitsubishi,Lancer,2006,Yes,$0,"242,662",, Selling Registered,"4spd Automatic,",5,Petrol,https://manheim.co.nz/damaged-vehicles/000000000007399359/2006-mitsubishi-lancer-2-4p-ls-sp-sedan-a-sedan?referringPage=SearchResults
Toyota,Hiace,2001,No,$0,"320,336",," Chassis Damage, Front Damage, Rear Damage, Structural Damage, Selling De-Registered","5spd Automatic,",3,Diesel,https://manheim.co.nz/damaged-vehicles/000000000007429426/2001-toyota-hiace-van?referringPage=SearchResults
Toyota,Camry,2006,No,$0,"240,384",," Left Front Damage, Structural Damage, Selling De-Registered","Automatic,",5,Petrol,https://manheim.co.nz/damaged-vehicles/000000000007429427/2006-toyota-camry-2-4p-sport-sedan-5a-sedan?referringPage=SearchResults
Hyundai,Accent,2015,No,$0,"133,752",," Front Damage, Left Front Damage, Left Rear Damage, Rear Damage, Right Rear Damage, Structural Damage, Selling De-Registered","Automatic,",5,Petrol,https://manheim.co.nz/damaged-vehicles/000000000007429428/2015-hyundai-accent-1-6-5d-a4-hatch?referringPage=SearchResults
Mitsubishi,ASX,2019,No,$0,"240,120",," Rear Damage, Structural Damage, Selling De-Registered","Automatic,",5,Petrol,https://manheim.co.nz/damaged-vehicles/000000000007429429/2019-mitsubishi-asx-ls-2-0p-cvt-station-wagon?referringPage=SearchResults
Audi,S4,2013,No,$0,"144,953",," Front Damage, Structural Damage, Selling De-Registered","Automatic,",5,Petrol,https://manheim.co.nz/damaged-vehicles/000000000007429430/2013-audi-s4-3-0-tfsi-sedan?referringPage=SearchResults
Nissan,X-trail,2009,No,$0,N/A,,N/A,"Automatic,",5,Petrol,https://manheim.co.nz/damaged-vehicles/000000000007419447/2009-nissan-x-trail-station-wagon?referringPage=SearchResults
Ford,Ranger,2017,Yes,N/A,N/A,,N/A,"Automatic,",5,Diesel,https://manheim.co.nz/damaged-vehicles/000000000007419449/2017-ford-ranger-wildtrak-3-2d-4wd-dual-cab-utility?referringPage=SearchResults
Subaru,Outback,2021,No,N/A,"86,549",," Right Side Damage, Airbags Deployed, Structural Damage, Selling De-Registered","5spd Automatic,",5,Petrol,https://manheim.co.nz/damaged-vehicles/000000000007429470/2021-subaru-outback-touring-2-5p-4wd-station-wagon?referringPage=SearchResults
Hyundai,Santa FE,2007,No,$0,"322,619",," Right Front Damage, Right Side Damage, Structural Damage, Suspension Damage, Selling De-Registered","5spd Automatic,",7,Diesel,https://manheim.co.nz/damaged-vehicles/000000000007429471/2007-hyundai-santa-fe-2-2d-crdi-a5-7s-suv-station-wagon?referringPage=SearchResults
Toyota,Vitz,2005,No,$0,"52,200",," Front Damage, Structural Damage, Selling De-Registered","Automatic,",5,Petrol,https://manheim.co.nz/damaged-vehicles/000000000007429472/2005-toyota-vitz-hatch?referringPage=SearchResults
Holden,Colorado,2010,No,$0,"185,802",," Right Side Damage, Structural Damage, Selling De-Registered","Automatic,",5,Diesel,https://manheim.co.nz/damaged-vehicles/000000000007429474/2010-holden-colorado-4x4-lx-crw-pu-dsl-m-dual-cab-chassis?referringPage=SearchResults
Toyota,Harrier,2006,No,N/A,"158,912",," Left Side Damage, Structural Damage, Selling De-Registered","Automatic,",5,Petrol,https://manheim.co.nz/damaged-vehicles/000000000007429475/2006-toyota-harrier-station-wagon?referringPage=SearchResults
Toyota,Vitz,2005,No,$0,N/A,," Front Damage, Left Front Damage, Structural Damage, Selling De-Registered","Automatic,",5,Petrol,https://manheim.co.nz/damaged-vehicles/000000000007429477/2005-toyota-vitz-hatch?referringPage=SearchResults
Toyota,Corolla,2010,No,$0,"101,151",," Front Damage, Structural Damage, Selling De-Registered","4spd Automatic,",5,Petrol,https://manheim.co.nz/damaged-vehicles/000000000007429478/2010-toyota-corolla-1-8p-glx-hatch-5-4a-hatch?referringPage=SearchResults
Lexus,RX450H,2009,No,$0,"137,530",," Front Damage, Left Front Damage, Right Front Damage, Structural Damage, Selling De-Registered","Automatic,",5,Hybrid,https://manheim.co.nz/damaged-vehicles/000000000007429479/2009-lexus-rx450h-station-wagon?referringPage=SearchResults
Subaru,BRZ,2013,No,$0,"140,167",," Front Damage, Airbags Deployed, Structural Damage, Selling De-Registered",N/A,4,Petrol,https://manheim.co.nz/damaged-vehicles/000000000007429480/2013-subaru-brz-coup%C3%A9?referringPage=SearchResults
Toyota,Ractis,2007,Yes,$0,"220,473",," Rear Damage, Right Side Damage, Selling Registered","Automatic,",5,Petrol,https://manheim.co.nz/damaged-vehicles/000000000007429481/2007-toyota-ractis-hatch?referringPage=SearchResults
Toyota,Camry,2014,No,$0,N/A,," Front Damage, Right Front Damage, Structural Damage, Selling De-Registered",N/A,5,Hybrid,https://manheim.co.nz/damaged-vehicles/000000000007429482/2014-toyota-camry-2-5hybrid-i-tech-cv-sedan?referringPage=SearchResults
BMW,525i,2008,No,$0,N/A,," Front Damage, Airbags Deployed, Structural Damage, Selling De-Registered","Automatic,",5,Petrol,https://manheim.co.nz/damaged-vehicles/000000000007429483/2008-bmw-525i-2-5l-sedan?referringPage=SearchResults
Mazda,Demio,2012,No,$0,"192,187",," Left Rear Damage, Rear Damage, Right Rear Damage, Structural Damage, Selling De-Registered","Automatic,",5,Petrol,https://manheim.co.nz/damaged-vehicles/000000000007429484/2012-mazda-demio-hatch?referringPage=SearchResults
Hyundai,Santa FE,2011,No,$0,N/A,," Right Rear Damage, Structural Damage, Suspension Damage, Selling De-Registered",N/A,5,Diesel,https://manheim.co.nz/damaged-vehicles/000000000007429487/2011-hyundai-santa-fe-2-2r-crdi-a6-5s-suv-station-wagon?referringPage=SearchResults
Toyota,Aqua,2012,No,$0,N/A,," Rear Damage, Structural Damage, Selling De-Registered",N/A,5,Hybrid,https://manheim.co.nz/damaged-vehicles/000000000007429488/2012-toyota-aqua-hatch?referringPage=SearchResults
Toyota,Prius,2012,No,$0,N/A,," Left Side Damage, Structural Damage, Selling De-Registered",N/A,5,Hybrid,https://manheim.co.nz/damaged-vehicles/000000000007429491/2012-toyota-prius-hatch?referringPage=SearchResults
Mazda,Demio,2010,Yes,$0,N/A,," Left Side Damage, Rear Damage, Selling Registered",N/A,5,Petrol,https://manheim.co.nz/damaged-vehicles/000000000007429492/2010-mazda-demio-hatch?referringPage=SearchResults
Mazda,Atenza,2008,Yes,$0,N/A,," Right Side Damage, Suspension Damage, Selling Registered",N/A,5,Petrol,https://manheim.co.nz/damaged-vehicles/000000000007429496/2008-mazda-atenza-sedan?referringPage=SearchResults
Toyota,Allion,2004,Yes,$0,N/A,," Ignition Damage, Left Side Damage, Vandalised - Interior, Stolen & Recovered, Selling Registered","Automatic,",5,Petrol,https://manheim.co.nz/damaged-vehicles/000000000007429503/2004-toyota-allion-sedan?referringPage=SearchResults
Toyota,Corolla,2006,No,$0,1,," Front Damage, Structural Damage, Selling De-Registered","Automatic,",5,Petrol,https://manheim.co.nz/damaged-vehicles/000000000007429506/2006-toyota-corolla-hatch?referringPage=SearchResults
Subaru,Forester,2004,Yes,$0,"232,502",," Front Damage, Rear Damage, Selling Registered","Automatic,",5,Petrol,https://manheim.co.nz/damaged-vehicles/000000000007429536/2004-subaru-forester-station-wagon?referringPage=SearchResults
Toyota,Hilux,2021,No,N/A,"297,150",," Airbags Deployed, Left Front Damage, Structural Damage, Selling De-Registered",N/A,5,N/A,https://manheim.co.nz/damaged-vehicles/000000000007409544/2021-toyota-hilux-sr-td-dc-2-8dt-4wd-dual-cab-utility?referringPage=SearchResults
Subaru,Impreza,2013,No,$0,N/A,," Right Front Damage, Structural Damage, Selling De-Registered","Automatic,",5,Petrol,https://manheim.co.nz/damaged-vehicles/000000000007429579/2013-subaru-impreza-awd-hatch?referringPage=SearchResults
Toyota,Landcruiser,2007,No,N/A,N/A,," Front Damage, Left Side Damage, Airbags Deployed, Structural Damage, Selling De-Registered","Automatic,",5,Diesel,https://manheim.co.nz/damaged-vehicles/000000000007429614/2007-toyota-landcruiser-vx-limited-station-wagon?referringPage=SearchResults
Kia,Carnival,2019,No,N/A,N/A,," Airbags Deployed, Dismantled - Interior, Structural Damage, Selling De-Registered",N/A,8,Diesel,https://manheim.co.nz/damaged-vehicles/000000000007429627/2019-kia-carnival-premium-2-2d-8at-station-wagon?referringPage=SearchResults
Toyota,Prius,2018,No,N/A,"253,166",," Left Front Damage, Left Side Damage, Structural Damage, Selling De-Registered","Automatic,",5,Hybrid,https://manheim.co.nz/damaged-vehicles/000000000007429630/2018-toyota-prius-alpha-station-wagon?referringPage=SearchResults
Nissan,Note,2018,No,$0,N/A,," Right Side Damage, Structural Damage, Selling De-Registered","Automatic,",5,Hybrid,https://manheim.co.nz/damaged-vehicles/000000000007429655/2018-nissan-note-e-power-hatch?referringPage=SearchResults
Toyota,Harrier,2006,No,$0,"311,982",," Water Damage, Selling De-Registered","Automatic,",5,Petrol,https://manheim.co.nz/damaged-vehicles/000000000007429705/2006-toyota-harrier-station-wagon?referringPage=SearchResults
Jaecoo,J7,2025,No,N/A,"9,583",," Left Side Damage, Right Rear Damage, Structural Damage, Selling De-Registered",N/A,5,Hybrid,https://manheim.co.nz/damaged-vehicles/000000000007399812/2025-jaecoo-j7-dht-phev-hd-station-wagon?referringPage=SearchResults
Subaru,Sport 4WD,N/A,No,$50,"469,176",," Left Front Damage, Right Front Damage, Right Rear Damage, Dismantled - Entire Vehicle, Selling De-Registered","Manual,",2,Petrol,https://manheim.co.nz/damaged-vehicles/000000000007409834/subaru-sport-4wd-dl-utility?referringPage=SearchResults
Hyundai,Tucson,2009,No,$0,"242,507",," Right Rear Damage, Structural Damage, Selling De-Registered","Automatic,",5,Petrol,https://manheim.co.nz/damaged-vehicles/000000000007429835/2009-hyundai-tucson-2-0p-city-4d-a4-station-wagon?referringPage=SearchResults
Yamaha,MW,2016,No,$0,N/A,," Front Damage, Structural Damage, Selling De-Registered",N/A,2,Petrol,https://manheim.co.nz/damaged-vehicles/000000000007429836/2016-yamaha-mw-125f-motorcycle?referringPage=SearchResults
Toyota,Spade,2015,No,$0,"122,184",," Left Rear Damage, Left Side Damage, Structural Damage, Selling De-Registered",N/A,5,Petrol,https://manheim.co.nz/damaged-vehicles/000000000007429845/2015-toyota-spade-hatch?referringPage=SearchResults
Suzuki,Swift,2005,No,$0,"223,084",," Structural Damage, Water Damage, Selling De-Registered",N/A,5,Petrol,https://manheim.co.nz/damaged-vehicles/000000000007429847/2005-suzuki-swift-glxha2-1-5-5dr-hatch?referringPage=SearchResults
Suzuki,SX4,2007,Yes,$0,"171,878",," Left Front Damage, Left Side Damage, Selling Registered","Automatic,",5,Petrol,https://manheim.co.nz/damaged-vehicles/000000000007429852/2007-suzuki-sx4-hatch?referringPage=SearchResults
Toyota,Aqua,2012,No,$0,N/A,," Front Damage, Structural Damage, Selling De-Registered",N/A,5,Hybrid,https://manheim.co.nz/damaged-vehicles/000000000007429856/2012-toyota-aqua-hatch?referringPage=SearchResults
Mercedes-Benz,B180,2010,Yes,$0,"107,298",," Engine Damage, Selling Registered",N/A,5,Petrol,https://manheim.co.nz/damaged-vehicles/000000000007429871/2010-mercedes-benz-b180-hatch?referringPage=SearchResults
Toyota,Vitz,2000,No,$0,N/A,," Front Damage, Left Front Damage, Rear Damage, Structural Damage, Selling De-Registered","Automatic,",5,Petrol,https://manheim.co.nz/damaged-vehicles/000000000007429876/2000-toyota-vitz-hatch?referringPage=SearchResults
Toyota,Camry,2015,No,$0,"142,312",," Front Damage, Structural Damage, Selling De-Registered",N/A,5,Hybrid,https://manheim.co.nz/damaged-vehicles/000000000007419876/2015-toyota-camry-hybrid-sedan?referringPage=SearchResults
Mazda,MAZDA2,2007,Yes,$0,"208,226",," Front Damage, Left Front Damage, Rear Damage, Selling Registered","Automatic,",5,Petrol,https://manheim.co.nz/damaged-vehicles/000000000007429884/2007-mazda-mazda2-classic-5dr-1-5-4at-hatch?referringPage=SearchResults
Mitsubishi,Outlander,2009,Yes,$0,"226,953",," Interior Damage, Stolen & Recovered, Selling Registered",N/A,7,Petrol,https://manheim.co.nz/damaged-vehicles/000000000007429927/2009-mitsubishi-outlander-station-wagon?referringPage=SearchResults
Volvo,XC90,2005,Yes,$0,"177,809",," Left Rear Damage, Selling Registered",N/A,7,Petrol,https://manheim.co.nz/damaged-vehicles/000000000007429977/2005-volvo-xc90-awd-station-wagon?referringPage=SearchResults
