Manufacturer,Model,Year,Registration Status,Price,Mileage,Keys,Damage description,Transmission,Seats,Fuel Type,Link
Toyota,Corolla,2017,No,N/A,"102,969",," Front Damage, Ignition Damage, Rear Damage, Structural Damage, Stolen & Recovered, Selling De-Registered",N/A,5,Hybrid,https://manheim.co.nz/damaged-vehicles/000000000007410037/2017-toyota-corolla-fielder-station-wagon?referringPage=SearchResults
Subaru,Forester,2008,No,$500,"256,123",," Has Key, Rear Damage, Structural Damage, Selling De-Registered","Automatic,",5,Petrol,https://manheim.co.nz/damaged-vehicles/000000000007390040/2008-subaru-forester-station-wagon?referringPage=SearchResults
Nissan,X-trail,2011,No,$0,"185,162",," Rear Damage, Structural Damage, Selling De-Registered",N/A,5,Petrol,https://manheim.co.nz/damaged-vehicles/000000000007380062/2011-nissan-x-trail-station-wagon?referringPage=SearchResults
KTM,390,2021,Yes,$0,"10,383",," Stolen & Recovered, Selling Registered",N/A,N/A,Petrol,https://manheim.co.nz/damaged-vehicles/000000000007410100/2021-ktm-390-duke-399p-motorcycle?referringPage=SearchResults
Triumph,Bonneville America,2014,Yes,"$2,550","34,470",, Selling Registered,N/A,N/A,Petrol,https://manheim.co.nz/damaged-vehicles/000000000007400157/2014-triumph-bonneville-america-lt-a3-mkx-motorcycle?referringPage=SearchResults
Isuzu,max,2016,No,$0,"291,947",," Front Damage, Airbags Deployed, Structural Damage, Selling De-Registered","Automatic,",5,Diesel,https://manheim.co.nz/damaged-vehicles/000000000007400171/2016-isuzu-max-utility?referringPage=SearchResults
Toyota,Estima,2009,No,$0,"203,179",," Front Damage, Structural Damage, Selling De-Registered","Automatic,",7,Petrol,https://manheim.co.nz/damaged-vehicles/000000000007400173/2009-toyota-estima-station-wagon?referringPage=SearchResults
Mitsubishi,ASX,2025,No,N/A,"13,278",," Left Front Damage, Left Side Damage, Selling De-Registered","CVT,",5,Petrol,https://manheim.co.nz/damaged-vehicles/000000000007410216/2025-mitsubishi-asx-ls-2-0p-cvt-station-wagon?referringPage=SearchResults
Nissan,Serena,2012,No,$0,N/A,," Left Rear Damage, Roof Damage, Right Front Damage, Right Rear Damage, Right Side Damage, Structural Damage, Selling De-Registered","Automatic,",8,Petrol,https://manheim.co.nz/damaged-vehicles/000000000007400239/2012-nissan-serena-station-wagon?referringPage=SearchResults
Land Rover,Range Rover,2014,No,N/A,N/A,," Interior Damage, Water Damage, Selling De-Registered","Automatic,",5,Petrol,https://manheim.co.nz/damaged-vehicles/000000000007400240/2014-land-rover-range-rover-station-wagon?referringPage=SearchResults
Ford,Ranger,2024,No,N/A,"42,384",," Front Damage, Left Side Damage, Rear Damage, Airbags Deployed, Underbody Damage, Structural Damage, Selling De-Registered","Automatic,",5,Diesel,https://manheim.co.nz/damaged-vehicles/000000000007400243/2024-ford-ranger-wildtrak-2-0d-4wd-dual-cab-utility?referringPage=SearchResults
Mazda,BT-50,2021,No,N/A,N/A,," Right Side Damage, Structural Damage, Selling De-Registered",N/A,5,Diesel,https://manheim.co.nz/damaged-vehicles/000000000007410266/2021-mazda-bt-50-gtx-d-c-w-s-3-0dt-dual-cab-utility?referringPage=SearchResults
Ford,Falcon,2011,No,"$1,300","193,088",," Front Damage, Dismantled - Engine, Structural Damage, Selling De-Registered","Automatic,",5,Petrol,https://manheim.co.nz/damaged-vehicles/000000000007400369/2011-ford-falcon-fg-xr6-sedan-a-sedan?referringPage=SearchResults
FACTORY BUILT,NZ Trailers,2008,No,$0,N/A,0," Roof Damage, Structural Damage, Selling De-Registered",N/A,N/A,N/A,https://manheim.co.nz/damaged-vehicles/000000000007420373/2008-factory-built-nz-trailers-float--horse-?referringPage=SearchResults
Volkswagen,Transporter,2021,No,N/A,"16,724",," Left Rear Damage, Left Side Damage, Roof Damage, Right Front Damage, Right Side Damage, Structural Damage, Vandalized Glass Broken, Selling De-Registered","Automatic, Fuel Type, Electri",3,Electric,https://manheim.co.nz/damaged-vehicles/000000000007400467/2021-volkswagen-transporter-panel-van?referringPage=SearchResults
Mazda,CX-5,2013,No,$500,"174,726",," Left Side Damage, Structural Damage, Selling De-Registered",N/A,5,Diesel,https://manheim.co.nz/damaged-vehicles/000000000007410466/2013-mazda-cx-5-station-wagon?referringPage=SearchResults
Skoda,Scala,2019,No,$0,"220,163",," Water Damage, Selling De-Registered","Automatic,",5,Petrol,https://manheim.co.nz/damaged-vehicles/000000000007410467/2019-skoda-scala-sport-tsi-110kw-1-5-hatch?referringPage=SearchResults
HOMEMADE,N/A,2000,No,$0,N/A,0," Chassis Damage, Frame Damaged, Structural Damage, Selling De-Registered",N/A,N/A,N/A,https://manheim.co.nz/damaged-vehicles/000000000007410481/2000-homemade-transporter-trailer?referringPage=SearchResults
Nissan,Pulsar,2013,No,$100,N/A,," Fire Damage, Fire - Entire Vehicle, Structural Damage, Water Damage, Selling De-Registered","Automatic,",5,Petrol,https://manheim.co.nz/damaged-vehicles/000000000007400498/2013-nissan-pulsar-st-hatch?referringPage=SearchResults
Holden,Captiva,2014,No,$300,"190,454",," Right Rear Damage, Right Side Damage, Selling De-Registered","Automatic,",5,Diesel,https://manheim.co.nz/damaged-vehicles/000000000007390491/2014-holden-captiva-ltz-2-2d-4wd-6at-sw-station-wagon?referringPage=SearchResults
Holden,Captiva,2008,No,$500,N/A,," Left Rear Damage, Dismantled - Engine, Selling De-Registered","Automatic,",7,Petrol,https://manheim.co.nz/damaged-vehicles/000000000007390495/2008-holden-captiva-lx-3-2l-v6-auto-station-wagon?referringPage=SearchResults
Volkswagen,Polo,2012,No,$0,N/A,," Has Key, Left Side Damage, Structural Damage, Selling De-Registered","Automatic,",5,Petrol,https://manheim.co.nz/damaged-vehicles/000000000007400507/2012-volkswagen-polo-hatch?referringPage=SearchResults
Toyota,Prius,2012,No,$0,N/A,," Left Rear Damage, Right Side Damage, Stolen & Recovered, Selling De-Registered",N/A,5,Hybrid,https://manheim.co.nz/damaged-vehicles/000000000007410505/2012-toyota-prius-hybrid-hatch?referringPage=SearchResults
Honda,Jazz,2013,No,$500,"102,855",," Interior Damage, Water Damage, Selling De-Registered","Automatic,",5,Petrol,https://manheim.co.nz/damaged-vehicles/000000000007410507/2013-honda-jazz-1-5-s-auto-hatch?referringPage=SearchResults
Ford,Falcon UTE,2009,No,"$1,450","222,128",," Left Front Damage, Right Front Damage, Selling De-Registered","4spd Automatic,",2,LPG,https://manheim.co.nz/damaged-vehicles/000000000007410521/2009-ford-falcon-ute-fg-r6-p-u-auto-dlpg-utility?referringPage=SearchResults
Honda,Accord,2001,No,$0,"219,217",," Front Damage, Ignition Damage, Structural Damage, Stolen & Recovered, Selling De-Registered","4spd Automatic,",5,Petrol,https://manheim.co.nz/damaged-vehicles/000000000007420523/2001-honda-accord-sedan?referringPage=SearchResults
Ford,Mondeo,2012,No,$0,"112,938",," Left Rear Damage, Rear Damage, Right Rear Damage, Structural Damage, Selling De-Registered","Automatic,",5,Petrol,https://manheim.co.nz/damaged-vehicles/000000000007420531/2012-ford-mondeo-2-3p-auto-hatch?referringPage=SearchResults
BMW,X6,2011,No,$0,N/A,," Fire Damage, Fire - Entire Vehicle, Structural Damage, Stolen & Recovered, Selling De-Registered",N/A,5,Diesel,https://manheim.co.nz/damaged-vehicles/000000000007420532/2011-bmw-x6-touring?referringPage=SearchResults
Holden,Trailblazer,2019,No,N/A,"112,522",," Left Front Damage, Structural Damage, Selling De-Registered","2spd Automatic,",7,Diesel,https://manheim.co.nz/damaged-vehicles/000000000007420534/2019-holden-trailblazer-ltz-2-8dt-4wd-6at-station-wagon?referringPage=SearchResults
Toyota,Vitz,2007,Yes,$0,N/A,," Ignition Damage, Vandalised - Interior, Stolen & Recovered, Selling Registered","Automatic,",5,Petrol,https://manheim.co.nz/damaged-vehicles/000000000007420535/2007-toyota-vitz-hatch?referringPage=SearchResults
REID,Domestic,1973,No,$260,N/A,0," Front Damage, Rear Damage, Structural Damage, Selling De-Registered",N/A,N/A,N/A,https://manheim.co.nz/damaged-vehicles/000000000007400532/1973-reid-domestic-trailer?referringPage=SearchResults
Holden,Astra,2007,No,$500,N/A,," Left Front Damage, Right Front Damage, Right Side Damage, Selling De-Registered","Automatic,",5,Petrol,https://manheim.co.nz/damaged-vehicles/000000000007410542/2007-holden-astra-cd-5dr-hatch-4a-hatch?referringPage=SearchResults
Honda,Stream,2006,Yes,$0,N/A,," Left Side Damage, Rear Damage, Selling Registered",N/A,7,Petrol,https://manheim.co.nz/damaged-vehicles/000000000007420541/2006-honda-stream-station-wagon?referringPage=SearchResults
Toyota,Vitz,2012,No,$0,N/A,," Left Rear Damage, Right Front Damage, Right Rear Damage, Vandalised - Interior, Structural Damage, Selling De-Registered","Automatic,",5,Petrol,https://manheim.co.nz/damaged-vehicles/000000000007420543/2012-toyota-vitz-hatch?referringPage=SearchResults
Mazda,Verisa,2005,No,$0,"160,000",," Rear Damage, Structural Damage, Selling De-Registered",N/A,5,Petrol,https://manheim.co.nz/damaged-vehicles/000000000007420546/2005-mazda-verisa-hatch?referringPage=SearchResults
Nissan,Note,2006,No,$0,N/A,," Left Front Damage, Left Rear Damage, Left Side Damage, Roof Damage, Right Front Damage, Right Rear Damage, Right Side Damage, Structural Damage, Selling De-Registered","Automatic,",5,Petrol,https://manheim.co.nz/damaged-vehicles/000000000007420554/2006-nissan-note-station-wagon?referringPage=SearchResults
Holden,Cruze,2015,No,$800,"17,067",," Left Front Damage, Left Side Damage, Roof Damage, Selling De-Registered","Automatic,",5,Petrol,https://manheim.co.nz/damaged-vehicles/000000000007410551/2015-holden-cruze-equipe-1-8p-6at-ha--hatch?referringPage=SearchResults
Ford,KA,2000,No,$400,N/A,," Left Rear Damage, Right Rear Damage, Right Side Damage, Selling De-Registered","5spd Manual,",5,Petrol,https://manheim.co.nz/damaged-vehicles/000000000007410562/2000-ford-ka-1-3-3-dr-m-hatch?referringPage=SearchResults
Kia,Sorento R,2011,Yes,"$1,550","214,893",," Glass Broken, Interior Damage, Right Side Damage, Stolen & Recovered, Selling Registered","Manual,",5,Diesel,https://manheim.co.nz/damaged-vehicles/000000000007410572/2011-kia-sorento-r-2-2-diesel-manual-l-station-wagon?referringPage=SearchResults
Hyundai,Staria,2022,Yes,N/A,"89,863",," Left Side Damage, Selling Registered",N/A,8,Diesel,https://manheim.co.nz/damaged-vehicles/000000000007410576/2022-hyundai-staria-2-2dt-8at-station-wagon?referringPage=SearchResults
MG,3,2020,No,$0,"86,411",," Right Side Damage, Structural Damage, Selling De-Registered","5spd Automatic,",5,Petrol,https://manheim.co.nz/damaged-vehicles/000000000007420573/2020-mg-3-excite-1-5p-4at-hatch?referringPage=SearchResults
BMW,523i,2012,No,$0,"73,877",," Right Front Damage, Structural Damage, Suspension Damage, Selling De-Registered","Automatic,",5,Petrol,https://manheim.co.nz/damaged-vehicles/000000000007420581/2012-bmw-523i-sedan?referringPage=SearchResults
Holden,Barina,2018,No,$0,"93,830",," Right Rear Damage, Airbags Deployed, Structural Damage, Selling De-Registered",N/A,5,Petrol,https://manheim.co.nz/damaged-vehicles/000000000007420583/2018-holden-barina-ls-1-6p-6at-hatch?referringPage=SearchResults
Toyota,Corolla,2000,No,$0,"112,135",," Right Side Damage, Structural Damage, Selling De-Registered","Automatic,",5,Petrol,https://manheim.co.nz/damaged-vehicles/000000000007420587/2000-toyota-corolla-hatch?referringPage=SearchResults
Ford,Territory,2009,No,$500,N/A,," Left Front Damage, Left Side Damage, Right Side Damage, Selling De-Registered","Automatic,",7,Petrol,https://manheim.co.nz/damaged-vehicles/000000000007410581/2009-ford-territory-territory-ghia-awd-station-wagon?referringPage=SearchResults
Ford,Kuga,2014,Yes,"$1,300",N/A,," Left Front Damage, Dismantled - Engine, Selling Registered","Automatic,",5,Diesel,https://manheim.co.nz/damaged-vehicles/000000000007410589/2014-ford-kuga-awd-2-0-diesel-auto-station-wagon?referringPage=SearchResults
Suzuki,SX4,2009,Yes,$0,"265,005",," Left Side Damage, Rear Damage, Selling Registered","Automatic,",5,Petrol,https://manheim.co.nz/damaged-vehicles/000000000007420595/2009-suzuki-sx4-hatch?referringPage=SearchResults
Toyota,Markx,2010,No,$0,"118,647",," Right Rear Damage, Structural Damage, Suspension Damage, Selling De-Registered","4spd Automatic,",5,Petrol,https://manheim.co.nz/damaged-vehicles/000000000007420602/2010-toyota-markx-sedan?referringPage=SearchResults
Ford,Explorer,2002,Yes,$600,N/A,," Left Rear Damage, Selling Registered","Automatic,",7,Petrol,https://manheim.co.nz/damaged-vehicles/000000000007410605/2002-ford-explorer-xlt-4-0l-au-station-wagon?referringPage=SearchResults
Mercedes-Benz,C,2005,No,"$1,350",N/A,, Selling De-Registered,N/A,5,Petrol,https://manheim.co.nz/damaged-vehicles/000000000007410610/2005-mercedes-benz-c-3-2-5spa-5dr-sw-station-wagon?referringPage=SearchResults
Ford,Falcon,2000,No,$500,N/A,," Left Side Damage, Selling De-Registered","Automatic,",5,Petrol,https://manheim.co.nz/damaged-vehicles/000000000007410624/2000-ford-falcon-au-fmnt-lthr-sedan?referringPage=SearchResults
Toyota,RAV4,1997,No,$0,"209,763",," Structural Damage, Water Damage, Selling De-Registered",N/A,4,Petrol,https://manheim.co.nz/damaged-vehicles/000000000007420623/1997-toyota-rav4-station-wagon?referringPage=SearchResults
Nissan,Tiida,2009,Yes,$0,N/A,," Front Damage, Left Front Damage, Rear Damage, Right Rear Damage, Vandalised - Interior, Stolen & Recovered, Selling Registered","Automatic,",5,Petrol,https://manheim.co.nz/damaged-vehicles/000000000007420630/2009-nissan-tiida-latio-sedan?referringPage=SearchResults
Nissan,Sylphy,2013,No,$0,N/A,," Rear Damage, Structural Damage, Selling De-Registered",N/A,5,Petrol,https://manheim.co.nz/damaged-vehicles/000000000007420644/2013-nissan-sylphy-sedan?referringPage=SearchResults
Hyundai,Tucson,2023,No,N/A,"106,580",," Left Rear Damage, Structural Damage, Selling De-Registered","Automatic,",5,Petrol,https://manheim.co.nz/damaged-vehicles/000000000007410641/2023-hyundai-tucson-1-6t-active-2wd-1-6-station-wagon?referringPage=SearchResults
Toyota,Corolla,1997,No,$0,"305,430",," Front Damage, Left Rear Damage, Left Side Damage, Rear Damage, Structural Damage, Selling De-Registered","Automatic,",5,Petrol,https://manheim.co.nz/damaged-vehicles/000000000007400650/1997-toyota-corolla-station-wagon?referringPage=SearchResults
Toyota,Aurion,2007,No,$0,N/A,," Left Front Damage, Suspension Damage, Selling De-Registered","Automatic,",5,Petrol,https://manheim.co.nz/damaged-vehicles/000000000007420658/2007-toyota-aurion-3-5p-sportivo-sx6-6-sedan?referringPage=SearchResults
Mazda,Atenza,2008,No,$0,"254,437",," Roof Damage, Right Front Damage, Right Side Damage, Structural Damage, Selling De-Registered",N/A,5,Petrol,https://manheim.co.nz/damaged-vehicles/000000000007420659/2008-mazda-atenza-station-wagon?referringPage=SearchResults
Honda,fit,2005,Yes,$0,"150,288",," Rear Damage, Right Rear Damage, Selling Registered","Automatic,",5,Petrol,https://manheim.co.nz/damaged-vehicles/000000000007420669/2005-honda-fit-hatch?referringPage=SearchResults
Mazda,Demio,2009,No,$0,"79,816",," Left Rear Damage, Rear Damage, Structural Damage, Selling De-Registered","Automatic,",5,Petrol,https://manheim.co.nz/damaged-vehicles/000000000007420675/2009-mazda-demio-hatch?referringPage=SearchResults
Mazda,Demio,2008,No,$0,"164,062",," Water Damage, Selling De-Registered","Automatic,",5,Petrol,https://manheim.co.nz/damaged-vehicles/000000000007420678/2008-mazda-demio-hatch?referringPage=SearchResults
Renault,Master VAN,2018,No,N/A,"92,111",," Right Side Damage, Structural Damage, Selling De-Registered","Automatic,",2,Diesel,https://manheim.co.nz/damaged-vehicles/000000000007420681/2018-renault-master-van-l3h2-2-3dt-6am-panel-van?referringPage=SearchResults
Suzuki,Swift,2006,Yes,$0,"185,660",," Left Rear Damage, Right Front Damage, Selling Registered","Automatic,",5,Petrol,https://manheim.co.nz/damaged-vehicles/000000000007420684/2006-suzuki-swift-hatch?referringPage=SearchResults
Nissan,Navara,2025,No,N/A,N/A,," Front Damage, Airbags Deployed, Structural Damage, Selling De-Registered","Automatic,",5,Diesel,https://manheim.co.nz/damaged-vehicles/000000000007390680/2025-nissan-navara-st-2-3d-4wd-7at-dual-cab-chassis?referringPage=SearchResults
Ford,Mondeo,2003,No,$600,N/A,," Left Front Damage, Left Rear Damage, Right Front Damage, Selling De-Registered","5spd Manual,",5,Petrol,https://manheim.co.nz/damaged-vehicles/000000000007400688/2003-ford-mondeo-mondeo-wag-2-0-manu-station-wagon?referringPage=SearchResults
Holden,Trax,2014,No,$800,N/A,," Left Front Damage, Right Front Damage, Dismantled - Entire Vehicle, Selling De-Registered","6spd Automatic,",5,Petrol,https://manheim.co.nz/damaged-vehicles/000000000007400698/2014-holden-trax-ltz-1-8p-6at-sw-4dr-station-wagon?referringPage=SearchResults
Hyundai,Terracan,2005,No,$0,"332,728",," Interior Damage, Structural Damage, Water Damage, Selling De-Registered",N/A,7,Diesel,https://manheim.co.nz/damaged-vehicles/000000000007400710/2005-hyundai-terracan-2-9-crd-5d-m5-station-wagon?referringPage=SearchResults
Mazda,Premacy,2011,Yes,$0,"119,787",," Front Damage, Selling Registered",N/A,7,Petrol,https://manheim.co.nz/damaged-vehicles/000000000007420714/2011-mazda-premacy-station-wagon?referringPage=SearchResults
BMW,323i,2007,No,$0,N/A,," Right Side Damage, Structural Damage, Selling De-Registered","Automatic,",5,Petrol,https://manheim.co.nz/damaged-vehicles/000000000007420724/2007-bmw-323i-touring?referringPage=SearchResults
BRIFORD,Single Axel,N/A,No,$0,N/A,N/A, Selling De-Registered,N/A,N/A,N/A,https://manheim.co.nz/damaged-vehicles/000000000007410725/briford-single-axel-trailer?referringPage=SearchResults
Peugeot,206,2004,No,$500,"118,976",," Front Damage, Selling De-Registered","5spd Manual,",4,Petrol,https://manheim.co.nz/damaged-vehicles/000000000007410728/2004-peugeot-206-2-0-cpe-cab-2dr-mp-coup%C3%A9?referringPage=SearchResults
Kawasaki,EX400,N/A,No,$700,N/A,," Front Damage, Right Rear Damage, Stolen & Recovered, Selling De-Registered, Non Reg Item","5spd Manual,",N/A,N/A,https://manheim.co.nz/damaged-vehicles/000000000007410738/kawasaki-ex400-motorcycle?referringPage=SearchResults
Toyota,Prius,2008,No,$0,N/A,," Front Damage, Structural Damage, Selling De-Registered","Automatic,",5,Hybrid,https://manheim.co.nz/damaged-vehicles/000000000007420730/2008-toyota-prius-sedan?referringPage=SearchResults
Honda,fit,2002,Yes,$500,"170,072",, Selling Registered,"Automatic,",5,Petrol,https://manheim.co.nz/damaged-vehicles/000000000007410740/2002-honda-fit-hatch?referringPage=SearchResults
Ford,Kuga,2013,No,$600,"179,162",," Water Damage, Selling De-Registered","Automatic,",5,Petrol,https://manheim.co.nz/damaged-vehicles/000000000007410744/2013-ford-kuga-station-wagon?referringPage=SearchResults
Honda,CBR,2021,No,"$1,450",1,," Front Fork Damaged, Structural Damage, Selling De-Registered","Automatic,",N/A,Petrol,https://manheim.co.nz/damaged-vehicles/000000000007390754/2021-honda-cbr-650-p-motorcycle?referringPage=SearchResults
Ford,Explorer,2005,Yes,$0,"155,239",," Left Side Damage, Selling Registered",N/A,7,Petrol,https://manheim.co.nz/damaged-vehicles/000000000007420784/2005-ford-explorer-station-wagon?referringPage=SearchResults
Ford,Kuga,2014,No,$300,"87,000",," Right Side Damage, Selling De-Registered","Automatic,",5,Petrol,https://manheim.co.nz/damaged-vehicles/000000000007390806/2014-ford-kuga-awd-1-6p-ecoboost-a-station-wagon?referringPage=SearchResults
Holden,Commodore,2004,No,$600,"220,786",," Left Rear Damage, Right Rear Damage, Dismantled - Entire Vehicle, Selling De-Registered","Automatic,",5,Petrol,https://manheim.co.nz/damaged-vehicles/000000000007400803/2004-holden-commodore-acclaim-sedan-auto-sedan?referringPage=SearchResults
Ford,Territory,2004,No,$300,N/A,," Vandalised - Interior, Selling De-Registered","Automatic,",7,Petrol,https://manheim.co.nz/damaged-vehicles/000000000007390822/2004-ford-territory-territory-tx-awd-station-wagon?referringPage=SearchResults
Subaru,Impreza,2006,Yes,$0,N/A,," Left Side Damage, Right Front Damage, Vandalised - Interior, Stolen & Recovered, Selling Registered","Automatic,",5,Petrol,https://manheim.co.nz/damaged-vehicles/000000000007420834/2006-subaru-impreza-station-wagon?referringPage=SearchResults
Nissan,X-trail,2015,No,$0,"62,645",," Interior Damage, Dismantled - Interior, Water Damage, Selling De-Registered","Automatic,",5,Petrol,https://manheim.co.nz/damaged-vehicles/000000000007420838/2015-nissan-x-trail-station-wagon?referringPage=SearchResults
Daihatsu,Terios,2005,No,$0,"298,934",," Front Damage, Structural Damage, Selling De-Registered",N/A,5,Petrol,https://manheim.co.nz/damaged-vehicles/000000000007420839/2005-daihatsu-terios-1-3p-wagon-4a-station-wagon?referringPage=SearchResults
Nissan,Navara,2020,No,N/A,"144,098",," Airbags Deployed, Front Damage, Airbags Deployed, Structural Damage, Selling De-Registered","Automatic,",5,Diesel,https://manheim.co.nz/damaged-vehicles/000000000007420878/2020-nissan-navara-st-2-3d-6mt-ut-4dr--utility?referringPage=SearchResults
Fiat,Abarth 595,2022,No,$0,N/A,," Front Damage, Airbags Deployed, Structural Damage, Selling De-Registered",N/A,4,Petrol,https://manheim.co.nz/damaged-vehicles/000000000007420879/2022-fiat-abarth-595-1-4pt-5at-hatch?referringPage=SearchResults
HEAVEN,Braked,2025,No,$0,N/A,0," Right Side Damage, Underbody Damage, Structural Damage, Selling De-Registered",N/A,N/A,N/A,https://manheim.co.nz/damaged-vehicles/000000000007420885/2025-heaven-braked-trailer?referringPage=SearchResults
Mercedes-Benz,C180,2012,No,$0,"50,206",," Front Damage, Left Front Damage, Roof Damage, Right Front Damage, Right Rear Damage, Right Side Damage, Structural Damage, Selling De-Registered","Automatic,",4,Petrol,https://manheim.co.nz/damaged-vehicles/000000000007420895/2012-mercedes-benz-c180-coupe-coup%C3%A9?referringPage=SearchResults
Toyota,Voltz,2002,No,$0,"200,113",," Front Damage, Left Front Damage, Rear Damage, Right Front Damage, Right Rear Damage, Underbody Damage, Structural Damage, Selling De-Registered","Automatic,",5,Petrol,https://manheim.co.nz/damaged-vehicles/000000000007420898/2002-toyota-voltz-station-wagon?referringPage=SearchResults
Toyota,Ipsum,2007,No,$0,N/A,," Right Rear Damage, Structural Damage, Selling De-Registered",N/A,7,Petrol,https://manheim.co.nz/damaged-vehicles/000000000007420911/2007-toyota-ipsum-ltd-station-wagon?referringPage=SearchResults
Mazda,Atenza,2003,No,$0,N/A,," Front Damage, Structural Damage, Selling De-Registered",N/A,5,Petrol,https://manheim.co.nz/damaged-vehicles/000000000007420929/2003-mazda-atenza-station-wagon?referringPage=SearchResults
Honda,Accord,2004,No,$0,N/A,," Front Damage, Left Front Damage, Structural Damage, Selling De-Registered","Manual,",5,Petrol,https://manheim.co.nz/damaged-vehicles/000000000007420932/2004-honda-accord-euro-2-4-4d-sed-6m-sedan?referringPage=SearchResults
Mazda,Familia,2000,No,$0,"258,576",," Front Damage, Rear Damage, Structural Damage, Selling De-Registered","Automatic,",5,Petrol,https://manheim.co.nz/damaged-vehicles/000000000007420938/2000-mazda-familia-sp20-station-wagon?referringPage=SearchResults
Toyota,Auris,2012,No,$0,"396,706",," Left Front Damage, Structural Damage, Selling De-Registered","Automatic,",5,Petrol,https://manheim.co.nz/damaged-vehicles/000000000007420940/2012-toyota-auris-hatch?referringPage=SearchResults
BMW,118i,2007,No,$0,N/A,," Right Side Damage, Structural Damage, Selling De-Registered",N/A,5,Petrol,https://manheim.co.nz/damaged-vehicles/000000000007420941/2007-bmw-118i-hatch?referringPage=SearchResults
Nissan,March,2011,No,$0,"118,970",," Front Damage, Rear Damage, Structural Damage, Selling De-Registered",N/A,5,Petrol,https://manheim.co.nz/damaged-vehicles/000000000007420953/2011-nissan-march-hatch?referringPage=SearchResults
Mitsubishi,Colt,2008,No,$600,"123,033",," Left Front Damage, Left Rear Damage, Right Front Damage, Right Rear Damage, Airbags Deployed, Selling De-Registered","Automatic,",5,Petrol,https://manheim.co.nz/damaged-vehicles/000000000007410956/2008-mitsubishi-colt-plus-hatch?referringPage=SearchResults
Ford,Escape,2008,No,$500,"188,958",," Left Front Damage, Roof Damage, Right Front Damage, Vandalised - Interior, Selling De-Registered","Automatic,",5,Petrol,https://manheim.co.nz/damaged-vehicles/000000000007400969/2008-ford-escape-xlt-v6-sport-station-wagon?referringPage=SearchResults
Nissan,March,2004,Yes,$0,"71,165",," Front Damage, Selling Registered",N/A,5,Petrol,https://manheim.co.nz/damaged-vehicles/000000000007420966/2004-nissan-march-hatch?referringPage=SearchResults
Toyota,Hilux,2012,No,N/A,"288,615",," Front Damage, Structural Damage, Selling De-Registered","Automatic,",5,Diesel,https://manheim.co.nz/damaged-vehicles/000000000007420971/2012-toyota-hilux-2wd-3-0td-dc-ute-5m-dual-cab-utility?referringPage=SearchResults
Honda,Stream,2009,No,$0,"270,335",," Right Side Damage, Structural Damage, Selling De-Registered","Automatic,",7,Petrol,https://manheim.co.nz/damaged-vehicles/000000000007420972/2009-honda-stream-station-wagon?referringPage=SearchResults
Toyota,Auris,2007,No,$0,"282,501",," Rear Damage, Structural Damage, Selling De-Registered","Automatic,",5,Petrol,https://manheim.co.nz/damaged-vehicles/000000000007420979/2007-toyota-auris-hatch?referringPage=SearchResults
Suzuki,Swift,2005,No,$0,N/A,," Right Rear Damage, Structural Damage, Suspension Damage, Selling De-Registered",N/A,5,Petrol,https://manheim.co.nz/damaged-vehicles/000000000007420990/2005-suzuki-swift-hatch?referringPage=SearchResults
Suzuki,Swift,2021,No,$0,"20,657",," Right Front Damage, Right Side Damage, Structural Damage, Selling De-Registered",N/A,N/A,Petrol,https://manheim.co.nz/damaged-vehicles/000000000007410995/2021-suzuki-swift-hatch?referringPage=SearchResults
Ford,Fiesta,2012,No,$700,"17,000",," Left Front Damage, Left Side Damage, Right Front Damage, Right Side Damage, Airbags Deployed, Selling De-Registered","5spd Manual,",5,Petrol,https://manheim.co.nz/damaged-vehicles/000000000007401004/2012-ford-fiesta-5dr-1-6-m-zetec-hatch?referringPage=SearchResults
Toyota,Vitz,2005,No,$0,"237,259",," Glass Broken, Interior Damage, Ignition Damage, Stolen & Recovered, Selling De-Registered","Automatic,",5,Petrol,https://manheim.co.nz/damaged-vehicles/000000000007421017/2005-toyota-vitz-hatch?referringPage=SearchResults
Suzuki,Swift,2006,No,$0,N/A,," Rolled, Structural Damage, Water Damage, Selling De-Registered","Automatic,",5,Petrol,https://manheim.co.nz/damaged-vehicles/000000000007421021/2006-suzuki-swift-sport-hatch?referringPage=SearchResults
Toyota,Hiace,2008,No,N/A,"279,231",," Front Damage, Rear Damage, Structural Damage, Selling De-Registered","Automatic,",3,Diesel,https://manheim.co.nz/damaged-vehicles/000000000007421022/2008-toyota-hiace-van?referringPage=SearchResults
Toyota,SAI,2015,No,"$1,450",N/A,," Front Damage, Left Front Damage, Left Side Damage, Right Front Damage, Structural Damage, Selling De-Registered","Automatic,",5,Hybrid,https://manheim.co.nz/damaged-vehicles/000000000007401020/2015-toyota-sai-sedan?referringPage=SearchResults
Ford,Falcon,2003,No,$500,N/A,," Roof Damage, Right Side Damage, Dismantled - Interior, Selling De-Registered","Automatic,",5,Petrol,https://manheim.co.nz/damaged-vehicles/000000000007401022/2003-ford-falcon-ba-falcon-xt-w-fa-station-wagon?referringPage=SearchResults
Ford,Focus,2010,No,$500,"178,829",," Left Front Damage, Left Side Damage, Right Front Damage, Selling De-Registered","5spd Manual,",5,Diesel,https://manheim.co.nz/damaged-vehicles/000000000007401030/2010-ford-focus-1-8td-wagon-station-wagon?referringPage=SearchResults
Honda,Jazz,2016,No,$0,"77,297",," Left Side Damage, Airbags Deployed, Structural Damage, Selling De-Registered","CVT,",5,Petrol,https://manheim.co.nz/damaged-vehicles/000000000007421040/2016-honda-jazz-rs-1-5p-cvt-ha-5dr--hatch?referringPage=SearchResults
Mazda,Demio,2007,Yes,$0,N/A,," Ignition Damage, Vandalised - Interior, Stolen & Recovered, Selling Registered","Automatic,",5,Petrol,https://manheim.co.nz/damaged-vehicles/000000000007421047/2007-mazda-demio-hatch?referringPage=SearchResults
Suzuki,GSX150,2020,No,$600,"5,663",," Structural Damage, Selling De-Registered",N/A,N/A,Petrol,https://manheim.co.nz/damaged-vehicles/000000000007381041/2020-suzuki-gsx150-fdza-gixxer-motorcycle?referringPage=SearchResults
Toyota,Camry,2010,Yes,"$2,500","257,779",, Selling Registered,"Automatic,",5,Petrol,https://manheim.co.nz/damaged-vehicles/000000000007371049/2010-toyota-camry-2-4p-gl-sedan-5a-sedan?referringPage=SearchResults
Holden,Commodore,2019,No,"$1,000","208,515",," Right Side Damage, Structural Damage, Selling De-Registered",N/A,5,Petrol,https://manheim.co.nz/damaged-vehicles/000000000007411063/2019-holden-commodore-lt-wagon-2-0pt-9at-station-wagon?referringPage=SearchResults
Toyota,Hilux,2022,No,N/A,"70,431",," Front Damage, Rear Damage, Structural Damage, Selling De-Registered","4spd Automatic,",5,Diesel,https://manheim.co.nz/damaged-vehicles/000000000007401111/2022-toyota-hilux-sr5-td-dc-2-8dt-dual-cab-utility?referringPage=SearchResults
BMW,118i,2006,No,$900,"60,259",," Left Side Damage, Structural Damage, Selling De-Registered","6spd Automatic,",5,Petrol,https://manheim.co.nz/damaged-vehicles/000000000007401131/2006-bmw-118i-hatch?referringPage=SearchResults
Toyota,Vitz,2006,No,$0,"111,753",," Chassis Damage, Front Damage, Right Side Damage, Structural Damage, Selling De-Registered",N/A,5,Petrol,https://manheim.co.nz/damaged-vehicles/000000000007421167/2006-toyota-vitz-hatch?referringPage=SearchResults
Subaru,Exiga,2012,No,$0,N/A,," Rear Damage, Structural Damage, Selling De-Registered",N/A,7,Petrol,https://manheim.co.nz/damaged-vehicles/000000000007421169/2012-subaru-exiga-station-wagon?referringPage=SearchResults
Suzuki,Aerio,2007,Yes,$0,"150,142",," Interior Damage, Right Front Damage, Vandalised - Interior, Selling Registered","Automatic,",5,Petrol,https://manheim.co.nz/damaged-vehicles/000000000007421175/2007-suzuki-aerio-sedan?referringPage=SearchResults
Holden,Astra,2019,No,$0,"56,320",," Glass Broken, Roof Damage, Right Side Damage, Structural Damage, Selling De-Registered","Automatic,",5,Petrol,https://manheim.co.nz/damaged-vehicles/000000000007421176/2019-holden-astra-rs-v-1-6pt-6at-hatch?referringPage=SearchResults
Toyota,C-hr,2016,No,N/A,"75,648",," Front Damage, Right Side Damage, Structural Damage, Selling De-Registered","Automatic,",5,Hybrid,https://manheim.co.nz/damaged-vehicles/000000000007421177/2016-toyota-c-hr-hatch?referringPage=SearchResults
Honda,fit,2005,No,$0,"194,666",," Left Side Damage, Structural Damage, Selling De-Registered","4spd Automatic,",5,Petrol,https://manheim.co.nz/damaged-vehicles/000000000007421178/2005-honda-fit-station-wagon?referringPage=SearchResults
Nissan,Juke,2011,Yes,$0,"146,258",," Right Side Damage, Selling Registered","Automatic,",5,Petrol,https://manheim.co.nz/damaged-vehicles/000000000007421180/2011-nissan-juke-xtronic-cvt-hatch?referringPage=SearchResults
Holden,Commodore,2015,No,$0,"146,620",," Airbags Deployed, Front Damage, Left Front Damage, Left Rear Damage, Right Front Damage, Airbags Deployed, Structural Damage, Selling De-Registered","Automatic,",5,Petrol,https://manheim.co.nz/damaged-vehicles/000000000007421187/2015-holden-commodore-vf-sv6-storm-3-6p-6-sedan?referringPage=SearchResults
Ford,Focus,2002,No,$0,"142,188",," Right Front Damage, Structural Damage, Selling De-Registered",N/A,5,Petrol,https://manheim.co.nz/damaged-vehicles/000000000007421188/2002-ford-focus-hatch?referringPage=SearchResults
DICK LANE/SAM FORD,Bridge Decker &quot;tamure&quot;,1928,No,"$1,001",N/A,0," Engine Damage, Water Damage",N/A,N/A,N/A,https://manheim.co.nz/damaged-vehicles/000000000007421189/1928-dick-lane-sam-ford-bridge-decker--tamure--boat?referringPage=SearchResults
Toyota,Wish,2005,No,$0,"206,881",," Rear Damage, Structural Damage, Selling De-Registered",N/A,7,Petrol,https://manheim.co.nz/damaged-vehicles/000000000007421191/2005-toyota-wish-station-wagon?referringPage=SearchResults
Nissan,Pulsar,1997,Yes,$0,N/A,," Front Damage, Selling Registered",N/A,5,Petrol,https://manheim.co.nz/damaged-vehicles/000000000007421192/1997-nissan-pulsar-xir-sedan?referringPage=SearchResults
Toyota,Auris,2013,No,$0,N/A,," Front Damage, Structural Damage, Selling De-Registered",N/A,5,Petrol,https://manheim.co.nz/damaged-vehicles/000000000007421194/2013-toyota-auris-hatch?referringPage=SearchResults
Toyota,Hilux,2010,No,N/A,N/A,," Interior Damage, Rolled, Structural Damage, Water Damage, Selling De-Registered",N/A,5,Diesel,https://manheim.co.nz/damaged-vehicles/000000000007421196/2010-toyota-hilux-3-0td-4wd-dc-5m-utility?referringPage=SearchResults
Nissan,Tiida,2012,No,$0,"144,288",," Left Side Damage, Rear Damage, Right Side Damage, Structural Damage, Suspension Damage, Selling De-Registered","Automatic,",5,Petrol,https://manheim.co.nz/damaged-vehicles/000000000007421198/2012-nissan-tiida-hatch?referringPage=SearchResults
Toyota,Aqua,2018,No,$0,"127,943",," Left Side Damage, Structural Damage, Selling De-Registered","Automatic,",5,Hybrid,https://manheim.co.nz/damaged-vehicles/000000000007421203/2018-toyota-aqua-hatch?referringPage=SearchResults
Mitsubishi,Grandis,2006,No,$0,N/A,," Rear Damage, Structural Damage, Selling De-Registered","Automatic,",7,Petrol,https://manheim.co.nz/damaged-vehicles/000000000007421204/2006-mitsubishi-grandis-station-wagon?referringPage=SearchResults
Honda,CRZ,2012,No,$0,N/A,," Left Side Damage, Structural Damage, Selling De-Registered","Automatic,",4,Hybrid,https://manheim.co.nz/damaged-vehicles/000000000007421208/2012-honda-crz-sr-1-5ph-cvt-coup%C3%A9?referringPage=SearchResults
Nissan,March,2013,No,$0,"121,705",," Rear Damage, Structural Damage, Selling De-Registered","Automatic,",5,Petrol,https://manheim.co.nz/damaged-vehicles/000000000007421210/2013-nissan-march-hatch?referringPage=SearchResults
Subaru,Impreza,2014,No,$0,"179,700",," Front Damage, Left Front Damage, Structural Damage, Selling De-Registered","Automatic,",5,Petrol,https://manheim.co.nz/damaged-vehicles/000000000007421211/2014-subaru-impreza-sports-hatch?referringPage=SearchResults
Mitsubishi,Lancer,2013,No,$0,"155,889",," Left Side Damage, Structural Damage, Selling De-Registered","Automatic,",5,Petrol,https://manheim.co.nz/damaged-vehicles/000000000007421216/2013-mitsubishi-lancer-2-0p-sei-sedan-auto-sedan?referringPage=SearchResults
Toyota,Prius,2011,No,$0,N/A,," Front Damage, Structural Damage, Selling De-Registered","Automatic,",5,Hybrid,https://manheim.co.nz/damaged-vehicles/000000000007421220/2011-toyota-prius-hybrid-hatch?referringPage=SearchResults
Subaru,Trezia,2012,No,$0,N/A,," Left Front Damage, Left Side Damage, Structural Damage, Selling De-Registered","Automatic,",5,Petrol,https://manheim.co.nz/damaged-vehicles/000000000007421222/2012-subaru-trezia-hatch?referringPage=SearchResults
Peugeot,308,2008,No,$0,"201,992",," Left Side Damage, Structural Damage, Selling De-Registered","Automatic,",5,Diesel,https://manheim.co.nz/damaged-vehicles/000000000007421227/2008-peugeot-308-hdi-auto-hatch?referringPage=SearchResults
Toyota,Prius,2010,No,$0,N/A,," Rear Damage, Right Side Damage, Structural Damage, Selling De-Registered","Automatic,",5,Hybrid,https://manheim.co.nz/damaged-vehicles/000000000007421231/2010-toyota-prius-hatch?referringPage=SearchResults
Toyota,Aqua,2015,No,$0,N/A,," Right Rear Damage, Right Side Damage, Structural Damage, Selling De-Registered","Automatic,",5,Hybrid,https://manheim.co.nz/damaged-vehicles/000000000007421247/2015-toyota-aqua-hybrid-hatch?referringPage=SearchResults
Subaru,XV,2013,No,$0,"205,938",," Front Damage, Left Front Damage, Structural Damage, Selling De-Registered",N/A,5,Petrol,https://manheim.co.nz/damaged-vehicles/000000000007421249/2013-subaru-xv-station-wagon?referringPage=SearchResults
Mazda,MAZDA3,2008,No,$0,N/A,," Front Damage, Left Side Damage, Rear Damage, Roof Damage, Right Front Damage, Right Side Damage, Airbags Deployed, Structural Damage, Selling De-Registered","Automatic,",5,Petrol,https://manheim.co.nz/damaged-vehicles/000000000007421254/2008-mazda-mazda3-sporthatch-mps-2-3-hatch?referringPage=SearchResults
Mitsubishi,Outlander,2005,No,$0,"198,715",," Front Damage, Left Front Damage, Right Front Damage, Structural Damage, Selling De-Registered","Automatic,",7,Petrol,https://manheim.co.nz/damaged-vehicles/000000000007371255/2005-mitsubishi-outlander-station-wagon?referringPage=SearchResults
Toyota,Aqua,2014,No,$0,N/A,," Ignition Damage, Structural Damage, Stolen & Recovered, Selling De-Registered",N/A,N/A,Hybrid,https://manheim.co.nz/damaged-vehicles/000000000007411254/2014-toyota-aqua-hatch?referringPage=SearchResults
Toyota,Aqua,2017,No,"$1,300","193,869",," Front Damage, Structural Damage, Selling De-Registered",N/A,5,Hybrid,https://manheim.co.nz/damaged-vehicles/000000000007411255/2017-toyota-aqua-hatch?referringPage=SearchResults
Mercedes-Benz,CLS,2011,No,$0,"81,296",," Front Damage, Structural Damage, Selling De-Registered","Automatic,",5,Petrol,https://manheim.co.nz/damaged-vehicles/000000000007421261/2011-mercedes-benz-cls-350-sedan?referringPage=SearchResults
Toyota,Wish,2010,No,$0,N/A,," Front Damage, Rear Damage, Structural Damage, Selling De-Registered",N/A,7,Petrol,https://manheim.co.nz/damaged-vehicles/000000000007421268/2010-toyota-wish-station-wagon?referringPage=SearchResults
Mitsubishi,ASX,2024,No,N/A,"56,807",," Airbags Deployed, Front Damage, Structural Damage, Selling De-Registered",N/A,5,Petrol,https://manheim.co.nz/damaged-vehicles/000000000007411288/2024-mitsubishi-asx-ls-2-0p-cvt-station-wagon?referringPage=SearchResults
Audi,A4,2016,No,"$1,500",N/A,," Structural Damage, Selling De-Registered","Automatic,",5,Petrol,https://manheim.co.nz/damaged-vehicles/000000000007411303/2016-audi-a4-sedan?referringPage=SearchResults
Mitsubishi,ASX,2017,No,"$1,300","165,538",," Chassis Damage, Front Damage, Structural Damage, Selling De-Registered","Automatic,",5,Petrol,https://manheim.co.nz/damaged-vehicles/000000000007411306/2017-mitsubishi-asx-xls-2-0p-cvt-station-wagon?referringPage=SearchResults
Toyota,Hiace,2024,No,N/A,N/A,," Front Damage, Structural Damage, Selling De-Registered","Automatic,",6,Petrol,https://manheim.co.nz/damaged-vehicles/000000000007401305/2024-toyota-hiace-van?referringPage=SearchResults
Holden,Captiva,2014,No,"$1,300",1,, Selling De-Registered,"Automatic,",7,Petrol,https://manheim.co.nz/damaged-vehicles/000000000007401307/2014-holden-captiva-ltz-v6-3-0p-4wd-6at-station-wagon?referringPage=SearchResults
Nissan,Serena,2013,No,"$1,450","137,526",," Front Damage, Structural Damage, Selling De-Registered","Automatic,",8,Hybrid,https://manheim.co.nz/damaged-vehicles/000000000007401308/2013-nissan-serena-hybrid-station-wagon?referringPage=SearchResults
Toyota,Raum,2005,Yes,$0,"146,878",," Front Damage, Left Side Damage, Rear Damage, Selling Registered","Automatic,",5,Petrol,https://manheim.co.nz/damaged-vehicles/000000000007421301/2005-toyota-raum-hatch?referringPage=SearchResults
Toyota,Prius,2013,No,$0,"131,307",," Front Damage, Structural Damage, Selling De-Registered","Automatic,",5,Hybrid,https://manheim.co.nz/damaged-vehicles/000000000007421310/2013-toyota-prius-station-wagon?referringPage=SearchResults
Suzuki,Swift,2013,No,$0,N/A,," Front Damage, Left Front Damage, Right Front Damage, Structural Damage, Selling De-Registered","Automatic,",5,Petrol,https://manheim.co.nz/damaged-vehicles/000000000007421314/2013-suzuki-swift-hatch?referringPage=SearchResults
Yamaha,MT03LA,2019,No,$400,1,," Structural Damage, Selling De-Registered",N/A,N/A,Petrol,https://manheim.co.nz/damaged-vehicles/000000000007401316/2019-yamaha-mt03la-k-motorcycle?referringPage=SearchResults
Yamaha,CV50,2006,No,$61,"12,684",," Front Damage, Left Side Damage, Right Rear Damage, Right Side Damage, Structural Damage, Selling De-Registered","Automatic,",N/A,Petrol,https://manheim.co.nz/damaged-vehicles/000000000007411327/2006-yamaha-cv50-scooter?referringPage=SearchResults
Toyota,Caldina,2006,No,$0,"267,284",," Front Damage, Right Front Damage, Structural Damage, Selling De-Registered","Automatic,",5,Petrol,https://manheim.co.nz/damaged-vehicles/000000000007421326/2006-toyota-caldina-station-wagon?referringPage=SearchResults
Subaru,Forester,2013,No,$0,"102,539",," Front Damage, Right Side Damage, Structural Damage, Selling De-Registered","Automatic,",5,Petrol,https://manheim.co.nz/damaged-vehicles/000000000007421349/2013-subaru-forester-station-wagon?referringPage=SearchResults
KTM,200,2015,No,$500,"24,476",," Left Side Damage, Right Side Damage, Structural Damage, Selling De-Registered","Manual,",N/A,Petrol,https://manheim.co.nz/damaged-vehicles/000000000007401348/2015-ktm-200-duke-motorcycle?referringPage=SearchResults
Honda,TRX420,2015,No,$700,N/A,," Rolled, Structural Damage, Suspension Damage, Selling De-Registered",N/A,N/A,N/A,https://manheim.co.nz/damaged-vehicles/000000000007411357/2015-honda-trx420-quad-bike?referringPage=SearchResults
Honda,Civic,2007,No,$0,"163,899",," Front Damage, Structural Damage, Selling De-Registered","Automatic,",5,Petrol,https://manheim.co.nz/damaged-vehicles/000000000007421364/2007-honda-civic-sedan?referringPage=SearchResults
Subaru,Forester,2005,Yes,$0,"149,257",," Rear Damage, Selling Registered","5spd Automatic,",5,Petrol,https://manheim.co.nz/damaged-vehicles/000000000007421367/2005-subaru-forester-station-wagon?referringPage=SearchResults
Honda,fit,2006,Yes,$0,N/A,," Front Damage, Rear Damage, Selling Registered","Automatic,",5,Petrol,https://manheim.co.nz/damaged-vehicles/000000000007421370/2006-honda-fit-aria-sedan?referringPage=SearchResults
Toyota,Yaris Cross,2021,No,N/A,"122,010",," Front Damage, Structural Damage, Selling De-Registered",N/A,5,Hybrid,https://manheim.co.nz/damaged-vehicles/000000000007421373/2021-toyota-yaris-cross-hybrid-hatch?referringPage=SearchResults
Toyota,Wish,2005,No,$0,"13,096",," Rear Damage, Structural Damage, Selling De-Registered","Automatic,",7,Petrol,https://manheim.co.nz/damaged-vehicles/000000000007421374/2005-toyota-wish-station-wagon?referringPage=SearchResults
Ford,Festiva,2000,No,$0,"155,318",," Front Damage, Structural Damage, Selling De-Registered","Automatic,",5,Petrol,https://manheim.co.nz/damaged-vehicles/000000000007421379/2000-ford-festiva-gli-1-3-5-dr-manual-hatch?referringPage=SearchResults
Toyota,Auris,2006,No,$0,N/A,," Left Rear Damage, Left Side Damage, Roof Damage, Right Rear Damage, Right Side Damage, Structural Damage, Selling De-Registered",N/A,5,Petrol,https://manheim.co.nz/damaged-vehicles/000000000007421388/2006-toyota-auris-hatch?referringPage=SearchResults
Hyundai,IX35,2015,No,"$1,300",N/A,," Left Front Damage, Left Rear Damage, Rear Damage, Right Front Damage, Right Rear Damage, Structural Damage, Selling De-Registered","Automatic,",5,Petrol,https://manheim.co.nz/damaged-vehicles/000000000007401380/2015-hyundai-ix35-gdi2-0elite6a-2-0p6-station-wagon?referringPage=SearchResults
Mazda,Demio,2005,No,$0,"189,309",," Interior Damage, Ignition Damage, Left Front Damage, Left Rear Damage, Vandalised - Interior, Structural Damage, Stolen & Recovered, Selling De-Registered","Automatic,",5,Petrol,https://manheim.co.nz/damaged-vehicles/000000000007421399/2005-mazda-demio-hatch?referringPage=SearchResults
Pontiac,Grand-prix,1977,No,N/A,"44,211",," Left Side Damage, Rear Damage, Right Side Damage, Structural Damage, Selling De-Registered",N/A,4,Petrol,https://manheim.co.nz/damaged-vehicles/000000000007421401/1977-pontiac-grand-prix-coup%C3%A9?referringPage=SearchResults
Kawasaki,ex,2009,Yes,$350,"38,410",," Front Damage, Right Side Damage, Selling Registered",N/A,N/A,Petrol,https://manheim.co.nz/damaged-vehicles/000000000007411405/2009-kawasaki-ex-250j-motorcycle?referringPage=SearchResults
Mitsubishi,Mirage,2013,No,$0,N/A,," Right Front Damage, Structural Damage, Selling De-Registered",N/A,5,Petrol,https://manheim.co.nz/damaged-vehicles/000000000007411410/2013-mitsubishi-mirage-hatch?referringPage=SearchResults
Husqvarna,TS250,2023,No,$1,1,N/A, Selling De-Registered,N/A,N/A,Electric,https://manheim.co.nz/damaged-vehicles/000000000007411419/2023-husqvarna-ts250-tile-saw-saw?referringPage=SearchResults
Toyota,Aqua,2014,No,$0,N/A,," Rear Damage, Right Front Damage, Right Rear Damage, Structural Damage, Selling De-Registered","Automatic,",5,Hybrid,https://manheim.co.nz/damaged-vehicles/000000000007411420/2014-toyota-aqua-hatch?referringPage=SearchResults
Ford,Mondeo,2020,No,$0,"78,729",," Rear Damage, Structural Damage, Under Body Damage, Selling De-Registered",N/A,5,Petrol,https://manheim.co.nz/damaged-vehicles/000000000007421429/2020-ford-mondeo-ambiente-5dr-petrol-hatch?referringPage=SearchResults
Kawasaki,ex,2011,Yes,$0,"37,540",," Left Front Damage, Left Side Damage, Right Side Damage, Selling Registered","Manual,",N/A,Petrol,https://manheim.co.nz/damaged-vehicles/000000000007411438/2011-kawasaki-ex-250j-motorcycle?referringPage=SearchResults
Nissan,Juke,2015,No,$0,N/A,," Front Damage, Left Front Damage, Left Rear Damage, Right Front Damage, Right Rear Damage, Airbags Deployed, Structural Damage, Selling De-Registered","Automatic,",5,Petrol,https://manheim.co.nz/damaged-vehicles/000000000007411442/2015-nissan-juke-1-5-station-wagon?referringPage=SearchResults
Nissan,Leaf,2014,No,"$1,050",N/A,, Selling De-Registered,"Automatic, Drive Type, Front Wheel Drive, Fuel Type, Electri",5,Electric,https://manheim.co.nz/damaged-vehicles/000000000007411447/2014-nissan-leaf-hatch?referringPage=SearchResults
Mazda,Axela,2014,No,$0,"162,415",," Left Front Damage, Left Side Damage, Structural Damage, Selling De-Registered",N/A,5,Hybrid,https://manheim.co.nz/damaged-vehicles/000000000007401445/2014-mazda-axela-hybrid-sedan?referringPage=SearchResults
Ford,Ranger,2022,No,N/A,N/A,," Chassis Damage, Structural Damage, Selling De-Registered",N/A,5,Diesel,https://manheim.co.nz/damaged-vehicles/000000000007411459/2022-ford-ranger-wildtrak-2-0d-4wd-utility?referringPage=SearchResults
Ford,Territory,2011,No,$0,"132,169",," Water Damage, Selling De-Registered",N/A,7,Petrol,https://manheim.co.nz/damaged-vehicles/000000000007411463/2011-ford-territory-ghia-awd-station-wagon?referringPage=SearchResults
Toyota,Aqua,2012,No,$0,N/A,," Rear Damage, Structural Damage, Selling De-Registered","Automatic,",5,Hybrid,https://manheim.co.nz/damaged-vehicles/000000000007391467/2012-toyota-aqua-hatch?referringPage=SearchResults
Ford,Ranger,2019,No,$600,N/A,," Front Damage, Fire Damage, Interior Damage, Selling De-Registered","Automatic,",5,Diesel,https://manheim.co.nz/damaged-vehicles/000000000007411473/2019-ford-ranger-xl-double-cab-w-s-2-dual-cab-utility?referringPage=SearchResults
Toyota,Landcruiser,1999,Yes,"$2,700","248,372",," Left Rear Damage, Left Side Damage, Stolen & Recovered, Selling Registered","Automatic,",5,Petrol,https://manheim.co.nz/damaged-vehicles/000000000007411483/1999-toyota-landcruiser-prado-rz-station-wagon?referringPage=SearchResults
Hyundai,Veloster,2012,No,$0,N/A,," Left Front Damage, Left Side Damage, Roof Damage, Right Side Damage, Structural Damage, Selling De-Registered","Automatic,",4,Petrol,https://manheim.co.nz/damaged-vehicles/000000000007381480/2012-hyundai-veloster-1-6t-elite-a6-hatch?referringPage=SearchResults
Lexus,GS350,2006,No,$0,N/A,," Front Damage, Left Front Damage, Right Front Damage, Structural Damage, Selling De-Registered","Automatic,",5,Petrol,https://manheim.co.nz/damaged-vehicles/000000000007401492/2006-lexus-gs350-sedan?referringPage=SearchResults
Toyota,RAV4,2004,No,$0,"218,183",," Front Damage, Right Front Damage, Structural Damage, Selling De-Registered","Automatic,",5,Petrol,https://manheim.co.nz/damaged-vehicles/000000000007411513/2004-toyota-rav4-2-4p-wagon5-4a-station-wagon?referringPage=SearchResults
Volkswagen,Passat,2012,No,$0,"206,027",," Airbags Deployed, Chassis Damage, Front Damage, Left Front Damage, Right Front Damage, Airbags Deployed, Structural Damage, Selling De-Registered","Automatic,",5,Diesel,https://manheim.co.nz/damaged-vehicles/000000000007421511/2012-volkswagen-passat-alltrack-tdi-125kw-station-wagon?referringPage=SearchResults
Renault,Megane,2012,No,$500,"139,542",," Front Damage, Left Front Damage, Right Front Damage, Structural Damage, Selling De-Registered","Automatic,",5,Petrol,https://manheim.co.nz/damaged-vehicles/000000000007411527/2012-renault-megane-hatch?referringPage=SearchResults
Toyota,Prius,2015,No,$0,"188,441",," Airbags Deployed, Front Damage, Airbags Deployed, Structural Damage, Selling De-Registered","Automatic,",5,Hybrid,https://manheim.co.nz/damaged-vehicles/000000000007421544/2015-toyota-prius-hatch?referringPage=SearchResults
Holden,Colorado,2016,No,N/A,"154,275",," Roof Damage, Structural Damage, Water Damage, Selling De-Registered","Automatic,",5,Diesel,https://manheim.co.nz/damaged-vehicles/000000000007421545/2016-holden-colorado-z71-dc-pu-2-8d-4wd--dual-cab-utility?referringPage=SearchResults
Mercedes-Benz,ML,2007,No,$0,N/A,," Left Side Damage, Structural Damage, Selling De-Registered","Automatic,",5,Diesel,https://manheim.co.nz/damaged-vehicles/000000000007411635/2007-mercedes-benz-ml-320-cdi-station-wagon?referringPage=SearchResults
Toyota,Hilux,2003,No,N/A,"197,549",," Front Damage, Structural Damage, Selling De-Registered","Automatic,",5,Diesel,https://manheim.co.nz/damaged-vehicles/000000000007401630/2003-toyota-hilux-3-0td-4wd-sr5-d-c-5-dual-cab-utility?referringPage=SearchResults
Mazda,CX-5,2016,No,$800,N/A,," Left Side Damage, Roof Damage, Right Side Damage, Structural Damage, Selling De-Registered","Automatic,",5,Diesel,https://manheim.co.nz/damaged-vehicles/000000000007401646/2016-mazda-cx-5-station-wagon?referringPage=SearchResults
Mazda,Demio,2014,No,$0,N/A,," Front Damage, Left Front Damage, Left Rear Damage, Rear Damage, Right Front Damage, Right Rear Damage, Structural Damage, Selling De-Registered","Automatic,",5,Petrol,https://manheim.co.nz/damaged-vehicles/000000000007401691/2014-mazda-demio-hatch?referringPage=SearchResults
Audi,S3,2014,No,$0,"89,607",," Front Damage, Structural Damage, Selling De-Registered","Automatic,",5,Petrol,https://manheim.co.nz/damaged-vehicles/000000000007351736/2014-audi-s3-sedan?referringPage=SearchResults
Holden,Rodeo 4X2,2001,Yes,$700,"361,103",, Selling Registered,"Automatic,",5,Petrol,https://manheim.co.nz/damaged-vehicles/000000000007401747/2001-holden-rodeo-4x2-3-2l-v6-ltd-crew-w--dual-cab-chassis?referringPage=SearchResults
Hyundai,Tucson,2016,No,N/A,N/A,," Front Damage, Right Front Damage, Structural Damage, Selling De-Registered","Automatic,",5,Diesel,https://manheim.co.nz/damaged-vehicles/000000000007401754/2016-hyundai-tucson-2-0-crdi-elite-2-0d-station-wagon?referringPage=SearchResults
Toyota,Echo,2003,No,$0,"147,996",," Rear Damage, Structural Damage, Selling De-Registered","Manual,",5,Petrol,https://manheim.co.nz/damaged-vehicles/000000000007411767/2003-toyota-echo-1-3p-hatch5-5m-hatch?referringPage=SearchResults
Hyundai,IX35,2015,Yes,"$2,850",N/A,," Left Front Damage, Right Rear Damage, Stolen & Recovered, Selling Registered","Automatic,",5,Petrol,https://manheim.co.nz/damaged-vehicles/000000000007411778/2015-hyundai-ix35-gdi2-0elite6a-2-0p6-station-wagon?referringPage=SearchResults
Toyota,Echo,2006,No,$0,"68,804",," Airbags Deployed, Right Front Damage, Right Rear Damage, Right Side Damage, Structural Damage, Selling De-Registered",N/A,5,Petrol,https://manheim.co.nz/damaged-vehicles/000000000007411860/2006-toyota-echo-hatch?referringPage=SearchResults
Holden,Commodore,2006,No,$0,N/A,," Front Damage, Left Side Damage, Right Side Damage, Structural Damage, Selling De-Registered","Automatic,",5,Petrol,https://manheim.co.nz/damaged-vehicles/000000000007371891/2006-holden-commodore-calais-v6-sedan?referringPage=SearchResults
FORM-IT,Ultra,2015,No,$100,N/A,N/A, Selling De-Registered,N/A,N/A,N/A,https://manheim.co.nz/damaged-vehicles/000000000007421901/2015-form-it-ultra-porta-loo-toilet?referringPage=SearchResults
Nissan,NV200,2020,No,$0,"133,983",," Right Front Damage, Rolled, Structural Damage, Selling De-Registered","Automatic,",2,Petrol,https://manheim.co.nz/damaged-vehicles/000000000007361936/2020-nissan-nv200-van?referringPage=SearchResults
Ford,Falcon,2016,No,"$3,300",N/A,," Left Front Damage, Left Rear Damage, Left Side Damage, Selling De-Registered","Automatic,",5,Petrol,https://manheim.co.nz/damaged-vehicles/000000000007392021/2016-ford-falcon-xr6-sedan-auto-4-0p-sedan?referringPage=SearchResults
Nissan,Elgrand,2014,No,$0,N/A,," Right Rear Damage, Structural Damage, Selling De-Registered","Automatic,",8,Petrol,https://manheim.co.nz/damaged-vehicles/000000000007402046/2014-nissan-elgrand-highway-star-2-5-station-wagon?referringPage=SearchResults
Toyota,Blade,2007,No,$0,"121,369",," Left Front Damage, Left Rear Damage, Left Side Damage, Structural Damage, Selling De-Registered","Automatic,",5,Petrol,https://manheim.co.nz/damaged-vehicles/000000000007402058/2007-toyota-blade-sports-hatch?referringPage=SearchResults
Toyota,Aqua,2019,No,$0,"107,508",," Left Rear Damage, Rear Damage, Roof Damage, Right Rear Damage, Structural Damage, Selling De-Registered",N/A,5,Hybrid,https://manheim.co.nz/damaged-vehicles/000000000007412135/2019-toyota-aqua-hatch?referringPage=SearchResults
Toyota,Prius,2016,No,$0,N/A,," Front Damage, Structural Damage, Selling De-Registered",N/A,5,Hybrid,https://manheim.co.nz/damaged-vehicles/000000000007412188/2016-toyota-prius-hatch?referringPage=SearchResults
Mazda,MAZDA6,2010,No,$0,"297,740",," Water Damage, Selling De-Registered","Automatic,",5,Petrol,https://manheim.co.nz/damaged-vehicles/000000000007402185/2010-mazda-mazda6-wagon-gsx-2-5-5at-station-wagon?referringPage=SearchResults
Mercedes-Benz,A180,2014,No,"$1,450","78,673",," Front Damage, Left Front Damage, Right Front Damage, Structural Damage, Selling De-Registered","Automatic,",5,Petrol,https://manheim.co.nz/damaged-vehicles/000000000007392197/2014-mercedes-benz-a180-hatch?referringPage=SearchResults
Suzuki,DL650A,2014,Yes,"$2,200","47,997",," Front Damage, Rear Damage, Selling Registered","Manual,",N/A,Petrol,https://manheim.co.nz/damaged-vehicles/000000000007412242/2014-suzuki-dl650a-v-strom-650a-motorcycle?referringPage=SearchResults
Mazda,Atenza,2003,No,$0,N/A,," Fire Damage, Fire - Entire Vehicle, Structural Damage, Stolen & Recovered, Selling De-Registered","Automatic,",5,Petrol,https://manheim.co.nz/damaged-vehicles/000000000007412270/2003-mazda-atenza-station-wagon?referringPage=SearchResults
Toyota,Allex,2004,No,$0,N/A,," Front Damage, Rear Damage, Structural Damage, Selling De-Registered","Automatic,",5,Petrol,https://manheim.co.nz/damaged-vehicles/000000000007392348/2004-toyota-allex-hatch?referringPage=SearchResults
Holden,Commodore,2008,No,$750,N/A,," Left Side Damage, Right Side Damage, Selling De-Registered","Automatic,",5,Petrol,https://manheim.co.nz/damaged-vehicles/000000000007392351/2008-holden-commodore-omega-sedan-auto-sedan?referringPage=SearchResults
Holden,Astra,2007,No,$800,N/A,," Left Rear Damage, Right Rear Damage, Selling De-Registered","Automatic,",4,Petrol,https://manheim.co.nz/damaged-vehicles/000000000007392360/2007-holden-astra-twintop-2-2l-auto-coup%C3%A9?referringPage=SearchResults
Hyundai,Getz,2009,No,$0,"91,039",," Front Damage, Structural Damage, Selling De-Registered","Automatic,",5,Petrol,https://manheim.co.nz/damaged-vehicles/000000000007372366/2009-hyundai-getz-1-4-5d-a4-hatch?referringPage=SearchResults
Toyota,86,2013,No,N/A,N/A,," Right Front Damage, Structural Damage, Selling De-Registered",N/A,4,Petrol,https://manheim.co.nz/damaged-vehicles/000000000007412365/2013-toyota-86-coup%C3%A9?referringPage=SearchResults
BMW,735i,2004,No,$0,N/A,," Airbags Deployed, Front Damage, Left Front Damage, Airbags Deployed, Structural Damage, Suspension Damage, Selling De-Registered","Automatic,",5,Petrol,https://manheim.co.nz/damaged-vehicles/000000000007412377/2004-bmw-735i-sedan?referringPage=SearchResults
Toyota,Wish,2008,No,$0,N/A,," Left Side Damage, Right Side Damage, Structural Damage, Selling De-Registered","Automatic,",7,Petrol,https://manheim.co.nz/damaged-vehicles/000000000007392386/2008-toyota-wish-station-wagon?referringPage=SearchResults
Mitsubishi,Outlander,2018,No,N/A,N/A,," Left Front Damage, Structural Damage, Selling De-Registered","Automatic,",7,Petrol,https://manheim.co.nz/damaged-vehicles/000000000007392397/2018-mitsubishi-outlander-ls-2-4p-4wd-cvt-station-wagon?referringPage=SearchResults
Toyota,Corolla,2002,No,$0,N/A,," Ignition Damage, Right Front Damage, Stolen & Recovered, Selling De-Registered","Automatic,",5,Petrol,https://manheim.co.nz/damaged-vehicles/000000000007412396/2002-toyota-corolla-station-wagon?referringPage=SearchResults
Volkswagen,Polo,2014,No,$0,N/A,," Front Damage, Rear Damage, Structural Damage, Selling De-Registered","Automatic,",5,Petrol,https://manheim.co.nz/damaged-vehicles/000000000007402431/2014-volkswagen-polo-63kw-7dsg-hatch?referringPage=SearchResults
Toyota,Camry,2014,No,"$1,450","332,292",," Right Rear Damage, Structural Damage, Selling De-Registered","CVT,",5,Hybrid,https://manheim.co.nz/damaged-vehicles/000000000007392440/2014-toyota-camry-2-5-hybrid-ecvt-sedan?referringPage=SearchResults
Holden,Barina Spark,2012,Yes,"$1,450","117,907",, Selling Registered,"5spd Manual,",5,Petrol,https://manheim.co.nz/damaged-vehicles/000000000007402461/2012-holden-barina-spark-cd-mt-hatch?referringPage=SearchResults
Lexus,RC 300h,2017,No,N/A,N/A,," Right Side Damage, Structural Damage, Selling De-Registered","Automatic,",4,Hybrid,https://manheim.co.nz/damaged-vehicles/000000000007402463/2017-lexus-rc-300h-coup%C3%A9?referringPage=SearchResults
Toyota,Vitz,2002,Yes,$200,"199,062",," Interior Damage, Left Side Damage, Malicious/Vandalised, Selling Registered",N/A,5,Petrol,https://manheim.co.nz/damaged-vehicles/000000000007402469/2002-toyota-vitz-hatch?referringPage=SearchResults
Suzuki,GSX-S750,2023,No,$225,N/A,," Structural Damage, Selling De-Registered",N/A,N/A,Petrol,https://manheim.co.nz/damaged-vehicles/000000000007372514/2023-suzuki-gsx-s750-zam2-motorcycle?referringPage=SearchResults
Mazda,MAZDA6,2012,Yes,$0,"340,025",," Front Damage, Left Front Damage, Left Side Damage, Suspension Damage, Selling Registered",N/A,5,Petrol,https://manheim.co.nz/damaged-vehicles/000000000007412527/2012-mazda-mazda6-wagon-gsx-2-5-5at-station-wagon?referringPage=SearchResults
Toyota,Yaris,2025,No,"$1,600",N/A,," Left Rear Damage, Left Side Damage, Right Front Damage, Selling De-Registered","CVT,",5,Hybrid,https://manheim.co.nz/damaged-vehicles/000000000007412558/2025-toyota-yaris-gx-1-5ph-cvt-hatch?referringPage=SearchResults
Mazda,Demio,2005,No,$100,N/A,," Front Damage, Structural Damage, Selling De-Registered","Automatic,",5,Petrol,https://manheim.co.nz/damaged-vehicles/000000000007402555/2005-mazda-demio-hatch?referringPage=SearchResults
MG,ZS,2025,No,$0,N/A,," Structural Damage, Selling De-Registered",N/A,5,Hybrid,https://manheim.co.nz/damaged-vehicles/000000000007422595/2025-mg-zs-essence-1-5pht-3hd-station-wagon?referringPage=SearchResults
Hyundai,IX35,2015,Yes,"$2,300",N/A,, Selling Registered,"Automatic,",5,Petrol,https://manheim.co.nz/damaged-vehicles/000000000007412625/2015-hyundai-ix35-gdi2-0elite6a-2-0p6-station-wagon?referringPage=SearchResults
Toyota,Aqua,2012,No,$750,N/A,," Fire Damage, Structural Damage, Selling De-Registered","Automatic,",5,Hybrid,https://manheim.co.nz/damaged-vehicles/000000000007412655/2012-toyota-aqua-hatch?referringPage=SearchResults
Mitsubishi,Colt,2005,No,$500,"179,469",," Roof Damage, Structural Damage, Selling De-Registered","Automatic,",5,Petrol,https://manheim.co.nz/damaged-vehicles/000000000007412666/2005-mitsubishi-colt-plus-hatch?referringPage=SearchResults
Mazda,Bongo,2013,Yes,$950,N/A,," Front Damage, Roof Damage, Selling Registered",N/A,2,Petrol,https://manheim.co.nz/damaged-vehicles/000000000007412679/2013-mazda-bongo-van?referringPage=SearchResults
Honda,Stream,2008,No,$0,N/A,," Right Side Damage, Structural Damage, Selling De-Registered","Automatic,",7,Petrol,https://manheim.co.nz/damaged-vehicles/000000000007412685/2008-honda-stream-rsz-station-wagon?referringPage=SearchResults
Mazda,Premacy,2010,Yes,"$1,050","124,500",, Selling Registered,"Automatic,",7,Petrol,https://manheim.co.nz/damaged-vehicles/000000000007402683/2010-mazda-premacy-station-wagon?referringPage=SearchResults
Subaru,Impreza,2010,No,"$1,550",N/A,," Front Damage, Rear Damage, Structural Damage, Selling De-Registered",N/A,5,Petrol,https://manheim.co.nz/damaged-vehicles/000000000007392683/2010-subaru-impreza-gt-hatch?referringPage=SearchResults
Ford,Mondeo,2015,No,$800,N/A,," Right Front Damage, Airbags Deployed, Selling De-Registered","Automatic,",5,Petrol,https://manheim.co.nz/damaged-vehicles/000000000007392697/2015-ford-mondeo-ambiente-5dr-petrol-hatch?referringPage=SearchResults
Ford,Ranger,2014,No,N/A,N/A,,N/A,"Automatic,",5,Diesel,https://manheim.co.nz/damaged-vehicles/000000000007412693/2014-ford-ranger-td-xlt-dc-w-sa-3-2d-dual-cab-utility?referringPage=SearchResults
Mitsubishi,Outlander,2007,No,$0,"149,856",," Left Rear Damage, Structural Damage, Selling De-Registered",N/A,7,Petrol,https://manheim.co.nz/damaged-vehicles/000000000007412701/2007-mitsubishi-outlander-station-wagon?referringPage=SearchResults
Audi,RS4,2021,No,N/A,"87,140",," Airbags Deployed, Front Damage, Structural Damage, Selling De-Registered","Automatic,",5,Petrol,https://manheim.co.nz/damaged-vehicles/000000000007412710/2021-audi-rs4-rs-4-avant-2-9pt-4w-station-wagon?referringPage=SearchResults
Toyota,Hiace,2009,No,N/A,N/A,," Left Side Damage, Right Side Damage, Structural Damage, Selling De-Registered","Automatic,",3,Diesel,https://manheim.co.nz/damaged-vehicles/000000000007412716/2009-toyota-hiace-van?referringPage=SearchResults
Honda,fit,2010,No,$0,N/A,," Right Front Damage, Structural Damage, Selling De-Registered","Automatic,",5,Petrol,https://manheim.co.nz/damaged-vehicles/000000000007412726/2010-honda-fit-hatch?referringPage=SearchResults
Suzuki,GN125H,2015,No,$0,"6,775",," Stolen & Recovered, Selling De-Registered",N/A,N/A,Petrol,https://manheim.co.nz/damaged-vehicles/000000000007402726/2015-suzuki-gn125h-motorcycle?referringPage=SearchResults
Toyota,Aqua,2014,No,"$2,000",N/A,," Left Side Damage, Rear Damage, Structural Damage, Selling De-Registered",N/A,5,Hybrid,https://manheim.co.nz/damaged-vehicles/000000000007372749/2014-toyota-aqua-hatch?referringPage=SearchResults
Smart,Fortwo,2014,No,$0,"77,464",," Front Damage, Right Rear Damage, Structural Damage, Suspension Damage, Selling De-Registered","Automatic,",2,Petrol,https://manheim.co.nz/damaged-vehicles/000000000007412791/2014-smart-fortwo-hatch?referringPage=SearchResults
Volkswagen,Golf,2007,No,$925,N/A,," Front Damage, Structural Damage, Selling De-Registered",N/A,5,Petrol,https://manheim.co.nz/damaged-vehicles/000000000007412793/2007-volkswagen-golf-hatch?referringPage=SearchResults
Nissan,Primera,1997,Yes,$0,N/A,," Glass Broken, Ignition Damage, Left Side Damage, Malicious/Vandalised, Right Side Damage, Vandalised - Interior, Selling Registered",N/A,5,Petrol,https://manheim.co.nz/damaged-vehicles/000000000007412794/1997-nissan-primera-gt-sedan?referringPage=SearchResults
Toyota,Auris,2008,No,$0,N/A,," Right Side Damage, Structural Damage, Selling De-Registered","Automatic,",5,Petrol,https://manheim.co.nz/damaged-vehicles/000000000007412799/2008-toyota-auris-hatch?referringPage=SearchResults
Mitsubishi,Outlander,2010,Yes,N/A,"235,097",, Selling Registered,"Automatic,",7,Petrol,https://manheim.co.nz/damaged-vehicles/000000000007402838/2010-mitsubishi-outlander-station-wagon?referringPage=SearchResults
Holden,Captiva,2017,No,$0,N/A,," Left Rear Damage, Left Side Damage, Structural Damage, Selling De-Registered",N/A,7,Petrol,https://manheim.co.nz/damaged-vehicles/000000000007412843/2017-holden-captiva-ls-equipe-2-4p-6at-station-wagon?referringPage=SearchResults
Toyota,Camry,2012,No,"$1,300",N/A,," Left Side Damage, Rear Damage, Right Front Damage, Structural Damage, Selling De-Registered","Automatic,",5,Hybrid,https://manheim.co.nz/damaged-vehicles/000000000007402860/2012-toyota-camry-2-5-hybrid-ecvt-sedan?referringPage=SearchResults
Mazda,Demio,2006,No,$0,"86,704",," Interior Damage, Left Side Damage, Vandalised - Interior, Stolen & Recovered, Suspension Damage, Selling De-Registered",N/A,5,Petrol,https://manheim.co.nz/damaged-vehicles/000000000007402953/2006-mazda-demio-hatch?referringPage=SearchResults
Hyundai,i30,2011,No,$0,N/A,," Airbags Deployed, Engine Damage, Front Damage, Glass Broken, Structural Damage, Accident Damage, Selling De-Registered",N/A,N/A,Petrol,https://manheim.co.nz/damaged-vehicles/000000000007412970/2011-hyundai-i30-1-6-a4-hatch?referringPage=SearchResults
Toyota,Corolla,2015,No,$0,"189,374",," Glass Broken, Ignition Damage, Rear Damage, Right Rear Damage, Structural Damage, Stolen & Recovered, Selling De-Registered",N/A,N/A,Hybrid,https://manheim.co.nz/damaged-vehicles/000000000007412981/2015-toyota-corolla-fielder-hybrid-station-wagon?referringPage=SearchResults
Mazda,CX-5,2019,No,N/A,"118,399",," Front Damage, Right Side Damage, Airbags Deployed, Structural Damage, Selling De-Registered",N/A,5,Petrol,https://manheim.co.nz/damaged-vehicles/000000000007412982/2019-mazda-cx-5-gsx-ptr-2-5p-4wd-6a-station-wagon?referringPage=SearchResults
Mazda,Axela,2014,No,$0,N/A,," Airbags Deployed, Front Damage, Airbags Deployed, Structural Damage, Selling De-Registered",N/A,5,Hybrid,https://manheim.co.nz/damaged-vehicles/000000000007412988/2014-mazda-axela-sedan?referringPage=SearchResults
LDV,T60,2026,No,N/A,N/A,," Front Damage, Structural Damage, Selling De-Registered","Automatic,",5,Diesel,https://manheim.co.nz/damaged-vehicles/000000000007413020/2026-ldv-t60-max-2-0dt-4wd-8at-utility?referringPage=SearchResults
Mitsubishi,Colt,2005,Yes,$0,N/A,," Front Damage, Ignition Damage, Left Front Damage, Right Front Damage, Stolen & Recovered, Selling Registered","Automatic,",5,Petrol,https://manheim.co.nz/damaged-vehicles/000000000007413023/2005-mitsubishi-colt-hatch?referringPage=SearchResults
Toyota,Aqua,2014,No,$0,N/A,," Right Front Damage, Structural Damage, Suspension Damage, Selling De-Registered","Automatic,",5,Hybrid,https://manheim.co.nz/damaged-vehicles/000000000007413025/2014-toyota-aqua-hatch?referringPage=SearchResults
KTM,390,2024,Yes,$0,N/A,," Ignition Damage, Tank Damage, Frame Damaged, Selling Registered","Automatic,",N/A,Petrol,https://manheim.co.nz/damaged-vehicles/000000000007413035/2024-ktm-390-duke-399p-motorcycle?referringPage=SearchResults
Suzuki,Swift,2011,No,$0,N/A,," Rear Damage, Structural Damage, Selling De-Registered",N/A,5,Petrol,https://manheim.co.nz/damaged-vehicles/000000000007413037/2011-suzuki-swift-glxa-1-5-5dr-hatch?referringPage=SearchResults
Toyota,RAV4,2023,No,N/A,N/A,," Front Damage, Airbags Deployed, Structural Damage, Selling De-Registered","Automatic,",5,Hybrid,https://manheim.co.nz/damaged-vehicles/000000000007413045/2023-toyota-rav4-limited-2-5ph-4wd-h-station-wagon?referringPage=SearchResults
Honda,Stepwagon,2013,No,$750,N/A,," Rear Damage, Rolled, Right Side Damage, Structural Damage, Selling De-Registered","Automatic,",8,Petrol,https://manheim.co.nz/damaged-vehicles/000000000007413060/2013-honda-stepwagon-station-wagon?referringPage=SearchResults
Volvo,S60,2001,No,$0,"311,515",," Rear Damage, Structural Damage, Selling De-Registered","Automatic,",5,Petrol,https://manheim.co.nz/damaged-vehicles/000000000007413061/2001-volvo-s60-2-4-sedan?referringPage=SearchResults
Mitsubishi,RVR,2010,No,$0,N/A,," Right Rear Damage, Structural Damage, Selling De-Registered","4spd Automatic,",5,Petrol,https://manheim.co.nz/damaged-vehicles/000000000007403085/2010-mitsubishi-rvr-station-wagon?referringPage=SearchResults
Mazda,Verisa,2005,No,$0,"83,594",," Front Damage, Left Front Damage, Right Front Damage, Structural Damage, Selling De-Registered","Automatic,",5,Petrol,https://manheim.co.nz/damaged-vehicles/000000000007413149/2005-mazda-verisa-hatch?referringPage=SearchResults
BMW,X5,2009,No,$0,N/A,," Water Damage, Selling De-Registered","Automatic,",5,Petrol,https://manheim.co.nz/damaged-vehicles/000000000007413154/2009-bmw-x5-touring?referringPage=SearchResults
Mercedes-Benz,C,2013,No,$0,N/A,," Front Damage, Structural Damage, Selling De-Registered","Automatic,",4,Petrol,https://manheim.co.nz/damaged-vehicles/000000000007413163/2013-mercedes-benz-c-180-cgi-be-coup%C3%A9?referringPage=SearchResults
Nissan,Vanette,2002,No,$0,N/A,," Front Damage, Left Front Damage, Right Front Damage, Structural Damage, Selling De-Registered","4spd Manual,",3,Petrol,https://manheim.co.nz/damaged-vehicles/000000000007413165/2002-nissan-vanette-van?referringPage=SearchResults
Suzuki,Vitara,2016,No,"$1,500","70,323",," Front Damage, Left Front Damage, Right Front Damage, Structural Damage, Selling De-Registered","6spd Automatic,",5,Petrol,https://manheim.co.nz/damaged-vehicles/000000000007413170/2016-suzuki-vitara-turbo-1-4pt-6at-station-wagon?referringPage=SearchResults
Suzuki,Swift,2017,No,"$1,450","76,087",," Rear Damage, Structural Damage, Selling De-Registered","Automatic,",5,Petrol,https://manheim.co.nz/damaged-vehicles/000000000007413180/2017-suzuki-swift-hatch?referringPage=SearchResults
Nissan,Cube,2007,No,$0,N/A,," Right Rear Damage, Structural Damage, Selling De-Registered",N/A,5,Petrol,https://manheim.co.nz/damaged-vehicles/000000000007413185/2007-nissan-cube-station-wagon?referringPage=SearchResults
Mazda,MPV,2006,No,$0,"166,580",," Airbags Deployed, Front Damage, Left Rear Damage, Structural Damage, Selling De-Registered",N/A,8,Petrol,https://manheim.co.nz/damaged-vehicles/000000000007413226/2006-mazda-mpv-station-wagon?referringPage=SearchResults
Mazda,Bongo,1997,No,$0,"192,111",," Front Damage, Structural Damage, Selling De-Registered",N/A,3,Petrol,https://manheim.co.nz/damaged-vehicles/000000000007413234/1997-mazda-bongo-utility?referringPage=SearchResults
Toyota,Prius,2018,No,N/A,"112,381",," Front Damage, Left Front Damage, Right Front Damage, Structural Damage, Selling De-Registered","Automatic,",5,Hybrid,https://manheim.co.nz/damaged-vehicles/000000000007413248/2018-toyota-prius-hatch?referringPage=SearchResults
Toyota,Highlander,2025,No,N/A,"16,544",," Left Front Damage, Left Rear Damage, Left Side Damage, Roof Damage, Right Front Damage, Right Rear Damage, Right Side Damage, Structural Damage, Selling De-Registered","Automatic,",7,Hybrid,https://manheim.co.nz/damaged-vehicles/000000000007413263/2025-toyota-highlander-gxl-2-5ph-4wd-hd-station-wagon?referringPage=SearchResults
Audi,A7,2012,Yes,"$3,400","77,895",, Selling Registered,"Automatic,",5,Petrol,https://manheim.co.nz/damaged-vehicles/000000000007413265/2012-audi-a7-sedan?referringPage=SearchResults
Mazda,Axela,2005,No,$0,N/A,," Airbags Deployed, Front Damage, Left Front Damage, Right Front Damage, Airbags Deployed, Structural Damage, Selling De-Registered","Automatic,",5,Petrol,https://manheim.co.nz/damaged-vehicles/000000000007413269/2005-mazda-axela-sedan?referringPage=SearchResults
Suzuki,Baleno,2018,No,$0,N/A,," Airbags Deployed, Front Damage, Left Front Damage, Left Rear Damage, Rear Damage, Right Front Damage, Right Rear Damage, Airbags Deployed, Structural Damage, Selling De-Registered","Automatic,",5,Petrol,https://manheim.co.nz/damaged-vehicles/000000000007413274/2018-suzuki-baleno-glxa-1-4p-4at-hatch?referringPage=SearchResults
Holden,Captiva,2009,No,$0,N/A,," Right Front Damage, Right Rear Damage, Right Side Damage, Structural Damage, Selling De-Registered","Automatic,",7,Diesel,https://manheim.co.nz/damaged-vehicles/000000000007413281/2009-holden-captiva-sx-2wd-dsl-at-station-wagon?referringPage=SearchResults
Mazda,Demio,2006,Yes,$0,"109,284",," Roof Damage, Right Front Damage, Right Rear Damage, Vandalised - Interior, Stolen & Recovered, Selling Registered","Automatic,",5,Petrol,https://manheim.co.nz/damaged-vehicles/000000000007413282/2006-mazda-demio-hatch?referringPage=SearchResults
Toyota,Prius,2014,Yes,$0,"390,343",," Rear Damage, Selling Registered","4spd Automatic,",5,Hybrid,https://manheim.co.nz/damaged-vehicles/000000000007413284/2014-toyota-prius-alpha-station-wagon?referringPage=SearchResults
Volkswagen,Passat,2010,Yes,$0,"164,873",," Left Front Damage, Selling Registered","Automatic,",5,Petrol,https://manheim.co.nz/damaged-vehicles/000000000007413289/2010-volkswagen-passat-tsi-station-wagon?referringPage=SearchResults
Mitsubishi,ASX,2025,No,"$1,450",N/A,," Airbags Deployed, Front Damage, Left Front Damage, Right Front Damage, Airbags Deployed, Underbody Damage, Structural Damage, Selling De-Registered","CVT,",5,Petrol,https://manheim.co.nz/damaged-vehicles/000000000007413295/2025-mitsubishi-asx-ls-2-0p-cvt-station-wagon?referringPage=SearchResults
Suzuki,Swift,2006,No,$0,"170,631",," Front Damage, Structural Damage, Selling De-Registered","Automatic,",5,Petrol,https://manheim.co.nz/damaged-vehicles/000000000007413324/2006-suzuki-swift-hatch?referringPage=SearchResults
Ford,Focus,2012,No,$0,"90,618",," Front Damage, Structural Damage, Selling De-Registered","Automatic,",5,Petrol,https://manheim.co.nz/damaged-vehicles/000000000007413327/2012-ford-focus-trend-2-0-auto-hatc-hatch?referringPage=SearchResults
Toyota,Starlet,1996,Yes,$0,"127,600",," Right Rear Damage, Selling Registered","Automatic,",5,Petrol,https://manheim.co.nz/damaged-vehicles/000000000007413341/1996-toyota-starlet-hatch?referringPage=SearchResults
Honda,fit,2008,No,$500,"168,186",," Front Damage, Structural Damage, Selling De-Registered","Automatic,",5,Petrol,https://manheim.co.nz/damaged-vehicles/000000000007403359/2008-honda-fit-hatch?referringPage=SearchResults
Honda,fit,2013,No,$750,"47,546",," Front Damage, Left Front Damage, Right Front Damage, Airbags Deployed, Structural Damage, Selling De-Registered","Automatic,",5,Petrol,https://manheim.co.nz/damaged-vehicles/000000000007403378/2013-honda-fit-hatch?referringPage=SearchResults
Can-Am,Defender HD 10,2022,No,"$4,200",N/A,," Chassis Damage, Engine Damage, Rolled, Structural Damage, Selling De-Registered",N/A,N/A,N/A,https://manheim.co.nz/damaged-vehicles/000000000007403393/2022-can-am-defender-hd-10-quad-bike?referringPage=SearchResults
Nissan,Note,2017,No,$0,"132,835",," Right Rear Damage, Structural Damage, Selling De-Registered",N/A,5,Hybrid,https://manheim.co.nz/damaged-vehicles/000000000007413392/2017-nissan-note-hatch?referringPage=SearchResults
Nissan,Serena,2014,No,"$1,300","112,603",," Roof Damage, Structural Damage, Selling De-Registered","5spd Automatic,",8,Hybrid,https://manheim.co.nz/damaged-vehicles/000000000007403409/2014-nissan-serena-station-wagon?referringPage=SearchResults
Hyundai,Elantra,2005,No,$0,"133,835",," Front Damage, Structural Damage, Selling De-Registered","Automatic,",5,Petrol,https://manheim.co.nz/damaged-vehicles/000000000007413411/2005-hyundai-elantra-2-0-gls-5d-a4-se-hatch?referringPage=SearchResults
Honda,CRV,2008,No,$0,N/A,," Engine Damage, Front Damage, Glass Broken, Left Side Damage, Roof Damage, Right Front Damage, Right Side Damage, Structural Damage, Selling De-Registered","Automatic,",5,Petrol,https://manheim.co.nz/damaged-vehicles/000000000007403429/2008-honda-crv-hatch?referringPage=SearchResults
WOLSELEY,1300,1968,No,$100,"86,721",," No Keys, Selling De-Registered","4spd Manual,",5,Petrol,https://manheim.co.nz/damaged-vehicles/000000000007373425/1968-wolseley-1300-sedan?referringPage=SearchResults
BMW,740i,2012,Yes,N/A,N/A,, Selling Registered,"Automatic,",5,Petrol,https://manheim.co.nz/damaged-vehicles/000000000007363424/2012-bmw-740i-sedan?referringPage=SearchResults
Kia,RIO,2009,No,$0,"108,836",," Front Damage, Rear Damage, Structural Damage, Selling De-Registered","Automatic,",5,Petrol,https://manheim.co.nz/damaged-vehicles/000000000007403432/2009-kia-rio-1-6-lx-hatch-auto-hatch?referringPage=SearchResults
Mazda,NAZDA3,2004,No,$0,"288,451",," Front Damage, Glass Broken, Has Key, Structural Damage, Selling De-Registered","Automatic,",5,Petrol,https://manheim.co.nz/damaged-vehicles/000000000007403434/2004-mazda-nazda3-hatch?referringPage=SearchResults
Nissan,Caravan,2010,No,$0,1,," Front Damage, Structural Damage, Selling De-Registered","Automatic,",3,Petrol,https://manheim.co.nz/damaged-vehicles/000000000007403442/2010-nissan-caravan-van?referringPage=SearchResults
Peugeot,Partner,2023,Yes,N/A,"95,012",, Selling Registered,"Automatic,",3,Petrol,https://manheim.co.nz/damaged-vehicles/000000000007383448/2023-peugeot-partner-lwb-petrol-1-2pt-5d-van?referringPage=SearchResults
Ford,Laser,2001,No,$400,"337,315",," Rear Damage, Right Rear Damage, Structural Damage, Selling De-Registered","Automatic,",5,Petrol,https://manheim.co.nz/damaged-vehicles/000000000007403452/2001-ford-laser-laser-xri-2-0-manua-hatch?referringPage=SearchResults
Hyundai,Palisade,2021,No,N/A,N/A,," Right Rear Damage, Right Side Damage, Underbody Damage, Structural Damage, Selling De-Registered","Automatic,",7,Diesel,https://manheim.co.nz/damaged-vehicles/000000000007343468/2021-hyundai-palisade-limited-2-2dt-station-wagon?referringPage=SearchResults
Toyota,Corolla,2018,No,N/A,"138,344",," Right Rear Damage, Structural Damage, Selling De-Registered","Automatic,",5,Hybrid,https://manheim.co.nz/damaged-vehicles/000000000007403475/2018-toyota-corolla-fielder-station-wagon?referringPage=SearchResults
Mitsubishi,ASX,2025,No,N/A,"5,559",," Airbags Deployed, Front Damage, Left Front Damage, Right Front Damage, Airbags Deployed, Structural Damage, Selling De-Registered","CVT,",5,Petrol,https://manheim.co.nz/damaged-vehicles/000000000007413475/2025-mitsubishi-asx-ls-2-0p-cvt-station-wagon?referringPage=SearchResults
Mazda,MAZDA6,2003,No,$0,"379,721",," Right Rear Damage, Structural Damage, Selling De-Registered","Automatic,",5,Petrol,https://manheim.co.nz/damaged-vehicles/000000000007413490/2003-mazda-mazda6-sport-limited-2-3-a-hatch?referringPage=SearchResults
Mercedes-Benz,E550,2007,Yes,"$2,800","175,106",," Stolen & Recovered, Selling Registered","Automatic,",5,Petrol,https://manheim.co.nz/damaged-vehicles/000000000007413499/2007-mercedes-benz-e550-sedan?referringPage=SearchResults
Toyota,Aqua,2017,No,"$1,500","148,907",," Left Side Damage, Right Front Damage, Right Rear Damage, Right Side Damage, Structural Damage, Suspension Damage, Selling De-Registered","Automatic,",5,Hybrid,https://manheim.co.nz/damaged-vehicles/000000000007403492/2017-toyota-aqua-hatch?referringPage=SearchResults
Audi,S3,2019,No,N/A,"32,439",," Left Side Damage, Rear Damage, Right Side Damage, Dismantled - Interior, Underbody Damage, Structural Damage, Selling De-Registered","Automatic,",5,Petrol,https://manheim.co.nz/damaged-vehicles/000000000007403500/2019-audi-s3-sedan?referringPage=SearchResults
Volvo,850,1998,No,$0,"212,733",," Front Damage, Structural Damage, Selling De-Registered",N/A,5,Petrol,https://manheim.co.nz/damaged-vehicles/000000000007413504/1998-volvo-850-gle-sedan-auto-sedan?referringPage=SearchResults
Ford,Mondeo,2008,No,$0,"270,493",," Left Front Damage, Left Rear Damage, Right Rear Damage, Right Side Damage, Airbags Deployed, Structural Damage, Selling De-Registered","6spd Automatic,",5,Petrol,https://manheim.co.nz/damaged-vehicles/000000000007413512/2008-ford-mondeo-wag-2-3-auto-station-wagon?referringPage=SearchResults
Lexus,CT200H,2013,No,$0,"130,235",," Left Rear Damage, Left Side Damage, Structural Damage, Selling De-Registered","Automatic,",5,Hybrid,https://manheim.co.nz/damaged-vehicles/000000000007413518/2013-lexus-ct200h-hatch?referringPage=SearchResults
Mitsubishi,RVR,2011,No,$0,N/A,," Rear Damage, Structural Damage, Selling De-Registered",N/A,5,Petrol,https://manheim.co.nz/damaged-vehicles/000000000007413522/2011-mitsubishi-rvr-station-wagon?referringPage=SearchResults
Mitsubishi,Pajero,2010,No,$0,"243,536",," Chassis Damage, Front Damage, Left Side Damage, Structural Damage, Selling De-Registered","Automatic,",5,Diesel,https://manheim.co.nz/damaged-vehicles/000000000007413534/2010-mitsubishi-pajero-station-wagon?referringPage=SearchResults
Kawasaki,Ninja,2016,No,$700,1,," Left Side Damage, Right Side Damage, Structural Damage, Selling De-Registered",N/A,N/A,Petrol,https://manheim.co.nz/damaged-vehicles/000000000007403541/2016-kawasaki-ninja-zx1000m-motorcycle?referringPage=SearchResults
Honda,GL,2026,No,"$6,500","2,699",," Engine Damage, Structural Damage, Suspension Damage, Selling De-Registered",N/A,N/A,Petrol,https://manheim.co.nz/damaged-vehicles/000000000007403551/2026-honda-gl-1800-1-8p-motorcycle?referringPage=SearchResults
Suzuki,Swift,2009,Yes,"$1,800","174,025",," Front Damage, Left Side Damage, Rear Damage, Roof Damage, Right Side Damage, Selling Registered","5spd Manual,",5,Petrol,https://manheim.co.nz/damaged-vehicles/000000000007413553/2009-suzuki-swift-hatch?referringPage=SearchResults
GRILLO,Series 9 Mower,2001,No,$0,N/A,0," Engine Damage, Fire Damage, Gearbox Damage, Interior Damage, Fire - Entire Vehicle, Structural Damage",N/A,N/A,Petrol,https://manheim.co.nz/damaged-vehicles/000000000007413579/2001-grillo-series-9-mower-mower--ride-on-?referringPage=SearchResults
Holden,Colorado,2013,Yes,$0,"298,521",," Stolen & Recovered, Selling Registered","Automatic,",5,Diesel,https://manheim.co.nz/damaged-vehicles/000000000007413606/2013-holden-colorado-4x2-ltz-dc-pu-2-8-m-dual-cab-chassis?referringPage=SearchResults
Nissan,March,2014,No,$0,"70,689",," Front Damage, Left Front Damage, Left Rear Damage, Rear Damage, Right Front Damage, Right Rear Damage, Structural Damage, Selling De-Registered","Automatic,",5,Petrol,https://manheim.co.nz/damaged-vehicles/000000000007413616/2014-nissan-march-hatch?referringPage=SearchResults
Toyota,Ractis,2014,No,$0,"100,827",," Left Rear Damage, Rear Damage, Right Rear Damage, Structural Damage, Selling De-Registered","Automatic,",5,Petrol,https://manheim.co.nz/damaged-vehicles/000000000007413618/2014-toyota-ractis-hatch?referringPage=SearchResults
Suzuki,UZ50,2022,Yes,$225,"19,744",," LH Fairing Damage, RH Fairing Damage, Underbody Damage, Selling Registered","Automatic,",2,Petrol,https://manheim.co.nz/damaged-vehicles/000000000007393621/2022-suzuki-uz50-motorcycle?referringPage=SearchResults
Hyundai,IX35,2013,No,$500,"195,595",," Left Side Damage, Roof Damage, Right Rear Damage, Right Side Damage, Structural Damage, Selling De-Registered",N/A,5,Diesel,https://manheim.co.nz/damaged-vehicles/000000000007413634/2013-hyundai-ix35-2-0r-crdi-elite-a6-station-wagon?referringPage=SearchResults
MG,ZS,2025,No,$0,N/A,," Left Front Damage, Left Side Damage, Roof Damage, Right Front Damage, Airbags Deployed, Structural Damage, Selling De-Registered",N/A,5,Hybrid,https://manheim.co.nz/damaged-vehicles/000000000007413635/2025-mg-zs-excite-1-5pht-3hd-station-wagon?referringPage=SearchResults
Toyota,Vitz,2006,No,$0,"114,034",," Right Front Damage, Structural Damage, Selling De-Registered","Automatic,",5,Petrol,https://manheim.co.nz/damaged-vehicles/000000000007413637/2006-toyota-vitz-hatch?referringPage=SearchResults
Mazda,MAZDA6,2008,Yes,$500,"333,926",," Roof Damage, Right Front Damage, Right Rear Damage, Right Side Damage, Underbody Damage, Selling Registered","5spd Automatic,",5,Petrol,https://manheim.co.nz/damaged-vehicles/000000000007403654/2008-mazda-mazda6-wagon-glx-2-0-5-aut-station-wagon?referringPage=SearchResults
Mazda,Atenza,2010,No,$500,N/A,," Left Rear Damage, Left Side Damage, Structural Damage, Selling De-Registered","Automatic,",5,Petrol,https://manheim.co.nz/damaged-vehicles/000000000007403658/2010-mazda-atenza-station-wagon?referringPage=SearchResults
Triumph,Bonneville Bobber,2020,No,"$1,600","31,600",," Structural Damage, Selling De-Registered","Automatic,",N/A,Petrol,https://manheim.co.nz/damaged-vehicles/000000000007393669/2020-triumph-bonneville-bobber-1200-dv-motorcycle?referringPage=SearchResults
ROYAL ENFIELD,Classic,2018,No,$650,"47,576",," Front Damage, Structural Damage, Selling De-Registered",N/A,N/A,Petrol,https://manheim.co.nz/damaged-vehicles/000000000007393673/2018-royal-enfield-classic-motorcycle?referringPage=SearchResults
Subaru,Legacy,2010,No,"$1,000",N/A,," Left Front Damage, Left Side Damage, Airbags Deployed, Underbody Damage, Selling De-Registered","CVT,",5,Petrol,https://manheim.co.nz/damaged-vehicles/000000000007403676/2010-subaru-legacy-station-wagon?referringPage=SearchResults
Suzuki,Swift,2007,Yes,$650,N/A,," Right Front Damage, Selling Registered","4spd Automatic,",5,Petrol,https://manheim.co.nz/damaged-vehicles/000000000007403693/2007-suzuki-swift-hatch?referringPage=SearchResults
Suzuki,Swift,2006,No,$0,N/A,," Rear Damage, Structural Damage, Selling De-Registered","Automatic,",5,Petrol,https://manheim.co.nz/damaged-vehicles/000000000007413691/2006-suzuki-swift-hatch?referringPage=SearchResults
Mazda,Axela,2005,No,$600,"218,867",," Front Damage, Structural Damage, Selling De-Registered","Automatic,",5,Petrol,https://manheim.co.nz/damaged-vehicles/000000000007403701/2005-mazda-axela-hatch?referringPage=SearchResults
Yamaha,MW155AP,2024,Yes,$625,N/A,, Selling Registered,N/A,2,Petrol,https://manheim.co.nz/damaged-vehicles/000000000007403708/2024-yamaha-mw155ap-p-motorcycle?referringPage=SearchResults
Toyota,86,2018,No,N/A,"67,753",," Front Damage, Right Rear Damage, Right Side Damage, Airbags Deployed, Structural Damage, Selling De-Registered","Automatic,",4,Petrol,https://manheim.co.nz/damaged-vehicles/000000000007403732/2018-toyota-86-gt86-2-0p-6at-coup%C3%A9?referringPage=SearchResults
Honda,VTR,1998,No,$0,"904,334",," Light Dmg, Selling De-Registered",N/A,N/A,Petrol,https://manheim.co.nz/damaged-vehicles/000000000007393735/1998-honda-vtr-250-motorcycle?referringPage=SearchResults
Ford,Ranger,2017,No,N/A,"185,092",," Chassis Damage, Rear Damage, Structural Damage, Selling De-Registered","Automatic,",5,Diesel,https://manheim.co.nz/damaged-vehicles/000000000007413808/2017-ford-ranger-xl-double-cab-w-sa-dual-cab-utility?referringPage=SearchResults
Volkswagen,Sharan,2012,Yes,$750,"214,689",," Front Damage, Rear Damage, Stolen & Recovered, Selling Registered","6spd Automatic,",7,Petrol,https://manheim.co.nz/damaged-vehicles/000000000007413812/2012-volkswagen-sharan-station-wagon?referringPage=SearchResults
Nissan,Primera,2005,Yes,$700,"106,215",," Stolen & Recovered, Selling Registered","CVT,",5,Petrol,https://manheim.co.nz/damaged-vehicles/000000000007413823/2005-nissan-primera-sedan?referringPage=SearchResults
Suzuki,Swift,2005,Yes,"$1,300","211,494",," Stolen & Recovered, Selling Registered","5spd Manual,",5,Petrol,https://manheim.co.nz/damaged-vehicles/000000000007413825/2005-suzuki-swift-hatch?referringPage=SearchResults
Nissan,Lafesta,2005,Yes,$750,N/A,," Stolen & Recovered, Selling Registered","5spd Automatic,",7,Petrol,https://manheim.co.nz/damaged-vehicles/000000000007413828/2005-nissan-lafesta-highway-star-station-wagon?referringPage=SearchResults
Holden,Trax,2015,Yes,$650,1,," No Keys, Selling Registered","Automatic,",5,Petrol,https://manheim.co.nz/damaged-vehicles/000000000007393823/2015-holden-trax-ltz-1-4p-6at-sw-4dr-station-wagon?referringPage=SearchResults
Toyota,Corolla,2015,No,"$1,850",N/A,," Airbags Deployed, Front Damage, Airbags Deployed, Structural Damage, Selling De-Registered","Automatic,",5,Hybrid,https://manheim.co.nz/damaged-vehicles/000000000007383838/2015-toyota-corolla-fielder-station-wagon?referringPage=SearchResults
Nissan,Note,2015,Yes,"$3,150","54,627",," No Major Panel Dmg, Stolen & Recovered, Selling Registered","Automatic,",5,Petrol,https://manheim.co.nz/damaged-vehicles/000000000007413831/2015-nissan-note-hatch?referringPage=SearchResults
Nissan,Leaf,2011,Yes,$0,"115,042",," Rear Damage, Selling Registered","Automatic, Fuel Type, Electri",5,Electric,https://manheim.co.nz/damaged-vehicles/000000000007373840/2011-nissan-leaf-hatch?referringPage=SearchResults
Toyota,Hiace,2013,No,N/A,"252,713",," Front Damage, Roof Damage, Structural Damage, Selling De-Registered","5spd Manual,",3,Diesel,https://manheim.co.nz/damaged-vehicles/000000000007413855/2013-toyota-hiace-zl-3-0td-5m-3-seat-van?referringPage=SearchResults
Ford,Focus,2014,No,$500,"57,617",," Left Front Damage, Right Front Damage, Structural Damage, Selling De-Registered","Automatic,",5,Petrol,https://manheim.co.nz/damaged-vehicles/000000000007403860/2014-ford-focus-hatch?referringPage=SearchResults
Honda,Accord,2000,No,$500,"175,673",," Front Damage, Left Side Damage, Structural Damage, Selling De-Registered","4spd Automatic,",5,Petrol,https://manheim.co.nz/damaged-vehicles/000000000007403867/2000-honda-accord-sedan?referringPage=SearchResults
Toyota,Hiace,1996,Yes,$0,"244,437",," Front Damage, Right Side Damage, Selling Registered",N/A,8,Diesel,https://manheim.co.nz/damaged-vehicles/000000000007413899/1996-toyota-hiace-super-custom-window-van?referringPage=SearchResults
Mitsubishi,Outlander,2015,No,$0,"188,572",," Left Front Damage, Structural Damage, Selling De-Registered","Automatic,",7,Diesel,https://manheim.co.nz/damaged-vehicles/000000000007413902/2015-mitsubishi-outlander-vrx-2-3d-4wd-6at-sw-station-wagon?referringPage=SearchResults
Lexus,RX450H,2009,No,N/A,"180,425",," Front Damage, Structural Damage, Selling De-Registered","Automatic,",5,Hybrid,https://manheim.co.nz/damaged-vehicles/000000000007413910/2009-lexus-rx450h-hybrid-station-wagon?referringPage=SearchResults
Honda,fit,2005,Yes,$0,N/A,," Ignition Damage, Right Side Damage, Dismantled - Interior, Selling Registered","Automatic,",5,Petrol,https://manheim.co.nz/damaged-vehicles/000000000007403922/2005-honda-fit-hatch?referringPage=SearchResults
Nissan,Note,2014,No,$500,"96,023",," Right Front Damage, Right Rear Damage, Structural Damage, Selling De-Registered","Automatic,",5,Petrol,https://manheim.co.nz/damaged-vehicles/000000000007413943/2014-nissan-note-station-wagon?referringPage=SearchResults
Yamaha,2021,N/A,No,"$4,600",487,," Chassis Damage, Structural Damage, Suspension Damage, Selling De-Registered","Automatic, Drive Type, 4x4, Fuel Type, Petro",N/A,Petrol,https://manheim.co.nz/damaged-vehicles/000000000007413945/yamaha-2021-wolverine-motorcycle?referringPage=SearchResults
Ford,Ranger,2015,No,N/A,N/A,," Front Damage, Left Side Damage, Rear Damage, Roof Damage, Right Rear Damage, Right Side Damage, Airbags Deployed, Dismantled - Interior, Underbody Damage, Structural Damage, Stolen & Recovered, Selling De-Registered","Automatic,",5,Diesel,https://manheim.co.nz/damaged-vehicles/000000000007403969/2015-ford-ranger-xl-double-cab-w-s-3-dual-cab-utility?referringPage=SearchResults
Ford,Territory,2013,No,$0,"166,691",," Front Damage, Left Front Damage, Structural Damage, Selling De-Registered","Automatic,",7,Diesel,https://manheim.co.nz/damaged-vehicles/000000000007413981/2013-ford-territory-titanium-awd-diesel-station-wagon?referringPage=SearchResults
Skoda,Kodiaq,2022,No,N/A,"57,418",, Selling De-Registered,"Automatic,",7,Diesel,https://manheim.co.nz/damaged-vehicles/000000000007413984/2022-skoda-kodiaq-sportline-tdi-147kw-station-wagon?referringPage=SearchResults
Kia,Sportage,2019,No,N/A,N/A,," Right Side Damage, Airbags Deployed, Structural Damage, Suspension Damage, Selling De-Registered",N/A,5,Petrol,https://manheim.co.nz/damaged-vehicles/000000000007413987/2019-kia-sportage-urban-ex-2-0p-station-wagon?referringPage=SearchResults
Toyota,Camry,2015,No,"$1,700","401,661",," Front Damage, Structural Damage, Selling De-Registered",N/A,5,Hybrid,https://manheim.co.nz/damaged-vehicles/000000000007413989/2015-toyota-camry-hybrid-synergy-driv-sedan?referringPage=SearchResults
Hyundai,I30,2023,Yes,"$6,350","102,637",," Left Front Damage, Left Side Damage, Selling Registered","6spd Automatic,",5,Petrol,https://manheim.co.nz/damaged-vehicles/000000000007414000/2023-hyundai-i30-pde-1-5-hatch-1-5p-hatch?referringPage=SearchResults
Honda,GL,2010,No,"$1,500","102,978",," Structural Damage, Selling De-Registered","Automatic,",N/A,Petrol,https://manheim.co.nz/damaged-vehicles/000000000007414037/2010-honda-gl-1800-motorcycle?referringPage=SearchResults
Mercedes-Benz,E,2009,No,"$1,700",N/A,," Front Damage, Rear Damage, Structural Damage, Selling De-Registered","Automatic,",5,Petrol,https://manheim.co.nz/damaged-vehicles/000000000007414041/2009-mercedes-benz-e-e350-sport-edition-sedan?referringPage=SearchResults
Ford,Territory,2004,No,$500,N/A,," Left Front Damage, Left Side Damage, Dismantled - Entire Vehicle, Selling De-Registered","Automatic,",7,Petrol,https://manheim.co.nz/damaged-vehicles/000000000007394058/2004-ford-territory-tx-rwd-station-wagon?referringPage=SearchResults
Toyota,Aqua,2016,No,"$1,500",N/A,," Left Front Damage, Left Side Damage, Right Side Damage, Structural Damage, Selling De-Registered","Automatic,",5,Hybrid,https://manheim.co.nz/damaged-vehicles/000000000007404061/2016-toyota-aqua-hybrid-hatch?referringPage=SearchResults
Ford,Falcon,2003,No,$500,N/A,," Left Side Damage, Roof Damage, Right Side Damage, Dismantled - Entire Vehicle, Selling De-Registered","Automatic,",5,Petrol,https://manheim.co.nz/damaged-vehicles/000000000007394126/2003-ford-falcon-ba-futura-4fa-sedan?referringPage=SearchResults
Mazda,MAZDA3,2014,No,$750,"147,863",," Right Side Damage, Structural Damage, Selling De-Registered","Automatic,",5,Petrol,https://manheim.co.nz/damaged-vehicles/000000000007414135/2014-mazda-mazda3-hatch-glx-2-0-5at-hatch?referringPage=SearchResults
CARAVAN,Swift Challenger 490,2004,No,"$1,800",N/A,0," Interior Damage, Selling De-Registered",N/A,N/A,N/A,https://manheim.co.nz/damaged-vehicles/000000000007414176/2004-caravan-swift-challenger-490-caravan?referringPage=SearchResults
Mitsubishi,Colt,2008,Yes,$0,"86,769",," Ignition Damage, Stolen & Recovered, Selling Registered","Automatic,",5,Petrol,https://manheim.co.nz/damaged-vehicles/000000000007414182/2008-mitsubishi-colt-hatch?referringPage=SearchResults
Ford,Mondeo,2010,Yes,$0,"377,090",," Right Front Damage, Right Rear Damage, Right Side Damage, Selling Registered",N/A,5,Diesel,https://manheim.co.nz/damaged-vehicles/000000000007414184/2010-ford-mondeo-2-0td-sedan-a-sedan?referringPage=SearchResults
Ssangyong,Korando,2020,Yes,$0,"73,493",, Selling Registered,"6spd Automatic,",5,Petrol,https://manheim.co.nz/damaged-vehicles/000000000007414189/2020-ssangyong-korando-petrol-auto-limited-station-wagon?referringPage=SearchResults
Suzuki,Escudo,2007,No,$0,"228,818",," Left Side Damage, Structural Damage, Selling De-Registered","Automatic,",5,Petrol,https://manheim.co.nz/damaged-vehicles/000000000007404195/2007-suzuki-escudo-station-wagon?referringPage=SearchResults
Honda,fit,2014,No,"$1,300","230,985",," Left Front Damage, Left Rear Damage, Right Front Damage, Structural Damage, Selling De-Registered","Automatic,",5,Hybrid,https://manheim.co.nz/damaged-vehicles/000000000007404199/2014-honda-fit-shuttle-hatch?referringPage=SearchResults
Toyota,Corolla,2004,Yes,"$1,850","211,472",," Stolen & Recovered, Selling Registered","Automatic,",5,Petrol,https://manheim.co.nz/damaged-vehicles/000000000007404202/2004-toyota-corolla-sedan?referringPage=SearchResults
Ford,Ranger,2014,No,N/A,"239,353",," Engine Damage, Front Damage, Structural Damage, Accident Damage, Selling De-Registered",N/A,5,Diesel,https://manheim.co.nz/damaged-vehicles/000000000007414201/2014-ford-ranger-td-xlt-dc-w-sa-3-2d-utility?referringPage=SearchResults
Suzuki,LT A500X,2011,No,$0,"3,467",," Structural Damage, Selling De-Registered","Automatic,",N/A,N/A,https://manheim.co.nz/damaged-vehicles/000000000007414217/2011-suzuki-lt-a500x-quad-bike?referringPage=SearchResults
Mazda,Axela,2014,No,$0,"159,301",," Front Damage, Rear Damage, Structural Damage, Accident Damage, Selling De-Registered",N/A,5,Petrol,https://manheim.co.nz/damaged-vehicles/000000000007414219/2014-mazda-axela-hatch?referringPage=SearchResults
FORZA,Capri,2020,No,$50,"27,411",," Structural Damage, Selling De-Registered",N/A,N/A,Petrol,https://manheim.co.nz/damaged-vehicles/000000000007404219/2020-forza-capri-lx-scooter?referringPage=SearchResults
Mazda,CX-30,2020,No,N/A,N/A,," Front Damage, Structural Damage, Selling De-Registered","Automatic,",5,Petrol,https://manheim.co.nz/damaged-vehicles/000000000007414227/2020-mazda-cx-30-hatch?referringPage=SearchResults
Toyota,Prius,2001,Yes,$0,N/A,," Glass Broken, Ignition Damage, Right Side Damage, Selling Registered","Automatic,",5,Hybrid,https://manheim.co.nz/damaged-vehicles/000000000007414236/2001-toyota-prius-hybrid-sedan?referringPage=SearchResults
Toyota,Hilux,2001,No,"$1,500","301,998",," Glass Broken, Interior Damage, Ignition Damage, Vandalised - Entire Vehicle, Dismantled - Entire Vehicle, Structural Damage, Stolen & Recovered, Suspension Damage, Selling De-Registered","Manual,",5,Diesel,https://manheim.co.nz/damaged-vehicles/000000000007404235/2001-toyota-hilux-3-0d-2wd-sr5-d-c-5m-dual-cab-chassis?referringPage=SearchResults
Honda,GB,2025,Yes,"$2,250","6,607",," Right Rear Damage, Selling Registered","Automatic,",N/A,Petrol,https://manheim.co.nz/damaged-vehicles/000000000007404239/2025-honda-gb-350r-motorcycle?referringPage=SearchResults
Hyundai,Elantra,2004,Yes,$0,"223,033",, Selling Registered,N/A,5,Petrol,https://manheim.co.nz/damaged-vehicles/000000000007414244/2004-hyundai-elantra-2-0-gls-5d-a4-hatch?referringPage=SearchResults
Honda,Civic,2007,No,$0,"223,811",," Left Rear Damage, Left Side Damage, Rear Damage, Structural Damage, Accident Damage, Selling De-Registered",N/A,5,Petrol,https://manheim.co.nz/damaged-vehicles/000000000007414247/2007-honda-civic-sedan?referringPage=SearchResults
Volkswagen,Polo,2012,No,$0,N/A,," Rear Damage, Structural Damage, Selling De-Registered","Automatic,",5,Petrol,https://manheim.co.nz/damaged-vehicles/000000000007414257/2012-volkswagen-polo-tsi-hatch?referringPage=SearchResults
Yamaha,MT03LA,2022,Yes,"$2,100","23,474",," Left Side Damage, Right Side Damage, Selling Registered",N/A,N/A,Petrol,https://manheim.co.nz/damaged-vehicles/000000000007404254/2022-yamaha-mt03la-m-motorcycle?referringPage=SearchResults
Subaru,XV,2013,No,$0,"124,376",," Rear Damage, Structural Damage, Selling De-Registered",N/A,5,Petrol,https://manheim.co.nz/damaged-vehicles/000000000007314252/2013-subaru-xv-hatch?referringPage=SearchResults
TORROT,Muvi,2017,No,$41,1,," Water Damage, Selling De-Registered","Automatic, Fuel Type, Electri",N/A,Electric,https://manheim.co.nz/damaged-vehicles/000000000007404262/2017-torrot-muvi-city-scooter?referringPage=SearchResults
Mazda,Axela,2005,No,$0,"244,100",," Right Side Damage, Structural Damage, Selling De-Registered","Automatic,",5,Petrol,https://manheim.co.nz/damaged-vehicles/000000000007414270/2005-mazda-axela-hatch?referringPage=SearchResults
Toyota,Allion,2005,No,$0,N/A,," Right Rear Damage, Right Side Damage, Structural Damage, Selling De-Registered","Automatic,",5,Petrol,https://manheim.co.nz/damaged-vehicles/000000000007414272/2005-toyota-allion-sedan?referringPage=SearchResults
Toyota,Aqua,2015,No,$0,"83,924",," Front Damage, Right Side Damage, Structural Damage, Selling De-Registered",N/A,5,Hybrid,https://manheim.co.nz/damaged-vehicles/000000000007414277/2015-toyota-aqua-hatch?referringPage=SearchResults
Toyota,Hiace,2005,No,$0,"267,111",," Rolled, Structural Damage, Accident Damage, Selling De-Registered",N/A,3,Petrol,https://manheim.co.nz/damaged-vehicles/000000000007414283/2005-toyota-hiace-van?referringPage=SearchResults
Toyota,Hilux,1998,No,"$1,450","348,930",," Interior Damage, Left Side Damage, Roof Damage, Right Front Damage, Structural Damage, Selling De-Registered","Automatic,",5,Petrol,https://manheim.co.nz/damaged-vehicles/000000000007414295/1998-toyota-hilux-surf-station-wagon?referringPage=SearchResults
Mitsubishi,Outlander,2010,No,$0,"233,917",," Front Damage, Structural Damage, Selling De-Registered",N/A,7,Petrol,https://manheim.co.nz/damaged-vehicles/000000000007414299/2010-mitsubishi-outlander-station-wagon?referringPage=SearchResults
Suzuki,Swift,2013,Yes,$0,N/A,," Left Front Damage, Right Rear Damage, Right Side Damage, Selling Registered","Automatic,",5,Petrol,https://manheim.co.nz/damaged-vehicles/000000000007414301/2013-suzuki-swift-hatch?referringPage=SearchResults
Ford,Fairlane,2003,No,$750,N/A,," Roof Damage, Right Front Damage, Right Rear Damage, Right Side Damage, Dismantled - Entire Vehicle, Selling De-Registered","Automatic,",5,LPG,https://manheim.co.nz/damaged-vehicles/000000000007394309/2003-ford-fairlane-ba-frln-ghia-6c-sedan?referringPage=SearchResults
Toyota,Wish,2004,No,$0,"148,936",," Rear Damage, Structural Damage, Selling De-Registered","Automatic,",7,Petrol,https://manheim.co.nz/damaged-vehicles/000000000007414314/2004-toyota-wish-station-wagon?referringPage=SearchResults
Mazda,Axela,2014,No,$0,N/A,," Right Rear Damage, Structural Damage, Selling De-Registered",N/A,5,Hybrid,https://manheim.co.nz/damaged-vehicles/000000000007414321/2014-mazda-axela-hybrid-sedan?referringPage=SearchResults
Toyota,Spade,2012,No,$0,"165,570",," Front Damage, Left Front Damage, Right Front Damage, Structural Damage, Selling De-Registered","Automatic,",5,Petrol,https://manheim.co.nz/damaged-vehicles/000000000007414322/2012-toyota-spade-station-wagon?referringPage=SearchResults
Ford,Focus,2010,No,$0,"220,067",," Airbags Deployed, Front Damage, Left Front Damage, Left Side Damage, Right Front Damage, Structural Damage, Selling De-Registered","5spd Manual,",5,Diesel,https://manheim.co.nz/damaged-vehicles/000000000007414335/2010-ford-focus-1-8td-wagon-station-wagon?referringPage=SearchResults
Suzuki,Swift,2013,No,$0,"99,685",," Front Damage, Left Rear Damage, Rear Damage, Structural Damage, Selling De-Registered","Automatic,",5,Petrol,https://manheim.co.nz/damaged-vehicles/000000000007414344/2013-suzuki-swift-hatch?referringPage=SearchResults
Ford,Falcon,2010,No,$800,"85,000",," Left Front Damage, Left Rear Damage, Left Side Damage, Roof Damage, Right Front Damage, Right Rear Damage, Dismantled - Entire Vehicle, Selling De-Registered","Automatic,",5,Petrol,https://manheim.co.nz/damaged-vehicles/000000000007414346/2010-ford-falcon-fg-xr6-sedan-a-sedan?referringPage=SearchResults
Honda,Odyssey,2005,Yes,$0,"254,141",," Right Side Damage, Selling Registered","Automatic,",7,Petrol,https://manheim.co.nz/damaged-vehicles/000000000007414370/2005-honda-odyssey-station-wagon?referringPage=SearchResults
Nissan,Skyline,2004,No,$0,N/A,," Fire Damage, Left Rear Damage, Right Rear Damage, Right Side Damage, Fire - Interior, Structural Damage, Stolen & Recovered, Selling De-Registered","Automatic,",5,Petrol,https://manheim.co.nz/damaged-vehicles/000000000007414392/2004-nissan-skyline-sedan?referringPage=SearchResults
Toyota,SAI,2010,No,$0,N/A,," Left Side Damage, Structural Damage, Selling De-Registered","Automatic,",5,Hybrid,https://manheim.co.nz/damaged-vehicles/000000000007414408/2010-toyota-sai-sedan?referringPage=SearchResults
Indian,Chief,2021,No,"$3,550","14,308",," Structural Damage, Selling De-Registered",N/A,N/A,Petrol,https://manheim.co.nz/damaged-vehicles/000000000007384436/2021-indian-chief-bobber-darkhorse-motorcycle?referringPage=SearchResults
Suzuki,Swift,2006,No,$0,1,," Front Damage, Structural Damage, Selling De-Registered","4spd Automatic,",5,Petrol,https://manheim.co.nz/damaged-vehicles/000000000007404442/2006-suzuki-swift-hatch?referringPage=SearchResults
Toyota,Estima,2001,No,$0,"121,828",," Front Damage, Structural Damage, Selling De-Registered","4spd Automatic,",8,Petrol,https://manheim.co.nz/damaged-vehicles/000000000007414544/2001-toyota-estima-station-wagon?referringPage=SearchResults
Nissan,X-trail,2014,No,$0,N/A,," Rear Damage, Right Rear Damage, Structural Damage, Selling De-Registered","CVT,",5,Petrol,https://manheim.co.nz/damaged-vehicles/000000000007414589/2014-nissan-x-trail-station-wagon?referringPage=SearchResults
Ford,Everest,2025,No,"$9,500",N/A,, Selling De-Registered,"10spd Automatic,",7,Diesel,https://manheim.co.nz/damaged-vehicles/000000000007354584/2025-ford-everest-black-edition-2-0d-station-wagon?referringPage=SearchResults
Ford,Focus,2006,No,$500,"170,723",," Engine Damage, Water Damage, Selling De-Registered","Automatic,",5,Petrol,https://manheim.co.nz/damaged-vehicles/000000000007414592/2006-ford-focus-2-0-m-hatch-hatch?referringPage=SearchResults
Peugeot,208,2014,No,$750,"77,380",," Left Rear Damage, Structural Damage, Selling De-Registered","Automatic,",5,Petrol,https://manheim.co.nz/damaged-vehicles/000000000007414607/2014-peugeot-208-allure-5-dr-hatch?referringPage=SearchResults
Kawasaki,ex,2014,No,$300,"45,885",," Front Damage, Left Side Damage, Right Side Damage, Structural Damage, Selling De-Registered","Automatic,",N/A,Petrol,https://manheim.co.nz/damaged-vehicles/000000000007414608/2014-kawasaki-ex-300b-motorcycle?referringPage=SearchResults
Toyota,Camry,2003,No,$0,"220,837",," Chassis Damage, Rear Damage, Structural Damage, Selling De-Registered","Automatic,",5,Petrol,https://manheim.co.nz/damaged-vehicles/000000000007404609/2003-toyota-camry-2-4g-sedan?referringPage=SearchResults
VICTORY,Gunner,2015,No,"$1,300","94,966",," Right Side Damage, Structural Damage, Selling De-Registered","Manual,",N/A,Petrol,https://manheim.co.nz/damaged-vehicles/000000000007414611/2015-victory-gunner-motorcycle?referringPage=SearchResults
Toyota,RAV4,2024,No,N/A,"49,501",," Chassis Damage, Rear Damage, Right Rear Damage, Right Side Damage, Structural Damage, Selling De-Registered","Automatic,",5,Hybrid,https://manheim.co.nz/damaged-vehicles/000000000007384610/2024-toyota-rav4-gx-2-5ph-4wd-hd-station-wagon?referringPage=SearchResults
Suzuki,Vitara,2017,No,"$1,450","104,000",," Left Front Damage, Left Side Damage, Underbody Damage, Structural Damage, Water Damage, Selling De-Registered","Automatic,",5,Petrol,https://manheim.co.nz/damaged-vehicles/000000000007394623/2017-suzuki-vitara-turbo-1-4pt-6at-station-wagon?referringPage=SearchResults
Ford,Fiesta,2012,No,$500,N/A,," Right Front Damage, Right Rear Damage, Right Side Damage, Underbody Damage, Selling De-Registered","5spd Manual,",5,Diesel,https://manheim.co.nz/damaged-vehicles/000000000007414651/2012-ford-fiesta-5dr-1-6-lx-m-diesel-hatch?referringPage=SearchResults
Ford,Falcon,2006,No,$500,N/A,," Left Side Damage, Roof Damage, Right Front Damage, Selling De-Registered","Automatic,",5,Petrol,https://manheim.co.nz/damaged-vehicles/000000000007414658/2006-ford-falcon-bf-futura-4fa-sedan?referringPage=SearchResults
Holden,VX Commodore,2001,No,$600,N/A,," Left Rear Damage, Roof Damage, Right Front Damage, Selling De-Registered","Automatic,",5,Petrol,https://manheim.co.nz/damaged-vehicles/000000000007414670/2001-holden-vx-commodore-3-8-berlina-sedan-a-sedan?referringPage=SearchResults
Mitsubishi,ASX,2020,No,$0,"124,141",," Front Damage, Has Key, Left Rear Damage, Left Side Damage, Structural Damage, Selling De-Registered","Automatic,",5,Petrol,https://manheim.co.nz/damaged-vehicles/000000000007414675/2020-mitsubishi-asx-station-wagon?referringPage=SearchResults
Nissan,Lafesta,2005,No,$0,"242,754",," Front Damage, Structural Damage, Selling De-Registered","Automatic,",7,Petrol,https://manheim.co.nz/damaged-vehicles/000000000007404674/2005-nissan-lafesta-station-wagon?referringPage=SearchResults
Holden,Vectra,2002,No,$400,N/A,," Left Front Damage, Left Rear Damage, Roof Damage, Selling De-Registered","Automatic,",5,Petrol,https://manheim.co.nz/damaged-vehicles/000000000007414680/2002-holden-vectra-2-2-cd-hatch-auto-hatch?referringPage=SearchResults
Suzuki,Swift,2008,No,"$1,300",N/A,, Selling De-Registered,"Automatic,",5,Petrol,https://manheim.co.nz/damaged-vehicles/000000000007354682/2008-suzuki-swift-1200-hatch?referringPage=SearchResults
Toyota,C-hr,2019,No,N/A,"86,009",," Left Side Damage, Rear Damage, Right Side Damage, Dismantled - Interior, Structural Damage, Selling De-Registered","Automatic,",5,Hybrid,https://manheim.co.nz/damaged-vehicles/000000000007364716/2019-toyota-c-hr-hybrid-hatch?referringPage=SearchResults
Suzuki,UK,2019,No,$150,"5,127",," Front Damage, Structural Damage, Selling De-Registered","Automatic,",N/A,Petrol,https://manheim.co.nz/damaged-vehicles/000000000007414715/2019-suzuki-uk-110ne-scooter?referringPage=SearchResults
Toyota,RAV4,2020,No,N/A,"207,027",," Front Damage, Structural Damage, Selling De-Registered","Automatic,",5,Hybrid,https://manheim.co.nz/damaged-vehicles/000000000007404711/2020-toyota-rav4-limited-2-5ph-4wd-h-station-wagon?referringPage=SearchResults
Honda,Stream,2010,No,$500,N/A,," Airbags Deployed, Front Damage, Left Front Damage, Right Front Damage, Airbags Deployed, Structural Damage, Selling De-Registered","Automatic,",7,Petrol,https://manheim.co.nz/damaged-vehicles/000000000007404724/2010-honda-stream-station-wagon?referringPage=SearchResults
Mazda,CX-9,2012,No,$0,"205,661",," Left Side Damage, Right Side Damage, Structural Damage, Selling De-Registered","Automatic,",7,Petrol,https://manheim.co.nz/damaged-vehicles/000000000007404727/2012-mazda-cx-9-4wd-ltd-3-7-6at-station-wagon?referringPage=SearchResults
Nissan,March,2013,No,$650,N/A,," Front Damage, Airbags Deployed, Structural Damage, Selling De-Registered",N/A,5,Petrol,https://manheim.co.nz/damaged-vehicles/000000000007414728/2013-nissan-march-hatch?referringPage=SearchResults
Suzuki,TF 125,2022,No,$225,"2,305",," Front Damage, Left Rear Damage, Structural Damage, Selling De-Registered","Manual,",N/A,N/A,https://manheim.co.nz/damaged-vehicles/000000000007404732/2022-suzuki-tf-125-motorcycle?referringPage=SearchResults
Volkswagen,T-cross,2022,No,N/A,"15,916",," Front Damage, Right Side Damage, Underbody Damage, Structural Damage, Selling De-Registered","Automatic,",5,Petrol,https://manheim.co.nz/damaged-vehicles/000000000007364741/2022-volkswagen-t-cross-tsi-life-dsg-1-0pt-station-wagon?referringPage=SearchResults
Audi,Q7,2013,No,"$1,000",N/A,," Front Damage, Airbags Deployed, Structural Damage, Selling De-Registered","4spd Automatic,",7,Diesel,https://manheim.co.nz/damaged-vehicles/000000000007364745/2013-audi-q7-3-0-tdi-quattro-tip-station-wagon?referringPage=SearchResults
ROYAL ENFIELD,Bear 650,2025,No,$400,"8,699",," Structural Damage, Selling De-Registered",N/A,N/A,Petrol,https://manheim.co.nz/damaged-vehicles/000000000007414753/2025-royal-enfield-bear-650-motorcycle?referringPage=SearchResults
Mazda,Demio,2005,No,$0,"134,477",," Interior Damage, Left Side Damage, Right Side Damage, Structural Damage, Stolen & Recovered, Selling De-Registered",N/A,5,Petrol,https://manheim.co.nz/damaged-vehicles/000000000007404776/2005-mazda-demio-hatch?referringPage=SearchResults
Volkswagen,Touareg,2013,No,"$3,450","184,859",," Right Side Damage, Selling De-Registered","Automatic,",5,Diesel,https://manheim.co.nz/damaged-vehicles/000000000007414806/2013-volkswagen-touareg-v6-tdi-station-wagon?referringPage=SearchResults
Mazda,Axela,2013,No,$0,N/A,," Airbags Deployed, Front Damage, Glass Broken, Left Front Damage, Right Front Damage, Structural Damage, Selling De-Registered",N/A,5,Petrol,https://manheim.co.nz/damaged-vehicles/000000000007414817/2013-mazda-axela-hatch?referringPage=SearchResults
Kia,Carnival,2025,No,N/A,"21,391",," Front Damage, Airbags Deployed, Structural Damage, Selling De-Registered","Automatic,",5,Diesel,https://manheim.co.nz/damaged-vehicles/000000000007414824/2025-kia-carnival-station-wagon?referringPage=SearchResults
Hino,700,2014,No,$0,100,, Engine Damage,N/A,2,N/A,https://manheim.co.nz/damaged-vehicles/000000000007384827/2014-hino-700-fs1elkg-wwn-curtainside-gvm-24-000kg?referringPage=SearchResults
Mazda,CX-5,2015,No,$200,N/A,," Fire Damage, Fire - Entire Vehicle, Structural Damage, Stolen & Recovered, Selling De-Registered","6spd Automatic,",5,Diesel,https://manheim.co.nz/damaged-vehicles/000000000007394908/2015-mazda-cx-5-gsxdsl-2-2d-4wd-6at-station-wagon?referringPage=SearchResults
Nissan,Skyline,2007,No,$500,"145,477",," Right Rear Damage, Structural Damage, Selling De-Registered","Automatic,",5,Petrol,https://manheim.co.nz/damaged-vehicles/000000000007404921/2007-nissan-skyline-sedan?referringPage=SearchResults
Mazda,CX-7,2011,No,$500,"144,020",," Right Rear Damage, Right Side Damage, Structural Damage, Selling De-Registered","Automatic,",5,Petrol,https://manheim.co.nz/damaged-vehicles/000000000007404925/2011-mazda-cx-7-station-wagon?referringPage=SearchResults
Holden,Commodore,2008,No,$500,"159,945",," Right Rear Damage, Structural Damage, Selling De-Registered","Automatic,",5,Petrol,https://manheim.co.nz/damaged-vehicles/000000000007404926/2008-holden-commodore-calais-v-sedan-v6-a-sedan?referringPage=SearchResults
MG,ZS,2022,No,$0,"75,993",," Rear Damage, Structural Damage, Selling De-Registered",N/A,5,Electric,https://manheim.co.nz/damaged-vehicles/000000000007404930/2022-mg-zs-ev-51kwh-ev-at-station-wagon?referringPage=SearchResults
Honda,Accord,1996,No,$500,"242,363",," Left Front Damage, Left Side Damage, Vandalised - Interior, Structural Damage, Selling De-Registered","Automatic,",4,Petrol,https://manheim.co.nz/damaged-vehicles/000000000007404934/1996-honda-accord-lxi-auto-sedan?referringPage=SearchResults
Audi,A1,2011,No,$500,"50,283",," Airbags Deployed, Left Front Damage, Right Front Damage, Right Side Damage, Airbags Deployed, Structural Damage, Selling De-Registered","Automatic,",4,Petrol,https://manheim.co.nz/damaged-vehicles/000000000007404939/2011-audi-a1-hatch?referringPage=SearchResults
Mercedes-Benz,B,2007,No,$500,"124,614",," Right Rear Damage, Right Side Damage, Structural Damage, Selling De-Registered","Automatic,",5,Petrol,https://manheim.co.nz/damaged-vehicles/000000000007404940/2007-mercedes-benz-b-200-hatch?referringPage=SearchResults
Toyota,SAI,2010,No,"$1,300",N/A,," Left Rear Damage, Right Rear Damage, Structural Damage, Selling De-Registered","Automatic,",5,Hybrid,https://manheim.co.nz/damaged-vehicles/000000000007404945/2010-toyota-sai-sedan?referringPage=SearchResults
Subaru,Impreza,2008,No,$0,N/A,," Rear Damage, Structural Damage, Suspension Damage, Selling De-Registered","Automatic,",5,Petrol,https://manheim.co.nz/damaged-vehicles/000000000007414962/2008-subaru-impreza-hatch?referringPage=SearchResults
Honda,Accord,2009,No,$0,N/A,," Left Side Damage, Structural Damage, Selling De-Registered",N/A,5,Petrol,https://manheim.co.nz/damaged-vehicles/000000000007374967/2009-honda-accord-sedan?referringPage=SearchResults
Cagiva,Raptor,2000,No,"$1,000",N/A,," Malicious/Vandalised, Selling De-Registered","6spd,",N/A,Petrol,https://manheim.co.nz/damaged-vehicles/000000000007404984/2000-cagiva-raptor-motorcycle?referringPage=SearchResults
Mazda,Axela,2010,No,"$1,000",N/A,," Left Front Damage, Left Rear Damage, Selling De-Registered","Automatic,",5,Petrol,https://manheim.co.nz/damaged-vehicles/000000000007414994/2010-mazda-axela-hatch?referringPage=SearchResults
Suzuki,Swift,2018,No,"$1,450","115,707",," Front Damage, Left Rear Damage, Right Front Damage, Right Rear Damage, Structural Damage, Selling De-Registered","CVT,",5,Petrol,https://manheim.co.nz/damaged-vehicles/000000000007405000/2018-suzuki-swift-glxc-1-2p-cvt-hatch?referringPage=SearchResults
Tesla,Model Y,2022,No,N/A,"216,137",," Front Damage, Left Side Damage, Right Side Damage, Airbags Deployed, Dismantled - Interior, Structural Damage, Water Damage, Selling De-Registered","Automatic, Drive Type, Rear Wheel Drive, Fuel Type, Electri",5,Electric,https://manheim.co.nz/damaged-vehicles/000000000007405035/2022-tesla-model-y-rear-wheel-drive-60-station-wagon?referringPage=SearchResults
BMW,X1 SDRIVE18I,2011,No,"$1,050","139,912",," Front Damage, Right Side Damage, Structural Damage, Selling De-Registered","Automatic,",5,Petrol,https://manheim.co.nz/damaged-vehicles/000000000007405091/2011-bmw-x1-sdrive18i-sav-6a-5dr-2-0l-touring?referringPage=SearchResults
Nissan,AD,2017,No,"$1,450",N/A,," Front Damage, Interior Damage, Vandalised - Interior, Structural Damage, Stolen & Recovered, Selling De-Registered",N/A,5,Petrol,https://manheim.co.nz/damaged-vehicles/000000000007385101/2017-nissan-ad-station-wagon?referringPage=SearchResults
Ford,Mondeo,2010,Yes,$400,"236,729",," Ignition Damage, Left Rear Damage, Right Rear Damage, Stolen & Recovered, Selling Registered",N/A,5,Petrol,https://manheim.co.nz/damaged-vehicles/000000000007405130/2010-ford-mondeo-2-3-sedan-aut-sedan?referringPage=SearchResults
Toyota,Corolla,2018,Yes,N/A,N/A,," Stolen & Recovered, Selling Registered","Automatic,",5,Hybrid,https://manheim.co.nz/damaged-vehicles/000000000007395169/2018-toyota-corolla-fielder-station-wagon?referringPage=SearchResults
CARAVAN,Swift Archway,2004,Yes,"$3,100",N/A,0, Selling Registered,N/A,N/A,N/A,https://manheim.co.nz/damaged-vehicles/000000000007415289/2004-caravan-swift-archway-caravan?referringPage=SearchResults
MOPED,Adly GTA50,2013,No,$61,"4,035",," Left Front Damage, Right Front Damage, Right Side Damage, Structural Damage, Selling De-Registered","Automatic,",N/A,Petrol,https://manheim.co.nz/damaged-vehicles/000000000007415328/2013-moped-adly-gta50-scooter?referringPage=SearchResults
Toyota,Prius,2010,No,$0,N/A,," Front Damage, Left Side Damage, Structural Damage, Selling De-Registered","Automatic,",5,Hybrid,https://manheim.co.nz/damaged-vehicles/000000000007405342/2010-toyota-prius-hatch?referringPage=SearchResults
Mazda,Demio,2011,No,$500,N/A,," Front Damage, Ignition Damage, Vandalised - Interior, Airbags Deployed, Structural Damage, Stolen & Recovered, Selling De-Registered","Automatic,",5,Petrol,https://manheim.co.nz/damaged-vehicles/000000000007385372/2011-mazda-demio-hatch?referringPage=SearchResults
Volkswagen,Tiguan,2014,No,"$1,450","203,448",," Left Front Damage, Structural Damage, Selling De-Registered","Automatic,",5,Diesel,https://manheim.co.nz/damaged-vehicles/000000000007405387/2014-volkswagen-tiguan-tdi-103kw-7dsg-hatch?referringPage=SearchResults
Nissan,Juke,2010,No,$0,N/A,," Front Damage, Structural Damage, Selling De-Registered","CVT,",5,Petrol,https://manheim.co.nz/damaged-vehicles/000000000007405390/2010-nissan-juke-hatch?referringPage=SearchResults
Ford,Focus,2009,No,$500,N/A,," Left Front Damage, Right Front Damage, Selling De-Registered","Automatic,",5,Petrol,https://manheim.co.nz/damaged-vehicles/000000000007395403/2009-ford-focus-2-0-auto-hatch?referringPage=SearchResults
Suzuki,SX4 S-cross,2018,No,"$2,300","82,562",," Left Rear Damage, Rear Damage, Right Front Damage, Right Rear Damage, Structural Damage, Suspension Damage, Selling De-Registered","Automatic,",5,Petrol,https://manheim.co.nz/damaged-vehicles/000000000007395415/2018-suzuki-sx4-s-cross-ltd-1-6p-6at-hatch?referringPage=SearchResults
MINI,Cooper,2010,No,$500,"81,505",," Right Side Damage, Structural Damage, Selling De-Registered","Automatic,",4,Petrol,https://manheim.co.nz/damaged-vehicles/000000000007405412/2010-mini-cooper-hatch-6a-2dr-1-6i-hatch?referringPage=SearchResults
Ford,Kuga,2013,No,$750,"128,889",," Roof Damage, Structural Damage, Selling De-Registered","Automatic,",5,Petrol,https://manheim.co.nz/damaged-vehicles/000000000007405418/2013-ford-kuga-station-wagon?referringPage=SearchResults
Opel,Astra,2002,Yes,$500,N/A,," Right Side Damage, Dismantled - Interior, Selling Registered","Automatic,",4,Petrol,https://manheim.co.nz/damaged-vehicles/000000000007395442/2002-opel-astra-cabriolet?referringPage=SearchResults
Ford,Fiesta,2007,No,$600,"117,388",," Left Front Damage, Right Front Damage, Selling De-Registered","Manual,",5,Petrol,https://manheim.co.nz/damaged-vehicles/000000000007395452/2007-ford-fiesta-5dr-1-6-m-hatch?referringPage=SearchResults
Triumph,Speedmaster,2010,Yes,"$1,600","95,389",," Left Side Damage, Selling Registered","Automatic,",N/A,Petrol,https://manheim.co.nz/damaged-vehicles/000000000007405497/2010-triumph-speedmaster-900-ml2-motorcycle?referringPage=SearchResults
Peugeot,ALLURE,2013,No,$500,1,, Selling De-Registered,"Automatic,",5,Petrol,https://manheim.co.nz/damaged-vehicles/000000000007395504/2013-peugeot-allure-hatch?referringPage=SearchResults
Ford,Mondeo,2006,No,$300,"59,759",," Left Front Damage, Left Side Damage, Selling De-Registered","Automatic,",5,Petrol,https://manheim.co.nz/damaged-vehicles/000000000007395521/2006-ford-mondeo-2-0-sedan-aut-sedan?referringPage=SearchResults
Ford,Mondeo,2009,No,$600,"126,145",," Left Front Damage, Selling De-Registered","Automatic,",5,Diesel,https://manheim.co.nz/damaged-vehicles/000000000007395534/2009-ford-mondeo-2-0td-sedan-a-sedan?referringPage=SearchResults
Suzuki,GW250,2015,No,$600,"52,328",," Front Damage, Stolen & Recovered, Selling De-Registered","Automatic,",N/A,Petrol,https://manheim.co.nz/damaged-vehicles/000000000007395553/2015-suzuki-gw250-inazuma-lam-motorcycle?referringPage=SearchResults
Toyota,Hilux,2017,No,N/A,N/A,," Water Damage, Selling De-Registered",N/A,N/A,Diesel,https://manheim.co.nz/damaged-vehicles/000000000007375572/2017-toyota-hilux-sr-td-dc-cc-2-8d-4w-cab-chassis?referringPage=SearchResults
Toyota,Camry,2011,No,$0,"138,252",," Front Damage, Left Front Damage, Left Side Damage, Structural Damage, Selling De-Registered","Automatic,",5,Petrol,https://manheim.co.nz/damaged-vehicles/000000000007365630/2011-toyota-camry-2-4p-gl-sedan-5a-sedan?referringPage=SearchResults
KIWI,50 Scooter Express,2025,Yes,$201,790,," Right Side Damage, Selling Registered","Automatic,",N/A,Petrol,https://manheim.co.nz/damaged-vehicles/000000000007405635/2025-kiwi-50-scooter-express-scooter?referringPage=SearchResults
Mitsubishi,Triton,2024,No,N/A,1,," Rolled, Structural Damage, Selling De-Registered",N/A,5,Diesel,https://manheim.co.nz/damaged-vehicles/000000000007405636/2024-mitsubishi-triton-dc-c-glx-4wd-6at-2--dual-cab-utility?referringPage=SearchResults
Toyota,Hilux,2004,No,$0,"233,396",," Chassis Damage, Glass Broken, Left Side Damage, Rear Damage, Roof Damage, Rolled, Right Side Damage, Structural Damage, Selling De-Registered","Automatic,",5,Diesel,https://manheim.co.nz/damaged-vehicles/000000000007375654/2004-toyota-hilux-utility?referringPage=SearchResults
Suzuki,SV650AU,2020,No,$550,N/A,," Front Damage, Structural Damage, Selling De-Registered","Automatic,",N/A,Petrol,https://manheim.co.nz/damaged-vehicles/000000000007405660/2020-suzuki-sv650au-abs-lams-motorcycle?referringPage=SearchResults
Toyota,Corolla,2017,No,N/A,N/A,," Front Damage, Structural Damage, Selling De-Registered","Automatic,",5,Hybrid,https://manheim.co.nz/damaged-vehicles/000000000007405736/2017-toyota-corolla-axio-hybrid-sedan?referringPage=SearchResults
Fiat,Punto,2002,No,$500,N/A,," Left Side Damage, Right Rear Damage, Right Side Damage, Selling De-Registered","5spd Manual,",5,Petrol,https://manheim.co.nz/damaged-vehicles/000000000007405744/2002-fiat-punto-hgt-3-dr-abarth-hatch?referringPage=SearchResults
Mitsubishi,Colt,2005,No,$500,N/A,, Selling De-Registered,"CVT,",5,Petrol,https://manheim.co.nz/damaged-vehicles/000000000007405750/2005-mitsubishi-colt-station-wagon?referringPage=SearchResults
Mazda,MAZDA2,2003,Yes,$700,"175,010",, Selling Registered,"Automatic,",5,Petrol,https://manheim.co.nz/damaged-vehicles/000000000007405755/2003-mazda-mazda2-hatch-5-dr-1-5-auto-hatch?referringPage=SearchResults
Honda,CBR,2019,No,"$1,300","16,261",," Front Damage, Right Side Damage, Structural Damage, Selling De-Registered","Automatic,",N/A,Petrol,https://manheim.co.nz/damaged-vehicles/000000000007405771/2019-honda-cbr-500-p-motorcycle?referringPage=SearchResults
Ford,Falcon UTE,2004,No,"$1,500","160,529",," Left Front Damage, Left Rear Damage, Right Front Damage, Right Rear Damage, Right Side Damage, Dismantled - Entire Vehicle, Selling De-Registered","Automatic,",2,Petrol,https://manheim.co.nz/damaged-vehicles/000000000007395775/2004-ford-falcon-ute-ba-xr6-pick-up-fa-utility?referringPage=SearchResults
Volkswagen,Golf,2010,No,"$1,450",N/A,," Left Front Damage, Left Side Damage, Right Side Damage, Vandalised - Interior, Airbags Deployed, Underbody Damage, Selling De-Registered","6spd Automatic,",5,Petrol,https://manheim.co.nz/damaged-vehicles/000000000007405792/2010-volkswagen-golf-r-199kw-6dsg-hatch?referringPage=SearchResults
Toyota,Prius,2017,No,"$2,300",N/A,," Left Front Damage, Airbags Deployed, Selling De-Registered","CVT,",5,Hybrid,https://manheim.co.nz/damaged-vehicles/000000000007405799/2017-toyota-prius-hatch?referringPage=SearchResults
Honda,Saber,2000,Yes,$600,N/A,," Left Rear Damage, Selling Registered","Automatic,",5,Petrol,https://manheim.co.nz/damaged-vehicles/000000000007405800/2000-honda-saber-3-2-v-sedan?referringPage=SearchResults
Nissan,Skyline,2008,Yes,$0,1,, Selling Registered,"Automatic,",4,Petrol,https://manheim.co.nz/damaged-vehicles/000000000007405802/2008-nissan-skyline-sedan?referringPage=SearchResults
Toyota,Prius,2015,No,$0,"363,974",," Rear Damage, Right Rear Damage, Structural Damage, Selling De-Registered","4spd Automatic,",5,Hybrid,https://manheim.co.nz/damaged-vehicles/000000000007395810/2015-toyota-prius-hybrid-hatch?referringPage=SearchResults
Suzuki,UZ50,2024,No,$175,"15,694",," Front Damage, Structural Damage, Selling De-Registered","Automatic,",N/A,Petrol,https://manheim.co.nz/damaged-vehicles/000000000007385811/2024-suzuki-uz50-scooter?referringPage=SearchResults
Ford,Mondeo,2013,No,$200,N/A,," Front Damage, Rear Damage, Structural Damage, Selling De-Registered","5spd Automatic,",5,Diesel,https://manheim.co.nz/damaged-vehicles/000000000007385816/2013-ford-mondeo-zetec-2-0td-a-hatch?referringPage=SearchResults
Mitsubishi,Colt,2008,Yes,$600,"130,099",," Left Side Damage, Right Front Damage, Right Side Damage, Dismantled - Interior, Selling Registered","CVT,",5,Petrol,https://manheim.co.nz/damaged-vehicles/000000000007405835/2008-mitsubishi-colt-hatch?referringPage=SearchResults
Ford,Falcon,2007,No,$800,N/A,," Left Front Damage, Left Rear Damage, Right Front Damage, Right Rear Damage, Right Side Damage, Selling De-Registered","Automatic,",5,Petrol,https://manheim.co.nz/damaged-vehicles/000000000007395853/2007-ford-falcon-bf2-xr6-sedan-a-sedan?referringPage=SearchResults
Ford,Fiesta,2012,No,$700,N/A,," Right Front Damage, Selling De-Registered","Automatic,",5,Petrol,https://manheim.co.nz/damaged-vehicles/000000000007395855/2012-ford-fiesta-5dr-1-6-lx-a-hatch?referringPage=SearchResults
Nissan,X-trail,2014,No,$0,N/A,," Front Damage, Structural Damage, Accident Damage, Selling De-Registered",N/A,5,Petrol,https://manheim.co.nz/damaged-vehicles/000000000007415860/2014-nissan-x-trail-station-wagon?referringPage=SearchResults
Volvo,XC60,2022,No,N/A,"50,415",," Water Damage, Selling De-Registered","Automatic,",5,N/A,https://manheim.co.nz/damaged-vehicles/000000000007415865/2022-volvo-xc60-b5-ultimate-bright-station-wagon?referringPage=SearchResults
Ford,Falcon,2002,No,$500,N/A,," Right Front Damage, Right Side Damage, Selling De-Registered","Automatic,",6,Petrol,https://manheim.co.nz/damaged-vehicles/000000000007395872/2002-ford-falcon-auiii-forte-w-ca-station-wagon?referringPage=SearchResults
Toyota,Auris,2010,No,$0,"140,932",," Glass Broken, Right Rear Damage, Structural Damage, Under Body Damage, Selling De-Registered",N/A,5,Petrol,https://manheim.co.nz/damaged-vehicles/000000000007405888/2010-toyota-auris-hatch?referringPage=SearchResults
Toyota,Hilux,1999,No,N/A,"459,455",," Roof Damage, Structural Damage, Selling De-Registered",N/A,5,Diesel,https://manheim.co.nz/damaged-vehicles/000000000007385906/1999-toyota-hilux-3-0d-4wd-d-c-ute-5m-dual-cab-utility?referringPage=SearchResults
Chrysler,PT Cruiser,2004,No,$600,N/A,," Left Front Damage, Left Side Damage, Selling De-Registered","4spd Automatic,",5,Petrol,https://manheim.co.nz/damaged-vehicles/000000000007385919/2004-chrysler-pt-cruiser-limited-auto-hatch?referringPage=SearchResults
Nissan,Note,2021,No,$0,"33,456",," Front Damage, Structural Damage, Selling De-Registered","Automatic,",5,Hybrid,https://manheim.co.nz/damaged-vehicles/000000000007405980/2021-nissan-note-hatch?referringPage=SearchResults
Suzuki,Swift,2023,No,"$1,450","45,206",," Airbags Deployed, Front Damage, Right Side Damage, Structural Damage, Selling De-Registered","Automatic,",5,Petrol,https://manheim.co.nz/damaged-vehicles/000000000007406024/2023-suzuki-swift-gl-1-2p-cvt-hatch?referringPage=SearchResults
Harley-Davidson,Touring,2014,No,"$3,200","87,068",," Front Damage, Left Side Damage, Frame Damaged, Right Side Damage, Structural Damage, Selling De-Registered",N/A,N/A,Petrol,https://manheim.co.nz/damaged-vehicles/000000000007406045/2014-harley-davidson-touring-14-street-glide-motorcycle?referringPage=SearchResults
Nissan,Bluebird,2005,Yes,$0,"102,332",," Front Damage, Left Front Damage, Left Side Damage, Selling Registered",N/A,5,Petrol,https://manheim.co.nz/damaged-vehicles/000000000007416042/2005-nissan-bluebird-sylphy-sedan?referringPage=SearchResults
Toyota,Yaris Cross,2023,No,$0,N/A,," Airbags Deployed, Front Damage, Glass Broken, Left Front Damage, Left Rear Damage, Left Side Damage, Rear Damage, Roof Damage, Rolled, Right Side Damage, Underbody Damage, Structural Damage, Selling De-Registered",N/A,5,Hybrid,https://manheim.co.nz/damaged-vehicles/000000000007416052/2023-toyota-yaris-cross-gx-1-5ph-hd-station-wagon?referringPage=SearchResults
BMW,G310,2021,Yes,"$1,200",N/A,," Right Side Damage, Selling Registered","Automatic,",N/A,Petrol,https://manheim.co.nz/damaged-vehicles/000000000007406054/2021-bmw-g310-r-motorcycle?referringPage=SearchResults
BMW,320i,2006,No,$750,N/A,," Left Front Damage, Selling De-Registered","5spd Automatic,",5,Petrol,https://manheim.co.nz/damaged-vehicles/000000000007386070/2006-bmw-320i-sedan?referringPage=SearchResults
Toyota,Hiace,2014,No,N/A,"312,141",," Left Rear Damage, Right Front Damage, Right Side Damage, Structural Damage, Selling De-Registered","4spd Automatic,",10,Petrol,https://manheim.co.nz/damaged-vehicles/000000000007406084/2014-toyota-hiace-van?referringPage=SearchResults
Mercedes-Benz,GLE,2016,No,N/A,"112,355",,N/A,"Automatic,",5,Petrol,https://manheim.co.nz/damaged-vehicles/000000000007406087/2016-mercedes-benz-gle-43-amg-3-0p-4wd-9at-5d-station-wagon?referringPage=SearchResults
Subaru,Forester,2012,No,$0,"263,529",," Front Damage, Structural Damage, Selling De-Registered","5spd Automatic,",5,Petrol,https://manheim.co.nz/damaged-vehicles/000000000007416115/2012-subaru-forester-x-aut-station-wagon?referringPage=SearchResults
Mazda,CX-5,2014,No,$0,"128,788",," Water Damage, Selling De-Registered","Automatic,",5,Petrol,https://manheim.co.nz/damaged-vehicles/000000000007416116/2014-mazda-cx-5-hatch?referringPage=SearchResults
Toyota,Passo,2007,No,$0,"75,029",," Rear Damage, Right Rear Damage, Structural Damage, Selling De-Registered","Automatic,",5,Petrol,https://manheim.co.nz/damaged-vehicles/000000000007416119/2007-toyota-passo-hatch?referringPage=SearchResults
Toyota,Blade,2007,No,$0,N/A,," Rear Damage, Structural Damage, Selling De-Registered","Automatic,",5,Petrol,https://manheim.co.nz/damaged-vehicles/000000000007416120/2007-toyota-blade-hatch?referringPage=SearchResults
Audi,Q3,2015,No,"$1,500",N/A,, Selling De-Registered,"6spd Automatic,",5,Petrol,https://manheim.co.nz/damaged-vehicles/000000000007406138/2015-audi-q3-station-wagon?referringPage=SearchResults
Audi,S5,2010,No,$0,"130,927",," Front Damage, Left Front Damage, Left Side Damage, Structural Damage, Selling De-Registered",N/A,4,Petrol,https://manheim.co.nz/damaged-vehicles/000000000007416154/2010-audi-s5-4-2fsi-quattro-tip-coup%C3%A9?referringPage=SearchResults
Mitsubishi,Lancer,2012,No,$0,N/A,," Front Damage, Structural Damage, Selling De-Registered",N/A,5,Petrol,https://manheim.co.nz/damaged-vehicles/000000000007416168/2012-mitsubishi-lancer-2-0-es-sedan-auto-sedan?referringPage=SearchResults
Holden,Commodore,2014,No,$0,"197,310",," Right Side Damage, Structural Damage, Selling De-Registered","Automatic,",5,Petrol,https://manheim.co.nz/damaged-vehicles/000000000007416172/2014-holden-commodore-vfevokev6-3-0p6a-sl-sedan?referringPage=SearchResults
GWM,GWM Cannon,2021,No,N/A,"161,392",," Chassis Damage, Rear Damage, Structural Damage, Selling De-Registered","Automatic,",5,Diesel,https://manheim.co.nz/damaged-vehicles/000000000007416178/2021-gwm-gwm-cannon-luxury-4x4-2-0dt-4w-dual-cab-utility?referringPage=SearchResults
Ford,Laser,2000,No,$600,N/A,, Selling De-Registered,"Manual,",5,Petrol,https://manheim.co.nz/damaged-vehicles/000000000007396174/2000-ford-laser-1-6-lx-5dr-man-hatch?referringPage=SearchResults
Mazda,Axela,2006,No,$700,N/A,," Front Damage, Left Side Damage, Right Side Damage, Selling De-Registered","Automatic,",5,Petrol,https://manheim.co.nz/damaged-vehicles/000000000007396179/2006-mazda-axela-sedan?referringPage=SearchResults
Mazda,Demio,2001,No,$500,"249,993",, Selling De-Registered,"Automatic,",5,Petrol,https://manheim.co.nz/damaged-vehicles/000000000007396180/2001-mazda-demio-hatch?referringPage=SearchResults
Audi,Q5,2017,No,N/A,"252,793",," Interior Damage, Has Key, Structural Damage, Selling De-Registered","Automatic,",5,Diesel,https://manheim.co.nz/damaged-vehicles/000000000007416180/2017-audi-q5-station-wagon?referringPage=SearchResults
Nissan,Juke,2013,No,$0,"127,104",," Front Damage, Rear Damage, Structural Damage, Selling De-Registered","Automatic,",5,Petrol,https://manheim.co.nz/damaged-vehicles/000000000007416181/2013-nissan-juke-hatch?referringPage=SearchResults
Mercedes-Benz,C63,2017,No,N/A,N/A,," Chassis Damage, Left Front Damage, Structural Damage, Suspension Damage, Selling De-Registered","Automatic,",5,Petrol,https://manheim.co.nz/damaged-vehicles/000000000007416183/2017-mercedes-benz-c63-s-sedan?referringPage=SearchResults
Mitsubishi,Colt,2007,No,$0,"63,596",," Rear Damage, Structural Damage, Selling De-Registered",N/A,5,Petrol,https://manheim.co.nz/damaged-vehicles/000000000007416184/2007-mitsubishi-colt-hatch?referringPage=SearchResults
LDV,G10,2017,No,$0,"107,123",," Front Damage, Structural Damage, Selling De-Registered","Manual,",2,Petrol,https://manheim.co.nz/damaged-vehicles/000000000007416185/2017-ldv-g10-cargo-2-4-2-4p-5mt--panel-van?referringPage=SearchResults
Nissan,Pulsar,2004,No,$0,"205,620",," Left Front Damage, Right Side Damage, Structural Damage, Selling De-Registered","Automatic,",5,Petrol,https://manheim.co.nz/damaged-vehicles/000000000007416189/2004-nissan-pulsar-1-8-hatch-auto-hatch?referringPage=SearchResults
Nissan,Tiida,2007,No,$0,"230,981",," Right Side Damage, Structural Damage, Selling De-Registered","5spd,",5,Petrol,https://manheim.co.nz/damaged-vehicles/000000000007416190/2007-nissan-tiida-sedan?referringPage=SearchResults
Holden,Rodeo 4X2,2002,No,$750,"290,361",, Selling De-Registered,"Manual,",5,Diesel,https://manheim.co.nz/damaged-vehicles/000000000007396192/2002-holden-rodeo-4x2-crew-p-u-lx-3-2l-pe-dual-cab-utility?referringPage=SearchResults
Toyota,Corolla,2007,No,$0,"154,242",," Front Damage, Structural Damage, Selling De-Registered","4spd Automatic,",5,Petrol,https://manheim.co.nz/damaged-vehicles/000000000007416204/2007-toyota-corolla-fielder-1-5-station-wagon?referringPage=SearchResults
Ford,Falcon,2008,No,N/A,N/A,," Rear Damage, Structural Damage, Suspension Damage, Selling De-Registered",N/A,5,Petrol,https://manheim.co.nz/damaged-vehicles/000000000007416206/2008-ford-falcon-fg-g6e-t-auto-sedan?referringPage=SearchResults
Nissan,Juke,2022,No,$0,"62,625",," Front Damage, Structural Damage, Selling De-Registered","Automatic,",5,Petrol,https://manheim.co.nz/damaged-vehicles/000000000007416215/2022-nissan-juke-ti-1-0pt-7at-hatch?referringPage=SearchResults
Toyota,Aqua,2016,No,$0,"159,499",," Front Damage, Right Front Damage, Right Side Damage, Airbags Deployed, Structural Damage, Selling De-Registered","Automatic,",5,Hybrid,https://manheim.co.nz/damaged-vehicles/000000000007416223/2016-toyota-aqua-hatch?referringPage=SearchResults
Toyota,Corolla,2017,No,N/A,"317,613",," Front Damage, Ignition Damage, Left Rear Damage, Rear Damage, Roof Damage, Right Front Damage, Right Rear Damage, Right Side Damage, Vandalised - Interior, Structural Damage, Selling De-Registered","Automatic,",5,Hybrid,https://manheim.co.nz/damaged-vehicles/000000000007416248/2017-toyota-corolla-fielder-station-wagon?referringPage=SearchResults
Mazda,MAZDA3,2013,No,$0,N/A,," Airbags Deployed, Front Damage, Left Side Damage, Airbags Deployed, Structural Damage, Selling De-Registered","Automatic,",5,Petrol,https://manheim.co.nz/damaged-vehicles/000000000007416249/2013-mazda-mazda3-hatch-glx-2-0-5at-hatch?referringPage=SearchResults
Toyota,Vitz,2006,Yes,"$1,300",N/A,," Right Side Damage, Vandalised - Interior, Dismantled - Interior, Stolen & Recovered, Selling Registered","CVT,",5,Petrol,https://manheim.co.nz/damaged-vehicles/000000000007396247/2006-toyota-vitz-hatch?referringPage=SearchResults
LDV,V80,2016,No,"$1,300","168,092",," Malicious/Vandalised, Water Damage, Selling De-Registered","5spd Automatic,",3,Diesel,https://manheim.co.nz/damaged-vehicles/000000000007386246/2016-ldv-v80-bigger-amt-2-5d-6am-van?referringPage=SearchResults
Suzuki,GW250Z,2017,Yes,$250,"20,179",," Right Side Damage, Selling Registered","Automatic,",N/A,Petrol,https://manheim.co.nz/damaged-vehicles/000000000007406261/2017-suzuki-gw250z-inazuma-motorcycle?referringPage=SearchResults
Holden,Trax,2015,No,$0,N/A,," Left Side Damage, Right Side Damage, Structural Damage, Selling De-Registered","Automatic,",5,Petrol,https://manheim.co.nz/damaged-vehicles/000000000007406280/2015-holden-trax-station-wagon?referringPage=SearchResults
Isuzu,D-max,2021,No,N/A,N/A,," Right Front Damage, Airbags Deployed, Structural Damage, Suspension Damage, Selling De-Registered","Automatic,",5,Diesel,https://manheim.co.nz/damaged-vehicles/000000000007416288/2021-isuzu-d-max-ls-double-cab-4wd-3-dual-cab-utility?referringPage=SearchResults
Yamaha,YZF-R3A,2021,No,$600,N/A,," Stolen & Recovered, Selling De-Registered","Automatic,",N/A,Petrol,https://manheim.co.nz/damaged-vehicles/000000000007406312/2021-yamaha-yzf-r3a-m-motorcycle?referringPage=SearchResults
Volvo,V50,2012,No,$500,"191,574",," Water Damage, Selling De-Registered","Automatic,",5,Petrol,https://manheim.co.nz/damaged-vehicles/000000000007406319/2012-volvo-v50-station-wagon?referringPage=SearchResults
Mazda,BT-50,2019,No,N/A,"156,601",," Interior Damage, Dismantled - Interior, Fire Damaged, Selling De-Registered","Automatic,",5,Diesel,https://manheim.co.nz/damaged-vehicles/000000000007386339/2019-mazda-bt-50-gsx-d-c-w-s-3-2d-6a-dual-cab-utility?referringPage=SearchResults
Nissan,Lafesta,2013,No,$900,"156,905",," Left Front Damage, Structural Damage, Selling De-Registered",N/A,7,Petrol,https://manheim.co.nz/damaged-vehicles/000000000007406363/2013-nissan-lafesta-station-wagon?referringPage=SearchResults
Subaru,Legacy,2012,No,"$1,000",N/A,," Left Front Damage, Right Rear Damage, Right Side Damage, Structural Damage, Suspension Damage, Selling De-Registered","Automatic,",5,Petrol,https://manheim.co.nz/damaged-vehicles/000000000007406374/2012-subaru-legacy-2-5i-sport-cvt-wag-station-wagon?referringPage=SearchResults
Honda,Accord,2001,No,$0,N/A,," Front Damage, Structural Damage, Selling De-Registered","Automatic,",5,Petrol,https://manheim.co.nz/damaged-vehicles/000000000007416376/2001-honda-accord-sedan?referringPage=SearchResults
Mazda,Bongo,1999,No,"$1,200","153,247",1," Front Damage, Structural Damage, Selling De-Registered","5spd Manual,",3,Petrol,https://manheim.co.nz/damaged-vehicles/000000000007416383/1999-mazda-bongo-brawny-flat-deck?referringPage=SearchResults
Toyota,RAV4,1997,No,$0,"168,481",," Front Damage, Underbody Damage, Structural Damage, Selling De-Registered",N/A,4,Petrol,https://manheim.co.nz/damaged-vehicles/000000000007406402/1997-toyota-rav4-l-station-wagon?referringPage=SearchResults
Ford,Focus,2012,No,$0,"166,442",," Glass Broken, Left Front Damage, Left Side Damage, Structural Damage, Selling De-Registered",N/A,5,Diesel,https://manheim.co.nz/damaged-vehicles/000000000007406404/2012-ford-focus-trend-2-0-auto-h-ds-hatch?referringPage=SearchResults
Volkswagen,Polo,2011,No,$0,N/A,," Left Side Damage, Structural Damage, Selling De-Registered",N/A,5,Petrol,https://manheim.co.nz/damaged-vehicles/000000000007416424/2011-volkswagen-polo-hatch?referringPage=SearchResults
Subaru,Legacy,2009,No,$0,"310,807",," Rear Damage, Structural Damage, Selling De-Registered","Automatic,",5,Petrol,https://manheim.co.nz/damaged-vehicles/000000000007416432/2009-subaru-legacy-sedan?referringPage=SearchResults
Mazda,Axela,2005,No,$0,N/A,," Rear Damage, Structural Damage, Selling De-Registered","Automatic,",5,Petrol,https://manheim.co.nz/damaged-vehicles/000000000007416433/2005-mazda-axela-sedan?referringPage=SearchResults
Honda,fit,2009,Yes,$0,N/A,," Right Front Damage, Selling Registered",N/A,5,Petrol,https://manheim.co.nz/damaged-vehicles/000000000007416434/2009-honda-fit-hatch?referringPage=SearchResults
Daihatsu,Materia,2008,No,$0,"220,773",," Left Side Damage, Rear Damage, Structural Damage, Selling De-Registered","4spd Automatic,",5,Petrol,https://manheim.co.nz/damaged-vehicles/000000000007416450/2008-daihatsu-materia-1-5p-hatch5-4a-hatch?referringPage=SearchResults
Suzuki,Vitara,1995,No,$0,"197,438",," Stolen & Recovered, Selling De-Registered",N/A,5,Petrol,https://manheim.co.nz/damaged-vehicles/000000000007416451/1995-suzuki-vitara-station-wagon?referringPage=SearchResults
Nissan,March,2005,No,$0,N/A,," Right Rear Damage, Structural Damage, Selling De-Registered",N/A,5,Petrol,https://manheim.co.nz/damaged-vehicles/000000000007416454/2005-nissan-march-hatch?referringPage=SearchResults
Honda,Accord,2005,No,$0,"210,898",," Rear Damage, Structural Damage, Selling De-Registered","Automatic,",5,Petrol,https://manheim.co.nz/damaged-vehicles/000000000007416460/2005-honda-accord-sedan?referringPage=SearchResults
Mazda,CX-5,2013,No,$0,"112,557",," Front Damage, Airbags Deployed, Structural Damage, Selling De-Registered","Automatic,",5,Petrol,https://manheim.co.nz/damaged-vehicles/000000000007416464/2013-mazda-cx-5-cx-5-4wd-ltd-2-0-pt-station-wagon?referringPage=SearchResults
Audi,TT,2006,No,$0,"175,046",," Front Damage, Structural Damage, Selling De-Registered","Automatic,",4,Petrol,https://manheim.co.nz/damaged-vehicles/000000000007416468/2006-audi-tt-coup%C3%A9?referringPage=SearchResults
Honda,CRV,2009,No,$0,"134,164",," Chassis Damage, Rear Damage, Structural Damage, Selling De-Registered",N/A,5,Petrol,https://manheim.co.nz/damaged-vehicles/000000000007406461/2009-honda-crv-station-wagon?referringPage=SearchResults
Mazda,Axela,2004,No,$0,N/A,," Fire Damage, Glass Broken, Interior Damage, Structural Damage, Stolen & Recovered, Selling De-Registered",N/A,5,Petrol,https://manheim.co.nz/damaged-vehicles/000000000007406465/2004-mazda-axela-sedan?referringPage=SearchResults
Lexus,CT200H,2012,No,"$1,500","144,898",," Front Damage, Rear Damage, Structural Damage, Selling De-Registered","Automatic,",5,Hybrid,https://manheim.co.nz/damaged-vehicles/000000000007406467/2012-lexus-ct200h-hybrid-hatch?referringPage=SearchResults
Mazda,Premacy,2005,No,$0,"175,719",," Left Side Damage, Rear Damage, Structural Damage, Selling De-Registered","Automatic,",7,Petrol,https://manheim.co.nz/damaged-vehicles/000000000007416470/2005-mazda-premacy-station-wagon?referringPage=SearchResults
Alfa Romeo,Giulietta,2014,Yes,$0,"145,685",," Front Damage, Rear Damage, Selling Registered","Automatic,",5,Petrol,https://manheim.co.nz/damaged-vehicles/000000000007416476/2014-alfa-romeo-giulietta-progression-1-4p-6a-hatch?referringPage=SearchResults
Audi,Q5,2014,No,$350,"207,098",," Front Damage, Structural Damage, Selling De-Registered","Automatic,",5,Diesel,https://manheim.co.nz/damaged-vehicles/000000000007346480/2014-audi-q5-station-wagon?referringPage=SearchResults
Triumph,Tiger,2011,No,$0,1,," Structural Damage, Selling De-Registered","Automatic,",N/A,Petrol,https://manheim.co.nz/damaged-vehicles/000000000007356483/2011-triumph-tiger-1050-motorcycle?referringPage=SearchResults
CARAVAN,Oxford,1978,No,$200,N/A,0," Left Side Damage, Roof Damage, Structural Damage, Selling De-Registered",N/A,N/A,N/A,https://manheim.co.nz/damaged-vehicles/000000000007396482/1978-caravan-oxford-caravan?referringPage=SearchResults
Holden,Barina,2012,No,$800,N/A,," Stolen & Recovered, Selling De-Registered","Automatic,",5,Petrol,https://manheim.co.nz/damaged-vehicles/000000000007396498/2012-holden-barina-1-6-hatch-at-hatch?referringPage=SearchResults
Mazda,Familia Astina,1990,Yes,$0,"227,714",," Ignition Damage, Right Side Damage, Vandalised - Interior, Stolen & Recovered, Selling Registered","Automatic,",5,Petrol,https://manheim.co.nz/damaged-vehicles/000000000007416491/1990-mazda-familia-astina-hatch?referringPage=SearchResults
BMW,Mini,2007,No,$0,"176,551",," Rear Damage, Structural Damage, Selling De-Registered","Automatic,",4,Petrol,https://manheim.co.nz/damaged-vehicles/000000000007416497/2007-bmw-mini-hatch?referringPage=SearchResults
Nissan,Tiida,2006,No,$0,N/A,," Right Side Damage, Structural Damage, Selling De-Registered",N/A,5,Petrol,https://manheim.co.nz/damaged-vehicles/000000000007416501/2006-nissan-tiida-hatch?referringPage=SearchResults
Mazda,Axela,2012,No,$0,"211,815",," Front Damage, Structural Damage, Selling De-Registered",N/A,5,Petrol,https://manheim.co.nz/damaged-vehicles/000000000007416507/2012-mazda-axela-sedan?referringPage=SearchResults
Toyota,Aurion,2012,No,$0,"169,082",," Left Side Damage, Roof Damage, Structural Damage, Selling De-Registered",N/A,5,Petrol,https://manheim.co.nz/damaged-vehicles/000000000007416509/2012-toyota-aurion-sportivo-sx6-3-5p-6-sedan?referringPage=SearchResults
Toyota,Aqua,2012,No,$0,N/A,," Front Damage, Structural Damage, Selling De-Registered",N/A,5,Hybrid,https://manheim.co.nz/damaged-vehicles/000000000007416510/2012-toyota-aqua-hatch?referringPage=SearchResults
Toyota,Premio,2007,No,$0,N/A,," Left Front Damage, Left Side Damage, Right Rear Damage, Structural Damage, Suspension Damage, Selling De-Registered","Automatic,",5,Petrol,https://manheim.co.nz/damaged-vehicles/000000000007416515/2007-toyota-premio-sedan?referringPage=SearchResults
Nissan,Tiida,2005,No,$0,"63,861",," Left Front Damage, Structural Damage, Selling De-Registered","Automatic,",5,Petrol,https://manheim.co.nz/damaged-vehicles/000000000007416517/2005-nissan-tiida-hatch?referringPage=SearchResults
Mitsubishi,Outlander,2012,No,$0,N/A,," Right Front Damage, Structural Damage, Selling De-Registered",N/A,7,Petrol,https://manheim.co.nz/damaged-vehicles/000000000007326514/2012-mitsubishi-outlander-station-wagon?referringPage=SearchResults
Mazda,MAZDA3,2007,No,$0,"322,136",," Left Side Damage, Structural Damage, Selling De-Registered","2spd Automatic,",5,Petrol,https://manheim.co.nz/damaged-vehicles/000000000007416523/2007-mazda-mazda3-sporthatch-sp23-2-3-hatch?referringPage=SearchResults
Nissan,X-trail,2024,No,N/A,"29,924",," Front Damage, Airbags Deployed, Structural Damage, Selling De-Registered","Automatic,",7,Petrol,https://manheim.co.nz/damaged-vehicles/000000000007406520/2024-nissan-x-trail-st-2-5p-4wd-cvt-station-wagon?referringPage=SearchResults
Toyota,Ractis,2015,No,$0,"75,180",," Left Front Damage, Left Side Damage, Structural Damage, Selling De-Registered","Automatic,",5,Petrol,https://manheim.co.nz/damaged-vehicles/000000000007416532/2015-toyota-ractis-hatch?referringPage=SearchResults
Toyota,Vitz,2007,No,$0,N/A,," Ignition Damage, Structural Damage, Stolen & Recovered, Selling De-Registered","Automatic,",5,Petrol,https://manheim.co.nz/damaged-vehicles/000000000007416545/2007-toyota-vitz-hatch?referringPage=SearchResults
Kia,RIO,2008,Yes,$0,"344,327",," Left Front Damage, Selling Registered","Automatic,",5,Petrol,https://manheim.co.nz/damaged-vehicles/000000000007416555/2008-kia-rio-1-6-sedan-auto-sedan?referringPage=SearchResults
Mazda,Premacy,2013,No,$0,N/A,," Front Damage, Structural Damage, Selling De-Registered","Automatic,",7,Petrol,https://manheim.co.nz/damaged-vehicles/000000000007416557/2013-mazda-premacy-station-wagon?referringPage=SearchResults
Nissan,X-trail,2021,No,$0,N/A,," Front Damage, Rear Damage, Roof Damage, Structural Damage, Selling De-Registered",N/A,7,Petrol,https://manheim.co.nz/damaged-vehicles/000000000007416562/2021-nissan-x-trail-st-2-5p-6cvt-sw-5dr-station-wagon?referringPage=SearchResults
Ford,Fiesta,2005,No,$0,N/A,," Front Damage, Right Front Damage, Structural Damage, Selling De-Registered",N/A,5,Petrol,https://manheim.co.nz/damaged-vehicles/000000000007416566/2005-ford-fiesta-3dr-1-6-m-hatch?referringPage=SearchResults
Subaru,Outback,2016,No,N/A,"108,400",," Left Front Damage, Left Rear Damage, Left Side Damage, Structural Damage, Selling De-Registered",N/A,5,Petrol,https://manheim.co.nz/damaged-vehicles/000000000007416568/2016-subaru-outback-2-5p-4wd-6cvt-sw-5d-station-wagon?referringPage=SearchResults
Toyota,Camry,2000,No,$0,"309,713",," Front Damage, Left Front Damage, Right Front Damage, Structural Damage, Selling De-Registered",N/A,5,Petrol,https://manheim.co.nz/damaged-vehicles/000000000007416569/2000-toyota-camry-3-0p-glx-sedan-4a-sedan?referringPage=SearchResults
Ford,Focus,2015,No,$0,"39,563",," Interior Damage, Water Damage, Selling De-Registered","Automatic,",5,Petrol,https://manheim.co.nz/damaged-vehicles/000000000007416574/2015-ford-focus-trend-2-0-auto-hatc-hatch?referringPage=SearchResults
Toyota,Markx,2005,No,$0,N/A,," Fire - Entire Vehicle, Structural Damage, Stolen & Recovered, Selling De-Registered","Automatic,",5,Petrol,https://manheim.co.nz/damaged-vehicles/000000000007416593/2005-toyota-markx-250g-sedan?referringPage=SearchResults
Honda,CRV,2002,No,$0,"216,584",," Front Damage, Right Front Damage, Structural Damage, Selling De-Registered","Automatic,",5,Petrol,https://manheim.co.nz/damaged-vehicles/000000000007416600/2002-honda-crv-rvi-5d-at-2-4-wag-station-wagon?referringPage=SearchResults
Mazda,MPV,2006,No,$0,"155,137",," Right Rear Damage, Structural Damage, Selling De-Registered","Automatic,",8,Petrol,https://manheim.co.nz/damaged-vehicles/000000000007416602/2006-mazda-mpv-station-wagon?referringPage=SearchResults
Mitsubishi,Colt,2004,No,$0,N/A,," Front Damage, Glass Broken, Left Front Damage, Left Side Damage, Airbags Deployed, Structural Damage, Selling De-Registered","Automatic,",5,Petrol,https://manheim.co.nz/damaged-vehicles/000000000007406601/2004-mitsubishi-colt-hatch?referringPage=SearchResults
Land Rover,Defender,2026,No,N/A,N/A,," Front Damage, Interior Damage, Left Side Damage, Structural Damage, Selling De-Registered","Automatic,",8,Diesel,https://manheim.co.nz/damaged-vehicles/000000000007406604/2026-land-rover-defender-130-d350-x-dyn-hse-station-wagon?referringPage=SearchResults
Subaru,Impreza,2007,No,$0,N/A,," Front Damage, Airbags Deployed, Structural Damage, Selling De-Registered","Automatic,",5,Petrol,https://manheim.co.nz/damaged-vehicles/000000000007416612/2007-subaru-impreza-sedan?referringPage=SearchResults
Kia,Sorento,2014,No,$0,"195,201",," Engine Damage, Selling De-Registered","Automatic,",7,Diesel,https://manheim.co.nz/damaged-vehicles/000000000007416619/2014-kia-sorento-2-2-diesel-auto-ex-station-wagon?referringPage=SearchResults
Peugeot,307,2007,No,$0,"191,418",," Front Damage, Structural Damage, Selling De-Registered","4spd Automatic,",5,Diesel,https://manheim.co.nz/damaged-vehicles/000000000007416629/2007-peugeot-307-hdi-2-0-5d-6sp-a-rw-hatch?referringPage=SearchResults
MG,ZS,2021,No,$0,N/A,," Front Damage, Structural Damage, Selling De-Registered",N/A,5,Electric,https://manheim.co.nz/damaged-vehicles/000000000007416642/2021-mg-zs-ev-105kw-ev-at-station-wagon?referringPage=SearchResults
Nissan,March,2003,Yes,$400,N/A,," Glass Broken, Ignition Damage, Left Rear Damage, Stolen & Recovered, Selling Registered",N/A,5,Petrol,https://manheim.co.nz/damaged-vehicles/000000000007386653/2003-nissan-march-hatch?referringPage=SearchResults
Yamaha,GRP 26  launch,1990,No,"$8,800",N/A,0," Engine Damage, Water Damage, Selling De-Registered",N/A,N/A,N/A,https://manheim.co.nz/damaged-vehicles/000000000007376689/1990-yamaha-grp-26--launch-boat?referringPage=SearchResults
Mazda,Familia,1994,No,$0,"239,095",," Left Front Damage, Left Rear Damage, Selling De-Registered","5spd Manual,",5,Petrol,https://manheim.co.nz/damaged-vehicles/000000000007406680/1994-mazda-familia-hatch?referringPage=SearchResults
Subaru,Outback,2006,No,$0,"221,600",," Left Front Damage, Left Side Damage, Underbody Damage, Structural Damage, Selling De-Registered","Automatic,",5,Petrol,https://manheim.co.nz/damaged-vehicles/000000000007406734/2006-subaru-outback-station-wagon?referringPage=SearchResults
Honda,Logo,1996,No,$200,"120,540",," Front Damage, Structural Damage, Selling De-Registered","4spd Automatic,",5,Petrol,https://manheim.co.nz/damaged-vehicles/000000000007406736/1996-honda-logo-hatch?referringPage=SearchResults
Toyota,SAI,2010,Yes,$0,N/A,," Right Side Damage, Stolen & Recovered, Selling Registered",N/A,5,Hybrid,https://manheim.co.nz/damaged-vehicles/000000000007416766/2010-toyota-sai-hybrid-sedan?referringPage=SearchResults
Nissan,Tiida,2009,No,$0,"96,223",," Rear Damage, Structural Damage, Selling De-Registered","Automatic,",5,Petrol,https://manheim.co.nz/damaged-vehicles/000000000007416774/2009-nissan-tiida-hatch?referringPage=SearchResults
Honda,Airwave,2005,Yes,$0,"130,832",," Right Front Damage, Right Side Damage, Selling Registered","Automatic,",5,Petrol,https://manheim.co.nz/damaged-vehicles/000000000007416781/2005-honda-airwave-station-wagon?referringPage=SearchResults
Audi,A4,2005,No,$0,N/A,," Front Damage, Right Rear Damage, Structural Damage, Selling De-Registered","Automatic,",5,Petrol,https://manheim.co.nz/damaged-vehicles/000000000007416784/2005-audi-a4-1-8t-multi-sedan?referringPage=SearchResults
Toyota,Funcargo,2000,No,$0,"181,910",," Front Damage, Structural Damage, Selling De-Registered","Automatic,",5,Petrol,https://manheim.co.nz/damaged-vehicles/000000000007416786/2000-toyota-funcargo-hatch?referringPage=SearchResults
Honda,fit,2014,No,$0,N/A,," Rear Damage, Structural Damage, Selling De-Registered","Automatic,",5,Petrol,https://manheim.co.nz/damaged-vehicles/000000000007416790/2014-honda-fit-hatch?referringPage=SearchResults
Suzuki,Swift,2018,No,N/A,"50,601",," Water Damage, Selling De-Registered","Automatic,",5,Petrol,https://manheim.co.nz/damaged-vehicles/000000000007416792/2018-suzuki-swift-glc-1-2p-cvt-hatch?referringPage=SearchResults
Nissan,Tiida,2007,Yes,$0,N/A,," Front Damage, Glass Broken, Ignition Damage, Left Front Damage, Stolen & Recovered, Selling Registered","Automatic,",5,Petrol,https://manheim.co.nz/damaged-vehicles/000000000007416797/2007-nissan-tiida-hatch?referringPage=SearchResults
Suzuki,Grand Vitara,2001,No,$0,N/A,," Left Side Damage, Roof Damage, Rolled, Right Side Damage, Structural Damage, Selling De-Registered",N/A,4,Petrol,https://manheim.co.nz/damaged-vehicles/000000000007416798/2001-suzuki-grand-vitara-vjlx-1-6-3dr-station-wagon?referringPage=SearchResults
Toyota,Aqua,2014,No,$0,N/A,," Chassis Damage, Front Damage, Structural Damage, Selling De-Registered","Automatic,",5,Hybrid,https://manheim.co.nz/damaged-vehicles/000000000007416800/2014-toyota-aqua-hatch?referringPage=SearchResults
John Deere,5075e,2014,No,"$6,440",N/A,0," Water Damage, Selling De-Registered",N/A,N/A,N/A,https://manheim.co.nz/damaged-vehicles/000000000007416802/2014-john-deere-5075e-tractor?referringPage=SearchResults
Mitsubishi,Challenger,1998,Yes,$0,N/A,," Front Damage, Rear Damage, Selling Registered","Automatic,",5,Diesel,https://manheim.co.nz/damaged-vehicles/000000000007416803/1998-mitsubishi-challenger-station-wagon?referringPage=SearchResults
Mitsubishi,Express,2021,No,N/A,"162,583",," Structural Damage, Under Body Damage, Selling De-Registered","6spd Automatic,",3,Diesel,https://manheim.co.nz/damaged-vehicles/000000000007416808/2021-mitsubishi-express-lwb-2-0d-6at-van?referringPage=SearchResults
Holden,Barina Spark,2015,No,$0,"201,512",," Right Side Damage, Structural Damage, Selling De-Registered","Automatic,",5,Petrol,https://manheim.co.nz/damaged-vehicles/000000000007416809/2015-holden-barina-spark-cd-1-2p-5mt-ha-4dr--hatch?referringPage=SearchResults
Ford,Focus,2005,No,$0,"194,938",," Front Damage, Airbags Deployed, Structural Damage, Selling De-Registered","Automatic,",5,Petrol,https://manheim.co.nz/damaged-vehicles/000000000007416811/2005-ford-focus-1-6-a-hatch-hatch?referringPage=SearchResults
Toyota,Vitz,2002,No,$0,N/A,," Front Damage, Airbags Deployed, Structural Damage, Selling De-Registered",N/A,5,Petrol,https://manheim.co.nz/damaged-vehicles/000000000007416823/2002-toyota-vitz-rs-hatch?referringPage=SearchResults
Honda,Freed,2011,No,$0,N/A,," Front Damage, Right Front Damage, Structural Damage, Selling De-Registered","5spd Automatic,",5,Hybrid,https://manheim.co.nz/damaged-vehicles/000000000007416837/2011-honda-freed-station-wagon?referringPage=SearchResults
Subaru,Impreza,1996,No,$0,N/A,," Front Damage, Structural Damage, Selling De-Registered","5spd Automatic,",5,Petrol,https://manheim.co.nz/damaged-vehicles/000000000007416853/1996-subaru-impreza-station-wagon?referringPage=SearchResults
Nissan,Skyline,2008,Yes,$0,"143,590",," Left Side Damage, Stolen & Recovered, Selling Registered","Automatic,",5,Petrol,https://manheim.co.nz/damaged-vehicles/000000000007416854/2008-nissan-skyline-sedan?referringPage=SearchResults
Jeep,Grand Cherokee,2013,No,N/A,"217,688",," Chassis Damage, Front Damage, Structural Damage, Selling De-Registered","Automatic,",5,Petrol,https://manheim.co.nz/damaged-vehicles/000000000007416855/2013-jeep-grand-cherokee-limited-3-6p4wd8a-s-station-wagon?referringPage=SearchResults
Honda,Integra,2002,No,"$2,300","290,676",, Selling De-Registered,"Automatic,",4,Petrol,https://manheim.co.nz/damaged-vehicles/000000000007406850/2002-honda-integra-hatch?referringPage=SearchResults
Toyota,SAI,2010,No,$0,"169,872",," Rear Damage, Structural Damage, Selling De-Registered","Automatic,",5,Hybrid,https://manheim.co.nz/damaged-vehicles/000000000007416860/2010-toyota-sai-sedan?referringPage=SearchResults
Mazda,MAZDA2,2019,No,$0,"43,116",," Front Damage, Left Front Damage, Structural Damage, Selling De-Registered","6spd Automatic,",5,Petrol,https://manheim.co.nz/damaged-vehicles/000000000007416870/2019-mazda-mazda2-gsx-1-5p-6at-hatch?referringPage=SearchResults
Honda,Civic,2009,No,$0,N/A,," Front Damage, Structural Damage, Selling De-Registered",N/A,5,Petrol,https://manheim.co.nz/damaged-vehicles/000000000007416871/2009-honda-civic-sedan?referringPage=SearchResults
Toyota,Altezza,2002,Yes,$0,N/A,," Left Side Damage, Vandalised - Interior, Selling Registered",N/A,5,Petrol,https://manheim.co.nz/damaged-vehicles/000000000007416875/2002-toyota-altezza-sedan?referringPage=SearchResults
Toyota,Spade,2014,No,$0,N/A,," Left Front Damage, Left Rear Damage, Structural Damage, Selling De-Registered","Automatic,",5,Petrol,https://manheim.co.nz/damaged-vehicles/000000000007416880/2014-toyota-spade-hatch?referringPage=SearchResults
Mazda,Axela,2004,No,$0,N/A,," Front Damage, Rear Damage, Roof Damage, Rolled, Structural Damage, Suspension Damage, Selling De-Registered","Automatic,",5,Petrol,https://manheim.co.nz/damaged-vehicles/000000000007416882/2004-mazda-axela-hatch?referringPage=SearchResults
Toyota,RAV4,2025,No,N/A,"7,750",," Left Side Damage, Roof Damage, Right Front Damage, Rolled, Right Side Damage, Airbags Deployed, Structural Damage, Selling De-Registered","Automatic,",5,Hybrid,https://manheim.co.nz/damaged-vehicles/000000000007416889/2025-toyota-rav4-limited-2-5ph-4wd-h-station-wagon?referringPage=SearchResults
Toyota,Prius,2016,No,N/A,"199,283",," Left Rear Damage, Left Side Damage, Rear Damage, Structural Damage, Selling De-Registered",N/A,5,Hybrid,https://manheim.co.nz/damaged-vehicles/000000000007406883/2016-toyota-prius-hatch?referringPage=SearchResults
Suzuki,VL250,2007,No,$150,N/A,," Left Side Damage, Right Front Damage, Right Side Damage, Structural Damage, Selling De-Registered","Automatic,",N/A,Petrol,https://manheim.co.nz/damaged-vehicles/000000000007406893/2007-suzuki-vl250-intruder-250lc-motorcycle?referringPage=SearchResults
Nissan,Dualis,2007,No,$0,N/A,," Left Rear Damage, Right Rear Damage, Structural Damage, Selling De-Registered",N/A,5,Petrol,https://manheim.co.nz/damaged-vehicles/000000000007416890/2007-nissan-dualis-station-wagon?referringPage=SearchResults
Mitsubishi,Eclipse Cross,2020,No,N/A,N/A,," Right Front Damage, Right Rear Damage, Right Side Damage, Structural Damage, Selling De-Registered","Automatic,",5,Petrol,https://manheim.co.nz/damaged-vehicles/000000000007416894/2020-mitsubishi-eclipse-cross-vrx-1-5p-8cvt-station-wagon?referringPage=SearchResults
Subaru,XV,2017,No,$0,"134,460",," Right Front Damage, Underbody Damage, Structural Damage, Selling De-Registered","Automatic,",5,Petrol,https://manheim.co.nz/damaged-vehicles/000000000007416902/2017-subaru-xv-station-wagon?referringPage=SearchResults
Nissan,Note,2013,No,$0,1,," Left Side Damage, Right Side Damage, Structural Damage, Selling De-Registered","8spd Automatic,",5,Petrol,https://manheim.co.nz/damaged-vehicles/000000000007416907/2013-nissan-note-hatch?referringPage=SearchResults
Ford,Territory,2013,No,$0,"170,719",," Interior Damage, Selling De-Registered","Automatic,",7,Petrol,https://manheim.co.nz/damaged-vehicles/000000000007406900/2013-ford-territory-station-wagon?referringPage=SearchResults
Toyota,Isis,2005,No,$0,N/A,," Front Damage, Left Front Damage, Right Front Damage, Right Rear Damage, Right Side Damage, Structural Damage, Selling De-Registered","Automatic,",7,Petrol,https://manheim.co.nz/damaged-vehicles/000000000007416924/2005-toyota-isis-station-wagon?referringPage=SearchResults
Suzuki,SX4,2008,Yes,$0,"64,016",," Left Side Damage, Selling Registered","Automatic,",5,Petrol,https://manheim.co.nz/damaged-vehicles/000000000007416942/2008-suzuki-sx4-glxfa2-2-0-5dr-hatch?referringPage=SearchResults
Toyota,Corolla,2003,Yes,$0,N/A,," Left Side Damage, Selling Registered",N/A,5,Petrol,https://manheim.co.nz/damaged-vehicles/000000000007416945/2003-toyota-corolla-fielder-station-wagon?referringPage=SearchResults
Kia,Cerato,2012,No,$0,"185,081",," Front Damage, Rear Damage, Structural Damage, Selling De-Registered","Automatic,",5,Petrol,https://manheim.co.nz/damaged-vehicles/000000000007416948/2012-kia-cerato-2-0-petrol-auto-lx-hatch?referringPage=SearchResults
Honda,Accord,2006,No,$0,"140,162",," Water Damage, Selling De-Registered",N/A,5,Petrol,https://manheim.co.nz/damaged-vehicles/000000000007416953/2006-honda-accord-sedan?referringPage=SearchResults
Mazda,MAZDA3,2019,No,N/A,"112,953",," Front Damage, Right Side Damage, Structural Damage, Selling De-Registered",N/A,10,Petrol,https://manheim.co.nz/damaged-vehicles/000000000007416956/2019-mazda-mazda3-gtx-2-5p-6at-hatch?referringPage=SearchResults
Holden,Colorado,2013,No,$0,N/A,," Front Damage, Structural Damage, Selling De-Registered","Automatic,",5,Diesel,https://manheim.co.nz/damaged-vehicles/000000000007416958/2013-holden-colorado-4x4-lx-dc-pu-2-8-mt-dual-cab-utility?referringPage=SearchResults
Toyota,Voxy,2004,No,$0,"225,973",," Structural Damage, Selling De-Registered","Automatic,",8,Petrol,https://manheim.co.nz/damaged-vehicles/000000000007416962/2004-toyota-voxy-station-wagon?referringPage=SearchResults
Subaru,Impreza,2008,No,$0,N/A,," Front Damage, Airbags Deployed, Structural Damage, Selling De-Registered","Automatic,",5,Petrol,https://manheim.co.nz/damaged-vehicles/000000000007416965/2008-subaru-impreza-hatch?referringPage=SearchResults
Nissan,Note,2017,No,$0,"109,239",," Water Damage, Selling De-Registered","Automatic,",5,Hybrid,https://manheim.co.nz/damaged-vehicles/000000000007416966/2017-nissan-note-hatch?referringPage=SearchResults
Ford,Ranger,2010,Yes,"$1,300",N/A,," Glass Broken, Left Rear Damage, Right Rear Damage, Right Side Damage, Stolen & Recovered, Selling Registered",N/A,5,Diesel,https://manheim.co.nz/damaged-vehicles/000000000007406966/2010-ford-ranger-3-0td-xlt-dc-w-s-4x-dual-cab-chassis?referringPage=SearchResults
Suzuki,GSX250,2024,Yes,"$1,450","37,269",," Front Damage, Selling Registered","Manual,",N/A,Petrol,https://manheim.co.nz/damaged-vehicles/000000000007406988/2024-suzuki-gsx250-frlxm4-motorcycle?referringPage=SearchResults
Ford,Courier,2001,No,$0,N/A,," Engine Damage, Glass Broken, Interior Damage, Stolen & Recovered, Selling De-Registered",N/A,5,Diesel,https://manheim.co.nz/damaged-vehicles/000000000007416980/2001-ford-courier-xlx-crew-cab-utility?referringPage=SearchResults
BMW,523i,2013,No,$0,"116,110",," Interior Damage, Water Damage, Selling De-Registered","Automatic,",5,Petrol,https://manheim.co.nz/damaged-vehicles/000000000007416982/2013-bmw-523i-sedan?referringPage=SearchResults
Toyota,Wish,2009,No,$0,N/A,," Front Damage, Structural Damage, Selling De-Registered",N/A,7,Petrol,https://manheim.co.nz/damaged-vehicles/000000000007416985/2009-toyota-wish-station-wagon?referringPage=SearchResults
Audi,A8,2011,No,"$1,450",N/A,," Airbags Deployed, Front Damage, Left Front Damage, Airbags Deployed, Structural Damage, Selling De-Registered","Automatic,",5,Petrol,https://manheim.co.nz/damaged-vehicles/000000000007407006/2011-audi-a8-sedan?referringPage=SearchResults
Mazda,Verisa,2006,No,$500,"103,630",," Right Rear Damage, Right Side Damage, Structural Damage, Selling De-Registered","Automatic,",5,Petrol,https://manheim.co.nz/damaged-vehicles/000000000007407015/2006-mazda-verisa-hatch?referringPage=SearchResults
Toyota,Landcruiser,2002,No,"$9,500",N/A,," Structural Damage, Stolen & Recovered, Selling De-Registered","5spd Manual,",3,Diesel,https://manheim.co.nz/damaged-vehicles/000000000007377033/2002-toyota-landcruiser-4-2d-4wd-c-c-wgn3-5-dual-cab-chassis?referringPage=SearchResults
Peugeot,Expert,2016,No,$750,N/A,," Left Rear Damage, Right Side Damage, Structural Damage, Stolen & Recovered, Selling De-Registered","6spd Manual,",3,Diesel,https://manheim.co.nz/damaged-vehicles/000000000007407048/2016-peugeot-expert-manual-2-0d-6mt-lv--van?referringPage=SearchResults
Ford,Focus,2008,No,$500,N/A,," Left Front Damage, Right Front Damage, Right Rear Damage, Dismantled - Interior, Selling De-Registered","Automatic,",5,Petrol,https://manheim.co.nz/damaged-vehicles/000000000007407054/2008-ford-focus-2-0-auto-hatch?referringPage=SearchResults
Ford,Falcon,2003,No,$800,"156,048",," Left Front Damage, Left Side Damage, Roof Damage, Right Rear Damage, Right Side Damage, Dismantled - Entire Vehicle, Dismantled - Engine, Selling De-Registered","Automatic,",5,Petrol,https://manheim.co.nz/damaged-vehicles/000000000007407071/2003-ford-falcon-ba-falcon-xr6t-4fa-sedan?referringPage=SearchResults
Ford,Mondeo,2011,No,$500,"142,869",," Left Front Damage, Left Rear Damage, Right Front Damage, Right Rear Damage, Airbags Deployed, Dismantled - Interior, Selling De-Registered","Automatic,",5,Petrol,https://manheim.co.nz/damaged-vehicles/000000000007407078/2011-ford-mondeo-wag-2-3-auto-station-wagon?referringPage=SearchResults
Holden,Captiva,2011,No,$700,N/A,," Left Front Damage, Left Rear Damage, Roof Damage, Right Front Damage, Right Rear Damage, Airbags Deployed, Selling De-Registered","Automatic,",7,Petrol,https://manheim.co.nz/damaged-vehicles/000000000007407107/2011-holden-captiva-7-cx-awd-3-0-at-station-wagon?referringPage=SearchResults
Mahindra,XUV,2017,No,$0,"120,572",," Left Front Damage, Right Rear Damage, Structural Damage, Selling De-Registered","Automatic,",7,Diesel,https://manheim.co.nz/damaged-vehicles/000000000007387109/2017-mahindra-xuv-w8-2-2d-6at-sw-5dr-station-wagon?referringPage=SearchResults
Suzuki,AN650,2011,No,$0,"35,263",," Structural Damage, Selling De-Registered","Automatic,",N/A,Petrol,https://manheim.co.nz/damaged-vehicles/000000000007387114/2011-suzuki-an650-al1-burgman-650-scooter?referringPage=SearchResults
Ford,Kuga,2015,No,$750,"172,398",," Front Damage, Left Front Damage, Left Rear Damage, Right Front Damage, Right Rear Damage, Structural Damage, Selling De-Registered","Automatic,",5,Petrol,https://manheim.co.nz/damaged-vehicles/000000000007407114/2015-ford-kuga-trend-awd-petrol-2--station-wagon?referringPage=SearchResults
Toyota,Aqua,2015,No,$750,"179,903",," Front Damage, Structural Damage, Selling De-Registered","Automatic,",5,Hybrid,https://manheim.co.nz/damaged-vehicles/000000000007417124/2015-toyota-aqua-hybrid-hatch?referringPage=SearchResults
Subaru,Impreza,2007,No,"$1,500","193,966",," Rear Damage, Right Rear Damage, Structural Damage, Selling De-Registered","Manual,",5,Petrol,https://manheim.co.nz/damaged-vehicles/000000000007407138/2007-subaru-impreza-hatch-wrx-2-5-5spd-station-wagon?referringPage=SearchResults
Land Rover,Discovery,2006,No,$0,"252,960",," Structural Damage, Under Body Damage, Selling De-Registered","4spd Automatic,",7,Diesel,https://manheim.co.nz/damaged-vehicles/000000000007387138/2006-land-rover-discovery-off-road?referringPage=SearchResults
Mazda,3,2013,No,$500,"149,118",," Front Damage, Glass Broken, Airbags Deployed, Structural Damage, Selling De-Registered","Automatic,",5,Petrol,https://manheim.co.nz/damaged-vehicles/000000000007387139/2013-mazda-3-hatch-glx-2-0-5at-hatch?referringPage=SearchResults
Holden,Barina,2012,No,$500,"95,199",," Left Front Damage, Left Rear Damage, Right Front Damage, Right Rear Damage, Dismantled - Interior, Selling De-Registered","6spd Automatic,",5,Petrol,https://manheim.co.nz/damaged-vehicles/000000000007407201/2012-holden-barina-1-6-hatch-at-hatch?referringPage=SearchResults
BMW,320i,2005,Yes,$0,"156,450",," Left Front Damage, Selling Registered","Automatic,",5,Petrol,https://manheim.co.nz/damaged-vehicles/000000000007407230/2005-bmw-320i-sedan-6a-4d-2l-sedan?referringPage=SearchResults
Ford,Capri,1990,No,$500,"179,195",," Left Front Damage, Left Rear Damage, Right Front Damage, Dismantled - Interior, Selling De-Registered","5spd Manual,",5,Petrol,https://manheim.co.nz/damaged-vehicles/000000000007407234/1990-ford-capri-hatch?referringPage=SearchResults
Ford,Falcon,2009,No,$800,N/A,," Left Front Damage, Left Rear Damage, Dismantled - Interior, Selling De-Registered","Automatic,",5,Petrol,https://manheim.co.nz/damaged-vehicles/000000000007407259/2009-ford-falcon-fg-xt-sedan-fa-sedan?referringPage=SearchResults
Holden,Cruze,2014,No,$800,N/A,," Right Rear Damage, Dismantled - Interior, Selling De-Registered","Automatic,",5,Petrol,https://manheim.co.nz/damaged-vehicles/000000000007407275/2014-holden-cruze-sri-z-1-6p-6at-sl-4-sedan?referringPage=SearchResults
Holden,Commodore,2018,No,"$2,300",N/A,," Left Front Damage, Right Front Damage, Airbags Deployed, Selling De-Registered","Automatic,",5,Petrol,https://manheim.co.nz/damaged-vehicles/000000000007407282/2018-holden-commodore-rs-2-0pt-9at-sedan?referringPage=SearchResults
Nissan,Bluebird,2007,Yes,$0,N/A,," Glass Broken, Ignition Damage, Right Side Damage, Stolen & Recovered, Selling Registered","Automatic,",5,Petrol,https://manheim.co.nz/damaged-vehicles/000000000007387288/2007-nissan-bluebird-sedan?referringPage=SearchResults
Maserati,Granturismo,2008,No,N/A,"140,551",, Selling De-Registered,"Automatic,",5,Petrol,https://manheim.co.nz/damaged-vehicles/000000000007387303/2008-maserati-granturismo-4-2l-auto-coup%C3%A9?referringPage=SearchResults
Ford,Mondeo,2009,No,$600,N/A,," Left Front Damage, Left Rear Damage, Selling De-Registered","Automatic,",5,Petrol,https://manheim.co.nz/damaged-vehicles/000000000007407302/2009-ford-mondeo-2-3-sedan-aut-sedan?referringPage=SearchResults
Mitsubishi,Lancer,2006,No,$500,"206,303",," Rear Damage, Structural Damage, Selling De-Registered","Automatic,",5,Petrol,https://manheim.co.nz/damaged-vehicles/000000000007407304/2006-mitsubishi-lancer-2-0p-vr-x-sedan-a-sedan?referringPage=SearchResults
Holden,Commodore,2009,No,$750,N/A,," Left Front Damage, Right Front Damage, Selling De-Registered","Automatic,",5,Petrol,https://manheim.co.nz/damaged-vehicles/000000000007407308/2009-holden-commodore-sv6-3-6p-5at-sedan?referringPage=SearchResults
Toyota,RAV4,2025,No,N/A,"25,980",," Water Damage, Selling De-Registered","Automatic,",5,Hybrid,https://manheim.co.nz/damaged-vehicles/000000000007407325/2025-toyota-rav4-limited-2-5ph-4wd-h-station-wagon?referringPage=SearchResults
Ford,Escape,2001,No,$600,N/A,," Left Rear Damage, Selling De-Registered","Automatic,",5,Petrol,https://manheim.co.nz/damaged-vehicles/000000000007407327/2001-ford-escape-station-wagon?referringPage=SearchResults
Ford,Territory,2013,No,$800,N/A,," Left Front Damage, Left Rear Damage, Right Front Damage, Right Rear Damage, Dismantled - Interior, Selling De-Registered","Automatic,",7,Petrol,https://manheim.co.nz/damaged-vehicles/000000000007407336/2013-ford-territory-titanium-rwd-petrol-station-wagon?referringPage=SearchResults
Holden,Cruze,2011,No,$750,"110,815",," Left Front Damage, Left Rear Damage, Right Front Damage, Selling De-Registered","Automatic,",5,Petrol,https://manheim.co.nz/damaged-vehicles/000000000007407360/2011-holden-cruze-cd-1-8-at-sedan?referringPage=SearchResults
Suzuki,Swift,2021,No,"$1,450",N/A,," Airbags Deployed, Front Damage, Rear Damage, Structural Damage, Selling De-Registered","Automatic,",5,Petrol,https://manheim.co.nz/damaged-vehicles/000000000007407389/2021-suzuki-swift-rs-1-0pt-6at-hatch?referringPage=SearchResults
Ford,Explorer,2003,No,$750,N/A,," Left Front Damage, Right Front Damage, Right Rear Damage, Selling De-Registered","Automatic,",7,Petrol,https://manheim.co.nz/damaged-vehicles/000000000007407390/2003-ford-explorer-ltd-4-6l-au-station-wagon?referringPage=SearchResults
Suzuki,GSF,2007,No,$700,"47,619",," Front Damage, Structural Damage, Selling De-Registered",N/A,N/A,Petrol,https://manheim.co.nz/damaged-vehicles/000000000007407406/2007-suzuki-gsf-1200sk6-bandit-motorcycle?referringPage=SearchResults
Holden,Commodore,2007,No,$800,N/A,," Left Front Damage, Right Front Damage, Right Rear Damage, Selling De-Registered","Automatic,",5,Petrol,https://manheim.co.nz/damaged-vehicles/000000000007407416/2007-holden-commodore-sv6-3-6p-5at-sedan?referringPage=SearchResults
Holden,Commodore,2018,No,"$1,450","194,469",," Left Side Damage, Selling De-Registered","Automatic,",5,Petrol,https://manheim.co.nz/damaged-vehicles/000000000007407507/2018-holden-commodore-lt-2-0pt-9at-sedan?referringPage=SearchResults
Ford,Focus,2007,Yes,$500,N/A,," Right Side Damage, Selling Registered","5spd Manual,",5,Diesel,https://manheim.co.nz/damaged-vehicles/000000000007407510/2007-ford-focus-1-8td-wagon-station-wagon?referringPage=SearchResults
Toyota,Aqua,2012,No,$0,"170,112",," Front Damage, Structural Damage, Selling De-Registered","CVT,",5,Hybrid,https://manheim.co.nz/damaged-vehicles/000000000007407523/2012-toyota-aqua-hatch?referringPage=SearchResults
Honda,Jazz,2013,No,$900,N/A,," Rear Damage, Structural Damage, Selling De-Registered","Automatic,",5,Petrol,https://manheim.co.nz/damaged-vehicles/000000000007407577/2013-honda-jazz-1-5-s-auto-hatch?referringPage=SearchResults
Kia,RIO,2010,Yes,$0,N/A,," Front Damage, Right Front Damage, Right Side Damage, Selling Registered","4spd Automatic,",5,Petrol,https://manheim.co.nz/damaged-vehicles/000000000007407645/2010-kia-rio-1-6-ex-hatch-auto-hatch?referringPage=SearchResults
LDV,G10,2021,No,"$1,500",N/A,," Airbags Deployed, Front Damage, Left Front Damage, Left Rear Damage, Right Rear Damage, Airbags Deployed, Structural Damage, Selling De-Registered","Automatic,",2,Diesel,https://manheim.co.nz/damaged-vehicles/000000000007407681/2021-ldv-g10-cargo-diesel-auto-2-van?referringPage=SearchResults
Mazda,BT-50,2021,No,N/A,N/A,," Left Side Damage, Roof Damage, Right Front Damage, Rolled, Right Rear Damage, Right Side Damage, Airbags Deployed, Structural Damage, Selling De-Registered","Automatic,",5,Diesel,https://manheim.co.nz/damaged-vehicles/000000000007407752/2021-mazda-bt-50-gtx-d-c-w-s-3-0dt-dual-cab-utility?referringPage=SearchResults
Porsche,Macan,2015,No,N/A,"103,989",," Left Front Damage, Structural Damage, Suspension Damage, Selling De-Registered","Automatic,",5,Petrol,https://manheim.co.nz/damaged-vehicles/000000000007407757/2015-porsche-macan-s-station-wagon?referringPage=SearchResults
Nissan,Elgrand,2014,No,"$1,300","114,714",," Front Damage, Right Front Damage, Structural Damage, Selling De-Registered","Automatic,",7,Petrol,https://manheim.co.nz/damaged-vehicles/000000000007407785/2014-nissan-elgrand-highway-star-station-wagon?referringPage=SearchResults
Holden,Commodore,2015,No,$0,"141,019",," Engine Damage, Front Damage, Underbody Damage, Structural Damage, Selling De-Registered","Automatic,",5,Petrol,https://manheim.co.nz/damaged-vehicles/000000000007407808/2015-holden-commodore-sedan?referringPage=SearchResults
Honda,fit,2013,No,$900,N/A,," Rear Damage, Structural Damage, Selling De-Registered",N/A,5,Petrol,https://manheim.co.nz/damaged-vehicles/000000000007397822/2013-honda-fit-hatch?referringPage=SearchResults
Toyota,Camry,2012,No,"$1,500","113,765",," Left Front Damage, Underbody Damage, Structural Damage, Selling De-Registered","Automatic,",5,Hybrid,https://manheim.co.nz/damaged-vehicles/000000000007387849/2012-toyota-camry-sedan?referringPage=SearchResults
Kawasaki,ex,2015,Yes,"$1,600","10,068",, Selling Registered,"Automatic,",N/A,Petrol,https://manheim.co.nz/damaged-vehicles/000000000007407918/2015-kawasaki-ex-650f-lam-motorcycle?referringPage=SearchResults
Toyota,Ipsum,2004,No,$0,N/A,," Front Damage, Airbags Deployed, Structural Damage, Selling De-Registered","Automatic,",7,Petrol,https://manheim.co.nz/damaged-vehicles/000000000007397948/2004-toyota-ipsum-station-wagon?referringPage=SearchResults
Audi,A5,2013,No,$750,"95,425",," Front Damage, Left Front Damage, Left Rear Damage, Right Front Damage, Right Side Damage, Structural Damage, Selling De-Registered","Automatic,",4,Petrol,https://manheim.co.nz/damaged-vehicles/000000000007397953/2013-audi-a5-cabriolet-cabriolet?referringPage=SearchResults
BMW,116i,2012,No,$775,"118,104",," Front Damage, Structural Damage, Selling De-Registered","Automatic,",5,Petrol,https://manheim.co.nz/damaged-vehicles/000000000007397955/2012-bmw-116i-hatch?referringPage=SearchResults
BMW,120d,2005,No,$800,N/A,," Front Damage, Structural Damage, Selling De-Registered","Automatic,",5,Diesel,https://manheim.co.nz/damaged-vehicles/000000000007407978/2005-bmw-120d-120d-5-door-a-e87-sedan?referringPage=SearchResults
Suzuki,GW250,2014,No,$25,"49,863",," Engine Damage, Frame Damaged, Structural Damage, Selling De-Registered","14spd Automatic,",N/A,Petrol,https://manheim.co.nz/damaged-vehicles/000000000007397980/2014-suzuki-gw250-inazuma-lam-motorcycle?referringPage=SearchResults
Nissan,Tiida,2005,No,$0,"220,743",," Airbags Deployed, Chassis Damage, Front Damage, Left Side Damage, Right Rear Damage, Right Side Damage, Airbags Deployed, Structural Damage, Selling De-Registered","Automatic,",5,Petrol,https://manheim.co.nz/damaged-vehicles/000000000007388049/2005-nissan-tiida-latio-sedan?referringPage=SearchResults
Toyota,Hiace,2020,No,N/A,N/A,," Right Front Damage, Right Side Damage, Structural Damage, Selling De-Registered","Automatic,",2,Diesel,https://manheim.co.nz/damaged-vehicles/000000000007388059/2020-toyota-hiace-zx-pvn-2-8dt-6at-van?referringPage=SearchResults
BMW,Mini,2005,No,$700,"123,140",," Front Damage, Right Side Damage, Structural Damage, Suspension Damage, Selling De-Registered",N/A,5,Petrol,https://manheim.co.nz/damaged-vehicles/000000000007408173/2005-bmw-mini-coopers-hatch?referringPage=SearchResults
Suzuki,GSX250,2019,No,$500,N/A,," Ignition Damage, Structural Damage, Stolen & Recovered, Selling De-Registered","Automatic,",N/A,Petrol,https://manheim.co.nz/damaged-vehicles/000000000007418278/2019-suzuki-gsx250-rza-motorcycle?referringPage=SearchResults
Toyota,Vitz,2004,No,$500,"235,300",," Rear Damage, Structural Damage, Selling De-Registered","Automatic,",5,Petrol,https://manheim.co.nz/damaged-vehicles/000000000007418298/2004-toyota-vitz-hatch?referringPage=SearchResults
Mazda,Demio,2014,No,$0,N/A,," Ignition Damage, Left Side Damage, Right Side Damage, Structural Damage, Stolen & Recovered, Selling De-Registered","Automatic,",5,Petrol,https://manheim.co.nz/damaged-vehicles/000000000007418307/2014-mazda-demio-hatch?referringPage=SearchResults
MINI,Cooper,2005,No,$650,"212,034",," Right Rear Damage, Structural Damage, Selling De-Registered","Manual,",4,Petrol,https://manheim.co.nz/damaged-vehicles/000000000007408326/2005-mini-cooper-s-cabrio-manual-coup%C3%A9?referringPage=SearchResults
Holden,VX Commodore,2002,No,$600,"132,293",," Left Front Damage, Selling De-Registered","Automatic,",5,Petrol,https://manheim.co.nz/damaged-vehicles/000000000007418337/2002-holden-vx-commodore-3-8-berlina-sedan-a-sedan?referringPage=SearchResults
Toyota,Yaris,2017,No,"$1,300","113,302",," Front Damage, Structural Damage, Selling De-Registered","Automatic,",5,Petrol,https://manheim.co.nz/damaged-vehicles/000000000007418349/2017-toyota-yaris-gx-1-3p-4at-hatch?referringPage=SearchResults
Holden,Captiva,2007,No,$700,N/A,," Right Rear Damage, Underbody Damage, Selling De-Registered","Automatic,",7,Petrol,https://manheim.co.nz/damaged-vehicles/000000000007418354/2007-holden-captiva-cx-3-2l-v6-auto-station-wagon?referringPage=SearchResults
Holden,Astra,1999,No,$400,N/A,," Right Front Damage, Fire - Engine, Selling De-Registered","5spd Manual,",5,Petrol,https://manheim.co.nz/damaged-vehicles/000000000007418358/1999-holden-astra-cd-sed-man-sedan?referringPage=SearchResults
Ford,Falcon,2005,No,$800,"117,629",," Left Front Damage, Left Rear Damage, Right Front Damage, Selling De-Registered","Automatic,",5,Petrol,https://manheim.co.nz/damaged-vehicles/000000000007418360/2005-ford-falcon-ba-futura-w-fa-station-wagon?referringPage=SearchResults
Holden,Astra,2003,No,$500,N/A,," Left Front Damage, Right Front Damage, Right Rear Damage, Dismantled - Entire Vehicle, Selling De-Registered","5spd Manual,",5,Petrol,https://manheim.co.nz/damaged-vehicles/000000000007418363/2003-holden-astra-city-hatch-1-8l-man-hatch?referringPage=SearchResults
Holden,Barina,2006,No,$500,"35,969",," Left Front Damage, Roof Damage, Right Front Damage, Right Rear Damage, Right Side Damage, Airbags Deployed, Selling De-Registered","Automatic,",5,Petrol,https://manheim.co.nz/damaged-vehicles/000000000007418366/2006-holden-barina-5dr-hatch-auto-hatch?referringPage=SearchResults
Ford,Falcon,2004,No,$800,"164,194",," Right Front Damage, Right Side Damage, Dismantled - Entire Vehicle, Selling De-Registered","Automatic,",5,Petrol,https://manheim.co.nz/damaged-vehicles/000000000007418369/2004-ford-falcon-ba-falcon-xr6-a-sedan?referringPage=SearchResults
Holden,VX Commodore,2001,No,$750,N/A,," Left Rear Damage, Right Front Damage, Selling De-Registered","Automatic,",5,Petrol,https://manheim.co.nz/damaged-vehicles/000000000007418374/2001-holden-vx-commodore-3-8-s-c-calais-sed-sedan?referringPage=SearchResults
Mazda,Verisa,2007,No,$400,"173,585",," Airbags Deployed, Front Damage, Right Front Damage, Airbags Deployed, Structural Damage, Selling De-Registered","Automatic,",5,Petrol,https://manheim.co.nz/damaged-vehicles/000000000007418380/2007-mazda-verisa-station-wagon?referringPage=SearchResults
Nissan,March,2010,Yes,$0,N/A,," Right Side Damage, Selling Registered",N/A,5,Petrol,https://manheim.co.nz/damaged-vehicles/000000000007418387/2010-nissan-march-hatch?referringPage=SearchResults
Toyota,Dyna,2007,No,$0,"346,239",1," Front Damage, Structural Damage, Selling De-Registered","5spd Manual,",3,Diesel,https://manheim.co.nz/damaged-vehicles/000000000007408386/2007-toyota-dyna-xzu414-box-body?referringPage=SearchResults
Ford,Focus,2001,No,$0,N/A,," Airbags Deployed, Left Front Damage, Airbags Deployed, Structural Damage, Selling De-Registered","Automatic,",5,Petrol,https://manheim.co.nz/damaged-vehicles/000000000007408405/2001-ford-focus-hatch?referringPage=SearchResults
Mazda,Familia,1999,No,$625,N/A,," Right Rear Damage, Structural Damage, Selling De-Registered","Automatic,",5,Petrol,https://manheim.co.nz/damaged-vehicles/000000000007408407/1999-mazda-familia-sport-20-hatch?referringPage=SearchResults
Ford,Mondeo,2005,No,$600,"100,950",," Left Front Damage, Right Front Damage, Airbags Deployed, Selling De-Registered","Automatic,",5,Petrol,https://manheim.co.nz/damaged-vehicles/000000000007418407/2005-ford-mondeo-2-0-sedan-aut-sedan?referringPage=SearchResults
Ford,Mondeo,2016,No,"$1,300","102,770",," Left Front Damage, Right Front Damage, Airbags Deployed, Selling De-Registered","Automatic,",5,N/A,https://manheim.co.nz/damaged-vehicles/000000000007418418/2016-ford-mondeo-ambiente-wgn-diesel-station-wagon?referringPage=SearchResults
Holden,Commodore,2004,No,$500,N/A,," Left Front Damage, Right Front Damage, Selling De-Registered","Automatic,",5,Petrol,https://manheim.co.nz/damaged-vehicles/000000000007418427/2004-holden-commodore-exec-sedan-3-6-auto-sedan?referringPage=SearchResults
Kia,Cerato,2018,No,$0,"98,163",," Right Front Damage, Structural Damage, Selling De-Registered",N/A,5,Petrol,https://manheim.co.nz/damaged-vehicles/000000000007408438/2018-kia-cerato-ex-2-0p-6at-hatch?referringPage=SearchResults
Toyota,Hilux,1996,No,$0,"251,556",," Glass Broken, Ignition Damage, Left Side Damage, Vandalised - Interior, Structural Damage, Selling De-Registered","Automatic,",5,Diesel,https://manheim.co.nz/damaged-vehicles/000000000007388438/1996-toyota-hilux-station-wagon?referringPage=SearchResults
Holden,VX Commodore,2001,No,$0,"209,662",," Front Damage, Airbags Deployed, Structural Damage, Selling De-Registered","Automatic,",5,Petrol,https://manheim.co.nz/damaged-vehicles/000000000007418473/2001-holden-vx-commodore-5-7-ss-auto-sedan?referringPage=SearchResults
Nissan,Wingroad,2006,No,$0,"145,276",," Front Damage, Structural Damage, Selling De-Registered","Automatic,",5,Petrol,https://manheim.co.nz/damaged-vehicles/000000000007418474/2006-nissan-wingroad-station-wagon?referringPage=SearchResults
Ford,Ranger,2016,Yes,N/A,"200,361",," Ignition Damage, Stolen & Recovered, Selling Registered","Automatic,",5,Diesel,https://manheim.co.nz/damaged-vehicles/000000000007408484/2016-ford-ranger-xlt-double-cab-w-sa-dual-cab-utility?referringPage=SearchResults
Mazda,Demio,2010,No,$750,"163,697",," Glass Broken, Interior Damage, Ignition Damage, Left Side Damage, Stolen & Recovered, Selling De-Registered",N/A,5,Petrol,https://manheim.co.nz/damaged-vehicles/000000000007408507/2010-mazda-demio-hatch?referringPage=SearchResults
Honda,fit,2004,No,$0,N/A,," Front Damage, Left Side Damage, Structural Damage, Selling De-Registered","Automatic,",5,Petrol,https://manheim.co.nz/damaged-vehicles/000000000007418501/2004-honda-fit-hatch?referringPage=SearchResults
Ford,Laser,2002,No,$0,N/A,," Right Front Damage, Right Side Damage, Structural Damage, Selling De-Registered",N/A,5,Petrol,https://manheim.co.nz/damaged-vehicles/000000000007418506/2002-ford-laser-1-6-lxi-5dr-man-hatch?referringPage=SearchResults
Toyota,Hilux,2017,No,N/A,N/A,," Left Side Damage, Roof Damage, Right Side Damage, Underbody Damage, Structural Damage, Suspension Damage, Selling De-Registered","Automatic,",5,Diesel,https://manheim.co.nz/damaged-vehicles/000000000007418512/2017-toyota-hilux-sr5-td-dc-2-8d-6at--utility?referringPage=SearchResults
Toyota,Aqua,2017,No,"$1,450",N/A,," Right Front Damage, Right Side Damage, Underbody Damage, Structural Damage, Selling De-Registered","Automatic,",5,Hybrid,https://manheim.co.nz/damaged-vehicles/000000000007408513/2017-toyota-aqua-hybrid-hatch?referringPage=SearchResults
Mazda,Axela,2010,No,$0,N/A,," Front Damage, Right Side Damage, Airbags Deployed, Structural Damage, Selling De-Registered","Automatic,",5,Petrol,https://manheim.co.nz/damaged-vehicles/000000000007418522/2010-mazda-axela-hatch?referringPage=SearchResults
Holden,Commodore,2003,No,$500,"188,352",," Left Side Damage, Right Side Damage, Selling De-Registered","Automatic,",5,Petrol,https://manheim.co.nz/damaged-vehicles/000000000007418525/2003-holden-commodore-acclaim-v6-sedan?referringPage=SearchResults
Nissan,Dualis,2007,Yes,$900,N/A,," Left Rear Damage, Left Side Damage, Selling Registered","Automatic,",5,Petrol,https://manheim.co.nz/damaged-vehicles/000000000007378523/2007-nissan-dualis-station-wagon?referringPage=SearchResults
Toyota,Corolla,2005,No,$0,N/A,," Front Damage, Left Rear Damage, Structural Damage, Selling De-Registered","Automatic,",5,Petrol,https://manheim.co.nz/damaged-vehicles/000000000007418531/2005-toyota-corolla-fielder-station-wagon?referringPage=SearchResults
Ford,Mondeo,2010,No,$500,"172,703",," Left Rear Damage, Right Front Damage, Right Rear Damage, Selling De-Registered","Automatic,",5,Diesel,https://manheim.co.nz/damaged-vehicles/000000000007418535/2010-ford-mondeo-2-0td-sedan-a-sedan?referringPage=SearchResults
Toyota,Spacio,2004,Yes,$0,"180,538",," Glass Broken, Ignition Damage, Stolen & Recovered, Selling Registered",N/A,7,Petrol,https://manheim.co.nz/damaged-vehicles/000000000007418536/2004-toyota-spacio-station-wagon?referringPage=SearchResults
Ford,Fairlane,2002,No,$500,N/A,," Left Front Damage, Left Rear Damage, Right Front Damage, Right Side Damage, Selling De-Registered","Automatic,",5,Petrol,https://manheim.co.nz/damaged-vehicles/000000000007418545/2002-ford-fairlane-auiii-frln-ghia-6c-sedan?referringPage=SearchResults
Subaru,Impreza,2012,No,$0,"138,677",," Front Damage, Left Front Damage, Rear Damage, Structural Damage, Selling De-Registered","Automatic,",5,Petrol,https://manheim.co.nz/damaged-vehicles/000000000007418558/2012-subaru-impreza-hatch?referringPage=SearchResults
Toyota,Aqua,2012,No,$0,N/A,," Rear Damage, Structural Damage, Selling De-Registered","Automatic,",5,Hybrid,https://manheim.co.nz/damaged-vehicles/000000000007418571/2012-toyota-aqua-hatch?referringPage=SearchResults
BMW,X3,2015,No,N/A,"65,699",," Front Damage, Structural Damage, Selling De-Registered",N/A,5,Diesel,https://manheim.co.nz/damaged-vehicles/000000000007418578/2015-bmw-x3-touring?referringPage=SearchResults
Ford,Falcon,1997,No,$500,N/A,," Left Rear Damage, Left Side Damage, Right Rear Damage, Right Side Damage, Selling De-Registered","Automatic,",6,Petrol,https://manheim.co.nz/damaged-vehicles/000000000007418580/1997-ford-falcon-el-gli-ca-sedan?referringPage=SearchResults
Hyundai,Kona,2021,No,N/A,N/A,," Front Damage, Airbags Deployed, Structural Damage, Selling De-Registered","Automatic, Drive Type, Front Wheel Drive, Fuel Type, Electri",5,Electric,https://manheim.co.nz/damaged-vehicles/000000000007408584/2021-hyundai-kona-ev-64kwh-64kwh-ev-f-station-wagon?referringPage=SearchResults
Toyota,Aqua,2016,No,$1,1,," Fire - Entire Vehicle, Structural Damage, Selling De-Registered","Automatic,",5,Hybrid,https://manheim.co.nz/damaged-vehicles/000000000007378580/2016-toyota-aqua-hatch?referringPage=SearchResults
Holden,Captiva,2015,No,$700,"80,001",," Vandalised - Entire Vehicle, Water Damage, Selling De-Registered","Automatic,",7,Petrol,https://manheim.co.nz/damaged-vehicles/000000000007418592/2015-holden-captiva-7-ls-equipe-2-4p-6a-station-wagon?referringPage=SearchResults
Holden,VX Commodore,2003,Yes,$500,N/A,," Left Front Damage, Left Side Damage, Right Front Damage, Selling Registered","Automatic,",5,Petrol,https://manheim.co.nz/damaged-vehicles/000000000007418598/2003-holden-vx-commodore-lumina-sedan-v6-aut-sedan?referringPage=SearchResults
Toyota,RAV4,2025,No,N/A,N/A,," Left Side Damage, Airbags Deployed, Structural Damage, Suspension Damage, Selling De-Registered","Automatic,",5,Hybrid,https://manheim.co.nz/damaged-vehicles/000000000007418600/2025-toyota-rav4-xse-2-5ph-4wd-hd-station-wagon?referringPage=SearchResults
Honda,fit,2014,No,$0,N/A,," Left Side Damage, Structural Damage, Selling De-Registered",N/A,5,Petrol,https://manheim.co.nz/damaged-vehicles/000000000007418607/2014-honda-fit-hatch?referringPage=SearchResults
Toyota,Hiace,2006,Yes,N/A,N/A,, Selling Registered,"Automatic,",10,Petrol,https://manheim.co.nz/damaged-vehicles/000000000007408607/2006-toyota-hiace-van?referringPage=SearchResults
Triumph,Street Twin,2016,Yes,"$2,650","42,267",," Front Damage, Selling Registered","Automatic,",N/A,Petrol,https://manheim.co.nz/damaged-vehicles/000000000007408611/2016-triumph-street-twin-abs-b1-900-dp-motorcycle?referringPage=SearchResults
Suzuki,GSX800,2024,No,$550,1,," Structural Damage, Selling De-Registered","Automatic,",N/A,Petrol,https://manheim.co.nz/damaged-vehicles/000000000007408613/2024-suzuki-gsx800-rqm3-motorcycle?referringPage=SearchResults
Nissan,Qashqai,2020,No,N/A,"93,700",," Engine Damage, Front Damage, Rear Damage, Selling De-Registered","Automatic,",5,Petrol,https://manheim.co.nz/damaged-vehicles/000000000007418621/2020-nissan-qashqai-st-l-2-0p-cvt-hatch?referringPage=SearchResults
Kia,Picanto,2009,No,$0,"123,939",," Glass Broken, Left Rear Damage, Left Side Damage, Rear Damage, Right Rear Damage, Structural Damage, Selling De-Registered",N/A,5,Petrol,https://manheim.co.nz/damaged-vehicles/000000000007418628/2009-kia-picanto-1-1-manual-hatch?referringPage=SearchResults
BMW,Mini,2016,No,$0,"88,091",," Front Damage, Right Front Damage, Right Side Damage, Structural Damage, Selling De-Registered",N/A,5,Petrol,https://manheim.co.nz/damaged-vehicles/000000000007418629/2016-bmw-mini-cooper-hatch?referringPage=SearchResults
Nissan,Juke,2010,No,$0,N/A,," Left Front Damage, Structural Damage, Selling De-Registered",N/A,5,Petrol,https://manheim.co.nz/damaged-vehicles/000000000007398627/2010-nissan-juke-hatch?referringPage=SearchResults
Subaru,Forester,2007,No,$0,"233,970",," Left Side Damage, Structural Damage, Selling De-Registered","Automatic,",5,Petrol,https://manheim.co.nz/damaged-vehicles/000000000007418632/2007-subaru-forester-station-wagon?referringPage=SearchResults
Nissan,Tiida,2009,No,$0,"249,000",," Right Side Damage, Structural Damage, Selling De-Registered","Automatic,",5,Petrol,https://manheim.co.nz/damaged-vehicles/000000000007418634/2009-nissan-tiida-hatch?referringPage=SearchResults
Nissan,March,2008,No,$1,N/A,," Fire Damage, Structural Damage, Stolen & Recovered, Selling De-Registered",N/A,5,Petrol,https://manheim.co.nz/damaged-vehicles/000000000007388667/2008-nissan-march-hatch?referringPage=SearchResults
Toyota,Highlander,2021,No,N/A,N/A,," Front Damage, Rear Damage, Structural Damage, Selling De-Registered",N/A,7,Hybrid,https://manheim.co.nz/damaged-vehicles/000000000007418673/2021-toyota-highlander-limited-2-5ph-4wd-h-station-wagon?referringPage=SearchResults
Toyota,Estima,2011,No,$0,N/A,," Front Damage, Rear Damage, Right Rear Damage, Structural Damage, Selling De-Registered","Automatic,",8,Hybrid,https://manheim.co.nz/damaged-vehicles/000000000007418675/2011-toyota-estima-station-wagon?referringPage=SearchResults
Mercedes-Benz,C-class,2019,No,N/A,N/A,," Front Damage, Rear Damage, Structural Damage, Selling De-Registered","Automatic,",5,Petrol,https://manheim.co.nz/damaged-vehicles/000000000007418677/2019-mercedes-benz-c-class-c-200-1-5p-9at-sedan?referringPage=SearchResults
Ford,Territory,2006,No,$500,"134,104",," Left Front Damage, Left Side Damage, Right Front Damage, Right Side Damage, Selling De-Registered","Automatic,",5,Petrol,https://manheim.co.nz/damaged-vehicles/000000000007418682/2006-ford-territory-sy-territory-tx-awd-station-wagon?referringPage=SearchResults
Ford,Falcon UTE,2004,No,"$3,300",N/A,," Left Front Damage, Left Side Damage, Right Front Damage, Right Side Damage, Airbags Deployed, Selling De-Registered","Automatic,",2,Petrol,https://manheim.co.nz/damaged-vehicles/000000000007418688/2004-ford-falcon-ute-ba-xr8-pick-up-fa-coup%C3%A9?referringPage=SearchResults
Volvo,XC90,2019,No,N/A,N/A,," Front Damage, Left Side Damage, Structural Damage, Selling De-Registered","Automatic,",7,Diesel,https://manheim.co.nz/damaged-vehicles/000000000007418701/2019-volvo-xc90-d5-awd-momentum-2-0-station-wagon?referringPage=SearchResults
BMW,Compact,2002,No,$0,N/A,," Front Damage, Fire Damage, Fire - Engine, Structural Damage, Selling De-Registered","Automatic,",5,Petrol,https://manheim.co.nz/damaged-vehicles/000000000007418705/2002-bmw-compact-compact-a-hatch?referringPage=SearchResults
Toyota,Camry,1999,Yes,$0,N/A,," Right Front Damage, Selling Registered","Automatic,",5,Petrol,https://manheim.co.nz/damaged-vehicles/000000000007418707/1999-toyota-camry-3-0p-glx-sedan-4a-sedan?referringPage=SearchResults
MG,ZS,2022,No,$0,N/A,," Front Damage, Airbags Deployed, Structural Damage, Selling De-Registered","Automatic,",5,Petrol,https://manheim.co.nz/damaged-vehicles/000000000007418709/2022-mg-zs-t-core-1-5p-cvt-station-wagon?referringPage=SearchResults
Triumph,Street Triple,2016,No,$0,"49,755",," Structural Damage, Selling De-Registered","Automatic,",N/A,Petrol,https://manheim.co.nz/damaged-vehicles/000000000007408717/2016-triumph-street-triple-660-abs-b1-ls7-motorcycle?referringPage=SearchResults
BMW,325i,2002,No,$0,N/A,," Rear Damage, Structural Damage, Selling De-Registered","Automatic,",5,Petrol,https://manheim.co.nz/damaged-vehicles/000000000007418724/2002-bmw-325i-touring?referringPage=SearchResults
Toyota,Corolla,2015,No,$0,"159,689",," Front Damage, Airbags Deployed, Structural Damage, Selling De-Registered","Automatic,",5,Petrol,https://manheim.co.nz/damaged-vehicles/000000000007418734/2015-toyota-corolla-gx-1-8p-hatch-cv-hatch?referringPage=SearchResults
Nissan,Dualis,2008,No,$0,N/A,," Rear Damage, Structural Damage, Selling De-Registered",N/A,5,Petrol,https://manheim.co.nz/damaged-vehicles/000000000007418742/2008-nissan-dualis-station-wagon?referringPage=SearchResults
Honda,Cr-z,2010,No,$0,N/A,," Front Damage, Structural Damage, Selling De-Registered","Automatic,",4,Petrol,https://manheim.co.nz/damaged-vehicles/000000000007418745/2010-honda-cr-z-hatch?referringPage=SearchResults
Honda,CBR1000,2018,Yes,"$5,300","103,088",," Right Side Damage, Selling Registered",N/A,N/A,Petrol,https://manheim.co.nz/damaged-vehicles/000000000007408749/2018-honda-cbr1000-rr-998p-motorcycle?referringPage=SearchResults
Honda,fit,2005,No,$0,N/A,," Left Rear Damage, Rear Damage, Structural Damage, Selling De-Registered","Automatic,",5,Petrol,https://manheim.co.nz/damaged-vehicles/000000000007418750/2005-honda-fit-hatch?referringPage=SearchResults
Mitsubishi,Lancer,1999,Yes,$0,"181,694",, Selling Registered,"Automatic,",5,Petrol,https://manheim.co.nz/damaged-vehicles/000000000007418758/1999-mitsubishi-lancer-1-8p-glxi-sedan-m-sedan?referringPage=SearchResults
Subaru,Impreza,2001,Yes,$0,"241,438",," Ignition Damage, Vandalised - Interior, Stolen & Recovered, Selling Registered","Automatic,",5,Petrol,https://manheim.co.nz/damaged-vehicles/000000000007418763/2001-subaru-impreza-station-wagon?referringPage=SearchResults
Hyundai,Accent,2018,No,$0,N/A,," Left Rear Damage, Structural Damage, Selling De-Registered",N/A,5,Petrol,https://manheim.co.nz/damaged-vehicles/000000000007418764/2018-hyundai-accent-1-4p-cvt-hatch?referringPage=SearchResults
Subaru,XV,2013,No,$0,N/A,," Front Damage, Rear Damage, Structural Damage, Selling De-Registered","Automatic,",5,Petrol,https://manheim.co.nz/damaged-vehicles/000000000007418769/2013-subaru-xv-hatch-2-0i-auto-station-wagon?referringPage=SearchResults
CARAVAN,Stealth,2019,Yes,"$13,050",N/A,0," Hail Dmg, Left Side Damage, Right Side Damage, Selling Registered",N/A,N/A,N/A,https://manheim.co.nz/damaged-vehicles/000000000007408764/2019-caravan-stealth-caravan?referringPage=SearchResults
Mazda,CX-3,2017,No,$0,N/A,," Interior Damage, Selling De-Registered","Automatic,",5,Petrol,https://manheim.co.nz/damaged-vehicles/000000000007418771/2017-mazda-cx-3-gsx-2-0p-6at-station-wagon?referringPage=SearchResults
Nissan,X-trail,2018,No,N/A,N/A,," Airbags Deployed, Left Side Damage, Rear Damage, Structural Damage, Selling De-Registered","Automatic,",7,Petrol,https://manheim.co.nz/damaged-vehicles/000000000007418783/2018-nissan-x-trail-st-l-2-5p-6cvt-station-wagon?referringPage=SearchResults
Yamaha,YZF,2019,No,$500,"31,006",," Front Damage, Structural Damage, Selling De-Registered",N/A,N/A,Petrol,https://manheim.co.nz/damaged-vehicles/000000000007408784/2019-yamaha-yzf-r3-aj2-motorcycle?referringPage=SearchResults
CRUSADER,Imperial 180,1977,No,$0,1,0," Structural Damage, Water Damage, Selling De-Registered",N/A,N/A,N/A,https://manheim.co.nz/damaged-vehicles/000000000007408791/1977-crusader-imperial-180-caravan?referringPage=SearchResults
Daihatsu,YRV,2000,Yes,$0,"171,569",," Front Damage, Selling Registered","4spd Automatic,",5,Petrol,https://manheim.co.nz/damaged-vehicles/000000000007408792/2000-daihatsu-yrv-station-wagon?referringPage=SearchResults
Nissan,March,2005,No,$0,"210,841",," Front Damage, Structural Damage, Selling De-Registered","Automatic,",5,Petrol,https://manheim.co.nz/damaged-vehicles/000000000007418792/2005-nissan-march-hatch?referringPage=SearchResults
Toyota,Corolla,2007,No,$0,"131,837",," Left Front Damage, Structural Damage, Selling De-Registered","Automatic,",5,Petrol,https://manheim.co.nz/damaged-vehicles/000000000007418817/2007-toyota-corolla-fielder-station-wagon?referringPage=SearchResults
Mazda,Demio,2012,No,$0,"163,036",," Right Rear Damage, Structural Damage, Selling De-Registered","4spd Automatic,",5,Petrol,https://manheim.co.nz/damaged-vehicles/000000000007418826/2012-mazda-demio-hatch?referringPage=SearchResults
Honda,fit,2011,No,$500,"171,369",," Front Damage, Structural Damage, Selling De-Registered","Automatic,",5,Hybrid,https://manheim.co.nz/damaged-vehicles/000000000007408825/2011-honda-fit-hybrid-hatch?referringPage=SearchResults
Toyota,Yaris,2006,Yes,$0,"247,448",," Front Damage, Selling Registered","5spd Manual,",5,Petrol,https://manheim.co.nz/damaged-vehicles/000000000007408839/2006-toyota-yaris-1-3p-hatch5-5m-hatch?referringPage=SearchResults
Audi,A3,2006,No,$0,N/A,," Left Side Damage, Structural Damage, Selling De-Registered","Automatic,",5,Petrol,https://manheim.co.nz/damaged-vehicles/000000000007418831/2006-audi-a3-hatch?referringPage=SearchResults
Toyota,Hiace,2005,No,N/A,N/A,," Structural Damage, Selling De-Registered","Automatic,",10,Petrol,https://manheim.co.nz/damaged-vehicles/000000000007418832/2005-toyota-hiace-van?referringPage=SearchResults
Nissan,Serena,2017,No,$0,"127,668",," Front Damage, Rear Damage, Structural Damage, Selling De-Registered","Automatic,",8,Hybrid,https://manheim.co.nz/damaged-vehicles/000000000007418834/2017-nissan-serena-station-wagon?referringPage=SearchResults
Mazda,Axela,2017,No,$0,N/A,," Left Front Damage, Rear Damage, Right Rear Damage, Structural Damage, Suspension Damage, Selling De-Registered","Automatic,",5,Petrol,https://manheim.co.nz/damaged-vehicles/000000000007418836/2017-mazda-axela-sedan?referringPage=SearchResults
BMW,2 Series,2016,No,$0,N/A,," Left Side Damage, Structural Damage, Selling De-Registered",N/A,5,Petrol,https://manheim.co.nz/damaged-vehicles/000000000007418838/2016-bmw-2-series-218i-1-5p-6at-ha-5d-hatch?referringPage=SearchResults
Suzuki,UZ50,2023,Yes,$375,"3,846",," Ignition Damage, Stolen & Recovered, Selling Registered","Automatic,",N/A,Petrol,https://manheim.co.nz/damaged-vehicles/000000000007408859/2023-suzuki-uz50-scooter?referringPage=SearchResults
Nissan,Note,2011,No,$0,N/A,," Right Side Damage, Structural Damage, Selling De-Registered",N/A,5,Petrol,https://manheim.co.nz/damaged-vehicles/000000000007418861/2011-nissan-note-station-wagon?referringPage=SearchResults
Mazda,Verisa,2007,No,$0,"134,105",," Front Damage, Left Front Damage, Structural Damage, Selling De-Registered","Automatic,",5,Petrol,https://manheim.co.nz/damaged-vehicles/000000000007418867/2007-mazda-verisa-hatch?referringPage=SearchResults
Toyota,Aqua,2016,No,$0,N/A,," Right Side Damage, Structural Damage, Selling De-Registered","Automatic,",5,Hybrid,https://manheim.co.nz/damaged-vehicles/000000000007398860/2016-toyota-aqua-hatch?referringPage=SearchResults
Toyota,Corolla,2002,No,$0,N/A,," Right Rear Damage, Water Damage, Selling De-Registered","Automatic,",5,Petrol,https://manheim.co.nz/damaged-vehicles/000000000007418881/2002-toyota-corolla-1-8p-gl-hatch5-4a-hatch?referringPage=SearchResults
Holden,Colorado,2020,No,N/A,"72,564",," Structural Damage, Water Damage, Selling De-Registered","Automatic,",5,Diesel,https://manheim.co.nz/damaged-vehicles/000000000007418883/2020-holden-colorado-ls-dc-pu-2-8d-4wd-dual-cab-utility?referringPage=SearchResults
Mitsubishi,Lancer,2014,No,$0,"165,260",," Left Rear Damage, Rear Damage, Right Rear Damage, Structural Damage, Selling De-Registered","CVT,",5,Petrol,https://manheim.co.nz/damaged-vehicles/000000000007418884/2014-mitsubishi-lancer-gsr-2-0pcvt-sl5s-sedan?referringPage=SearchResults
Audi,A4,2010,No,$0,N/A,," Fire Damage, Left Front Damage, Malicious/Vandalised, Roof Damage, Fire - Interior, Structural Damage, Selling De-Registered","Automatic,",5,Petrol,https://manheim.co.nz/damaged-vehicles/000000000007418887/2010-audi-a4-2-0t-quattro-sedan?referringPage=SearchResults
Toyota,Altezza,1998,No,$0,"241,064",," Front Damage, Left Front Damage, Right Front Damage, Airbags Deployed, Structural Damage, Selling De-Registered","Manual,",5,Petrol,https://manheim.co.nz/damaged-vehicles/000000000007418889/1998-toyota-altezza-sedan?referringPage=SearchResults
Toyota,Aqua,2017,No,"$1,300",N/A,," Front Damage, Left Front Damage, Right Front Damage, Airbags Deployed, Structural Damage, Selling De-Registered","Automatic,",5,Hybrid,https://manheim.co.nz/damaged-vehicles/000000000007408889/2017-toyota-aqua-hatch?referringPage=SearchResults
Suzuki,Swift,2014,Yes,N/A,"164,605",," Left Side Damage, Selling Registered","Automatic,",5,Petrol,https://manheim.co.nz/damaged-vehicles/000000000007408892/2014-suzuki-swift-glab-1-4p-4at-ha-5d-hatch?referringPage=SearchResults
Nissan,Serena,2012,No,"$1,000","132,000",," Front Damage, Left Rear Damage, Roof Damage, Dismantled - Interior, Structural Damage, Selling De-Registered","Automatic,",8,Petrol,https://manheim.co.nz/damaged-vehicles/000000000007338890/2012-nissan-serena-station-wagon?referringPage=SearchResults
Suzuki,Swift,2006,Yes,$0,"207,860",," Right Front Damage, Selling Registered","Automatic,",5,Petrol,https://manheim.co.nz/damaged-vehicles/000000000007418911/2006-suzuki-swift-hatch?referringPage=SearchResults
Nissan,Teana,2005,No,$0,N/A,," Rear Damage, Right Front Damage, Structural Damage, Selling De-Registered","Automatic,",5,Petrol,https://manheim.co.nz/damaged-vehicles/000000000007418913/2005-nissan-teana-230jm-sedan?referringPage=SearchResults
Nissan,Tiida,2012,No,$700,"235,979",," Front Damage, Structural Damage, Suspension Damage, Selling De-Registered","4spd,",5,Petrol,https://manheim.co.nz/damaged-vehicles/000000000007398921/2012-nissan-tiida-latio-sedan?referringPage=SearchResults
Kia,Soul,2009,Yes,$0,"90,708",," Left Front Damage, Underbody Damage, Suspension Damage, Selling Registered","Automatic,",5,Diesel,https://manheim.co.nz/damaged-vehicles/000000000007358942/2009-kia-soul-hatch?referringPage=SearchResults
Mazda,Axela,2010,No,$0,N/A,," Left Front Damage, Structural Damage, Selling De-Registered",N/A,5,Petrol,https://manheim.co.nz/damaged-vehicles/000000000007388940/2010-mazda-axela-hatch?referringPage=SearchResults
Subaru,Outback,2013,No,$0,"156,912",," Structural Damage, Selling De-Registered","Automatic,",5,Petrol,https://manheim.co.nz/damaged-vehicles/000000000007419039/2013-subaru-outback-station-wagon?referringPage=SearchResults
Toyota,Aqua,2016,No,$0,N/A,," Front Damage, Structural Damage, Selling De-Registered","Automatic,",5,Hybrid,https://manheim.co.nz/damaged-vehicles/000000000007419040/2016-toyota-aqua-hatch?referringPage=SearchResults
Nissan,Tiida,2011,No,$0,"91,285",," Left Front Damage, Left Side Damage, Structural Damage, Selling De-Registered","Automatic,",5,Petrol,https://manheim.co.nz/damaged-vehicles/000000000007419046/2011-nissan-tiida-hatch?referringPage=SearchResults
CARAVAN,Swift Corniche,1993,No,$0,N/A,0," Interior Damage, Structural Damage, Water Damage, Selling De-Registered",N/A,N/A,N/A,https://manheim.co.nz/damaged-vehicles/000000000007419047/1993-caravan-swift-corniche-caravan?referringPage=SearchResults
Toyota,Prado,1998,No,$0,N/A,," Interior Damage, Water Damage, Selling De-Registered","Automatic,",8,Diesel,https://manheim.co.nz/damaged-vehicles/000000000007419048/1998-toyota-prado-3-0td-4-sr5-wagon55-station-wagon?referringPage=SearchResults
Nissan,Tiida,2009,Yes,$0,N/A,," Left Front Damage, Left Side Damage, Selling Registered","Automatic,",5,Petrol,https://manheim.co.nz/damaged-vehicles/000000000007419055/2009-nissan-tiida-hatch?referringPage=SearchResults
BMW,X1,2011,No,$0,N/A,," Front Damage, Right Side Damage, Structural Damage, Selling De-Registered",N/A,5,Petrol,https://manheim.co.nz/damaged-vehicles/000000000007419056/2011-bmw-x1-hatch?referringPage=SearchResults
Toyota,Aqua,2012,No,$0,"121,207",," Water Damage, Selling De-Registered","Automatic,",5,Hybrid,https://manheim.co.nz/damaged-vehicles/000000000007419065/2012-toyota-aqua-hybrid-hatch?referringPage=SearchResults
Toyota,Corolla,2004,No,$0,"202,576",," Left Side Damage, Structural Damage, Selling De-Registered",N/A,5,Petrol,https://manheim.co.nz/damaged-vehicles/000000000007419066/2004-toyota-corolla-1-8p-gl-hatch5-5m-hatch?referringPage=SearchResults
Mitsubishi,Galant,2007,Yes,$0,"260,192",," Rear Damage, Selling Registered",N/A,5,Petrol,https://manheim.co.nz/damaged-vehicles/000000000007419068/2007-mitsubishi-galant-fortis-sedan?referringPage=SearchResults
Suzuki,Splash,2012,No,$0,"122,906",," Front Damage, Left Rear Damage, Right Front Damage, Structural Damage, Selling De-Registered","Automatic,",5,Petrol,https://manheim.co.nz/damaged-vehicles/000000000007419072/2012-suzuki-splash-hatch?referringPage=SearchResults
Mercedes-Benz,B-class,2019,No,N/A,N/A,," Right Rear Damage, Right Side Damage, Structural Damage, Selling De-Registered","Automatic,",5,Petrol,https://manheim.co.nz/damaged-vehicles/000000000007419076/2019-mercedes-benz-b-class-b180-1-6p-7at-ha-4d-hatch?referringPage=SearchResults
Audi,A4,2008,No,$0,N/A,," Front Damage, Structural Damage, Selling De-Registered","Automatic,",5,Petrol,https://manheim.co.nz/damaged-vehicles/000000000007419078/2008-audi-a4-2-0-station-wagon?referringPage=SearchResults
Mazda,Demio,2002,Yes,$0,"253,572",," Front Damage, Glass Broken, Ignition Damage, Left Rear Damage, Vandalised - Interior, Stolen & Recovered, Selling Registered","Automatic,",5,Petrol,https://manheim.co.nz/damaged-vehicles/000000000007419081/2002-mazda-demio-hatch?referringPage=SearchResults
Subaru,N/A,N/A,No,$160,N/A,, Dismantled - Entire Vehicle,N/A,N/A,N/A,https://manheim.co.nz/damaged-vehicles/000000000007419084/subaru-utility?referringPage=SearchResults
Subaru,Brumby MPV,1992,No,$360,"262,737",," Right Side Damage, Dismantled - Entire Vehicle","Manual,",2,Petrol,https://manheim.co.nz/damaged-vehicles/000000000007419087/1992-subaru-brumby-mpv-utility?referringPage=SearchResults
Toyota,Estima,1996,Yes,$0,"119,438",," Rear Damage, Selling Registered",N/A,8,Diesel,https://manheim.co.nz/damaged-vehicles/000000000007419088/1996-toyota-estima-lucida-x-station-wagon?referringPage=SearchResults
Mazda,Verisa,2004,No,$0,N/A,," Rear Damage, Structural Damage, Selling De-Registered",N/A,5,Petrol,https://manheim.co.nz/damaged-vehicles/000000000007409083/2004-mazda-verisa-hatch?referringPage=SearchResults
Toyota,Hiace,2013,No,N/A,"305,452",," Left Side Damage, Structural Damage, Suspension Damage, Selling De-Registered",N/A,3,N/A,https://manheim.co.nz/damaged-vehicles/000000000007409085/2013-toyota-hiace-van?referringPage=SearchResults
Honda,Accord,2012,No,$500,"283,313",," Right Side Damage, Airbags Deployed, Structural Damage, Selling De-Registered",N/A,5,Petrol,https://manheim.co.nz/damaged-vehicles/000000000007409087/2012-honda-accord-euro-s-sedan?referringPage=SearchResults
Suzuki,Swift,2005,No,$0,N/A,," Right Front Damage, Structural Damage, Selling De-Registered",N/A,5,Petrol,https://manheim.co.nz/damaged-vehicles/000000000007409088/2005-suzuki-swift-hatch?referringPage=SearchResults
Suzuki,GSX250FRLL9,2022,No,$0,1,," Structural Damage, Selling De-Registered","Automatic,",N/A,Petrol,https://manheim.co.nz/damaged-vehicles/000000000007409097/2022-suzuki-gsx250frll9-motorcycle?referringPage=SearchResults
Renault,Koleos,2015,No,$0,"148,617",," Front Damage, Structural Damage, Selling De-Registered",N/A,5,Petrol,https://manheim.co.nz/damaged-vehicles/000000000007419091/2015-renault-koleos-2-0-4x2-cvt-2-5p-cv-station-wagon?referringPage=SearchResults
Toyota,Yaris,2011,No,$0,"119,424",," Roof Damage, Structural Damage, Selling De-Registered",N/A,5,Petrol,https://manheim.co.nz/damaged-vehicles/000000000007419101/2011-toyota-yaris-1-5p-sedan-4a-sedan?referringPage=SearchResults
Suzuki,Swift,2007,Yes,$0,N/A,," Front Damage, Selling Registered","Automatic,",5,Petrol,https://manheim.co.nz/damaged-vehicles/000000000007419102/2007-suzuki-swift-hatch?referringPage=SearchResults
MG,ZS,2022,No,$0,N/A,," Right Side Damage, Structural Damage, Selling De-Registered","Automatic, Drive Type, Front Wheel Drive, Fuel Type, Electri",5,Electric,https://manheim.co.nz/damaged-vehicles/000000000007419107/2022-mg-zs-ev-44kwh-ev-at-station-wagon?referringPage=SearchResults
Toyota,Previa,2006,No,$0,N/A,," Rear Damage, Structural Damage, Selling De-Registered","Automatic,",8,Petrol,https://manheim.co.nz/damaged-vehicles/000000000007409102/2006-toyota-previa-2-4p-wagon-4a-station-wagon?referringPage=SearchResults
Nissan,Murano,2007,No,$700,"248,409",," Rear Damage, Right Rear Damage, Structural Damage, Selling De-Registered","Automatic,",5,Petrol,https://manheim.co.nz/damaged-vehicles/000000000007409104/2007-nissan-murano-station-wagon?referringPage=SearchResults
Nissan,Note,2017,No,$0,N/A,," Front Damage, Right Front Damage, Structural Damage, Selling De-Registered",N/A,4,Hybrid,https://manheim.co.nz/damaged-vehicles/000000000007409121/2017-nissan-note-e-power-hatch?referringPage=SearchResults
Ford,Courier,2003,No,$0,"304,729",," Structural Damage, Stolen & Recovered, Selling De-Registered",N/A,5,Diesel,https://manheim.co.nz/damaged-vehicles/000000000007419127/2003-ford-courier-xlx-2-5td-crew-4x2-dual-cab-utility?referringPage=SearchResults
Mazda,CX-7,2007,Yes,$0,"101,672",," Interior Damage, Dismantled - Interior, Selling Registered","Automatic,",5,Petrol,https://manheim.co.nz/damaged-vehicles/000000000007409150/2007-mazda-cx-7-station-wagon?referringPage=SearchResults
Toyota,Auris,2007,No,$0,N/A,," Front Damage, Right Front Damage, Right Side Damage, Structural Damage, Selling De-Registered","Automatic,",5,Petrol,https://manheim.co.nz/damaged-vehicles/000000000007409155/2007-toyota-auris-hatch?referringPage=SearchResults
Nissan,Tiida,2007,No,$0,N/A,," Left Side Damage, Right Side Damage, Structural Damage, Selling De-Registered","Automatic,",5,Petrol,https://manheim.co.nz/damaged-vehicles/000000000007419167/2007-nissan-tiida-hatch?referringPage=SearchResults
ADLY,SF-50,2016,No,$0,411,," Left Front Damage, Left Side Damage, Right Front Damage, Right Side Damage, Structural Damage, Stolen & Recovered, Selling De-Registered","Automatic,",N/A,Petrol,https://manheim.co.nz/damaged-vehicles/000000000007419172/2016-adly-sf-50-scooter?referringPage=SearchResults
Subaru,Outback,2009,No,$0,"220,735",," Rear Damage, Structural Damage, Selling De-Registered","Automatic,",5,Petrol,https://manheim.co.nz/damaged-vehicles/000000000007419179/2009-subaru-outback-station-wagon?referringPage=SearchResults
Mitsubishi,Outlander,2007,No,$1,N/A,," Fire Damage, Structural Damage, Stolen & Recovered, Selling De-Registered",N/A,7,Petrol,https://manheim.co.nz/damaged-vehicles/000000000007409173/2007-mitsubishi-outlander-station-wagon?referringPage=SearchResults
Holden,Captiva,2014,No,$0,N/A,," Front Damage, Structural Damage, Selling De-Registered","Automatic,",5,Petrol,https://manheim.co.nz/damaged-vehicles/000000000007409185/2014-holden-captiva-lt-2-4p-6at-sw-4dr--station-wagon?referringPage=SearchResults
Ford,Focus,2013,No,$0,"210,595",," Left Front Damage, Right Side Damage, Airbags Deployed, Structural Damage, Selling De-Registered","Automatic,",5,Petrol,https://manheim.co.nz/damaged-vehicles/000000000007409188/2013-ford-focus-2-0-titanium-auto-h-hatch?referringPage=SearchResults
Volkswagen,Tiguan,2010,No,$0,"143,282",," Engine Damage, Front Damage, Right Front Damage, Airbags Deployed, Underbody Damage, Structural Damage, Selling De-Registered","Automatic,",5,Petrol,https://manheim.co.nz/damaged-vehicles/000000000007419187/2010-volkswagen-tiguan-station-wagon?referringPage=SearchResults
Mazda,Demio,2010,No,$0,N/A,," Rear Damage, Structural Damage, Selling De-Registered","Automatic,",5,Petrol,https://manheim.co.nz/damaged-vehicles/000000000007419193/2010-mazda-demio-hatch?referringPage=SearchResults
Ford,Falcon,2003,Yes,$0,"312,785",," Left Rear Damage, Selling Registered","Automatic,",5,Petrol,https://manheim.co.nz/damaged-vehicles/000000000007419197/2003-ford-falcon-ba-falcon-xr6-a-sedan?referringPage=SearchResults
Toyota,Sienta,2005,No,$0,"299,999",," Rear Damage, Right Side Damage, Structural Damage, Selling De-Registered",N/A,7,Petrol,https://manheim.co.nz/damaged-vehicles/000000000007409195/2005-toyota-sienta-station-wagon?referringPage=SearchResults
Volkswagen,Golf,2003,No,$0,"268,078",," Rear Damage, Dismantled - Interior, Structural Damage, Selling De-Registered","Automatic,",5,Diesel,https://manheim.co.nz/damaged-vehicles/000000000007409197/2003-volkswagen-golf-tdi-man-hatch?referringPage=SearchResults
Hyundai,TB,2007,No,$0,"235,280",," Right Rear Damage, Structural Damage, Selling De-Registered","Automatic,",5,Petrol,https://manheim.co.nz/damaged-vehicles/000000000007409206/2007-hyundai-tb-hatch?referringPage=SearchResults
Toyota,Aqua,2016,No,$0,"243,256",," Glass Broken, Ignition Damage, Left Front Damage, Structural Damage, Stolen & Recovered, Selling De-Registered",N/A,5,Hybrid,https://manheim.co.nz/damaged-vehicles/000000000007409217/2016-toyota-aqua-hatch?referringPage=SearchResults
Toyota,Wish,2003,No,$0,"161,408",," Left Rear Damage, Left Side Damage, Rear Damage, Right Rear Damage, Structural Damage, Selling De-Registered","Automatic,",7,Petrol,https://manheim.co.nz/damaged-vehicles/000000000007419210/2003-toyota-wish-station-wagon?referringPage=SearchResults
Honda,fit,2011,No,$0,N/A,," Front Damage, Left Front Damage, Left Rear Damage, Right Front Damage, Airbags Deployed, Structural Damage, Selling De-Registered","Automatic,",5,Hybrid,https://manheim.co.nz/damaged-vehicles/000000000007419221/2011-honda-fit-shuttle-station-wagon?referringPage=SearchResults
Volkswagen,Tiguan,2015,No,"$1,300","121,623",," Right Front Damage, Structural Damage, Selling De-Registered","Automatic,",5,Petrol,https://manheim.co.nz/damaged-vehicles/000000000007409223/2015-volkswagen-tiguan-tsi110kw-1-4p6a-ha5-hatch?referringPage=SearchResults
Nissan,Serena,2014,No,$800,"169,659",," Airbags Deployed, Front Damage, Structural Damage, Selling De-Registered","Automatic,",8,Hybrid,https://manheim.co.nz/damaged-vehicles/000000000007399228/2014-nissan-serena-station-wagon?referringPage=SearchResults
Toyota,Hilux,2019,No,N/A,N/A,," Chassis Damage, Engine Damage, Front Damage, Left Side Damage, Airbags Deployed, Structural Damage, Selling De-Registered","Automatic,",5,Diesel,https://manheim.co.nz/damaged-vehicles/000000000007379234/2019-toyota-hilux-utility?referringPage=SearchResults
Mazda,Roadster,2006,No,$0,"194,083",," Front Damage, Rear Damage, Airbags Deployed, Structural Damage, Selling De-Registered","Automatic,",2,Petrol,https://manheim.co.nz/damaged-vehicles/000000000007419238/2006-mazda-roadster-coup%C3%A9?referringPage=SearchResults
Suzuki,Swift,2006,No,$0,"195,094",," Right Side Damage, Structural Damage, Selling De-Registered","4spd Automatic,",5,Petrol,https://manheim.co.nz/damaged-vehicles/000000000007419242/2006-suzuki-swift-hatch?referringPage=SearchResults
Toyota,Allion,2005,No,$0,"140,149",," Rear Damage, Structural Damage, Selling De-Registered","Automatic,",5,Petrol,https://manheim.co.nz/damaged-vehicles/000000000007419243/2005-toyota-allion-a15-sedan?referringPage=SearchResults
Nissan,March,2006,No,$0,"192,475",," Rear Damage, Structural Damage, Selling De-Registered","Automatic,",5,Petrol,https://manheim.co.nz/damaged-vehicles/000000000007419246/2006-nissan-march-hatch?referringPage=SearchResults
Toyota,Aqua,2013,Yes,$0,N/A,," Front Damage, Ignition Damage, Left Rear Damage, Rear Damage, Right Front Damage, Right Rear Damage, Vandalised - Interior, Stolen & Recovered, Selling Registered","Automatic,",5,Hybrid,https://manheim.co.nz/damaged-vehicles/000000000007419278/2013-toyota-aqua-hatch?referringPage=SearchResults
Mazda,BT-50,2015,No,$0,1,," Front Damage, Structural Damage, Selling De-Registered",N/A,5,Diesel,https://manheim.co.nz/damaged-vehicles/000000000007409278/2015-mazda-bt-50-glx-d-c-w-s-3-2d-6m-dual-cab-utility?referringPage=SearchResults
Honda,Accord,2009,No,$0,N/A,," Front Damage, Structural Damage, Selling De-Registered","5spd Automatic,",5,Petrol,https://manheim.co.nz/damaged-vehicles/000000000007419296/2009-honda-accord-sedan?referringPage=SearchResults
BMW,323i,2007,Yes,$0,N/A,," Left Rear Damage, Roof Damage, Right Front Damage, Right Side Damage, Structural Damage, Selling Registered","Automatic,",5,Petrol,https://manheim.co.nz/damaged-vehicles/000000000007419298/2007-bmw-323i-sedan?referringPage=SearchResults
Honda,Stream,2001,No,$0,"292,840",," Structural Damage, Selling De-Registered","Automatic,",7,Petrol,https://manheim.co.nz/damaged-vehicles/000000000007419299/2001-honda-stream-station-wagon?referringPage=SearchResults
Suzuki,Swift,2006,No,$0,"220,460",," Front Damage, Structural Damage, Selling De-Registered","Automatic,",5,Petrol,https://manheim.co.nz/damaged-vehicles/000000000007409310/2006-suzuki-swift-hatch?referringPage=SearchResults
Hyundai,Iload,2017,Yes,"$3,350","202,527",," Front Damage, Left Side Damage, Rear Damage, Stolen & Recovered, Selling Registered","Automatic,",3,Diesel,https://manheim.co.nz/damaged-vehicles/000000000007419337/2017-hyundai-iload-2-5-crdi-auto-window-van?referringPage=SearchResults
Mitsubishi,Lancer,2006,Yes,"$1,300","242,662",, Selling Registered,"4spd Automatic,",5,Petrol,https://manheim.co.nz/damaged-vehicles/000000000007399359/2006-mitsubishi-lancer-2-4p-ls-sp-sedan-a-sedan?referringPage=SearchResults
Mazda,Axela,2009,Yes,"$2,300","236,737",, Selling Registered,"4spd Automatic,",5,Petrol,https://manheim.co.nz/damaged-vehicles/000000000007399360/2009-mazda-axela-sport-hatch?referringPage=SearchResults
Hyundai,Tucson,2009,No,$0,"265,887",," Rear Damage, Right Side Damage, Structural Damage, Suspension Damage, Selling De-Registered","5spd Automatic,",5,Petrol,https://manheim.co.nz/damaged-vehicles/000000000007419371/2009-hyundai-tucson-2-0p-city-4d-a4-station-wagon?referringPage=SearchResults
BMW,R1200,2014,No,$0,"81,033",," Left Side Damage, Structural Damage, Selling De-Registered","Automatic,",N/A,Petrol,https://manheim.co.nz/damaged-vehicles/000000000007419373/2014-bmw-r1200-gs-motorcycle?referringPage=SearchResults
Toyota,Caldina,2004,No,$0,N/A,," Fire Damage, Fire - Entire Vehicle, Structural Damage, Stolen & Recovered, Selling De-Registered","Automatic,",5,Petrol,https://manheim.co.nz/damaged-vehicles/000000000007419375/2004-toyota-caldina-station-wagon?referringPage=SearchResults
Nissan,Tiida,2006,No,$0,"162,461",," Glass Broken, Ignition Damage, Rear Damage, Right Front Damage, Right Rear Damage, Structural Damage, Stolen & Recovered, Selling De-Registered","Automatic,",5,Petrol,https://manheim.co.nz/damaged-vehicles/000000000007419376/2006-nissan-tiida-hatch?referringPage=SearchResults
Subaru,Impreza,2012,No,$0,"97,278",," Rear Damage, Structural Damage, Selling De-Registered","Automatic,",5,Petrol,https://manheim.co.nz/damaged-vehicles/000000000007419377/2012-subaru-impreza-sports-station-wagon?referringPage=SearchResults
Ford,Fiesta,2010,No,$0,"134,068",," Front Damage, Left Front Damage, Left Rear Damage, Rear Damage, Structural Damage, Selling De-Registered","Automatic,",5,Petrol,https://manheim.co.nz/damaged-vehicles/000000000007419379/2010-ford-fiesta-5dr-1-4-a-s-hatch?referringPage=SearchResults
Volkswagen,Jetta,2006,No,$0,N/A,," Left Rear Damage, Left Side Damage, Right Rear Damage, Structural Damage, Suspension Damage, Selling De-Registered","Automatic,",5,Petrol,https://manheim.co.nz/damaged-vehicles/000000000007419380/2006-volkswagen-jetta-sedan?referringPage=SearchResults
Mazda,CX-9,2013,No,N/A,N/A,," Interior Damage, Rear Damage, Rough & Rusted, Water Damage, Selling De-Registered","Automatic,",7,Petrol,https://manheim.co.nz/damaged-vehicles/000000000007419416/2013-mazda-cx-9-4wd-ltd-3-7-6at-station-wagon?referringPage=SearchResults
Toyota,Prius,2016,No,N/A,"97,958",," Right Front Damage, Structural Damage, Selling De-Registered",N/A,5,Hybrid,https://manheim.co.nz/damaged-vehicles/000000000007409414/2016-toyota-prius-hatch?referringPage=SearchResults
Hyundai,i30,2009,No,$0,"194,656",," Front Damage, Left Rear Damage, Structural Damage, Selling De-Registered","Automatic,",5,Petrol,https://manheim.co.nz/damaged-vehicles/000000000007419420/2009-hyundai-i30-hatch?referringPage=SearchResults
Audi,A3,2005,Yes,"$2,650","101,633",, Selling Registered,"6spd Automatic,",5,Petrol,https://manheim.co.nz/damaged-vehicles/000000000007399422/2005-audi-a3-hatch?referringPage=SearchResults
Nissan,Bluebird,2006,Yes,"$1,300","191,052",, Selling Registered,"Automatic,",5,Petrol,https://manheim.co.nz/damaged-vehicles/000000000007399425/2006-nissan-bluebird-sylphy-sedan?referringPage=SearchResults
Mazda,Atenza,2008,Yes,"$2,700","256,398",, Selling Registered,"5spd Automatic,",5,Petrol,https://manheim.co.nz/damaged-vehicles/000000000007399427/2008-mazda-atenza-sedan?referringPage=SearchResults
Toyota,Avensis,2007,Yes,"$1,600","94,659",, Selling Registered,"5spd Automatic,",5,Petrol,https://manheim.co.nz/damaged-vehicles/000000000007399428/2007-toyota-avensis-sedan?referringPage=SearchResults
Toyota,Camry,2017,Yes,"$1,650","410,256",," Malicious/Vandalised, Right Rear Damage, Selling Registered","Automatic,",5,Hybrid,https://manheim.co.nz/damaged-vehicles/000000000007359428/2017-toyota-camry-sedan?referringPage=SearchResults
Mitsubishi,Colt,2009,No,$0,N/A,," Airbags Deployed, Front Damage, Structural Damage, Selling De-Registered","Automatic,",5,Petrol,https://manheim.co.nz/damaged-vehicles/000000000007409438/2009-mitsubishi-colt-hatch?referringPage=SearchResults
Holden,Colorado 7,2014,No,"$2,300","238,713",," Front Damage, Structural Damage, Selling De-Registered",N/A,7,Diesel,https://manheim.co.nz/damaged-vehicles/000000000007409440/2014-holden-colorado-7-ltz-2-8d-4wd-6at-sw-station-wagon?referringPage=SearchResults
Datsun,GN620,N/A,No,$160,"57,350",, Dismantled - Entire Vehicle,Manua,N/A,N/A,https://manheim.co.nz/damaged-vehicles/000000000007419446/datsun-gn620-utility?referringPage=SearchResults
Volvo,XC90,2023,No,N/A,N/A,," Left Front Damage, Airbags Deployed, Structural Damage, Selling De-Registered","Automatic,",7,Petrol,https://manheim.co.nz/damaged-vehicles/000000000007419453/2023-volvo-xc90-b6-ultimate-dark-2--station-wagon?referringPage=SearchResults
Toyota,Corolla,2007,No,$0,N/A,," Front Damage, Left Side Damage, Structural Damage, Selling De-Registered",N/A,7,Petrol,https://manheim.co.nz/damaged-vehicles/000000000007419455/2007-toyota-corolla-spacio-station-wagon?referringPage=SearchResults
Mazda,Axela,2006,No,$0,"147,740",," Front Damage, Rear Damage, Structural Damage, Selling De-Registered","4spd Automatic,",5,Petrol,https://manheim.co.nz/damaged-vehicles/000000000007419457/2006-mazda-axela-hatch?referringPage=SearchResults
Peugeot,4007,2010,No,$0,"178,444",," Right Side Damage, Structural Damage, Selling De-Registered","Automatic,",7,Diesel,https://manheim.co.nz/damaged-vehicles/000000000007419459/2010-peugeot-4007-2-2-4wd-auto-touring?referringPage=SearchResults
Audi,A4,2009,No,$500,"145,151",," Front Damage, Structural Damage, Selling De-Registered","Automatic,",5,Petrol,https://manheim.co.nz/damaged-vehicles/000000000007409480/2009-audi-a4-station-wagon?referringPage=SearchResults
Mazda,Premacy,2011,No,"$1,000",N/A,," Front Damage, Structural Damage, Selling De-Registered","Automatic,",7,Petrol,https://manheim.co.nz/damaged-vehicles/000000000007409507/2011-mazda-premacy-station-wagon?referringPage=SearchResults
Honda,Odyssey,2001,No,$0,N/A,," Structural Damage, Selling De-Registered","Automatic,",7,Petrol,https://manheim.co.nz/damaged-vehicles/000000000007419518/2001-honda-odyssey-station-wagon?referringPage=SearchResults
Toyota,Aqua,2013,No,$0,"116,658",," Left Side Damage, Structural Damage, Selling De-Registered","Automatic,",5,Hybrid,https://manheim.co.nz/damaged-vehicles/000000000007399527/2013-toyota-aqua-hatch?referringPage=SearchResults
Toyota,Corolla,2018,No,"$2,300","192,905",," Rear Damage, Structural Damage, Selling De-Registered","Automatic,",5,Hybrid,https://manheim.co.nz/damaged-vehicles/000000000007389531/2018-toyota-corolla-fielder-station-wagon?referringPage=SearchResults
BYD,Atto 3,2023,No,$0,"60,671",," Front Damage, Structural Damage, Selling De-Registered",N/A,5,Electric,https://manheim.co.nz/damaged-vehicles/000000000007389551/2023-byd-atto-3-extended-range-60kw-station-wagon?referringPage=SearchResults
Holden,VY2 Commodore,2004,No,$0,"300,949",," Left Front Damage, Structural Damage, Suspension Damage, Selling De-Registered",N/A,5,Petrol,https://manheim.co.nz/damaged-vehicles/000000000007389572/2004-holden-vy2-commodore-executive-v6-sedan?referringPage=SearchResults
BMW,320d,2013,No,$0,N/A,," Front Damage, Structural Damage, Selling De-Registered","Automatic,",5,Diesel,https://manheim.co.nz/damaged-vehicles/000000000007409581/2013-bmw-320d-sedan?referringPage=SearchResults
Honda,Accord,2007,No,$0,"95,711",," Front Damage, Structural Damage, Selling De-Registered","Automatic,",5,Petrol,https://manheim.co.nz/damaged-vehicles/000000000007419591/2007-honda-accord-sedan?referringPage=SearchResults
Nissan,Pathfinder,2007,Yes,$500,N/A,," Engine Damage, Front Damage, Selling Registered","Automatic,",5,Diesel,https://manheim.co.nz/damaged-vehicles/000000000007399596/2007-nissan-pathfinder-dual-cab-utility?referringPage=SearchResults
Nissan,Fuga,2006,No,$0,"220,263",," Front Damage, Glass Broken, Left Front Damage, Left Rear Damage, Left Side Damage, Structural Damage, Selling De-Registered","5spd Automatic,",5,Petrol,https://manheim.co.nz/damaged-vehicles/000000000007389610/2006-nissan-fuga-sedan?referringPage=SearchResults
Nissan,Serena,2011,Yes,"$1,850","161,585",, Selling Registered,"Automatic,",8,Petrol,https://manheim.co.nz/damaged-vehicles/000000000007399627/2011-nissan-serena-van?referringPage=SearchResults
Toyota,Estima,2000,No,$0,N/A,," Right Side Damage, Structural Damage, Selling De-Registered",N/A,8,Petrol,https://manheim.co.nz/damaged-vehicles/000000000007409632/2000-toyota-estima-station-wagon?referringPage=SearchResults
Toyota,Avensis,2004,No,$225,N/A,," Vandalised - Entire Vehicle, Selling De-Registered","4spd Automatic,",5,Petrol,https://manheim.co.nz/damaged-vehicles/000000000007409636/2004-toyota-avensis-station-wagon?referringPage=SearchResults
Suzuki,Swift,2025,No,"$2,300",N/A,," Front Damage, Rear Damage, Structural Damage, Selling De-Registered",N/A,5,Hybrid,https://manheim.co.nz/damaged-vehicles/000000000007409637/2025-suzuki-swift-rs-hybrid-1-2ph-hatch?referringPage=SearchResults
Suzuki,UZ50,2021,No,$6,"2,640",," Front Damage, Structural Damage, Selling De-Registered",N/A,N/A,Petrol,https://manheim.co.nz/damaged-vehicles/000000000007399641/2021-suzuki-uz50-scooter?referringPage=SearchResults
Mitsubishi,Pajero,2007,No,$1,N/A,," Fire - Entire Vehicle, Structural Damage, Selling De-Registered",N/A,5,Petrol,https://manheim.co.nz/damaged-vehicles/000000000007279677/2007-mitsubishi-pajero-station-wagon?referringPage=SearchResults
Hamelex,4A,2000,Yes,"$4,000",N/A,, Selling Registered,N/A,N/A,N/A,https://manheim.co.nz/damaged-vehicles/000000000007329750/2000-hamelex-4a-f673-tipping-trailer?referringPage=SearchResults
Fiat,500x,2017,No,"$1,450","155,545",," Left Side Damage, Rear Damage, Right Front Damage, Structural Damage, Selling De-Registered","6spd Automatic,",5,Petrol,https://manheim.co.nz/damaged-vehicles/000000000007399779/2017-fiat-500x-pop-star-1-4p-6at-hatch?referringPage=SearchResults
Vespa,Primavera,2015,No,$600,"3,305",," Front Damage, Left Side Damage, Structural Damage, Selling De-Registered","Automatic,",N/A,Petrol,https://manheim.co.nz/damaged-vehicles/000000000007409796/2015-vespa-primavera-50-scooter?referringPage=SearchResults
Porsche,911,1999,No,N/A,"199,991",," Right Front Damage, Right Side Damage, Structural Damage, Selling De-Registered","Automatic,",4,Petrol,https://manheim.co.nz/damaged-vehicles/000000000007409799/1999-porsche-911-carrera-4c-996-coup%C3%A9?referringPage=SearchResults
Subaru,Sport 4WD,N/A,No,$160,"469,176",," Left Front Damage, Right Front Damage, Right Rear Damage, Dismantled - Entire Vehicle, Selling De-Registered","Manual,",2,Petrol,https://manheim.co.nz/damaged-vehicles/000000000007409834/subaru-sport-4wd-dl-utility?referringPage=SearchResults
Nissan,Tiida,2010,Yes,"$1,050","126,719",," Left Side Damage, Selling Registered","Automatic,",5,Petrol,https://manheim.co.nz/damaged-vehicles/000000000007409867/2010-nissan-tiida-hatch?referringPage=SearchResults
Honda,Odyssey,2013,No,$0,N/A,," Front Damage, Rear Damage, Right Side Damage, Structural Damage, Suspension Damage, Selling De-Registered","5spd Automatic,",7,Petrol,https://manheim.co.nz/damaged-vehicles/000000000007409868/2013-honda-odyssey-absolute-station-wagon?referringPage=SearchResults
Audi,A4,2014,No,"$1,450",N/A,," Left Front Damage, Roof Damage, Right Front Damage, Rolled, Structural Damage, Selling De-Registered","Automatic,",5,Petrol,https://manheim.co.nz/damaged-vehicles/000000000007409912/2014-audi-a4-sedan?referringPage=SearchResults
Nissan,X-trail,2008,Yes,$600,"325,299",, Selling Registered,"6spd CVT,",5,Petrol,https://manheim.co.nz/damaged-vehicles/000000000007409926/2008-nissan-x-trail-station-wagon?referringPage=SearchResults
Holden,Captiva,2017,No,$800,"229,794",," Front Damage, Left Front Damage, Rear Damage, Structural Damage, Selling De-Registered","Automatic,",7,Petrol,https://manheim.co.nz/damaged-vehicles/000000000007409928/2017-holden-captiva-ltz-3-0p-4wd-6at-station-wagon?referringPage=SearchResults
Nissan,Note,2017,No,$0,"62,872",," Left Side Damage, Right Side Damage, Structural Damage, Selling De-Registered","Automatic,",5,Hybrid,https://manheim.co.nz/damaged-vehicles/000000000007409931/2017-nissan-note-hatch?referringPage=SearchResults
Toyota,Prius,2010,Yes,"$4,250","119,850",," Left Side Damage, Stolen & Recovered, Selling Registered","Automatic,",5,Hybrid,https://manheim.co.nz/damaged-vehicles/000000000007409949/2010-toyota-prius-hybrid-hatch?referringPage=SearchResults
Toyota,Aqua,2016,No,$0,N/A,," Rear Damage, Structural Damage, Selling De-Registered",N/A,5,Hybrid,https://manheim.co.nz/damaged-vehicles/000000000007409955/2016-toyota-aqua-hybrid-hatch?referringPage=SearchResults
