Manufacturer,Model,Year,Registration Status,Price,Mileage,Keys,Damage description,Transmission,Seats,Fuel Type,Link
SWIFT,Challenger Sport 554,2013,No,"$3,300",N/A,0," Right Side Damage, Structural Damage, Selling De-Registered",N/A,N/A,N/A,https://manheim.co.nz/damaged-vehicles/000000000007430073/2013-swift-challenger-sport-554-caravan?referringPage=SearchResults
Nissan,X-trail,2007,No,$0,"150,380",," Right Front Damage, Structural Damage, Selling De-Registered","Automatic,",5,Petrol,https://manheim.co.nz/damaged-vehicles/000000000007430074/2007-nissan-x-trail-station-wagon?referringPage=SearchResults
Renault,Koleos,2015,No,$0,"101,429",," Right Front Damage, Structural Damage, Selling De-Registered","Automatic,",5,Diesel,https://manheim.co.nz/damaged-vehicles/000000000007430085/2015-renault-koleos-2-0-4x4-2-0d-4wd-6a-station-wagon?referringPage=SearchResults
Toyota,RAV4,2009,No,$0,"125,934",," Hard Hit, Rear Damage, Structural Damage, Selling De-Registered",N/A,5,Petrol,https://manheim.co.nz/damaged-vehicles/000000000007430089/2009-toyota-rav4-station-wagon?referringPage=SearchResults
Nissan,Tiida,2009,No,$0,"91,273",," Airbags Deployed, Water Damage, Selling De-Registered","Automatic,",5,Petrol,https://manheim.co.nz/damaged-vehicles/000000000007430102/2009-nissan-tiida-hatch?referringPage=SearchResults
Mazda,Axela,2007,No,$0,"237,055",," Left Side Damage, Selling De-Registered","Automatic,",5,Petrol,https://manheim.co.nz/damaged-vehicles/000000000007430106/2007-mazda-axela-hatch?referringPage=SearchResults
Toyota,Vitz,2005,No,$0,"170,989",," Structural Damage, Suspension Damage, Selling De-Registered",N/A,5,Petrol,https://manheim.co.nz/damaged-vehicles/000000000007430132/2005-toyota-vitz-hatch?referringPage=SearchResults
Honda,CMX,2021,No,$0,1,," Front Damage, Interior Damage, Frame Damaged, Right Front Damage, Right Rear Damage, Right Side Damage, Structural Damage, Suspension Damage, Selling De-Registered","Manual,",N/A,Petrol,https://manheim.co.nz/damaged-vehicles/000000000007300139/2021-honda-cmx-500-p-motorcycle?referringPage=SearchResults
Suzuki,Grand Vitara,2005,Yes,$0,"311,494",," Stolen & Recovered, Selling Registered","Automatic,",5,Petrol,https://manheim.co.nz/damaged-vehicles/000000000007430201/2005-suzuki-grand-vitara-wjlx-2-0-5dr-station-wagon?referringPage=SearchResults
Nissan,Bluebird,2005,Yes,$0,"114,662",," Right Side Damage, Selling Registered",N/A,5,Petrol,https://manheim.co.nz/damaged-vehicles/000000000007440259/2005-nissan-bluebird-sylphy-sedan?referringPage=SearchResults
Toyota,OPA,2004,No,$0,"185,250",," Left Side Damage, Structural Damage, Selling De-Registered","Automatic,",5,Petrol,https://manheim.co.nz/damaged-vehicles/000000000007430343/2004-toyota-opa-hatch?referringPage=SearchResults
Mazda,Atenza,2011,No,$0,"311,842",," Front Damage, Structural Damage, Selling De-Registered","Automatic,",5,Petrol,https://manheim.co.nz/damaged-vehicles/000000000007430388/2011-mazda-atenza-station-wagon?referringPage=SearchResults
Mazda,Demio,2006,No,$0,"207,380",," Roof Damage, Structural Damage, Stolen & Recovered, Selling De-Registered","Automatic,",5,Petrol,https://manheim.co.nz/damaged-vehicles/000000000007430393/2006-mazda-demio-hatch?referringPage=SearchResults
Toyota,Corolla,2008,No,$0,N/A,," Left Rear Damage, Rear Damage, Right Rear Damage, Structural Damage, Selling De-Registered","Automatic,",5,Petrol,https://manheim.co.nz/damaged-vehicles/000000000007430396/2008-toyota-corolla-1-8p-gx-hatch-5-4a-hatch?referringPage=SearchResults
Mazda,Premacy,2007,No,$0,N/A,," Left Front Damage, Left Rear Damage, Left Side Damage, Right Front Damage, Structural Damage, Selling De-Registered","Automatic,",7,Petrol,https://manheim.co.nz/damaged-vehicles/000000000007420395/2007-mazda-premacy-station-wagon?referringPage=SearchResults
HOMEMADE,N/A,2000,No,"$4,000",N/A,0," Chassis Damage, Frame Damaged, Structural Damage, Selling De-Registered",N/A,N/A,N/A,https://manheim.co.nz/damaged-vehicles/000000000007410481/2000-homemade-transporter-trailer?referringPage=SearchResults
Toyota,Corolla,2016,No,$0,"114,660",," Right Side Damage, Structural Damage, Selling De-Registered","Automatic,",5,Petrol,https://manheim.co.nz/damaged-vehicles/000000000007410508/2016-toyota-corolla-gx-1-8p-cvt-ha-4dr--hatch?referringPage=SearchResults
Audi,A3,2022,No,N/A,"48,913",, Selling De-Registered,"7spd Automatic,",5,Petrol,https://manheim.co.nz/damaged-vehicles/000000000007420500/2022-audi-a3-sedan?referringPage=SearchResults
Suzuki,Swift,2010,No,$0,N/A,," Left Front Damage, Right Rear Damage, Structural Damage, Selling De-Registered",N/A,5,Petrol,https://manheim.co.nz/damaged-vehicles/000000000007430513/2010-suzuki-swift-hatch?referringPage=SearchResults
Vespa,Primavera,2018,Yes,$0,"8,400",, Selling Registered,"Automatic,",N/A,Petrol,https://manheim.co.nz/damaged-vehicles/000000000007430526/2018-vespa-primavera-150-iget-scooter?referringPage=SearchResults
Ford,Escape,2017,No,$0,N/A,," Right Rear Damage, Right Side Damage, Airbags Deployed, Underbody Damage, Selling De-Registered","Automatic,",5,Petrol,https://manheim.co.nz/damaged-vehicles/000000000007430607/2017-ford-escape-ambiente-fwd-petrol-station-wagon?referringPage=SearchResults
Yamaha,YZF-R3A,2023,No,$0,"30,400",," Structural Damage, Selling De-Registered","Automatic,",N/A,Petrol,https://manheim.co.nz/damaged-vehicles/000000000007430609/2023-yamaha-yzf-r3a-n-motorcycle?referringPage=SearchResults
Mazda,Demio,2003,Yes,$0,"219,452",," Glass Broken, Ignition Damage, Stolen & Recovered, Selling Registered","Automatic,",5,Petrol,https://manheim.co.nz/damaged-vehicles/000000000007420620/2003-mazda-demio-hatch?referringPage=SearchResults
TRAILER,JFK Jetski,2017,No,"$2,000",N/A,0," Rolled, Structural Damage, Selling De-Registered",Manua,N/A,N/A,https://manheim.co.nz/damaged-vehicles/000000000007430745/2017-trailer-jfk-jetski-trailer--boat-?referringPage=SearchResults
Holden,Adventra,2005,No,$0,N/A,," Right Rear Damage, Selling De-Registered","Automatic,",5,Petrol,https://manheim.co.nz/damaged-vehicles/000000000007430755/2005-holden-adventra-cx6-station-wagon?referringPage=SearchResults
Honda,CBR,2021,No,$0,1,," Front Fork Damaged, Structural Damage, Selling De-Registered","Automatic,",N/A,Petrol,https://manheim.co.nz/damaged-vehicles/000000000007390754/2021-honda-cbr-650-p-motorcycle?referringPage=SearchResults
Ford,Escape,2020,No,$0,"122,762",," Left Rear Damage, Rear Damage, Structural Damage, Selling De-Registered","Automatic,",2,Petrol,https://manheim.co.nz/damaged-vehicles/000000000007430772/2020-ford-escape-trend-awd-petrol-2--station-wagon?referringPage=SearchResults
Audi,Q5,2011,No,$0,"195,636",," Front Damage, Rear Damage, Structural Damage, Selling De-Registered","4spd Automatic,",5,Diesel,https://manheim.co.nz/damaged-vehicles/000000000007430775/2011-audi-q5-2-0-tdi-q-s-tronic-station-wagon?referringPage=SearchResults
Honda,Odyssey,2013,No,$0,"150,775",," Front Damage, Structural Damage, Selling De-Registered","Automatic,",7,Petrol,https://manheim.co.nz/damaged-vehicles/000000000007430801/2013-honda-odyssey-station-wagon?referringPage=SearchResults
Nissan,Note,2005,No,$0,"190,158",," Left Front Damage, Right Front Damage, Right Rear Damage, Structural Damage, Selling De-Registered","Automatic,",5,Petrol,https://manheim.co.nz/damaged-vehicles/000000000007430802/2005-nissan-note-hatch?referringPage=SearchResults
Ford,Heavy VAN,2009,Yes,$0,"390,239",," Left Side Damage, Rear Damage, Selling Registered","Automatic,",3,Diesel,https://manheim.co.nz/damaged-vehicles/000000000007430805/2009-ford-heavy-van-transit-lwb-mroof-van?referringPage=SearchResults
Toyota,Prius,2013,No,$0,N/A,," Front Damage, Left Front Damage, Right Front Damage, Structural Damage, Selling De-Registered","Automatic,",5,Hybrid,https://manheim.co.nz/damaged-vehicles/000000000007430808/2013-toyota-prius-alpha-station-wagon?referringPage=SearchResults
Nissan,Juke,2012,No,$0,N/A,," Rear Damage, Right Front Damage, Structural Damage, Selling De-Registered",N/A,5,Petrol,https://manheim.co.nz/damaged-vehicles/000000000007430843/2012-nissan-juke-hatch?referringPage=SearchResults
Volkswagen,Golf,2011,No,$0,N/A,," Left Side Damage, Structural Damage, Selling De-Registered",N/A,5,Petrol,https://manheim.co.nz/damaged-vehicles/000000000007430844/2011-volkswagen-golf-hatch?referringPage=SearchResults
Honda,Odyssey,2006,Yes,$0,N/A,," Stolen & Recovered, Selling Registered",N/A,7,Petrol,https://manheim.co.nz/damaged-vehicles/000000000007430850/2006-honda-odyssey-station-wagon?referringPage=SearchResults
Tesla,Model 3,2022,No,N/A,N/A,," Rear Damage, Right Rear Damage, Structural Damage, Water Damage, Selling De-Registered","Automatic, Fuel Type, Electri",5,Electric,https://manheim.co.nz/damaged-vehicles/000000000007420872/2022-tesla-model-3-rear-wheel-drive-60-sedan?referringPage=SearchResults
Fiat,Abarth 595,2022,No,$0,N/A,," Front Damage, Airbags Deployed, Structural Damage, Selling De-Registered",N/A,4,Petrol,https://manheim.co.nz/damaged-vehicles/000000000007420879/2022-fiat-abarth-595-1-4pt-5at-hatch?referringPage=SearchResults
Harley-Davidson,Street,2017,No,$0,"20,852",," Structural Damage, Selling De-Registered","Automatic,",N/A,Petrol,https://manheim.co.nz/damaged-vehicles/000000000007430881/2017-harley-davidson-street-17-street-500-motorcycle?referringPage=SearchResults
Toyota,Prius,2011,No,$0,N/A,," Left Rear Damage, Right Rear Damage, Right Side Damage, Structural Damage, Under Body Damage, Selling De-Registered","Automatic,",5,Hybrid,https://manheim.co.nz/damaged-vehicles/000000000007430882/2011-toyota-prius-hybrid-hatch?referringPage=SearchResults
Nissan,Bluebird,2011,No,$0,"115,572",," Front Damage, Airbags Deployed, Structural Damage, Selling De-Registered","Automatic,",5,Petrol,https://manheim.co.nz/damaged-vehicles/000000000007430889/2011-nissan-bluebird-sedan?referringPage=SearchResults
Toyota,Vitz,2002,No,$0,N/A,," Left Side Damage, Right Front Damage, Structural Damage, Selling De-Registered","Automatic,",5,Petrol,https://manheim.co.nz/damaged-vehicles/000000000007430890/2002-toyota-vitz-hatch?referringPage=SearchResults
Mitsubishi,Galant,2006,No,$0,"200,363",," Left Side Damage, Structural Damage, Selling De-Registered","Automatic,",5,Petrol,https://manheim.co.nz/damaged-vehicles/000000000007430913/2006-mitsubishi-galant-2-0p-sedan-a-sedan?referringPage=SearchResults
Toyota,Aqua,2014,No,$0,N/A,," Left Rear Damage, Rear Damage, Right Front Damage, Right Rear Damage, Vandalised - Interior, Structural Damage, Selling De-Registered","Automatic,",5,Hybrid,https://manheim.co.nz/damaged-vehicles/000000000007430916/2014-toyota-aqua-hatch?referringPage=SearchResults
Honda,fit,2013,No,$0,N/A,," Front Damage, Structural Damage, Selling De-Registered",N/A,5,Hybrid,https://manheim.co.nz/damaged-vehicles/000000000007430921/2013-honda-fit-shuttle-station-wagon?referringPage=SearchResults
Audi,A5,2013,No,$0,N/A,," Engine Damage, Fire Damage, Glass Broken, Interior Damage, Rear Damage, Fire - Entire Vehicle, Structural Damage, Selling De-Registered","Automatic,",4,Petrol,https://manheim.co.nz/damaged-vehicles/000000000007430923/2013-audi-a5-spback-2-0t-quattro-sedan?referringPage=SearchResults
Toyota,Vitz,2005,No,$0,"120,608",," Rear Damage, Structural Damage, Selling De-Registered","4spd Automatic,",5,Petrol,https://manheim.co.nz/damaged-vehicles/000000000007430931/2005-toyota-vitz-hatch?referringPage=SearchResults
Toyota,SAI,2012,No,$0,"102,749",," Rear Damage, Structural Damage, Selling De-Registered","Automatic,",5,Hybrid,https://manheim.co.nz/damaged-vehicles/000000000007430932/2012-toyota-sai-hybrid-sedan?referringPage=SearchResults
Ford,Ranger,2007,No,$0,"293,954",," Front Damage, Right Rear Damage, Right Side Damage, Structural Damage, Selling De-Registered","Manual,",5,Diesel,https://manheim.co.nz/damaged-vehicles/000000000007430933/2007-ford-ranger-3-0td-xl-dc-w-s-4x4-dual-cab-utility?referringPage=SearchResults
Citroen,C5,2014,No,$0,"251,456",," Rear Damage, Roof Damage, Structural Damage, Selling De-Registered","6spd Automatic,",5,Diesel,https://manheim.co.nz/damaged-vehicles/000000000007430936/2014-citroen-c5-2-0exclusivetourer-station-wagon?referringPage=SearchResults
Nissan,Navara,2004,Yes,$0,"192,392",," Stolen & Recovered, Selling Registered",N/A,5,Diesel,https://manheim.co.nz/damaged-vehicles/000000000007430937/2004-nissan-navara-3-0-4wd-d-c-w-s-ven-dual-cab-chassis?referringPage=SearchResults
Audi,A3,2011,No,$0,"134,582",, Selling De-Registered,"Automatic,",5,Petrol,https://manheim.co.nz/damaged-vehicles/000000000007430954/2011-audi-a3-2-0t-quattro-hatch?referringPage=SearchResults
LDV,T60,2015,No,$0,"364,743",," Right Side Damage, Structural Damage, Selling De-Registered","Automatic,",5,Diesel,https://manheim.co.nz/damaged-vehicles/000000000007430966/2015-ldv-t60-max-2-lux-4wd-at-2--dual-cab-utility?referringPage=SearchResults
Ford,Escape,2008,No,$0,"188,958",," Left Front Damage, Roof Damage, Right Front Damage, Vandalised - Interior, Selling De-Registered","Automatic,",5,Petrol,https://manheim.co.nz/damaged-vehicles/000000000007400969/2008-ford-escape-xlt-v6-sport-station-wagon?referringPage=SearchResults
Nissan,Pulsar,1999,No,$0,"336,256",," Front Damage, Structural Damage, Selling De-Registered",N/A,5,Petrol,https://manheim.co.nz/damaged-vehicles/000000000007431004/1999-nissan-pulsar-1-6-slx-5dr-5m-p-hatch?referringPage=SearchResults
Aprilia,RS 457,2025,No,$0,"10,894",," Front Fork Damaged, Structural Damage, Selling De-Registered","Automatic,",N/A,Petrol,https://manheim.co.nz/damaged-vehicles/000000000007431056/2025-aprilia-rs-457-motorcycle?referringPage=SearchResults
Nissan,Caravan,2013,No,$0,N/A,," Front Damage, Rear Damage, Structural Damage, Selling De-Registered","Automatic,",3,Petrol,https://manheim.co.nz/damaged-vehicles/000000000007431060/2013-nissan-caravan-nv350-van?referringPage=SearchResults
Subaru,Legacy,2012,No,$0,N/A,," Rear Damage, Structural Damage, Selling De-Registered",N/A,5,Petrol,https://manheim.co.nz/damaged-vehicles/000000000007431081/2012-subaru-legacy-station-wagon?referringPage=SearchResults
Mitsubishi,Lancer,2005,No,$0,"204,809",," Left Front Damage, Structural Damage, Selling De-Registered","Automatic,",5,Petrol,https://manheim.co.nz/damaged-vehicles/000000000007431088/2005-mitsubishi-lancer-es-sedan?referringPage=SearchResults
Ford,Mondeo,2013,Yes,$0,"155,448",," Front Damage, Left Rear Damage, Left Side Damage, Roof Damage, Right Rear Damage, Right Side Damage, Selling Registered","Automatic,",5,Petrol,https://manheim.co.nz/damaged-vehicles/000000000007431093/2013-ford-mondeo-2-3p-auto-hatch?referringPage=SearchResults
Hyundai,i30,2012,No,$0,"161,531",," Front Damage, Structural Damage, Selling De-Registered","Automatic,",5,Petrol,https://manheim.co.nz/damaged-vehicles/000000000007431103/2012-hyundai-i30-hatch?referringPage=SearchResults
Mazda,Axela,2009,No,$0,N/A,," Fire Damage, Fire - Interior, Selling De-Registered","Automatic,",5,Petrol,https://manheim.co.nz/damaged-vehicles/000000000007431113/2009-mazda-axela-sedan?referringPage=SearchResults
Toyota,Vitz,1999,No,$0,N/A,," Left Front Damage, Structural Damage, Selling De-Registered","Automatic,",5,Petrol,https://manheim.co.nz/damaged-vehicles/000000000007431124/1999-toyota-vitz-hatch?referringPage=SearchResults
Mercedes-Benz,GLA250,2014,No,$0,N/A,," Front Damage, Rear Damage, Structural Damage, Selling De-Registered","Automatic,",5,Petrol,https://manheim.co.nz/damaged-vehicles/000000000007431139/2014-mercedes-benz-gla250-hatch?referringPage=SearchResults
Holden,Colorado,2011,No,$0,"340,028",," Left Side Damage, Structural Damage, Selling De-Registered","Automatic,",5,Diesel,https://manheim.co.nz/damaged-vehicles/000000000007431143/2011-holden-colorado-4x2-lt-crw-pu-dsl-m-dual-cab-utility?referringPage=SearchResults
Toyota,Camry,2012,No,$0,N/A,," Rear Damage, Structural Damage, Selling De-Registered",N/A,5,Hybrid,https://manheim.co.nz/damaged-vehicles/000000000007431150/2012-toyota-camry-sedan?referringPage=SearchResults
Harley-Davidson,FXD,2007,No,$0,N/A,," Left Rear Damage, Right Rear Damage, Right Side Damage, Structural Damage, Selling De-Registered","6spd Manual,",N/A,Petrol,https://manheim.co.nz/damaged-vehicles/000000000007431155/2007-harley-davidson-fxd-wideglide-motorcycle?referringPage=SearchResults
Toyota,Corolla,2004,Yes,$0,"160,544",," Left Side Damage, Selling Registered","Automatic,",7,Petrol,https://manheim.co.nz/damaged-vehicles/000000000007431174/2004-toyota-corolla-spacio-x-station-wagon?referringPage=SearchResults
Toyota,Vitz,2016,No,$0,N/A,," Front Damage, Structural Damage, Selling De-Registered","Automatic,",5,Petrol,https://manheim.co.nz/damaged-vehicles/000000000007431180/2016-toyota-vitz-hatch?referringPage=SearchResults
Toyota,Prius,2015,No,$0,"326,869",," Left Side Damage, Structural Damage, Selling De-Registered",N/A,5,Hybrid,https://manheim.co.nz/damaged-vehicles/000000000007431184/2015-toyota-prius-hatch?referringPage=SearchResults
Nissan,Cube,2005,No,$0,"259,900",," Rear Damage, Structural Damage, Selling De-Registered",N/A,5,Petrol,https://manheim.co.nz/damaged-vehicles/000000000007431188/2005-nissan-cube-hatch?referringPage=SearchResults
Suzuki,SX4,2009,No,$0,N/A,," Interior Damage, Malicious/Vandalised, Structural Damage, Stolen & Recovered, Selling De-Registered","5spd,",5,Petrol,https://manheim.co.nz/damaged-vehicles/000000000007431195/2009-suzuki-sx4-hatch?referringPage=SearchResults
Mazda,CX-7,2007,No,$0,N/A,," Right Front Damage, Structural Damage, Selling De-Registered","Automatic,",5,Petrol,https://manheim.co.nz/damaged-vehicles/000000000007431198/2007-mazda-cx-7-station-wagon?referringPage=SearchResults
Nissan,Pulsar,1999,Yes,$0,"266,393",," Left Rear Damage, Rear Damage, Right Rear Damage, Selling Registered","5spd Manual,",5,Petrol,https://manheim.co.nz/damaged-vehicles/000000000007431206/1999-nissan-pulsar-1-6-lx-5dr-5m-p-hatch?referringPage=SearchResults
Toyota,Corolla,2004,No,$0,"116,457",," Right Front Damage, Right Rear Damage, Structural Damage, Selling De-Registered, Selling Registered","Automatic,",5,Petrol,https://manheim.co.nz/damaged-vehicles/000000000007431210/2004-toyota-corolla-allex-hatch?referringPage=SearchResults
Honda,CRV,2007,No,$0,"273,945",," Front Damage, Structural Damage, Selling De-Registered","Automatic,",5,Petrol,https://manheim.co.nz/damaged-vehicles/000000000007431220/2007-honda-crv-station-wagon?referringPage=SearchResults
Honda,fit,2008,No,$0,"180,407",," Right Side Damage, Structural Damage, Selling De-Registered",N/A,5,Petrol,https://manheim.co.nz/damaged-vehicles/000000000007431227/2008-honda-fit-hatch?referringPage=SearchResults
Audi,Q3,2015,No,$0,N/A,," Front Damage, Left Front Damage, Left Side Damage, Right Front Damage, Right Side Damage, Structural Damage, Suspension Damage, Selling De-Registered","Automatic,",5,Petrol,https://manheim.co.nz/damaged-vehicles/000000000007431229/2015-audi-q3-station-wagon?referringPage=SearchResults
Hyundai,I30,2014,No,$0,"198,022",," Left Rear Damage, Structural Damage, Selling De-Registered","Automatic,",5,Petrol,https://manheim.co.nz/damaged-vehicles/000000000007431240/2014-hyundai-i30-gde-wagon-1-6-a-station-wagon?referringPage=SearchResults
Suzuki,Swift,2005,No,$0,"204,635",," Left Rear Damage, Left Side Damage, Right Rear Damage, Structural Damage, Selling De-Registered","5spd Manual,",5,Petrol,https://manheim.co.nz/damaged-vehicles/000000000007431245/2005-suzuki-swift-hatch?referringPage=SearchResults
Mazda,Axela,2007,No,$0,"133,178",," Front Damage, Structural Damage, Selling De-Registered",N/A,5,Petrol,https://manheim.co.nz/damaged-vehicles/000000000007431248/2007-mazda-axela-sedan?referringPage=SearchResults
Mazda,Demio,2006,No,$0,"119,138",," Front Damage, Right Front Damage, Structural Damage, Selling De-Registered","Automatic,",5,Petrol,https://manheim.co.nz/damaged-vehicles/000000000007431259/2006-mazda-demio-hatch?referringPage=SearchResults
Mazda,Axela,2007,No,$0,N/A,," Front Damage, Structural Damage, Selling De-Registered",N/A,5,Petrol,https://manheim.co.nz/damaged-vehicles/000000000007431269/2007-mazda-axela-station-wagon?referringPage=SearchResults
Suzuki,Swift,2007,Yes,$0,"119,621",," Left Rear Damage, Rear Damage, Right Rear Damage, Selling Registered","4spd Automatic,",5,Petrol,https://manheim.co.nz/damaged-vehicles/000000000007431292/2007-suzuki-swift-hatch?referringPage=SearchResults
Suzuki,Escudo,2008,No,$0,"136,250",," Front Damage, Left Front Damage, Right Front Damage, Structural Damage, Selling De-Registered","Automatic,",5,Petrol,https://manheim.co.nz/damaged-vehicles/000000000007431293/2008-suzuki-escudo-station-wagon?referringPage=SearchResults
Mazda,Axela,2006,No,$0,"262,506",," Left Front Damage, Structural Damage, Selling De-Registered","Automatic,",5,Petrol,https://manheim.co.nz/damaged-vehicles/000000000007431294/2006-mazda-axela-hatch?referringPage=SearchResults
Toyota,Aqua,2014,No,$0,"198,886",," Left Side Damage, Right Front Damage, Structural Damage, Selling De-Registered","Automatic,",5,Hybrid,https://manheim.co.nz/damaged-vehicles/000000000007431295/2014-toyota-aqua-hatch?referringPage=SearchResults
Yamaha,MT03LA,2019,No,$0,1,," Structural Damage, Selling De-Registered",N/A,N/A,Petrol,https://manheim.co.nz/damaged-vehicles/000000000007401316/2019-yamaha-mt03la-k-motorcycle?referringPage=SearchResults
Nissan,Tiida,2006,Yes,$0,N/A,," Glass Broken, Ignition Damage, Left Front Damage, Left Side Damage, Vandalised - Interior, Selling Registered","Automatic,",5,Petrol,https://manheim.co.nz/damaged-vehicles/000000000007431325/2006-nissan-tiida-hatch?referringPage=SearchResults
Toyota,IST,2002,No,$0,"187,823",," Left Front Damage, Left Rear Damage, Rear Damage, Structural Damage, Selling De-Registered","4spd Automatic,",5,Petrol,https://manheim.co.nz/damaged-vehicles/000000000007431412/2002-toyota-ist-hatch?referringPage=SearchResults
Toyota,RAV4,1999,No,$0,"186,157",," Left Front Damage, Left Rear Damage, Rear Damage, Structural Damage, Selling De-Registered","Automatic,",4,Petrol,https://manheim.co.nz/damaged-vehicles/000000000007431415/1999-toyota-rav4-l-station-wagon?referringPage=SearchResults
Mazda,Demio,2015,No,$0,N/A,," Left Side Damage, Structural Damage, Selling De-Registered","Automatic,",5,Petrol,https://manheim.co.nz/damaged-vehicles/000000000007431429/2015-mazda-demio-hatch?referringPage=SearchResults
Toyota,Prius,2009,No,$0,"129,228",," Rear Damage, Structural Damage, Selling De-Registered","Automatic,",5,Hybrid,https://manheim.co.nz/damaged-vehicles/000000000007431442/2009-toyota-prius-hatch?referringPage=SearchResults
Honda,fit,2006,Yes,$0,N/A,," Glass Broken, Ignition Damage, Right Side Damage, Vandalised - Interior, Stolen & Recovered, Selling Registered",N/A,5,Petrol,https://manheim.co.nz/damaged-vehicles/000000000007431443/2006-honda-fit-hatch?referringPage=SearchResults
Toyota,Markx,2008,No,$0,"131,584",," Front Damage, Structural Damage, Selling De-Registered","Automatic,",6,Petrol,https://manheim.co.nz/damaged-vehicles/000000000007431444/2008-toyota-markx-zio-station-wagon?referringPage=SearchResults
Nissan,Fuga,2009,No,$0,N/A,," Rear Damage, Structural Damage, Selling De-Registered",N/A,5,Petrol,https://manheim.co.nz/damaged-vehicles/000000000007431445/2009-nissan-fuga-250gt-sedan?referringPage=SearchResults
Holden,Commodore,2017,No,$0,"306,206",," Front Damage, Left Front Damage, Right Front Damage, Structural Damage, Selling De-Registered","Automatic,",5,Petrol,https://manheim.co.nz/damaged-vehicles/000000000007431446/2017-holden-commodore-vf2-sv6-3-6p-6at-sedan?referringPage=SearchResults
Toyota,Corolla,2001,No,$0,N/A,," Left Side Damage, Right Side Damage, Selling De-Registered","Automatic,",5,Petrol,https://manheim.co.nz/damaged-vehicles/000000000007431447/2001-toyota-corolla-allex-station-wagon?referringPage=SearchResults
Mazda,Demio,2003,Yes,$0,"170,121",," Glass Broken, Ignition Damage, Left Rear Damage, Vandalised - Interior, Stolen & Recovered, Selling Registered","Automatic,",5,Petrol,https://manheim.co.nz/damaged-vehicles/000000000007431448/2003-mazda-demio-1500-hatch?referringPage=SearchResults
Volkswagen,Golf,2005,No,$0,"192,119",," Front Damage, Left Front Damage, Right Front Damage, Structural Damage, Selling De-Registered","Automatic,",5,Petrol,https://manheim.co.nz/damaged-vehicles/000000000007431450/2005-volkswagen-golf-hatch?referringPage=SearchResults
Mercedes-Benz,CL500,2007,No,$0,N/A,," Front Damage, Structural Damage, Selling De-Registered","Automatic,",4,Petrol,https://manheim.co.nz/damaged-vehicles/000000000007431461/2007-mercedes-benz-cl500-7g-tronic-coup%C3%A9?referringPage=SearchResults
Audi,Q7,2008,Yes,$0,N/A,," Engine Damage, Fire Damage, Right Rear Damage, Right Side Damage, Selling Registered","Automatic,",7,Petrol,https://manheim.co.nz/damaged-vehicles/000000000007431464/2008-audi-q7-3-6-quattro-s-line-station-wagon?referringPage=SearchResults
Toyota,Spacio,2003,No,$0,N/A,," Left Rear Damage, Left Side Damage, Rear Damage, Right Rear Damage, Structural Damage, Selling De-Registered",N/A,7,Petrol,https://manheim.co.nz/damaged-vehicles/000000000007431465/2003-toyota-spacio-station-wagon?referringPage=SearchResults
Mazda,Demio,2005,Yes,$0,N/A,," Ignition Damage, Left Side Damage, Vandalised - Interior, Stolen & Recovered, Selling Registered","Automatic,",5,Petrol,https://manheim.co.nz/damaged-vehicles/000000000007431466/2005-mazda-demio-hatch?referringPage=SearchResults
Honda,Civic,2002,No,$0,"168,730",," Rear Damage, Right Front Damage, Structural Damage, Selling De-Registered",N/A,5,Petrol,https://manheim.co.nz/damaged-vehicles/000000000007431479/2002-honda-civic-hatch?referringPage=SearchResults
Toyota,RAV4,2012,No,$0,"251,780",," Right Rear Damage, Structural Damage, Selling De-Registered","Automatic,",5,Petrol,https://manheim.co.nz/damaged-vehicles/000000000007431495/2012-toyota-rav4-2-4p-4wd-wagon5-5a-station-wagon?referringPage=SearchResults
Hyundai,I30,2011,Yes,$0,"199,727",," Front Damage, Selling Registered","Automatic,",5,Diesel,https://manheim.co.nz/damaged-vehicles/000000000007431498/2011-hyundai-i30-wagon-1-6-crdi-elit-station-wagon?referringPage=SearchResults
BMW,X7,2021,Yes,N/A,"75,459",," Right Front Damage, Right Side Damage, Dismantled - Engine, Underbody Damage, Stolen & Recovered, Selling Registered",N/A,7,Diesel,https://manheim.co.nz/damaged-vehicles/000000000007431502/2021-bmw-x7-x30d-3-0dt-4wd-8at-touring?referringPage=SearchResults
Toyota,Yaris,2014,No,$0,"160,400",," Front Damage, Right Front Damage, Structural Damage, Selling De-Registered","5spd Manual,",5,Petrol,https://manheim.co.nz/damaged-vehicles/000000000007421516/2014-toyota-yaris-yr-1-3p-hatch5-5m-hatch?referringPage=SearchResults
Renault,Lutecia,2007,No,$0,"123,578",," Right Rear Damage, Structural Damage, Suspension Damage, Selling De-Registered","Automatic,",5,Petrol,https://manheim.co.nz/damaged-vehicles/000000000007421524/2007-renault-lutecia-hatch?referringPage=SearchResults
Holden,Barina,2018,No,$0,"54,072",," Left Front Damage, Left Side Damage, Structural Damage, Selling De-Registered","5spd Automatic,",5,Petrol,https://manheim.co.nz/damaged-vehicles/000000000007431525/2018-holden-barina-lt-1-6p-6at-hatch?referringPage=SearchResults
Volkswagen,Tiguan,2017,No,$0,"111,761",," Right Rear Damage, Structural Damage, Selling De-Registered","Automatic,",5,Petrol,https://manheim.co.nz/damaged-vehicles/000000000007431527/2017-volkswagen-tiguan-tsi-highline-2wd-1--station-wagon?referringPage=SearchResults
Mazda,MAZDA6,2015,No,$0,N/A,," Right Side Damage, Structural Damage, Selling De-Registered","Automatic,",5,Diesel,https://manheim.co.nz/damaged-vehicles/000000000007431528/2015-mazda-mazda6-gsx-ds-2-2d-6at-sw--station-wagon?referringPage=SearchResults
Mazda,Axela,2015,No,$0,N/A,," Right Side Damage, Airbags Deployed, Structural Damage, Selling De-Registered","Manual,",5,Petrol,https://manheim.co.nz/damaged-vehicles/000000000007431529/2015-mazda-axela-hatch?referringPage=SearchResults
Subaru,Legacy,2006,No,$0,N/A,," Fire Damage, Fire - Entire Vehicle, Structural Damage, Selling De-Registered","Automatic,",5,Petrol,https://manheim.co.nz/damaged-vehicles/000000000007431530/2006-subaru-legacy-b-sport-sedan?referringPage=SearchResults
Kia,Sportage,2008,Yes,$0,"243,788",," Right Side Damage, Selling Registered",N/A,5,Petrol,https://manheim.co.nz/damaged-vehicles/000000000007431544/2008-kia-sportage-2-7-v6-auto-station-wagon?referringPage=SearchResults
Nissan,Tiida,2010,No,$0,"220,654",," Ignition Damage, Left Side Damage, Rear Damage, Right Front Damage, Right Side Damage, Structural Damage, Stolen & Recovered, Selling De-Registered","Automatic,",5,Petrol,https://manheim.co.nz/damaged-vehicles/000000000007431549/2010-nissan-tiida-latio-sedan?referringPage=SearchResults
Toyota,Corolla,1993,No,$0,"171,529",," Right Front Damage, Structural Damage, Selling De-Registered","4spd Automatic,",5,Petrol,https://manheim.co.nz/damaged-vehicles/000000000007431562/1993-toyota-corolla-hatch?referringPage=SearchResults
Mitsubishi,Lancer,2015,No,$0,N/A,," Rear Damage, Right Front Damage, Structural Damage, Selling De-Registered","Automatic,",5,Petrol,https://manheim.co.nz/damaged-vehicles/000000000007431563/2015-mitsubishi-lancer-gsr-2-0p-cvt-sl-4dr-sedan?referringPage=SearchResults
Nissan,NV350,2014,No,$0,1,," Front Damage, Left Rear Damage, Structural Damage, Selling De-Registered","Automatic,",6,Petrol,https://manheim.co.nz/damaged-vehicles/000000000007431565/2014-nissan-nv350-caravan-van?referringPage=SearchResults
Toyota,Aqua,2014,No,$0,N/A,," Front Damage, Structural Damage, Selling De-Registered","Automatic,",5,Hybrid,https://manheim.co.nz/damaged-vehicles/000000000007431566/2014-toyota-aqua-hybrid-hatch?referringPage=SearchResults
Nissan,Skyline,2007,No,$0,"200,305",," Right Rear Damage, Structural Damage, Selling De-Registered","Automatic,",5,Petrol,https://manheim.co.nz/damaged-vehicles/000000000007421566/2007-nissan-skyline-sedan?referringPage=SearchResults
Toyota,Wish,2005,No,$0,N/A,," Left Front Damage, Structural Damage, Suspension Damage, Selling De-Registered",N/A,7,Petrol,https://manheim.co.nz/damaged-vehicles/000000000007431570/2005-toyota-wish-station-wagon?referringPage=SearchResults
Mitsubishi,Grandis,2004,No,$0,"259,358",," Right Side Damage, Structural Damage, Suspension Damage, Selling De-Registered",N/A,N/A,Petrol,https://manheim.co.nz/damaged-vehicles/000000000007431606/2004-mitsubishi-grandis-station-wagon?referringPage=SearchResults
Mitsubishi,Galant,2010,No,$0,N/A,," Right Front Damage, Structural Damage, Selling De-Registered",N/A,5,Petrol,https://manheim.co.nz/damaged-vehicles/000000000007431612/2010-mitsubishi-galant-fortis-sedan?referringPage=SearchResults
Kawasaki,ex,2019,No,$0,"30,745",," Right Side Damage, Structural Damage, Selling De-Registered",N/A,N/A,Petrol,https://manheim.co.nz/damaged-vehicles/000000000007431615/2019-kawasaki-ex-400-motorcycle?referringPage=SearchResults
Toyota,Vitz,2002,No,$0,"146,771",," Front Damage, Left Front Damage, Structural Damage, Selling De-Registered","Automatic,",5,Petrol,https://manheim.co.nz/damaged-vehicles/000000000007431643/2002-toyota-vitz-hatch?referringPage=SearchResults
Mazda,Demio,2005,Yes,$0,"147,591",," Rear Damage, Selling Registered",N/A,5,Petrol,https://manheim.co.nz/damaged-vehicles/000000000007431662/2005-mazda-demio-hatch?referringPage=SearchResults
MINI,Cooper S,2009,No,$0,"168,901",," Front Damage, Structural Damage, Selling De-Registered",N/A,4,Petrol,https://manheim.co.nz/damaged-vehicles/000000000007431682/2009-mini-cooper-s-hatch-6a-2dr-1-6i-hatch?referringPage=SearchResults
Toyota,Caldina,2004,No,$0,N/A,," Glass Broken, Rear Damage, Structural Damage, Selling De-Registered",N/A,5,Petrol,https://manheim.co.nz/damaged-vehicles/000000000007431685/2004-toyota-caldina-station-wagon?referringPage=SearchResults
Ford,Focus,2008,Yes,$0,"210,330",," Right Front Damage, Selling Registered","4spd Automatic,",5,Petrol,https://manheim.co.nz/damaged-vehicles/000000000007431701/2008-ford-focus-2-0-a-hatch-hatch?referringPage=SearchResults
Mazda,Demio,2013,No,$0,"174,574",," Front Damage, Left Front Damage, Structural Damage, Selling De-Registered","Automatic,",5,Petrol,https://manheim.co.nz/damaged-vehicles/000000000007431705/2013-mazda-demio-hatch?referringPage=SearchResults
Ford,Escape,2007,No,$0,"213,896",," Front Damage, Rear Damage, Structural Damage, Selling De-Registered","Automatic,",5,Petrol,https://manheim.co.nz/damaged-vehicles/000000000007431712/2007-ford-escape-station-wagon?referringPage=SearchResults
Mazda,Demio,1999,Yes,$0,"127,613",," Front Damage, Ignition Damage, Left Side Damage, Rear Damage, Stolen & Recovered, Suspension Damage, Selling Registered","Automatic,",5,Petrol,https://manheim.co.nz/damaged-vehicles/000000000007431758/1999-mazda-demio-hatch?referringPage=SearchResults
Toyota,Camry,2005,No,$0,"123,307",," Front Damage, Structural Damage, Selling De-Registered","Automatic,",5,Petrol,https://manheim.co.nz/damaged-vehicles/000000000007431772/2005-toyota-camry-sedan?referringPage=SearchResults
Honda,Shuttle,2015,No,$0,N/A,," Front Damage, Left Side Damage, Airbags Deployed, Structural Damage, Suspension Damage, Selling De-Registered","Automatic,",5,Hybrid,https://manheim.co.nz/damaged-vehicles/000000000007431781/2015-honda-shuttle-hybrid-station-wagon?referringPage=SearchResults
Toyota,BB,2005,No,$0,N/A,," Rear Damage, Structural Damage, Selling De-Registered",N/A,5,Petrol,https://manheim.co.nz/damaged-vehicles/000000000007431789/2005-toyota-bb-station-wagon?referringPage=SearchResults
Toyota,Corolla,2007,No,$0,"389,100",," Rear Damage, Right Side Damage, Structural Damage, Selling De-Registered","Automatic,",5,Petrol,https://manheim.co.nz/damaged-vehicles/000000000007431810/2007-toyota-corolla-1-8p-gx-hatch-5-6m-hatch?referringPage=SearchResults
Honda,Stream,2006,No,$0,N/A,," Front Damage, Structural Damage, Selling De-Registered",N/A,5,Petrol,https://manheim.co.nz/damaged-vehicles/000000000007431830/2006-honda-stream-station-wagon?referringPage=SearchResults
Subaru,Legacy,2004,No,$0,N/A,," Right Front Damage, Airbags Deployed, Structural Damage, Selling De-Registered",N/A,5,Petrol,https://manheim.co.nz/damaged-vehicles/000000000007431844/2004-subaru-legacy-station-wagon?referringPage=SearchResults
Suzuki,SX4,2008,No,$0,"179,516",," Left Front Damage, Left Rear Damage, Right Front Damage, Structural Damage, Selling De-Registered","Automatic,",5,Petrol,https://manheim.co.nz/damaged-vehicles/000000000007431851/2008-suzuki-sx4-salomon-station-wagon?referringPage=SearchResults
Nissan,Dualis,2007,No,$0,N/A,," Right Rear Damage, Structural Damage, Selling De-Registered","Automatic,",5,Petrol,https://manheim.co.nz/damaged-vehicles/000000000007431859/2007-nissan-dualis-station-wagon?referringPage=SearchResults
Toyota,Highlander,2009,No,$0,"328,473",," Front Damage, Left Front Damage, Structural Damage, Suspension Damage, Selling De-Registered","5spd Automatic,",7,Petrol,https://manheim.co.nz/damaged-vehicles/000000000007431865/2009-toyota-highlander-3-5p-4wd-wagon5-5a-station-wagon?referringPage=SearchResults
Mitsubishi,Galant,2008,No,$0,"105,756",," Front Damage, Left Side Damage, Rear Damage, Right Side Damage, Structural Damage, Selling De-Registered","Automatic,",5,Petrol,https://manheim.co.nz/damaged-vehicles/000000000007431895/2008-mitsubishi-galant-fortis-sedan?referringPage=SearchResults
Suzuki,Swift,2012,No,$0,N/A,," Front Damage, Structural Damage, Selling De-Registered",N/A,5,Petrol,https://manheim.co.nz/damaged-vehicles/000000000007431898/2012-suzuki-swift-hatch?referringPage=SearchResults
Mazda,MAZDA3,2016,Yes,$0,"163,067",," Engine Damage, Selling Registered",N/A,5,Petrol,https://manheim.co.nz/damaged-vehicles/000000000007431901/2016-mazda-mazda3-glx-2-0p-6at-hatch?referringPage=SearchResults
Peugeot,2008,2014,No,$0,"120,879",," Front Damage, Structural Damage, Selling De-Registered","Automatic,",5,Diesel,https://manheim.co.nz/damaged-vehicles/000000000007431912/2014-peugeot-2008-touring?referringPage=SearchResults
Toyota,Prius,2013,No,$0,"147,522",," Right Side Damage, Structural Damage, Selling De-Registered","Automatic,",5,Hybrid,https://manheim.co.nz/damaged-vehicles/000000000007431943/2013-toyota-prius-hatch?referringPage=SearchResults
Mazda,Familia,2001,Yes,$0,"156,673",," Right Front Damage, Selling Registered","Automatic,",5,Petrol,https://manheim.co.nz/damaged-vehicles/000000000007431946/2001-mazda-familia-station-wagon?referringPage=SearchResults
Hyundai,I30,2009,No,$0,1,," Front Damage, Structural Damage, Selling De-Registered","Automatic,",5,Petrol,https://manheim.co.nz/damaged-vehicles/000000000007431948/2009-hyundai-i30-1-6-a4-sedan?referringPage=SearchResults
Toyota,Corolla,1998,No,$0,"167,377",," Rear Damage, Structural Damage, Selling De-Registered","Automatic,",5,Petrol,https://manheim.co.nz/damaged-vehicles/000000000007411949/1998-toyota-corolla-xe-saloon-sedan?referringPage=SearchResults
Suzuki,Swift,2012,No,$0,"172,619",," Front Damage, Structural Damage, Selling De-Registered","Automatic,",5,Petrol,https://manheim.co.nz/damaged-vehicles/000000000007431950/2012-suzuki-swift-hatch?referringPage=SearchResults
Kia,Cerato,2011,No,$0,N/A,," Right Side Damage, Structural Damage, Selling De-Registered","Automatic,",5,Petrol,https://manheim.co.nz/damaged-vehicles/000000000007422092/2011-kia-cerato-2-0-petrol-auto-sx-hatch?referringPage=SearchResults
Mitsubishi,Outlander,2024,No,N/A,N/A,," Left Front Damage, Left Side Damage, Airbags Deployed, Selling De-Registered","CVT,",7,Petrol,https://manheim.co.nz/damaged-vehicles/000000000007412099/2024-mitsubishi-outlander-vrx-2-5p-cvt-station-wagon?referringPage=SearchResults
Toyota,Vitz,2005,No,$0,N/A,," Left Front Damage, Right Front Damage, Right Rear Damage, Structural Damage, Suspension Damage, Selling De-Registered","Automatic,",5,Petrol,https://manheim.co.nz/damaged-vehicles/000000000007422103/2005-toyota-vitz-hatch?referringPage=SearchResults
Mitsubishi,Lancer,2004,No,$0,"339,973",," Right Side Damage, Structural Damage, Selling De-Registered","4spd Automatic,",5,Petrol,https://manheim.co.nz/damaged-vehicles/000000000007432147/2004-mitsubishi-lancer-2-0p-es-sedan-a-sedan?referringPage=SearchResults
Nissan,Dualis,2010,No,$0,"190,168",," Left Rear Damage, Left Side Damage, Structural Damage, Suspension Damage, Selling De-Registered","Automatic,",5,Petrol,https://manheim.co.nz/damaged-vehicles/000000000007432148/2010-nissan-dualis-station-wagon?referringPage=SearchResults
Toyota,Aqua,2013,No,$0,N/A,," Left Front Damage, Right Front Damage, Structural Damage, Selling De-Registered",N/A,5,Hybrid,https://manheim.co.nz/damaged-vehicles/000000000007432154/2013-toyota-aqua-1-5l-petrol-hybrid-hatch?referringPage=SearchResults
Mazda,Atenza,2007,No,$0,N/A,," Left Rear Damage, Structural Damage, Selling De-Registered","Automatic,",5,Petrol,https://manheim.co.nz/damaged-vehicles/000000000007432158/2007-mazda-atenza-station-wagon?referringPage=SearchResults
Suzuki,Swift,2011,No,$0,N/A,," Rear Damage, Structural Damage, Selling De-Registered","Automatic,",5,Petrol,https://manheim.co.nz/damaged-vehicles/000000000007432161/2011-suzuki-swift-hatch?referringPage=SearchResults
Toyota,Camry,2013,No,$0,"431,729",," Front Damage, Structural Damage, Selling De-Registered","Automatic,",5,Hybrid,https://manheim.co.nz/damaged-vehicles/000000000007432163/2013-toyota-camry-hybird-sedan?referringPage=SearchResults
Suzuki,SX4,2008,No,$0,"68,506",," Right Front Damage, Structural Damage, Selling De-Registered","Automatic,",5,Petrol,https://manheim.co.nz/damaged-vehicles/000000000007432165/2008-suzuki-sx4-glxfa-2-0-5dr-hatch?referringPage=SearchResults
Suzuki,Swift,2005,No,$0,N/A,," Right Front Damage, Right Rear Damage, Right Side Damage, Dismantled - Interior, Structural Damage, Selling De-Registered","Automatic,",5,Petrol,https://manheim.co.nz/damaged-vehicles/000000000007432166/2005-suzuki-swift-station-wagon?referringPage=SearchResults
Honda,Stream,2010,No,$0,"133,446",," Rear Damage, Structural Damage, Selling De-Registered",N/A,7,Petrol,https://manheim.co.nz/damaged-vehicles/000000000007432167/2010-honda-stream-station-wagon?referringPage=SearchResults
Mazda,Verisa,2007,Yes,$0,"141,164",," Left Side Damage, Selling Registered",N/A,5,Petrol,https://manheim.co.nz/damaged-vehicles/000000000007432168/2007-mazda-verisa-hatch?referringPage=SearchResults
Holden,Colorado,2014,No,$0,N/A,," Right Front Damage, Vandalised - Interior, Structural Damage, Selling De-Registered",N/A,5,Diesel,https://manheim.co.nz/damaged-vehicles/000000000007432171/2014-holden-colorado-lt-dc-pu-2-8d-4wd-6-dual-cab-utility?referringPage=SearchResults
Mazda,Demio,2004,No,$0,N/A,," Front Damage, Left Side Damage, Rear Damage, Roof Damage, Right Side Damage, Structural Damage, Suspension Damage, Selling De-Registered","Automatic,",5,Petrol,https://manheim.co.nz/damaged-vehicles/000000000007432182/2004-mazda-demio-hatch?referringPage=SearchResults
Nissan,Primera,2007,Yes,$0,"227,443",," Left Rear Damage, Right Side Damage, Selling Registered","Automatic,",5,Petrol,https://manheim.co.nz/damaged-vehicles/000000000007432184/2007-nissan-primera-2-0-petrol-sx-hatch-hatch?referringPage=SearchResults
Mitsubishi,Mirage,2016,No,$0,N/A,," Front Damage, Right Side Damage, Structural Damage, Selling De-Registered","Automatic,",5,Petrol,https://manheim.co.nz/damaged-vehicles/000000000007432188/2016-mitsubishi-mirage-hatch?referringPage=SearchResults
Volkswagen,Beetle,2008,No,$0,N/A,," Right Rear Damage, Structural Damage, Selling De-Registered",N/A,4,Petrol,https://manheim.co.nz/damaged-vehicles/000000000007432202/2008-volkswagen-beetle-coup%C3%A9?referringPage=SearchResults
Toyota,Wish,2004,Yes,$0,"145,066",," Right Front Damage, Selling Registered",N/A,7,Petrol,https://manheim.co.nz/damaged-vehicles/000000000007432205/2004-toyota-wish-station-wagon?referringPage=SearchResults
Volkswagen,Polo,2007,No,$0,"258,027",," Rear Damage, Structural Damage, Selling De-Registered","Manual,",5,Petrol,https://manheim.co.nz/damaged-vehicles/000000000007432206/2007-volkswagen-polo-gti-hatch?referringPage=SearchResults
Toyota,Auris,2006,No,$0,"100,177",," Left Front Damage, Left Rear Damage, Left Side Damage, Structural Damage, Selling De-Registered","Automatic,",5,Petrol,https://manheim.co.nz/damaged-vehicles/000000000007432207/2006-toyota-auris-hatch?referringPage=SearchResults
Toyota,Aqua,2016,No,$0,N/A,," Left Rear Damage, Structural Damage, Selling De-Registered","Automatic,",5,Hybrid,https://manheim.co.nz/damaged-vehicles/000000000007432208/2016-toyota-aqua-hybrid-hatch?referringPage=SearchResults
Toyota,Aqua,2016,No,$0,"162,831",," Left Front Damage, Left Side Damage, Structural Damage, Selling De-Registered","Automatic,",5,Hybrid,https://manheim.co.nz/damaged-vehicles/000000000007432209/2016-toyota-aqua-hatch?referringPage=SearchResults
Toyota,Aqua,2015,No,$0,N/A,," Front Damage, Airbags Deployed, Structural Damage, Selling De-Registered","Automatic,",5,Hybrid,https://manheim.co.nz/damaged-vehicles/000000000007432212/2015-toyota-aqua-hybrid-hatch?referringPage=SearchResults
Toyota,Aqua,2013,Yes,$0,N/A,," Left Side Damage, Vandalised - Interior, Stolen & Recovered, Selling Registered",N/A,5,Hybrid,https://manheim.co.nz/damaged-vehicles/000000000007432215/2013-toyota-aqua-hybrid-hatch?referringPage=SearchResults
Nissan,Leaf,2015,Yes,$0,"81,047",," Front Damage, Left Side Damage, Right Side Damage, Selling Registered","Automatic, Drive Type, Front Wheel Drive, Fuel Type, Electri",5,Electric,https://manheim.co.nz/damaged-vehicles/000000000007432220/2015-nissan-leaf-hatch?referringPage=SearchResults
Toyota,Fielder,2004,No,$0,"246,604",," Right Front Damage, Suspension Damage, Selling De-Registered","Automatic,",5,Petrol,https://manheim.co.nz/damaged-vehicles/000000000007422227/2004-toyota-fielder-station-wagon?referringPage=SearchResults
Toyota,Markx,2008,No,$0,"107,553",," Roof Damage, Right Rear Damage, Right Side Damage, Structural Damage, Selling De-Registered","7spd Automatic,",5,Petrol,https://manheim.co.nz/damaged-vehicles/000000000007432254/2008-toyota-markx-250g-sedan?referringPage=SearchResults
Mazda,Premacy,2010,No,$0,"196,108",," Right Rear Damage, Right Side Damage, Structural Damage, Selling De-Registered","5spd Automatic,",7,Petrol,https://manheim.co.nz/damaged-vehicles/000000000007432258/2010-mazda-premacy-station-wagon?referringPage=SearchResults
Suzuki,Swift,2008,No,$0,"122,635",," Rear Damage, Right Side Damage, Structural Damage, Selling De-Registered","Automatic,",5,Petrol,https://manheim.co.nz/damaged-vehicles/000000000007432272/2008-suzuki-swift-hatch?referringPage=SearchResults
Nissan,Tiida,2005,No,$0,"190,093",," Front Damage, Structural Damage, Selling De-Registered","Automatic,",5,Petrol,https://manheim.co.nz/damaged-vehicles/000000000007432289/2005-nissan-tiida-hatch?referringPage=SearchResults
Honda,fit,2006,No,$0,N/A,," Rear Damage, Structural Damage, Selling De-Registered","Automatic,",5,Petrol,https://manheim.co.nz/damaged-vehicles/000000000007432318/2006-honda-fit-hatch?referringPage=SearchResults
Ford,Ranger,2019,No,N/A,"85,350",," Right Front Damage, Airbags Deployed, Selling De-Registered",N/A,5,N/A,https://manheim.co.nz/damaged-vehicles/000000000007422327/2019-ford-ranger-xlt-double-cab-w-s-dual-cab-utility?referringPage=SearchResults
Holden,Rodeo 4X2,2003,No,$0,"263,485",," Rear Damage, Structural Damage, Selling De-Registered","Automatic,",5,Petrol,https://manheim.co.nz/damaged-vehicles/000000000007422334/2003-holden-rodeo-4x2-lt-crew-pu-3-5-v6-a-dual-cab-utility?referringPage=SearchResults
Volkswagen,Tiguan,2012,No,$0,N/A,," Front Damage, Left Front Damage, Structural Damage, Selling De-Registered","Automatic,",5,Petrol,https://manheim.co.nz/damaged-vehicles/000000000007432332/2012-volkswagen-tiguan-station-wagon?referringPage=SearchResults
Nissan,Fuga,2014,No,$0,N/A,," Left Front Damage, Structural Damage, Selling De-Registered",N/A,5,Hybrid,https://manheim.co.nz/damaged-vehicles/000000000007432335/2014-nissan-fuga-sedan?referringPage=SearchResults
Volkswagen,Golf,2012,No,$0,N/A,," Right Front Damage, Structural Damage, Selling De-Registered","Automatic,",5,Petrol,https://manheim.co.nz/damaged-vehicles/000000000007432348/2012-volkswagen-golf-hatch?referringPage=SearchResults
Toyota,Passo,2004,No,$0,"156,782",," Left Front Damage, Structural Damage, Selling De-Registered","Automatic,",5,Petrol,https://manheim.co.nz/damaged-vehicles/000000000007432353/2004-toyota-passo-hatch?referringPage=SearchResults
Suzuki,Swift,2010,No,$0,"105,160",," Front Damage, Right Side Damage, Structural Damage, Selling De-Registered","Automatic,",5,Petrol,https://manheim.co.nz/damaged-vehicles/000000000007432379/2010-suzuki-swift-hatch?referringPage=SearchResults
Toyota,Spacio,2005,No,$0,N/A,," Front Damage, Structural Damage, Selling De-Registered","Automatic,",7,Petrol,https://manheim.co.nz/damaged-vehicles/000000000007432397/2005-toyota-spacio-station-wagon?referringPage=SearchResults
Volvo,XC90,2008,No,$0,"120,054",," Airbags Deployed, Rear Damage, Structural Damage, Selling De-Registered","5spd Automatic,",7,Diesel,https://manheim.co.nz/damaged-vehicles/000000000007432468/2008-volvo-xc90-2-4-d5-awd-5dr-6sp-station-wagon?referringPage=SearchResults
Honda,CBF,2026,No,$0,"1,702",," Right Front Damage, Structural Damage, Selling De-Registered","Manual,",N/A,Petrol,https://manheim.co.nz/damaged-vehicles/000000000007432476/2026-honda-cbf-125-motorcycle?referringPage=SearchResults
Mazda,Atenza,2008,No,$0,N/A,," Right Side Damage, Structural Damage, Selling De-Registered","Automatic,",5,Petrol,https://manheim.co.nz/damaged-vehicles/000000000007432485/2008-mazda-atenza-station-wagon?referringPage=SearchResults
Toyota,Prius,2015,No,$0,"99,940",," Rear Damage, Structural Damage, Selling De-Registered","Automatic,",5,Hybrid,https://manheim.co.nz/damaged-vehicles/000000000007432505/2015-toyota-prius-hatch?referringPage=SearchResults
Mitsubishi,Outlander,2006,No,$0,N/A,," Airbags Deployed, Front Damage, Structural Damage, Selling De-Registered","Automatic,",7,Petrol,https://manheim.co.nz/damaged-vehicles/000000000007432513/2006-mitsubishi-outlander-station-wagon?referringPage=SearchResults
Nissan,March,2005,No,$0,"147,294",," Rear Damage, Structural Damage, Selling De-Registered","Automatic,",5,Petrol,https://manheim.co.nz/damaged-vehicles/000000000007432523/2005-nissan-march-hatch?referringPage=SearchResults
Toyota,Will,2001,Yes,$0,"184,818",," Left Front Damage, Left Rear Damage, Selling Registered","4spd Automatic,",5,Petrol,https://manheim.co.nz/damaged-vehicles/000000000007432544/2001-toyota-will-hatch?referringPage=SearchResults
Honda,CRV,2010,No,$0,"247,146",," Has Key, Right Rear Damage, Structural Damage, Selling De-Registered","Automatic,",5,Petrol,https://manheim.co.nz/damaged-vehicles/000000000007432546/2010-honda-crv-van?referringPage=SearchResults
Holden,VX Commodore,2002,No,$0,"302,047",," Front Damage, Structural Damage, Selling De-Registered","Automatic,",5,Petrol,https://manheim.co.nz/damaged-vehicles/000000000007432548/2002-holden-vx-commodore-3-8-calais-sedan-au-sedan?referringPage=SearchResults
Nissan,Tiida,2005,No,$0,N/A,," Front Damage, Left Front Damage, Left Rear Damage, Right Rear Damage, Structural Damage, Selling De-Registered","4spd Automatic,",5,Petrol,https://manheim.co.nz/damaged-vehicles/000000000007432553/2005-nissan-tiida-latio-sedan?referringPage=SearchResults
Toyota,Corolla,2005,No,$0,"140,062",," Rear Damage, Structural Damage, Selling De-Registered","Automatic,",5,Petrol,https://manheim.co.nz/damaged-vehicles/000000000007432554/2005-toyota-corolla-runx-x-hatch?referringPage=SearchResults
Toyota,Corolla,2020,No,N/A,N/A,," Right Front Damage, Right Rear Damage, Dismantled - Interior, Selling De-Registered","CVT,",5,Petrol,https://manheim.co.nz/damaged-vehicles/000000000007412553/2020-toyota-corolla-touring-station-wagon?referringPage=SearchResults
Toyota,Wish,2011,No,$0,N/A,," Front Damage, Structural Damage, Selling De-Registered","Automatic,",7,Petrol,https://manheim.co.nz/damaged-vehicles/000000000007432574/2011-toyota-wish-station-wagon?referringPage=SearchResults
Toyota,Aqua,2015,No,$0,"111,927",," Structural Damage, Selling De-Registered","Automatic,",5,Hybrid,https://manheim.co.nz/damaged-vehicles/000000000007432578/2015-toyota-aqua-hatch?referringPage=SearchResults
Mazda,Atenza,2003,No,$0,"235,074",," Front Damage, Left Front Damage, Right Front Damage, Airbags Deployed, Structural Damage, Selling De-Registered","Automatic,",5,Petrol,https://manheim.co.nz/damaged-vehicles/000000000007422572/2003-mazda-atenza-station-wagon?referringPage=SearchResults
BMW,3 Series,2025,No,N/A,"4,185",," Left Front Damage, Left Side Damage, Structural Damage, Selling De-Registered","Automatic,",5,Petrol,https://manheim.co.nz/damaged-vehicles/000000000007422574/2025-bmw-3-series-m3-comp-3-0pt-4wd-sedan?referringPage=SearchResults
Suzuki,Ignis,2017,No,$0,"108,712",," Front Damage, Left Front Damage, Left Side Damage, Structural Damage, Selling De-Registered",N/A,5,Hybrid,https://manheim.co.nz/damaged-vehicles/000000000007422585/2017-suzuki-ignis-hybrid-hatch?referringPage=SearchResults
Honda,Civic,2006,No,$0,"273,518",," Left Side Damage, Structural Damage, Selling De-Registered","Automatic,",5,Hybrid,https://manheim.co.nz/damaged-vehicles/000000000007422589/2006-honda-civic-hybrid-sedan?referringPage=SearchResults
Nissan,Bluebird,2008,Yes,$0,N/A,," Right Side Damage, Selling Registered","Automatic,",5,Petrol,https://manheim.co.nz/damaged-vehicles/000000000007432590/2008-nissan-bluebird-sylphy-sedan?referringPage=SearchResults
Suzuki,Swift,2012,No,$0,"100,436",," Front Damage, Structural Damage, Selling De-Registered","Automatic,",5,Petrol,https://manheim.co.nz/damaged-vehicles/000000000007432607/2012-suzuki-swift-hatch?referringPage=SearchResults
Nissan,Navara,1999,No,$0,"234,225",," Front Damage, Structural Damage, Selling De-Registered",N/A,5,Diesel,https://manheim.co.nz/damaged-vehicles/000000000007432610/1999-nissan-navara-4wd-d-c-vent-3-2d-dual-cab-utility?referringPage=SearchResults
CF Moto,C Force 520 Quad,2022,No,$0,N/A,," Rolled, Selling De-Registered",N/A,N/A,N/A,https://manheim.co.nz/damaged-vehicles/000000000007422624/2022-cf-moto-c-force-520-quad-quad-bike?referringPage=SearchResults
Toyota,Vanguard,2008,No,$0,"232,535",," Front Damage, Structural Damage, Selling De-Registered","Automatic,",5,Petrol,https://manheim.co.nz/damaged-vehicles/000000000007422633/2008-toyota-vanguard-station-wagon?referringPage=SearchResults
Toyota,Camry,2013,No,$0,"61,082",," Chassis Damage, Front Damage, Left Front Damage, Right Front Damage, Structural Damage, Selling De-Registered","Automatic,",5,Hybrid,https://manheim.co.nz/damaged-vehicles/000000000007432642/2013-toyota-camry-sedan?referringPage=SearchResults
Nissan,Vanette,2012,No,$0,"171,321",," Ignition Damage, Left Side Damage, Stolen & Recovered, Selling De-Registered","Automatic,",2,Petrol,https://manheim.co.nz/damaged-vehicles/000000000007432653/2012-nissan-vanette-van?referringPage=SearchResults
Mazda,Atenza,2008,No,$0,"249,777",," Left Rear Damage, Rear Damage, Structural Damage, Selling De-Registered","Automatic,",5,Petrol,https://manheim.co.nz/damaged-vehicles/000000000007432673/2008-mazda-atenza-station-wagon?referringPage=SearchResults
Toyota,Aqua,2018,No,$0,N/A,," Left Side Damage, Structural Damage, Selling De-Registered","Automatic,",5,Hybrid,https://manheim.co.nz/damaged-vehicles/000000000007432676/2018-toyota-aqua-hatch?referringPage=SearchResults
Honda,Hatchback,2014,No,$0,"82,553",," Left Rear Damage, Left Side Damage, Structural Damage, Selling De-Registered","Automatic,",5,Petrol,https://manheim.co.nz/damaged-vehicles/000000000007432678/2014-honda-hatchback-hatch?referringPage=SearchResults
Subaru,Legacy,2008,No,$0,"188,713",," Front Damage, Left Rear Damage, Rear Damage, Right Side Damage, Structural Damage, Selling De-Registered",N/A,5,Petrol,https://manheim.co.nz/damaged-vehicles/000000000007432697/2008-subaru-legacy-wag-2-5i-man-station-wagon?referringPage=SearchResults
Hyundai,TB,2003,No,$0,"120,148",," Left Front Damage, Right Rear Damage, Right Side Damage, Structural Damage, Selling De-Registered","5spd Automatic,",5,Petrol,https://manheim.co.nz/damaged-vehicles/000000000007432699/2003-hyundai-tb-hatch?referringPage=SearchResults
BMW,116i,2009,No,$0,N/A,," Rear Damage, Structural Damage, Selling De-Registered",N/A,5,Petrol,https://manheim.co.nz/damaged-vehicles/000000000007432705/2009-bmw-116i-hatch?referringPage=SearchResults
Ford,Focus,2006,No,$0,"331,850",," Structural Damage, Selling De-Registered","Manual,",5,Petrol,https://manheim.co.nz/damaged-vehicles/000000000007422800/2006-ford-focus-2-0-m-hatch-hatch?referringPage=SearchResults
Toyota,Platz,2002,No,$0,"109,485",," Front Damage, Left Front Damage, Left Rear Damage, Rear Damage, Right Front Damage, Right Rear Damage, Structural Damage, Selling De-Registered","Automatic,",5,Petrol,https://manheim.co.nz/damaged-vehicles/000000000007432837/2002-toyota-platz-sedan?referringPage=SearchResults
Nissan,Lafesta,2011,No,$0,N/A,," Left Front Damage, Structural Damage, Selling De-Registered","Automatic,",7,Petrol,https://manheim.co.nz/damaged-vehicles/000000000007432839/2011-nissan-lafesta-station-wagon?referringPage=SearchResults
Mazda,MAZDA6,2008,No,$0,"306,516",," Left Rear Damage, Rear Damage, Structural Damage, Selling De-Registered","6spd Manual,",5,Petrol,https://manheim.co.nz/damaged-vehicles/000000000007432840/2008-mazda-mazda6-wagon-glx-2-0-m6-station-wagon?referringPage=SearchResults
Porsche,944,1984,No,N/A,"40,049",," Front Damage, Roof Damage, Structural Damage, Selling De-Registered","5spd Manual,",4,Petrol,https://manheim.co.nz/damaged-vehicles/000000000007432848/1984-porsche-944-hatch?referringPage=SearchResults
Suzuki,Swift,2007,No,$0,N/A,," Front Damage, Structural Damage, Selling De-Registered","Automatic,",5,Petrol,https://manheim.co.nz/damaged-vehicles/000000000007432852/2007-suzuki-swift-hatch?referringPage=SearchResults
Suzuki,Swift,2009,No,$0,"187,507",," Front Damage, Rear Damage, Structural Damage, Selling De-Registered",N/A,5,Petrol,https://manheim.co.nz/damaged-vehicles/000000000007432858/2009-suzuki-swift-hatch?referringPage=SearchResults
Volkswagen,Golf,2012,No,$0,N/A,," Front Damage, Structural Damage, Selling De-Registered","Automatic,",5,Petrol,https://manheim.co.nz/damaged-vehicles/000000000007432861/2012-volkswagen-golf-tsi-90kw-7dsg-hatch?referringPage=SearchResults
Toyota,Corolla,2001,Yes,$0,N/A,," Ignition Damage, Vandalised - Interior, Selling Registered","Automatic,",5,Petrol,https://manheim.co.nz/damaged-vehicles/000000000007432865/2001-toyota-corolla-runx-hatch?referringPage=SearchResults
Lexus,IS300H,2023,No,N/A,N/A,," Front Damage, Rear Damage, Structural Damage, Selling De-Registered","Automatic,",5,Hybrid,https://manheim.co.nz/damaged-vehicles/000000000007432866/2023-lexus-is300h-2-5ph-hd-sedan?referringPage=SearchResults
Toyota,Ractis,2009,No,$0,"82,775",," Front Damage, Left Front Damage, Right Front Damage, Structural Damage, Selling De-Registered","Automatic,",5,Petrol,https://manheim.co.nz/damaged-vehicles/000000000007432869/2009-toyota-ractis-hatch?referringPage=SearchResults
Honda,fit,2012,No,$0,"135,301",," Front Damage, Left Front Damage, Right Front Damage, Structural Damage, Selling De-Registered","Automatic,",5,Hybrid,https://manheim.co.nz/damaged-vehicles/000000000007422868/2012-honda-fit-shuttle-station-wagon?referringPage=SearchResults
Kia,Soul,2016,No,$0,"64,282",," Left Side Damage, Structural Damage, Selling De-Registered","Automatic,",5,Petrol,https://manheim.co.nz/damaged-vehicles/000000000007432870/2016-kia-soul-urban-1-6p-6at-ha-5-hatch?referringPage=SearchResults
Toyota,Passo,2005,No,$0,N/A,," Front Damage, Airbags Deployed, Structural Damage, Selling De-Registered",N/A,5,Petrol,https://manheim.co.nz/damaged-vehicles/000000000007432872/2005-toyota-passo-hatch?referringPage=SearchResults
Honda,Jazz,2007,No,$0,N/A,," Front Damage, Rear Damage, Structural Damage, Selling De-Registered",N/A,5,Petrol,https://manheim.co.nz/damaged-vehicles/000000000007432882/2007-honda-jazz-1-3i-5d-mt-hatch-hatch?referringPage=SearchResults
Toyota,Corolla,2017,No,$0,"162,271",," Front Damage, Structural Damage, Selling De-Registered",N/A,5,Hybrid,https://manheim.co.nz/damaged-vehicles/000000000007432885/2017-toyota-corolla-hybrid-1-8ph-cvt-hatch?referringPage=SearchResults
Mazda,Demio,2005,No,$0,"158,924",," Front Damage, Structural Damage, Selling De-Registered",N/A,5,Petrol,https://manheim.co.nz/damaged-vehicles/000000000007432901/2005-mazda-demio-hatch?referringPage=SearchResults
Volvo,S60,2007,No,$0,"184,172",," Rear Damage, Right Rear Damage, Structural Damage, Selling De-Registered","Automatic,",5,Petrol,https://manheim.co.nz/damaged-vehicles/000000000007432902/2007-volvo-s60-sedan?referringPage=SearchResults
Mazda,MAZDA3,2015,No,$0,N/A,," Front Damage, Right Side Damage, Structural Damage, Selling De-Registered",N/A,5,Petrol,https://manheim.co.nz/damaged-vehicles/000000000007432908/2015-mazda-mazda3-gsx-2-0p-6at-ha-5dr-hatch?referringPage=SearchResults
BMW,116i,2015,No,$0,"69,588",," Left Rear Damage, Left Side Damage, Structural Damage, Selling De-Registered","Automatic,",5,Petrol,https://manheim.co.nz/damaged-vehicles/000000000007432914/2015-bmw-116i-hatch-8a-5dr-1-6l-hatch?referringPage=SearchResults
Mazda,Axela,2015,No,$0,"190,606",," Right Rear Damage, Structural Damage, Selling De-Registered",N/A,5,Hybrid,https://manheim.co.nz/damaged-vehicles/000000000007432922/2015-mazda-axela-sedan?referringPage=SearchResults
Toyota,Wish,2004,No,$0,"210,120",," Front Damage, Glass Broken, Structural Damage, Selling De-Registered","Automatic,",7,Petrol,https://manheim.co.nz/damaged-vehicles/000000000007432926/2004-toyota-wish-station-wagon?referringPage=SearchResults
Honda,fit,2008,No,$0,"179,789",," Front Damage, Structural Damage, Selling De-Registered","Automatic,",5,Petrol,https://manheim.co.nz/damaged-vehicles/000000000007432931/2008-honda-fit-rs-hatch?referringPage=SearchResults
Toyota,Aqua,2016,No,$0,N/A,," Left Front Damage, Right Side Damage, Structural Damage, Selling De-Registered","Automatic,",5,Hybrid,https://manheim.co.nz/damaged-vehicles/000000000007432933/2016-toyota-aqua-hybrid-hatch?referringPage=SearchResults
Toyota,Ractis,2005,No,$0,N/A,," Left Side Damage, Structural Damage, Selling De-Registered","Automatic,",5,Petrol,https://manheim.co.nz/damaged-vehicles/000000000007422944/2005-toyota-ractis-station-wagon?referringPage=SearchResults
Toyota,Camry,2007,No,$0,"294,781",," Left Side Damage, Structural Damage, Selling De-Registered",N/A,5,Petrol,https://manheim.co.nz/damaged-vehicles/000000000007432951/2007-toyota-camry-2-4p-gl-sedan-5a-sedan?referringPage=SearchResults
Mitsubishi,Challenger,2003,No,$0,N/A,," Ignition Damage, Vandalised - Interior, Stolen & Recovered, Selling De-Registered","Automatic,",5,Diesel,https://manheim.co.nz/damaged-vehicles/000000000007432958/2003-mitsubishi-challenger-4wd-2-8d-5dr-wagon-station-wagon?referringPage=SearchResults
Volkswagen,Tiguan,2012,No,$0,"300,544",," Left Front Damage, Left Side Damage, Structural Damage, Selling De-Registered",N/A,5,Diesel,https://manheim.co.nz/damaged-vehicles/000000000007432972/2012-volkswagen-tiguan-tdi-103kw-6a-hatch?referringPage=SearchResults
Toyota,Corolla,2013,No,$0,N/A,," Front Damage, Structural Damage, Selling De-Registered","Automatic,",5,Petrol,https://manheim.co.nz/damaged-vehicles/000000000007432982/2013-toyota-corolla-fielder-station-wagon?referringPage=SearchResults
Nissan,March,2016,No,$0,N/A,," Front Damage, Rear Damage, Structural Damage, Selling De-Registered",N/A,5,Petrol,https://manheim.co.nz/damaged-vehicles/000000000007432993/2016-nissan-march-hatch?referringPage=SearchResults
Ford,Kuga,2013,No,$0,N/A,," Right Front Damage, Right Side Damage, Airbags Deployed, Structural Damage, Selling De-Registered","Automatic,",5,Petrol,https://manheim.co.nz/damaged-vehicles/000000000007433041/2013-ford-kuga-titanium-station-wagon?referringPage=SearchResults
Toyota,Auris,2008,No,$0,N/A,," Front Damage, Right Rear Damage, Structural Damage, Selling De-Registered","Automatic,",5,Petrol,https://manheim.co.nz/damaged-vehicles/000000000007433044/2008-toyota-auris-hatch?referringPage=SearchResults
Nissan,Tiida,2007,No,$0,"172,991",," Right Side Damage, Structural Damage, Selling De-Registered","Automatic,",5,Petrol,https://manheim.co.nz/damaged-vehicles/000000000007433049/2007-nissan-tiida-hatch?referringPage=SearchResults
Volkswagen,Polo,2015,No,$0,N/A,," Left Rear Damage, Left Side Damage, Right Side Damage, Structural Damage, Selling De-Registered","Automatic,",5,Petrol,https://manheim.co.nz/damaged-vehicles/000000000007433073/2015-volkswagen-polo-tsi-66kw-cl-1-2p-7a-hatch?referringPage=SearchResults
Mazda,Axela,2005,No,$0,"138,594",," Front Damage, Roof Damage, Right Side Damage, Structural Damage, Selling De-Registered","5spd Automatic,",5,Petrol,https://manheim.co.nz/damaged-vehicles/000000000007433094/2005-mazda-axela-station-wagon?referringPage=SearchResults
Hyundai,I30,2015,No,$0,N/A,," Front Damage, Rear Damage, Structural Damage, Selling De-Registered",N/A,5,Petrol,https://manheim.co.nz/damaged-vehicles/000000000007433131/2015-hyundai-i30-gd-1-8-elite-a6-hatch?referringPage=SearchResults
Mazda,Demio,2004,Yes,$0,"229,532",," Front Damage, Interior Damage, Selling Registered",N/A,5,Petrol,https://manheim.co.nz/damaged-vehicles/000000000007433132/2004-mazda-demio-hatch?referringPage=SearchResults
Ford,Focus,2011,Yes,$0,"231,742",," Rear Damage, Selling Registered","Automatic,",5,Petrol,https://manheim.co.nz/damaged-vehicles/000000000007433134/2011-ford-focus-wag-1-6-auto-station-wagon?referringPage=SearchResults
Mazda,Axela,2005,No,$0,"262,289",," Left Side Damage, Structural Damage, Selling De-Registered","Automatic,",5,Petrol,https://manheim.co.nz/damaged-vehicles/000000000007433184/2005-mazda-axela-station-wagon?referringPage=SearchResults
Suzuki,Swift,2017,No,$0,"76,087",," Rear Damage, Structural Damage, Selling De-Registered","Automatic,",5,Petrol,https://manheim.co.nz/damaged-vehicles/000000000007413180/2017-suzuki-swift-hatch?referringPage=SearchResults
Toyota,Aqua,2014,No,$0,"79,199",," Front Damage, Rear Damage, Roof Damage, Airbags Deployed, Structural Damage, Selling De-Registered","Automatic,",5,Hybrid,https://manheim.co.nz/damaged-vehicles/000000000007433202/2014-toyota-aqua-hatch?referringPage=SearchResults
Toyota,Prius,2009,No,$0,"186,878",," Front Damage, Left Side Damage, Structural Damage, Selling De-Registered",N/A,5,Hybrid,https://manheim.co.nz/damaged-vehicles/000000000007433235/2009-toyota-prius-hatch?referringPage=SearchResults
Toyota,Highlander,2025,No,N/A,"16,544",," Left Front Damage, Left Rear Damage, Left Side Damage, Roof Damage, Right Front Damage, Right Rear Damage, Right Side Damage, Structural Damage, Selling De-Registered","Automatic,",7,Hybrid,https://manheim.co.nz/damaged-vehicles/000000000007413263/2025-toyota-highlander-gxl-2-5ph-4wd-hd-station-wagon?referringPage=SearchResults
Mitsubishi,ASX,2019,No,$0,"151,597",," Front Damage, Structural Damage, Selling De-Registered","Automatic,",5,Petrol,https://manheim.co.nz/damaged-vehicles/000000000007423276/2019-mitsubishi-asx-xls-2-0p-cvt-station-wagon?referringPage=SearchResults
Isuzu,D-max,2021,No,N/A,N/A,," Front Damage, Structural Damage, Selling De-Registered","Manual,",5,Diesel,https://manheim.co.nz/damaged-vehicles/000000000007423278/2021-isuzu-d-max-lx-double-cab-4wd-3-utility?referringPage=SearchResults
Toyota,Prius,2014,No,$0,"390,343",," Rear Damage, Selling De-Registered","4spd Automatic,",5,Hybrid,https://manheim.co.nz/damaged-vehicles/000000000007413284/2014-toyota-prius-alpha-station-wagon?referringPage=SearchResults
Mazda,Demio,2005,No,$0,"241,603",," Left Side Damage, Right Rear Damage, Structural Damage, Selling De-Registered","5spd Manual,",5,Petrol,https://manheim.co.nz/damaged-vehicles/000000000007423358/2005-mazda-demio-hatch?referringPage=SearchResults
Daihatsu,Boon,2005,No,$0,N/A,," Front Damage, Structural Damage, Selling De-Registered","Automatic,",5,Petrol,https://manheim.co.nz/damaged-vehicles/000000000007423381/2005-daihatsu-boon-hatch?referringPage=SearchResults
Mercedes-Benz,E550,2007,Yes,N/A,"175,106",," Stolen & Recovered, Selling Registered","Automatic,",5,Petrol,https://manheim.co.nz/damaged-vehicles/000000000007413499/2007-mercedes-benz-e550-sedan?referringPage=SearchResults
CARAVAN,Stirling Europa,1996,No,$950,N/A,0," Rear Damage, Dismantled - Interior, Structural Damage, Selling De-Registered",N/A,N/A,N/A,https://manheim.co.nz/damaged-vehicles/000000000007433559/1996-caravan-stirling-europa-caravan?referringPage=SearchResults
Ford,Focus,2003,No,$0,N/A,," Left Front Damage, Right Rear Damage, Dismantled - Interior, Selling De-Registered","Automatic,",5,Petrol,https://manheim.co.nz/damaged-vehicles/000000000007433562/2003-ford-focus-hatch?referringPage=SearchResults
GRILLO,Series 9 Mower,2001,No,$1,N/A,0," Engine Damage, Fire Damage, Gearbox Damage, Interior Damage, Fire - Entire Vehicle, Structural Damage",N/A,N/A,Petrol,https://manheim.co.nz/damaged-vehicles/000000000007413579/2001-grillo-series-9-mower-mower--ride-on-?referringPage=SearchResults
Ford,Focus,2009,No,$0,N/A,," Left Front Damage, Selling De-Registered","Automatic,",5,Petrol,https://manheim.co.nz/damaged-vehicles/000000000007433581/2009-ford-focus-2-0-auto-hatch?referringPage=SearchResults
Ford,Falcon,2005,No,$0,N/A,," Left Front Damage, Left Side Damage, Right Front Damage, Selling De-Registered","Automatic,",5,Petrol,https://manheim.co.nz/damaged-vehicles/000000000007433585/2005-ford-falcon-ba-xt-w-fa-station-wagon?referringPage=SearchResults
Ford,Falcon,2003,No,$0,N/A,," Left Front Damage, Right Front Damage, Dismantled - Interior, Selling De-Registered","Automatic,",5,Petrol,https://manheim.co.nz/damaged-vehicles/000000000007433612/2003-ford-falcon-sedan?referringPage=SearchResults
Ford,Falcon,2002,No,$0,N/A,, Selling De-Registered,N/A,5,Petrol,https://manheim.co.nz/damaged-vehicles/000000000007433619/2002-ford-falcon-auiii-xr6-4fa-sedan?referringPage=SearchResults
Holden,Barina,2013,No,$0,N/A,," Left Front Damage, Right Front Damage, Selling De-Registered","Automatic,",5,Petrol,https://manheim.co.nz/damaged-vehicles/000000000007433637/2013-holden-barina-cd-1-6p6a-ha5s-hatch?referringPage=SearchResults
Ford,Mondeo,2002,No,$0,N/A,," Left Front Damage, Left Rear Damage, Right Front Damage, Right Rear Damage, Selling De-Registered","Manual,",5,Petrol,https://manheim.co.nz/damaged-vehicles/000000000007433708/2002-ford-mondeo-zetec-2-0-man-hatch?referringPage=SearchResults
Ford,Falcon UTE,2006,No,$0,N/A,," Left Front Damage, Left Rear Damage, Right Front Damage, Airbags Deployed, Dismantled - Interior, Selling De-Registered",N/A,2,Petrol,https://manheim.co.nz/damaged-vehicles/000000000007433725/2006-ford-falcon-ute-dual-cab-utility?referringPage=SearchResults
Suzuki,GSF1250,2007,No,$0,"62,144",," Front Damage, Structural Damage, Stolen & Recovered, Selling De-Registered","Manual,",N/A,Petrol,https://manheim.co.nz/damaged-vehicles/000000000007423728/2007-suzuki-gsf1250-sk7-bandit-motorcycle?referringPage=SearchResults
Ford,Mondeo,2004,No,$0,N/A,," Left Front Damage, Right Front Damage, Right Side Damage, Airbags Deployed, Selling De-Registered",N/A,5,Petrol,https://manheim.co.nz/damaged-vehicles/000000000007433743/2004-ford-mondeo-centennial-2-0-sedan?referringPage=SearchResults
Hyundai,Getz,2004,Yes,$0,"181,803",," Rear Damage, Right Rear Damage, Selling Registered","5spd Manual,",5,Petrol,https://manheim.co.nz/damaged-vehicles/000000000007423790/2004-hyundai-getz-1-3-gl-5dr-m5-hatch?referringPage=SearchResults
Nissan,Tiida,2006,No,$0,"112,664",," Front Damage, Structural Damage, Selling De-Registered",N/A,5,Petrol,https://manheim.co.nz/damaged-vehicles/000000000007423821/2006-nissan-tiida-sedan?referringPage=SearchResults
Toyota,Aqua,2015,No,$0,"113,656",," Glass Broken, Rear Damage, Structural Damage, Selling De-Registered",N/A,5,Hybrid,https://manheim.co.nz/damaged-vehicles/000000000007423833/2015-toyota-aqua-hatch?referringPage=SearchResults
Mazda,CX-5,2012,No,$0,"247,035",," Left Rear Damage, Structural Damage, Selling De-Registered","Automatic,",5,Petrol,https://manheim.co.nz/damaged-vehicles/000000000007423834/2012-mazda-cx-5-station-wagon?referringPage=SearchResults
Volkswagen,Golf,2009,No,$0,"164,235",, Selling De-Registered,"Automatic,",5,Petrol,https://manheim.co.nz/damaged-vehicles/000000000007413844/2009-volkswagen-golf-gti-hatch?referringPage=SearchResults
Ford,Territory,2004,No,$0,N/A,," Left Front Damage, Left Side Damage, Dismantled - Entire Vehicle, Selling De-Registered","Automatic,",7,Petrol,https://manheim.co.nz/damaged-vehicles/000000000007394058/2004-ford-territory-tx-rwd-station-wagon?referringPage=SearchResults
BMW,116i,2015,No,$0,"144,353",," Front Damage, Structural Damage, Selling De-Registered","Automatic,",5,Petrol,https://manheim.co.nz/damaged-vehicles/000000000007424171/2015-bmw-116i-hatch?referringPage=SearchResults
Ford,Courier,2005,Yes,N/A,"439,837",, Selling Registered,"5spd Manual,",3,Petrol,https://manheim.co.nz/damaged-vehicles/000000000007434198/2005-ford-courier-2-6p-xl-c-c-4x2-utility?referringPage=SearchResults
Ford,Falcon,2007,No,$0,N/A,, Selling De-Registered,"Automatic,",5,Petrol,https://manheim.co.nz/damaged-vehicles/000000000007434268/2007-ford-falcon-bf2-xt-sedan-fa-sedan?referringPage=SearchResults
TRAILER,Domestic Trailer,1999,No,$400,N/A,0," Structural Damage, Selling De-Registered",N/A,N/A,N/A,https://manheim.co.nz/damaged-vehicles/000000000007434315/1999-trailer-domestic-trailer-trailer--box-domestic-?referringPage=SearchResults
Nissan,Pathfinder,2014,Yes,N/A,N/A,," Stolen & Recovered, Selling Registered","CVT,",7,Petrol,https://manheim.co.nz/damaged-vehicles/000000000007424329/2014-nissan-pathfinder-3-5p6cvt-sw5d7s-station-wagon?referringPage=SearchResults
Toyota,Prius,2019,No,N/A,"96,565",," Front Damage, Structural Damage, Selling De-Registered","CVT,",5,Hybrid,https://manheim.co.nz/damaged-vehicles/000000000007424564/2019-toyota-prius-hatch?referringPage=SearchResults
Honda,fit,2013,No,$0,N/A,," Front Damage, Structural Damage, Selling De-Registered","Automatic,",5,Hybrid,https://manheim.co.nz/damaged-vehicles/000000000007424565/2013-honda-fit-shuttle-station-wagon?referringPage=SearchResults
Honda,Hr-v,2019,No,$0,"99,275",," Front Damage, Structural Damage, Selling De-Registered","Automatic,",5,Petrol,https://manheim.co.nz/damaged-vehicles/000000000007424566/2019-honda-hr-v-active-1-8p-cvt-station-wagon?referringPage=SearchResults
Honda,fit,2013,No,$0,N/A,," Front Damage, Rear Damage, Structural Damage, Selling De-Registered","Automatic,",5,Hybrid,https://manheim.co.nz/damaged-vehicles/000000000007424567/2013-honda-fit-hatch?referringPage=SearchResults
Mitsubishi,Eclipse Cross,2022,No,N/A,"98,594",," Right Side Damage, Structural Damage, Selling De-Registered","Automatic,",5,Hybrid,https://manheim.co.nz/damaged-vehicles/000000000007424569/2022-mitsubishi-eclipse-cross-vrx-phev-4wd-at-station-wagon?referringPage=SearchResults
Mazda,Bongo,2011,No,$0,"192,876",," Rear Damage, Structural Damage, Selling De-Registered","5spd Automatic,",5,Petrol,https://manheim.co.nz/damaged-vehicles/000000000007424572/2011-mazda-bongo-van?referringPage=SearchResults
Nissan,Maxima,2005,Yes,$0,N/A,," Rear Damage, Selling Registered","Automatic,",5,Petrol,https://manheim.co.nz/damaged-vehicles/000000000007424582/2005-nissan-maxima-st-3-5-auto-sedan?referringPage=SearchResults
Jaguar,F-pace,2018,No,$0,N/A,, Selling De-Registered,N/A,N/A,N/A,https://manheim.co.nz/damaged-vehicles/000000000007424588/2018-jaguar-f-pace-parts-hatch?referringPage=SearchResults
Nissan,Qashqai,2014,No,$0,N/A,," Left Rear Damage, Left Side Damage, Structural Damage, Selling De-Registered","Automatic,",5,Petrol,https://manheim.co.nz/damaged-vehicles/000000000007424589/2014-nissan-qashqai-st-l-2-0p-cvt-hatch?referringPage=SearchResults
Nissan,Bluebird,2010,No,$0,"245,205",," Front Damage, Structural Damage, Selling De-Registered","Automatic,",5,Petrol,https://manheim.co.nz/damaged-vehicles/000000000007414604/2010-nissan-bluebird-sylphy-sedan?referringPage=SearchResults
LDV,V80,2018,No,$0,"133,277",," Front Damage, Left Front Damage, Left Side Damage, Structural Damage, Selling De-Registered",N/A,3,Diesel,https://manheim.co.nz/damaged-vehicles/000000000007424610/2018-ldv-v80-bigger-amt-2-5d-6am-high-roof-van?referringPage=SearchResults
Nissan,Primera,2001,No,$0,"105,881",," Left Side Damage, Structural Damage, Selling De-Registered","4spd Automatic,",5,Petrol,https://manheim.co.nz/damaged-vehicles/000000000007414755/2001-nissan-primera-sedan?referringPage=SearchResults
ROYAL ENFIELD,Bear 650,2025,No,$0,1,," Structural Damage, Selling De-Registered","Automatic,",N/A,Petrol,https://manheim.co.nz/damaged-vehicles/000000000007424821/2025-royal-enfield-bear-650-motorcycle?referringPage=SearchResults
Honda,fit,2012,No,$0,"68,899",," Rear Damage, Structural Damage, Selling De-Registered",N/A,5,Hybrid,https://manheim.co.nz/damaged-vehicles/000000000007424912/2012-honda-fit-shuttle-station-wagon?referringPage=SearchResults
Toyota,Corolla,2017,No,$0,"241,907",," Front Damage, Right Front Damage, Right Side Damage, Structural Damage, Suspension Damage, Selling De-Registered","Automatic,",5,Petrol,https://manheim.co.nz/damaged-vehicles/000000000007414939/2017-toyota-corolla-sedan?referringPage=SearchResults
Suzuki,Swift,2020,No,$0,"70,081",," Front Damage, Structural Damage, Selling De-Registered","Automatic,",5,Petrol,https://manheim.co.nz/damaged-vehicles/000000000007415012/2020-suzuki-swift-rs-1-0pt-6at-hatch?referringPage=SearchResults
Nissan,Fuga,2007,No,$0,N/A,, Selling De-Registered,N/A,5,Petrol,https://manheim.co.nz/damaged-vehicles/000000000007425020/2007-nissan-fuga-sedan?referringPage=SearchResults
Honda,Elysion,2004,No,$0,N/A,, Selling De-Registered,N/A,8,Petrol,https://manheim.co.nz/damaged-vehicles/000000000007425052/2004-honda-elysion-station-wagon?referringPage=SearchResults
CARAVAN,Compass Omega,2006,No,"$1,650",N/A,0," Left Side Damage, Selling De-Registered",N/A,N/A,N/A,https://manheim.co.nz/damaged-vehicles/000000000007435073/2006-caravan-compass-omega-caravan?referringPage=SearchResults
LITEWEIGHT,Caravette,1986,Yes,$720,N/A,0," Right Side Damage, Selling Registered",N/A,N/A,N/A,https://manheim.co.nz/damaged-vehicles/000000000007435077/1986-liteweight-caravette-camper-trailer?referringPage=SearchResults
Ford,Escape,2018,No,$0,"195,288",," Front Damage, Airbags Deployed, Structural Damage, Selling De-Registered","Automatic,",5,Petrol,https://manheim.co.nz/damaged-vehicles/000000000007425095/2018-ford-escape-ambiente-fwd-petrol-station-wagon?referringPage=SearchResults
Nissan,Leaf,2014,No,$0,"120,241",," Left Side Damage, Right Side Damage, Structural Damage, Selling De-Registered","Automatic, Drive Type, Front Wheel Drive, Fuel Type, Electri",5,Electric,https://manheim.co.nz/damaged-vehicles/000000000007425100/2014-nissan-leaf-hatch?referringPage=SearchResults
Volkswagen,Passat,2009,No,$0,N/A,," Right Front Damage, Structural Damage, Selling De-Registered","Automatic,",4,Diesel,https://manheim.co.nz/damaged-vehicles/000000000007425144/2009-volkswagen-passat-cc-tdi-125kw-sedan?referringPage=SearchResults
Nissan,Skyline,2007,No,$0,"188,340",," Right Rear Damage, Structural Damage, Selling De-Registered","Automatic,",5,Petrol,https://manheim.co.nz/damaged-vehicles/000000000007425145/2007-nissan-skyline-250gt-sedan?referringPage=SearchResults
Holden,Captiva,2010,Yes,$0,"161,174",, Selling Registered,"5spd Manual,",5,Petrol,https://manheim.co.nz/damaged-vehicles/000000000007415141/2010-holden-captiva-5-2-4l-fwd-mt-station-wagon?referringPage=SearchResults
Kawasaki,KLE,2019,No,$0,N/A,," Structural Damage, Selling De-Registered",N/A,N/A,Petrol,https://manheim.co.nz/damaged-vehicles/000000000007425150/2019-kawasaki-kle-300c-motorcycle?referringPage=SearchResults
Honda,CRV,2001,No,$0,"208,630",," Front Damage, Roof Damage, Structural Damage, Selling De-Registered","Automatic,",5,Petrol,https://manheim.co.nz/damaged-vehicles/000000000007425314/2001-honda-crv-station-wagon?referringPage=SearchResults
Toyota,Prius,2012,No,$0,N/A,," Rear Damage, Structural Damage, Selling De-Registered",N/A,5,Hybrid,https://manheim.co.nz/damaged-vehicles/000000000007425317/2012-toyota-prius-hatch?referringPage=SearchResults
GREAT,Wall GWM,2021,No,N/A,"94,852",," Left Side Damage, Structural Damage, Selling De-Registered",N/A,5,Diesel,https://manheim.co.nz/damaged-vehicles/000000000007325315/2021-great-wall-gwm-utility?referringPage=SearchResults
Mazda,MAZDA3,2008,No,$0,"259,945",," Left Front Damage, Left Side Damage, Right Front Damage, Structural Damage, Selling De-Registered","Manual,",5,Petrol,https://manheim.co.nz/damaged-vehicles/000000000007425356/2008-mazda-mazda3-sporthatch-sp23-2-3-hatch?referringPage=SearchResults
Jeep,Wrangler,2017,No,N/A,"64,000",," Ignition Damage, Vandalised - Interior, Structural Damage, Vandalized Interior Slashed, Selling De-Registered",N/A,5,Petrol,https://manheim.co.nz/damaged-vehicles/000000000007415370/2017-jeep-wrangler-sport-unlimited-3-6-station-wagon?referringPage=SearchResults
Hyundai,I20,2017,No,$0,"108,945",," Front Damage, Rear Damage, Structural Damage, Selling De-Registered","Automatic,",5,Petrol,https://manheim.co.nz/damaged-vehicles/000000000007425439/2017-hyundai-i20-1-4p-4at-hatch?referringPage=SearchResults
Yamaha,JOG CV50,2009,Yes,$0,"16,241",," Front Damage, Selling Registered","Automatic,",N/A,Petrol,https://manheim.co.nz/damaged-vehicles/000000000007425498/2009-yamaha-jog-cv50-scooter?referringPage=SearchResults
Suzuki,GW250,2015,No,$0,"52,328",," Front Damage, Stolen & Recovered, Selling De-Registered","Automatic,",N/A,Petrol,https://manheim.co.nz/damaged-vehicles/000000000007395553/2015-suzuki-gw250-inazuma-lam-motorcycle?referringPage=SearchResults
Mazda,Axela,2013,No,$0,N/A,,N/A,"Automatic,",5,Petrol,https://manheim.co.nz/damaged-vehicles/000000000007425607/2013-mazda-axela-station-wagon?referringPage=SearchResults
Ssangyong,Korando,2013,No,$0,N/A,,N/A,"Automatic,",5,Petrol,https://manheim.co.nz/damaged-vehicles/000000000007425622/2013-ssangyong-korando-petrol-2wd-sport-a6-station-wagon?referringPage=SearchResults
LDV,V80,2015,No,$0,N/A,," Front Damage, Left Side Damage, Right Side Damage, Airbags Deployed, Structural Damage, Selling De-Registered","Automatic,",3,Diesel,https://manheim.co.nz/damaged-vehicles/000000000007425673/2015-ldv-v80-lwbhr-2-5d-5mt-lv-5-van?referringPage=SearchResults
Nissan,Vanette,2014,No,$0,N/A,," Rear Damage, Structural Damage, Selling De-Registered","Automatic,",2,Petrol,https://manheim.co.nz/damaged-vehicles/000000000007425678/2014-nissan-vanette-nv200-van?referringPage=SearchResults
Hyundai,I30,2019,No,N/A,N/A,," Front Damage, Rear Damage, Structural Damage, Selling De-Registered",N/A,5,Petrol,https://manheim.co.nz/damaged-vehicles/000000000007425729/2019-hyundai-i30-pd-i30-n-2-0t-2-0p-hatch?referringPage=SearchResults
Mazda,MAZDA6,2008,No,$0,N/A,," Fire Damage, Fire - Entire Vehicle, Structural Damage, Stolen & Recovered, Selling De-Registered",N/A,5,Petrol,https://manheim.co.nz/damaged-vehicles/000000000007425744/2008-mazda-mazda6-wagon-glx-2-0-5-aut-station-wagon?referringPage=SearchResults
Honda,CBR,2019,No,$0,"16,261",," Front Damage, Right Side Damage, Structural Damage, Selling De-Registered","Automatic,",N/A,Petrol,https://manheim.co.nz/damaged-vehicles/000000000007405771/2019-honda-cbr-500-p-motorcycle?referringPage=SearchResults
Yamaha,MW155AP,2024,No,$0,1,, Selling De-Registered,N/A,N/A,N/A,https://manheim.co.nz/damaged-vehicles/000000000007425786/2024-yamaha-mw155ap-parts-motorcycle?referringPage=SearchResults
Ford,Focus,2012,No,$0,"181,011",," Engine Damage, Front Damage, Structural Damage, Selling De-Registered","5spd Automatic,",5,Petrol,https://manheim.co.nz/damaged-vehicles/000000000007425794/2012-ford-focus-ambiente-1-6-a-h-hatch?referringPage=SearchResults
Hyundai,Accent,2007,No,$0,"212,174",," Rear Damage, Right Rear Damage, Structural Damage, Selling De-Registered","4spd Automatic,",5,Petrol,https://manheim.co.nz/damaged-vehicles/000000000007425828/2007-hyundai-accent-1-6-gls-4d-a4-sedan?referringPage=SearchResults
Ford,Fiesta,2012,No,$0,N/A,," Right Front Damage, Selling De-Registered","Automatic,",5,Petrol,https://manheim.co.nz/damaged-vehicles/000000000007395855/2012-ford-fiesta-5dr-1-6-lx-a-hatch?referringPage=SearchResults
Mazda,Axela,2013,No,$0,"225,229",," Airbags Deployed, Front Damage, Airbags Deployed, Structural Damage, Selling De-Registered",N/A,5,Petrol,https://manheim.co.nz/damaged-vehicles/000000000007425900/2013-mazda-axela-hatch?referringPage=SearchResults
Toyota,Yaris,2018,No,$0,"175,392",," Left Front Damage, Left Side Damage, Structural Damage, Selling De-Registered",N/A,5,Petrol,https://manheim.co.nz/damaged-vehicles/000000000007425914/2018-toyota-yaris-gx-1-3p-4at-hatch?referringPage=SearchResults
Toyota,Prius,2013,No,$0,"370,126",," Front Damage, Structural Damage, Selling De-Registered","3spd,",5,Hybrid,https://manheim.co.nz/damaged-vehicles/000000000007425981/2013-toyota-prius-sedan?referringPage=SearchResults
Nissan,Juke,2012,No,$0,N/A,," Ignition Damage, Structural Damage, Accident Damage, Selling De-Registered","4spd,",5,Petrol,https://manheim.co.nz/damaged-vehicles/000000000007425984/2012-nissan-juke-hatch?referringPage=SearchResults
Toyota,Aqua,2017,No,$0,"94,107",," Left Front Damage, Left Rear Damage, Left Side Damage, Rear Damage, Structural Damage, Selling De-Registered","CVT,",5,Hybrid,https://manheim.co.nz/damaged-vehicles/000000000007426020/2017-toyota-aqua-hybrid-hatch?referringPage=SearchResults
CF Moto,300sr,2023,No,$0,1,," Right Side Damage, Structural Damage, Selling De-Registered","Automatic,",N/A,Petrol,https://manheim.co.nz/damaged-vehicles/000000000007426156/2023-cfmoto-300sr-motorcycle?referringPage=SearchResults
Toyota,Aqua,2014,No,$0,"117,991",," Front Damage, Interior Damage, Structural Damage, Stolen & Recovered, Suspension Damage, Selling De-Registered","Automatic,",5,Hybrid,https://manheim.co.nz/damaged-vehicles/000000000007426158/2014-toyota-aqua-hatch?referringPage=SearchResults
Nissan,Mistral,1997,No,$0,"287,637",," Front Damage, Structural Damage, Selling De-Registered",N/A,5,Diesel,https://manheim.co.nz/damaged-vehicles/000000000007426192/1997-nissan-mistral-station-wagon?referringPage=SearchResults
Suzuki,Escudo,2008,No,$0,N/A,," Left Front Damage, Left Side Damage, Structural Damage, Selling De-Registered","Automatic,",5,Petrol,https://manheim.co.nz/damaged-vehicles/000000000007426211/2008-suzuki-escudo-station-wagon?referringPage=SearchResults
Subaru,Legacy,1998,Yes,$0,"163,650",, Selling Registered,N/A,5,Petrol,https://manheim.co.nz/damaged-vehicles/000000000007436260/1998-subaru-legacy-station-wagon?referringPage=SearchResults
Honda,Accord,2005,No,$0,"303,372",," Water Damage, Selling De-Registered",N/A,5,Petrol,https://manheim.co.nz/damaged-vehicles/000000000007426333/2005-honda-accord-euro-2-4-4d-sed-6m-sedan?referringPage=SearchResults
Toyota,Corolla,1999,No,$0,"182,492",," Front Damage, Left Front Damage, Right Front Damage, Structural Damage, Selling De-Registered","5spd Manual,",5,Petrol,https://manheim.co.nz/damaged-vehicles/000000000007426389/1999-toyota-corolla-1-6p-gl-hatch5-5m-hatch?referringPage=SearchResults
Toyota,Estima,2004,No,$0,N/A,," Front Damage, Structural Damage, Selling De-Registered",N/A,2,Petrol,https://manheim.co.nz/damaged-vehicles/000000000007426426/2004-toyota-estima-station-wagon?referringPage=SearchResults
TRAILER,Elite 7X4,2014,No,"$1,200",N/A,0," Structural Damage, Selling De-Registered",N/A,N/A,N/A,https://manheim.co.nz/damaged-vehicles/000000000007426434/2014-trailer-elite-7x4-box-body-trailer?referringPage=SearchResults
Harley-Davidson,FAT BOY,2004,No,$0,N/A,," Structural Damage, Selling De-Registered","Automatic,",N/A,Petrol,https://manheim.co.nz/damaged-vehicles/000000000007426461/2004-harley-davidson-fat-boy-motorcycle?referringPage=SearchResults
Mitsubishi,Lancer,2007,No,$0,"191,719",," Front Damage, Structural Damage, Selling De-Registered","5spd Automatic,",5,Petrol,https://manheim.co.nz/damaged-vehicles/000000000007426465/2007-mitsubishi-lancer-2-4p-ls-sedan-a-sedan?referringPage=SearchResults
Honda,VTR,2003,Yes,$0,"68,137",," Stolen & Recovered, Selling Registered",N/A,N/A,Petrol,https://manheim.co.nz/damaged-vehicles/000000000007426479/2003-honda-vtr-250-quad-bike?referringPage=SearchResults
Nissan,Note,2017,No,$0,N/A,," Right Rear Damage, Structural Damage, Selling De-Registered",N/A,5,Hybrid,https://manheim.co.nz/damaged-vehicles/000000000007426527/2017-nissan-note-hatch?referringPage=SearchResults
Holden,Cruze,2015,No,$0,1,," Water Damage, Selling De-Registered","Automatic,",5,Petrol,https://manheim.co.nz/damaged-vehicles/000000000007426565/2015-holden-cruze-sri-z-1-6p-6at-sl-4-sedan?referringPage=SearchResults
Honda,Civic,2000,No,$0,"208,949",," Front Damage, Structural Damage, Selling De-Registered","5spd Manual,",5,Petrol,https://manheim.co.nz/damaged-vehicles/000000000007436574/2000-honda-civic-ferio-lev-sedan?referringPage=SearchResults
Nissan,Leaf,2017,No,$0,N/A,," Right Front Damage, Structural Damage, Selling De-Registered","Automatic, Fuel Type, Electri",5,Electric,https://manheim.co.nz/damaged-vehicles/000000000007416584/2017-nissan-leaf-hatch?referringPage=SearchResults
Ford,Fiesta,2018,No,$0,"61,275",," Front Damage, Interior Damage, Airbags Deployed, Structural Damage, Selling De-Registered","Automatic,",5,Petrol,https://manheim.co.nz/damaged-vehicles/000000000007416615/2018-ford-fiesta-trend-1-5p-6at-ha-5-hatch?referringPage=SearchResults
Yamaha,GRP 26  launch,1990,No,$1,N/A,0," Engine Damage, Water Damage, Selling De-Registered",N/A,N/A,N/A,https://manheim.co.nz/damaged-vehicles/000000000007376689/1990-yamaha-grp-26--launch-boat?referringPage=SearchResults
Mazda,MAZDA2,2019,No,$0,"130,301",," Front Damage, Glass Broken, Left Front Damage, Right Front Damage, Structural Damage, Selling De-Registered","Automatic,",5,Petrol,https://manheim.co.nz/damaged-vehicles/000000000007426704/2019-mazda-mazda2-hatch?referringPage=SearchResults
Nissan,NV200,2016,No,$0,N/A,," Front Damage, Structural Damage, Selling De-Registered","Automatic,",5,Petrol,https://manheim.co.nz/damaged-vehicles/000000000007426721/2016-nissan-nv200-station-wagon?referringPage=SearchResults
Ssangyong,Rexton,2014,No,$0,"208,392",," Front Damage, Glass Broken, Right Front Damage, Structural Damage, Selling De-Registered","Automatic,",7,Diesel,https://manheim.co.nz/damaged-vehicles/000000000007426727/2014-ssangyong-rexton-sports402-2-7d4wd5a-station-wagon?referringPage=SearchResults
Toyota,Aqua,2016,No,$0,"85,052",," Left Front Damage, Left Rear Damage, Rear Damage, Right Front Damage, Right Rear Damage, Structural Damage, Selling De-Registered","Automatic,",5,Hybrid,https://manheim.co.nz/damaged-vehicles/000000000007426729/2016-toyota-aqua-hatch?referringPage=SearchResults
Nissan,Navara,2017,Yes,N/A,"172,184",," Front Damage, Selling Registered","Automatic,",5,Diesel,https://manheim.co.nz/damaged-vehicles/000000000007426738/2017-nissan-navara-rx-2-3d-7at-ut-4dr--dual-cab-utility?referringPage=SearchResults
Nissan,Juke,2014,Yes,$0,N/A,, Selling Registered,"Automatic,",5,Petrol,https://manheim.co.nz/damaged-vehicles/000000000007426753/2014-nissan-juke-hatch?referringPage=SearchResults
Nissan,X-trail,2008,No,$0,"234,167",," Water Damage, Selling De-Registered","Automatic,",5,Petrol,https://manheim.co.nz/damaged-vehicles/000000000007426839/2008-nissan-x-trail-2-5-st-l-manual-station-wagon?referringPage=SearchResults
Subaru,Legacy,2014,No,$0,"112,417",," Right Front Damage, Structural Damage, Selling De-Registered","Automatic,",5,Petrol,https://manheim.co.nz/damaged-vehicles/000000000007416876/2014-subaru-legacy-outback-station-wagon?referringPage=SearchResults
Subaru,Outback,2004,Yes,$0,"153,594",," Ignition Damage, Left Side Damage, Stolen & Recovered, Selling Registered","Automatic,",5,Petrol,https://manheim.co.nz/damaged-vehicles/000000000007426883/2004-subaru-outback-station-wagon?referringPage=SearchResults
Mitsubishi,Outlander,2023,No,N/A,N/A,," Front Damage, Airbags Deployed, Structural Damage, Selling De-Registered","Automatic,",7,Hybrid,https://manheim.co.nz/damaged-vehicles/000000000007426888/2023-mitsubishi-outlander-vrx-phev-4wd-at-station-wagon?referringPage=SearchResults
Ford,Fiesta,2006,No,$0,"51,164",," Left Side Damage, Airbags Deployed, Dismantled - Entire Vehicle, Selling De-Registered","Automatic,",5,Petrol,https://manheim.co.nz/damaged-vehicles/000000000007426902/2006-ford-fiesta-5dr-1-6-a-hatch?referringPage=SearchResults
Holden,Cruze,2009,No,$0,"30,578",," Left Front Damage, Left Rear Damage, Dismantled - Entire Vehicle, Selling De-Registered","Automatic,",5,Petrol,https://manheim.co.nz/damaged-vehicles/000000000007426910/2009-holden-cruze-cdx-1-8-at-sedan?referringPage=SearchResults
Ford,Focus,2005,No,$0,"50,587",," Left Rear Damage, Left Side Damage, Roof Damage, Right Side Damage, Dismantled - Entire Vehicle, Selling De-Registered","Automatic,",5,Petrol,https://manheim.co.nz/damaged-vehicles/000000000007426918/2005-ford-focus-hatch?referringPage=SearchResults
Mazda,Demio,2015,No,$0,N/A,, Selling De-Registered,"Automatic,",5,Petrol,https://manheim.co.nz/damaged-vehicles/000000000007406973/2015-mazda-demio-skyactiv-hatch?referringPage=SearchResults
Audi,S4,2010,Yes,$0,"142,331",," Left Side Damage, Selling Registered","7spd Automatic,",5,Petrol,https://manheim.co.nz/damaged-vehicles/000000000007426987/2010-audi-s4-sedan?referringPage=SearchResults
Kawasaki,ex,2020,Yes,$0,1,," Stolen & Recovered, Selling Registered","Automatic,",N/A,Petrol,https://manheim.co.nz/damaged-vehicles/000000000007427037/2020-kawasaki-ex-400-motorcycle?referringPage=SearchResults
Ford,Falcon,2003,No,$0,"156,048",," Left Front Damage, Left Side Damage, Roof Damage, Right Rear Damage, Right Side Damage, Dismantled - Entire Vehicle, Dismantled - Engine, Selling De-Registered","Automatic,",5,Petrol,https://manheim.co.nz/damaged-vehicles/000000000007407071/2003-ford-falcon-ba-falcon-xr6t-4fa-sedan?referringPage=SearchResults
Mazda,CX-5,2013,No,$0,"149,338",,N/A,"Automatic,",5,N/A,https://manheim.co.nz/damaged-vehicles/000000000007417113/2013-mazda-cx-5-station-wagon?referringPage=SearchResults
Ford,Fiesta,2008,No,$0,"75,447",," Left Front Damage, Left Rear Damage, Left Side Damage, Right Front Damage, Dismantled - Entire Vehicle, Selling De-Registered","5spd Manual,",5,Petrol,https://manheim.co.nz/damaged-vehicles/000000000007427126/2008-ford-fiesta-5dr-1-6-m-hatch?referringPage=SearchResults
Mercedes-Benz,C200,2011,No,$0,N/A,," Front Damage, Structural Damage, Selling De-Registered","Automatic,",5,Petrol,https://manheim.co.nz/damaged-vehicles/000000000007427163/2011-mercedes-benz-c200-sedan?referringPage=SearchResults
Ford,Capri,1990,No,$0,"179,195",," Left Front Damage, Left Rear Damage, Right Front Damage, Dismantled - Interior, Selling De-Registered","5spd Manual,",5,Petrol,https://manheim.co.nz/damaged-vehicles/000000000007407234/1990-ford-capri-hatch?referringPage=SearchResults
Ford,Falcon,2009,No,$0,N/A,," Left Front Damage, Left Rear Damage, Dismantled - Interior, Selling De-Registered","Automatic,",5,Petrol,https://manheim.co.nz/damaged-vehicles/000000000007407259/2009-ford-falcon-fg-xt-sedan-fa-sedan?referringPage=SearchResults
Ford,Territory,2013,No,$0,N/A,," Left Front Damage, Left Rear Damage, Right Front Damage, Right Rear Damage, Dismantled - Interior, Selling De-Registered","Automatic,",7,Petrol,https://manheim.co.nz/damaged-vehicles/000000000007407336/2013-ford-territory-titanium-rwd-petrol-station-wagon?referringPage=SearchResults
Nissan,Atlas,1996,No,$0,"221,812",, Selling De-Registered,"Manual,",3,Diesel,https://manheim.co.nz/damaged-vehicles/000000000007417342/1996-nissan-atlas-flat-deck?referringPage=SearchResults
Nissan,Qashqai,2009,No,$0,"139,794",," Front Damage, Structural Damage, Selling De-Registered","Automatic,",5,Petrol,https://manheim.co.nz/damaged-vehicles/000000000007427345/2009-nissan-qashqai-2-0-ti-at-hatch?referringPage=SearchResults
Toyota,Corolla,2006,No,$0,"367,483",," Airbags Deployed, Front Damage, Structural Damage, Selling De-Registered","Automatic,",5,Petrol,https://manheim.co.nz/damaged-vehicles/000000000007427360/2006-toyota-corolla-1-8p-gl-hatch5-4a-hatch?referringPage=SearchResults
Ford,Mondeo,2004,Yes,$0,"240,524",," Right Front Damage, Selling Registered","5spd Manual,",5,Petrol,https://manheim.co.nz/damaged-vehicles/000000000007427365/2004-ford-mondeo-wag-2-0-manual-station-wagon?referringPage=SearchResults
Toyota,Vitz,2002,No,$0,N/A,," Interior Damage, Ignition Damage, Right Side Damage, Dismantled - Interior, Structural Damage, Selling De-Registered","Automatic,",5,Petrol,https://manheim.co.nz/damaged-vehicles/000000000007427392/2002-toyota-vitz-rs-hatch?referringPage=SearchResults
Nissan,Bluebird,2008,No,$0,"113,245",," Front Damage, Structural Damage, Selling De-Registered",N/A,5,Petrol,https://manheim.co.nz/damaged-vehicles/000000000007427398/2008-nissan-bluebird-sylphy-sedan?referringPage=SearchResults
Toyota,Auris,2007,No,$0,N/A,," Front Damage, Rear Damage, Structural Damage, Selling De-Registered","Automatic,",5,Petrol,https://manheim.co.nz/damaged-vehicles/000000000007427410/2007-toyota-auris-hatch?referringPage=SearchResults
Holden,Captiva,2013,No,$0,N/A,," Fire Damage, Fire - Entire Vehicle, Structural Damage, Stolen & Recovered, Selling De-Registered","Automatic,",5,Diesel,https://manheim.co.nz/damaged-vehicles/000000000007427448/2013-holden-captiva-5-ltz-awd-2-2d-at-station-wagon?referringPage=SearchResults
Holden,Cruze,2012,No,$0,"9,099",," Left Front Damage, Left Rear Damage, Left Side Damage, Right Front Damage, Right Rear Damage, Right Side Damage, Selling De-Registered","Automatic,",5,Petrol,https://manheim.co.nz/damaged-vehicles/000000000007427466/2012-holden-cruze-cdx-sdn-1-8-at-sedan?referringPage=SearchResults
Ford,Focus,2007,Yes,$0,N/A,," Right Side Damage, Selling Registered","5spd Manual,",5,Diesel,https://manheim.co.nz/damaged-vehicles/000000000007407510/2007-ford-focus-1-8td-wagon-station-wagon?referringPage=SearchResults
Porsche,Macan,2016,No,N/A,"139,009",," Front Damage, Left Side Damage, Structural Damage, Selling De-Registered","Automatic,",5,Diesel,https://manheim.co.nz/damaged-vehicles/000000000007427529/2016-porsche-macan-s-diesel-3-0d-4wd-7-station-wagon?referringPage=SearchResults
Mitsubishi,Delica,2015,No,$0,1,," Structural Damage, Selling De-Registered","Automatic,",8,Petrol,https://manheim.co.nz/damaged-vehicles/000000000007427555/2015-mitsubishi-delica-d5-high-roof-van?referringPage=SearchResults
Ford,Escape,2006,No,$0,"122,381",," Left Front Damage, Left Side Damage, Right Front Damage, Right Rear Damage, Right Side Damage, Airbags Deployed, Selling De-Registered","Automatic,",5,Petrol,https://manheim.co.nz/damaged-vehicles/000000000007427600/2006-ford-escape-xlt-v6-sport-station-wagon?referringPage=SearchResults
Holden,Cruze,2010,Yes,$0,N/A,," Left Front Damage, Right Side Damage, Selling Registered","Automatic,",5,Petrol,https://manheim.co.nz/damaged-vehicles/000000000007427625/2010-holden-cruze-cdx-1-8-at-sedan?referringPage=SearchResults
LDV,V80,2022,No,N/A,"188,791",," Left Side Damage, Structural Damage, Selling De-Registered","Automatic,",3,Diesel,https://manheim.co.nz/damaged-vehicles/000000000007407721/2022-ldv-v80-bigger-amt-2-5d-6am-van?referringPage=SearchResults
Mazda,Demio,2003,No,$0,"178,475",," Front Damage, Ignition Damage, Left Front Damage, Vandalised - Interior, Structural Damage, Stolen & Recovered, Selling De-Registered","Automatic,",5,Petrol,https://manheim.co.nz/damaged-vehicles/000000000007427782/2003-mazda-demio-hatch?referringPage=SearchResults
Toyota,Corolla,2004,No,$0,N/A,," Right Side Damage, Structural Damage, Suspension Damage, Selling De-Registered",N/A,5,Petrol,https://manheim.co.nz/damaged-vehicles/000000000007427788/2004-toyota-corolla-1-5l-hatch?referringPage=SearchResults
Hyundai,Tucson,2023,No,N/A,"117,140",," Front Damage, Right Front Damage, Right Side Damage, Structural Damage, Selling De-Registered","Automatic,",5,Petrol,https://manheim.co.nz/damaged-vehicles/000000000007427881/2023-hyundai-tucson-elite-1-6pt-station-wagon?referringPage=SearchResults
Toyota,Ractis,2006,No,$0,N/A,," Right Rear Damage, Structural Damage, Selling De-Registered","Automatic,",5,Petrol,https://manheim.co.nz/damaged-vehicles/000000000007428109/2006-toyota-ractis-station-wagon?referringPage=SearchResults
Mazda,Axela,2010,No,$0,N/A,," Engine Damage, Front Damage, Glass Broken, Rear Damage, Right Rear Damage, Structural Damage, Selling De-Registered","Automatic,",5,Petrol,https://manheim.co.nz/damaged-vehicles/000000000007428128/2010-mazda-axela-hatch?referringPage=SearchResults
Suzuki,Swift,2012,No,$0,N/A,," Left Front Damage, Structural Damage, Selling De-Registered","Manual,",5,Petrol,https://manheim.co.nz/damaged-vehicles/000000000007428144/2012-suzuki-swift-sport-hatch?referringPage=SearchResults
Toyota,Corolla,2004,No,$0,"255,622",," Left Front Damage, Right Front Damage, Structural Damage, Selling De-Registered","5spd Manual,",5,Petrol,https://manheim.co.nz/damaged-vehicles/000000000007428171/2004-toyota-corolla-1-8p-gl-hatch5-5m-hatch?referringPage=SearchResults
Mazda,CX-5,2012,No,$0,N/A,," Front Damage, Glass Broken, Airbags Deployed, Structural Damage, Selling De-Registered","Automatic,",5,Petrol,https://manheim.co.nz/damaged-vehicles/000000000007428251/2012-mazda-cx-5-station-wagon?referringPage=SearchResults
Suzuki,Swift,2016,No,$0,"209,189",," Front Damage, Structural Damage, Selling De-Registered","Automatic,",5,Petrol,https://manheim.co.nz/damaged-vehicles/000000000007428252/2016-suzuki-swift-hatch?referringPage=SearchResults
MG,3,2025,Yes,N/A,"36,543",," Left Side Damage, Right Rear Damage, Suspension Damage, Under Body Damage, Selling Registered","Automatic,",5,Petrol,https://manheim.co.nz/damaged-vehicles/000000000007428259/2025-mg-3-core-1-5p-4at-hatch?referringPage=SearchResults
Toyota,Hilux,2008,No,$0,N/A,," Left Side Damage, Roof Damage, Right Side Damage, Structural Damage, Selling De-Registered","Manual,",5,Diesel,https://manheim.co.nz/damaged-vehicles/000000000007428277/2008-toyota-hilux-3-0td-4wd-sr5-dcu-4-dual-cab-utility?referringPage=SearchResults
Toyota,Corolla L/B MAN,1993,No,$0,"297,037",," Right Front Damage, Structural Damage, Selling De-Registered","Manual,",5,Petrol,https://manheim.co.nz/damaged-vehicles/000000000007418274/1993-toyota-corolla-l-b-man-hatch?referringPage=SearchResults
Suzuki,GSX250,2019,No,$0,N/A,," Ignition Damage, Structural Damage, Stolen & Recovered, Selling De-Registered","Automatic,",N/A,Petrol,https://manheim.co.nz/damaged-vehicles/000000000007418278/2019-suzuki-gsx250-rza-motorcycle?referringPage=SearchResults
Vespa,Sprint,2015,No,$0,"14,254",," Front Damage, Structural Damage, Selling De-Registered","Automatic,",N/A,Petrol,https://manheim.co.nz/damaged-vehicles/000000000007418315/2015-vespa-sprint-125-scooter?referringPage=SearchResults
Volkswagen,Golf,2007,No,$0,"147,606",," Left Side Damage, Structural Damage, Selling De-Registered","Automatic,",5,Petrol,https://manheim.co.nz/damaged-vehicles/000000000007428324/2007-volkswagen-golf-hatch?referringPage=SearchResults
TRAILER,Rosser,2016,No,$400,N/A,0," Structural Damage, Selling De-Registered",N/A,N/A,N/A,https://manheim.co.nz/damaged-vehicles/000000000007428339/2016-trailer-rosser-a-tipping-trailer?referringPage=SearchResults
Toyota,Prius,2010,No,$0,N/A,," Front Damage, Structural Damage, Selling De-Registered","Automatic,",5,Hybrid,https://manheim.co.nz/damaged-vehicles/000000000007428366/2010-toyota-prius-hatch?referringPage=SearchResults
Toyota,Vanguard,2008,Yes,$0,"200,626",, Selling Registered,"Automatic,",5,Petrol,https://manheim.co.nz/damaged-vehicles/000000000007428381/2008-toyota-vanguard-station-wagon?referringPage=SearchResults
Nissan,Caravan,2013,No,$0,N/A,," Left Front Damage, Left Side Damage, Roof Damage, Rolled, Right Side Damage, Structural Damage, Selling De-Registered","5spd Automatic,",6,Diesel,https://manheim.co.nz/damaged-vehicles/000000000007418468/2013-nissan-caravan-nv350-van?referringPage=SearchResults
CARAVAN,Caravell,1970,No,"$1,160",1,0," Roof Damage, Structural Damage, Selling De-Registered",N/A,N/A,N/A,https://manheim.co.nz/damaged-vehicles/000000000007318474/1970-caravan-caravell-caravan?referringPage=SearchResults
Toyota,Corolla SD MAN,1994,No,$0,"336,772",," Front Damage, Structural Damage, Selling De-Registered",N/A,5,Petrol,https://manheim.co.nz/damaged-vehicles/000000000007428481/1994-toyota-corolla-sd-man-sedan?referringPage=SearchResults
Yamaha,YZF,2018,No,$0,"11,153",," Right Side Damage, Structural Damage, Selling De-Registered","Automatic,",N/A,Petrol,https://manheim.co.nz/damaged-vehicles/000000000007428483/2018-yamaha-yzf-r3aj-motorcycle?referringPage=SearchResults
Holden,Commodore,2011,No,$0,"323,189",," Water Damage, Selling De-Registered","Automatic,",5,Petrol,https://manheim.co.nz/damaged-vehicles/000000000007428489/2011-holden-commodore-sportwgn-sv6-at-station-wagon?referringPage=SearchResults
BMW,320i,2007,No,$0,N/A,," Left Front Damage, Left Rear Damage, Left Side Damage, Right Front Damage, Structural Damage, Selling De-Registered","Automatic,",5,Petrol,https://manheim.co.nz/damaged-vehicles/000000000007428501/2007-bmw-320i-touring?referringPage=SearchResults
Toyota,Wish,2008,Yes,$0,N/A,," Ignition Damage, Left Side Damage, Vandalised - Interior, Stolen & Recovered, Selling Registered","Automatic,",7,Petrol,https://manheim.co.nz/damaged-vehicles/000000000007428504/2008-toyota-wish-station-wagon?referringPage=SearchResults
Mazda,Premacy,2005,No,$0,"174,677",," Water Damage, Selling De-Registered","Automatic,",7,Petrol,https://manheim.co.nz/damaged-vehicles/000000000007428506/2005-mazda-premacy-station-wagon?referringPage=SearchResults
Toyota,Aqua,2018,No,$0,"115,423",," Front Damage, Left Front Damage, Left Side Damage, Right Front Damage, Right Side Damage, Structural Damage, Selling De-Registered","Automatic,",5,Hybrid,https://manheim.co.nz/damaged-vehicles/000000000007428509/2018-toyota-aqua-hatch?referringPage=SearchResults
Mazda,Demio,2010,No,$0,"163,697",," Glass Broken, Interior Damage, Ignition Damage, Left Side Damage, Stolen & Recovered, Selling De-Registered",N/A,5,Petrol,https://manheim.co.nz/damaged-vehicles/000000000007408507/2010-mazda-demio-hatch?referringPage=SearchResults
Toyota,Markx,2009,No,$0,"165,704",," Rear Damage, Structural Damage, Selling De-Registered",N/A,6,Petrol,https://manheim.co.nz/damaged-vehicles/000000000007428522/2009-toyota-markx-zio-station-wagon?referringPage=SearchResults
Nissan,Tiida,2008,No,$0,"167,455",," Right Rear Damage, Structural Damage, Selling De-Registered","6spd Automatic,",5,Petrol,https://manheim.co.nz/damaged-vehicles/000000000007428531/2008-nissan-tiida-hatch?referringPage=SearchResults
Nissan,Note,2005,No,$0,"110,589",," Front Damage, Structural Damage, Selling De-Registered","Automatic,",5,Petrol,https://manheim.co.nz/damaged-vehicles/000000000007428532/2005-nissan-note-hatch?referringPage=SearchResults
Mazda,Demio,2006,Yes,$0,N/A,," Rear Damage, Selling Registered",N/A,5,Petrol,https://manheim.co.nz/damaged-vehicles/000000000007428533/2006-mazda-demio-hatch?referringPage=SearchResults
Honda,Airwave,2006,No,$0,N/A,," Left Front Damage, Left Rear Damage, Rear Damage, Right Rear Damage, Structural Damage, Selling De-Registered","Automatic,",5,Petrol,https://manheim.co.nz/damaged-vehicles/000000000007428535/2006-honda-airwave-station-wagon?referringPage=SearchResults
Subaru,Forester,2006,No,$0,N/A,," Interior Damage, Vandalised - Interior, Stolen & Recovered, Selling De-Registered","Automatic,",5,Petrol,https://manheim.co.nz/damaged-vehicles/000000000007428548/2006-subaru-forester-hatch?referringPage=SearchResults
Ford,Focus,2007,No,$0,"316,024",," Front Damage, Structural Damage, Selling De-Registered","Automatic,",5,Petrol,https://manheim.co.nz/damaged-vehicles/000000000007428553/2007-ford-focus-2-0-m-hatch-hatch?referringPage=SearchResults
Honda,CBR,2024,No,$0,"30,417",," Accident Repair, Right Side Damage, Structural Damage, Selling De-Registered","Automatic,",N/A,Petrol,https://manheim.co.nz/damaged-vehicles/000000000007428570/2024-honda-cbr-500-p-motorcycle?referringPage=SearchResults
Toyota,Aqua,2016,No,$0,"47,869",," Ignition Damage, Right Rear Damage, Structural Damage, Selling De-Registered","Automatic,",5,Hybrid,https://manheim.co.nz/damaged-vehicles/000000000007428582/2016-toyota-aqua-hatch?referringPage=SearchResults
Toyota,Aqua,2016,No,$0,1,," Fire - Entire Vehicle, Structural Damage, Selling De-Registered","Automatic,",5,Hybrid,https://manheim.co.nz/damaged-vehicles/000000000007378580/2016-toyota-aqua-hatch?referringPage=SearchResults
Toyota,Prius,2013,No,$0,"150,704",," Left Front Damage, Structural Damage, Selling De-Registered","Automatic,",5,Hybrid,https://manheim.co.nz/damaged-vehicles/000000000007428596/2013-toyota-prius-alpha-hybrid-station-wagon?referringPage=SearchResults
Mazda,Axela,2009,No,$0,N/A,," Right Rear Damage, Structural Damage, Suspension Damage, Selling De-Registered","Automatic,",5,Petrol,https://manheim.co.nz/damaged-vehicles/000000000007428604/2009-mazda-axela-station-wagon?referringPage=SearchResults
Mitsubishi,Triton,2009,No,$0,"233,344",," Left Front Damage, Structural Damage, Selling De-Registered",N/A,5,Diesel,https://manheim.co.nz/damaged-vehicles/000000000007428614/2009-mitsubishi-triton-glxr-dual-cab-utility?referringPage=SearchResults
Suzuki,Swift,2005,No,$0,"238,286",," Front Damage, Rear Damage, Structural Damage, Selling De-Registered",N/A,5,Petrol,https://manheim.co.nz/damaged-vehicles/000000000007428616/2005-suzuki-swift-hatch?referringPage=SearchResults
Ford,Falcon UTE,2004,No,$0,N/A,," Left Front Damage, Left Side Damage, Right Front Damage, Right Side Damage, Airbags Deployed, Selling De-Registered","Automatic,",2,Petrol,https://manheim.co.nz/damaged-vehicles/000000000007418688/2004-ford-falcon-ute-ba-xr8-pick-up-fa-coup%C3%A9?referringPage=SearchResults
Suzuki,DL1050,2022,No,$0,"19,797",," Structural Damage, Selling De-Registered","Manual,",N/A,Petrol,https://manheim.co.nz/damaged-vehicles/000000000007418738/2022-suzuki-dl1050-rcm0-v-strom-1050xt-motorcycle?referringPage=SearchResults
Toyota,Voxy,2006,No,$0,"204,623",," Front Damage, Structural Damage, Selling De-Registered",N/A,8,Petrol,https://manheim.co.nz/damaged-vehicles/000000000007428744/2006-toyota-voxy-station-wagon?referringPage=SearchResults
Mitsubishi,Galant,2008,No,$0,N/A,," Right Rear Damage, Structural Damage, Selling De-Registered","Automatic,",5,Petrol,https://manheim.co.nz/damaged-vehicles/000000000007428756/2008-mitsubishi-galant-sedan?referringPage=SearchResults
Toyota,Aqua,2018,No,$0,"147,348",," Left Front Damage, Right Rear Damage, Structural Damage, Selling De-Registered","Automatic,",5,Hybrid,https://manheim.co.nz/damaged-vehicles/000000000007428758/2018-toyota-aqua-hybrid-hatch?referringPage=SearchResults
Toyota,Hilux,2005,No,$0,N/A,," Stolen & Recovered, Stolen & Stripped, Selling De-Registered","Automatic,",5,Petrol,https://manheim.co.nz/damaged-vehicles/000000000007428764/2005-toyota-hilux-2-7p-2wd-d-c-ute-5m-dual-cab-chassis?referringPage=SearchResults
Toyota,Aqua,2017,No,$0,N/A,," Right Side Damage, Structural Damage, Selling De-Registered","Automatic,",5,Hybrid,https://manheim.co.nz/damaged-vehicles/000000000007428785/2017-toyota-aqua-hatch?referringPage=SearchResults
Yamaha,YZF,2019,No,$0,"31,006",," Front Damage, Structural Damage, Selling De-Registered",N/A,N/A,Petrol,https://manheim.co.nz/damaged-vehicles/000000000007408784/2019-yamaha-yzf-r3-aj2-motorcycle?referringPage=SearchResults
Ford,Falcon,2013,No,$0,"137,235",," Rear Damage, Structural Damage, Selling De-Registered","Automatic,",5,Petrol,https://manheim.co.nz/damaged-vehicles/000000000007428790/2013-ford-falcon-fg2-xr6-sedan-a-sedan?referringPage=SearchResults
Skoda,Fabia,2019,No,$0,N/A,," Left Front Damage, Structural Damage, Suspension Damage, Selling De-Registered","Automatic,",5,Petrol,https://manheim.co.nz/damaged-vehicles/000000000007428803/2019-skoda-fabia-ambition-mpi-81kw-1-hatch?referringPage=SearchResults
Audi,A4,2009,No,$0,N/A,," Rear Damage, Structural Damage, Selling De-Registered",N/A,5,Petrol,https://manheim.co.nz/damaged-vehicles/000000000007428811/2009-audi-a4-2-0t-sedan?referringPage=SearchResults
Nissan,Maxima,2010,No,$0,N/A,," Left Side Damage, Structural Damage, Selling De-Registered",N/A,5,Petrol,https://manheim.co.nz/damaged-vehicles/000000000007428813/2010-nissan-maxima-250l-sedan?referringPage=SearchResults
Suzuki,Swift,2005,Yes,$0,"158,313",," Front Damage, Rear Damage, Selling Registered",N/A,5,Petrol,https://manheim.co.nz/damaged-vehicles/000000000007428815/2005-suzuki-swift-hatch?referringPage=SearchResults
Mitsubishi,Galant,1999,No,$0,"178,188",," Front Damage, Left Front Damage, Right Front Damage, Right Side Damage, Structural Damage, Selling De-Registered","Automatic,",5,Petrol,https://manheim.co.nz/damaged-vehicles/000000000007428820/1999-mitsubishi-galant-2-0-gls-wagon-a-station-wagon?referringPage=SearchResults
Toyota,Avensis,2013,No,$0,"134,489",," Left Rear Damage, Right Front Damage, Structural Damage, Selling De-Registered","Automatic,",5,Petrol,https://manheim.co.nz/damaged-vehicles/000000000007428821/2013-toyota-avensis-station-wagon?referringPage=SearchResults
Subaru,Impreza,2014,No,$0,"61,624",," Left Rear Damage, Rear Damage, Right Rear Damage, Structural Damage, Selling De-Registered","Automatic,",5,Petrol,https://manheim.co.nz/damaged-vehicles/000000000007428823/2014-subaru-impreza-g4-sedan?referringPage=SearchResults
Holden,Commodore,2006,No,$0,"234,453",," Right Rear Damage, Structural Damage, Selling De-Registered","Automatic,",5,Petrol,https://manheim.co.nz/damaged-vehicles/000000000007428829/2006-holden-commodore-omega-sedan-auto-sedan?referringPage=SearchResults
Mazda,Demio,2007,No,$0,"163,596",," Left Side Damage, Right Side Damage, Structural Damage, Selling De-Registered","Automatic,",5,Petrol,https://manheim.co.nz/damaged-vehicles/000000000007428832/2007-mazda-demio-hatch?referringPage=SearchResults
Toyota,Hiace,2009,No,N/A,N/A,," Front Damage, Left Front Damage, Right Front Damage, Right Rear Damage, Structural Damage, Selling De-Registered","Automatic,",3,Petrol,https://manheim.co.nz/damaged-vehicles/000000000007428836/2009-toyota-hiace-van?referringPage=SearchResults
Honda,fit,2002,No,$0,N/A,," Left Side Damage, Roof Damage, Rolled, Right Side Damage, Structural Damage, Selling De-Registered","4spd Automatic,",5,Petrol,https://manheim.co.nz/damaged-vehicles/000000000007428839/2002-honda-fit-hatch?referringPage=SearchResults
Nissan,Tiida,2009,No,$0,"156,014",," Right Side Damage, Structural Damage, Selling De-Registered","Automatic,",5,Petrol,https://manheim.co.nz/damaged-vehicles/000000000007428855/2009-nissan-tiida-15-m-hatch?referringPage=SearchResults
Subaru,Impreza,2013,No,$0,"103,538",," Front Damage, Left Front Damage, Right Front Damage, Structural Damage, Selling De-Registered","Automatic,",5,Petrol,https://manheim.co.nz/damaged-vehicles/000000000007428858/2013-subaru-impreza-hatch?referringPage=SearchResults
Nissan,Tiida,2005,No,$0,"165,878",," Rear Damage, Structural Damage, Selling De-Registered","Automatic,",5,Petrol,https://manheim.co.nz/damaged-vehicles/000000000007428870/2005-nissan-tiida-hatch?referringPage=SearchResults
Toyota,Aqua,2012,No,$0,"136,845",," Right Side Damage, Structural Damage, Selling De-Registered","Automatic,",5,Hybrid,https://manheim.co.nz/damaged-vehicles/000000000007428871/2012-toyota-aqua-hatch?referringPage=SearchResults
Audi,A4,2014,No,$0,"180,978",," Front Damage, Right Front Damage, Structural Damage, Suspension Damage, Selling De-Registered","Automatic,",5,Petrol,https://manheim.co.nz/damaged-vehicles/000000000007428874/2014-audi-a4-avtfsiq-2-0p7a-sw4d-station-wagon?referringPage=SearchResults
Toyota,RAV4,1996,No,$0,"190,471",," Structural Damage, Selling De-Registered","Automatic,",5,Petrol,https://manheim.co.nz/damaged-vehicles/000000000007428882/1996-toyota-rav4-station-wagon?referringPage=SearchResults
Toyota,Spacio,2003,No,$0,N/A,," Front Damage, Airbags Deployed, Structural Damage, Selling De-Registered","Automatic,",7,Petrol,https://manheim.co.nz/damaged-vehicles/000000000007428887/2003-toyota-spacio-x-station-wagon?referringPage=SearchResults
Nissan,Bluebird,2007,No,$0,N/A,," Front Damage, Left Side Damage, Rear Damage, Structural Damage, Selling De-Registered","Automatic,",5,Petrol,https://manheim.co.nz/damaged-vehicles/000000000007428892/2007-nissan-bluebird-sylphy-sedan?referringPage=SearchResults
Toyota,Corolla,2003,No,$0,"214,430",," Front Damage, Left Front Damage, Rear Damage, Right Front Damage, Structural Damage, Selling De-Registered","Automatic,",5,Petrol,https://manheim.co.nz/damaged-vehicles/000000000007428893/2003-toyota-corolla-runx-hatch?referringPage=SearchResults
Volvo,V60,2014,No,$0,"116,268",," Left Rear Damage, Structural Damage, Selling De-Registered","6spd Automatic,",5,Petrol,https://manheim.co.nz/damaged-vehicles/000000000007428896/2014-volvo-v60-station-wagon?referringPage=SearchResults
Nissan,X-trail,2007,No,$0,N/A,," Structural Damage, Stolen & Recovered, Selling De-Registered",N/A,5,Petrol,https://manheim.co.nz/damaged-vehicles/000000000007428897/2007-nissan-x-trail-aut-2-5l-st-f-lift-station-wagon?referringPage=SearchResults
Honda,Odyssey,2005,No,$0,"232,957",," Front Damage, Airbags Deployed, Structural Damage, Selling De-Registered","Automatic,",7,Petrol,https://manheim.co.nz/damaged-vehicles/000000000007428899/2005-honda-odyssey-station-wagon?referringPage=SearchResults
Toyota,Wish,2009,No,$0,N/A,," Airbags Deployed, Left Rear Damage, Left Side Damage, Structural Damage, Selling De-Registered","Automatic,",7,Petrol,https://manheim.co.nz/damaged-vehicles/000000000007428900/2009-toyota-wish-station-wagon?referringPage=SearchResults
Mazda,MAZDA3,2016,No,$0,N/A,," Right Front Damage, Airbags Deployed, Structural Damage, Selling De-Registered",N/A,5,Petrol,https://manheim.co.nz/damaged-vehicles/000000000007428901/2016-mazda-mazda3-gsx-2-0p-6at-ha-5dr-hatch?referringPage=SearchResults
Mazda,Capella,1998,No,$0,"136,991",," Rear Damage, Structural Damage, Selling De-Registered",N/A,5,Petrol,https://manheim.co.nz/damaged-vehicles/000000000007428903/1998-mazda-capella-station-wagon?referringPage=SearchResults
Nissan,Wingroad,2009,Yes,$0,"262,825",," Front Damage, Left Side Damage, Rear Damage, Selling Registered","Automatic,",5,Petrol,https://manheim.co.nz/damaged-vehicles/000000000007428904/2009-nissan-wingroad-station-wagon?referringPage=SearchResults
Nissan,Tiida,2009,No,$0,"151,093",," Front Damage, Structural Damage, Selling De-Registered","Automatic,",5,Petrol,https://manheim.co.nz/damaged-vehicles/000000000007428906/2009-nissan-tiida-hatch?referringPage=SearchResults
Holden,Commodore,2012,Yes,$0,"190,094",," Left Front Damage, Left Side Damage, Selling Registered","Automatic,",5,Petrol,https://manheim.co.nz/damaged-vehicles/000000000007428912/2012-holden-commodore-sv6-z-series-sdn-at-sedan?referringPage=SearchResults
Nissan,Tiida,2012,No,$0,"235,979",," Front Damage, Structural Damage, Suspension Damage, Selling De-Registered","4spd,",5,Petrol,https://manheim.co.nz/damaged-vehicles/000000000007398921/2012-nissan-tiida-latio-sedan?referringPage=SearchResults
Toyota,Prius,2010,No,$0,N/A,," Fire Damage, Fire - Engine, Structural Damage, Water Damage, Selling De-Registered",N/A,N/A,Hybrid,https://manheim.co.nz/damaged-vehicles/000000000007428943/2010-toyota-prius-hatch?referringPage=SearchResults
Porsche,Boxster,2006,No,$0,N/A,," Fire Damage, Structural Damage, Fire Damaged, Selling De-Registered",N/A,2,Petrol,https://manheim.co.nz/damaged-vehicles/000000000007428990/2006-porsche-boxster-coup%C3%A9?referringPage=SearchResults
Honda,fit,2004,No,$0,N/A,," Left Side Damage, Structural Damage, Selling De-Registered","Automatic,",5,Petrol,https://manheim.co.nz/damaged-vehicles/000000000007429042/2004-honda-fit-hatch?referringPage=SearchResults
CF Moto,450srs,2026,No,$0,"1,018",," Front Fork Damaged, Frame Damaged, Structural Damage, Selling De-Registered",N/A,N/A,Petrol,https://manheim.co.nz/damaged-vehicles/000000000007429051/2026-cfmoto-450srs-motorcycle?referringPage=SearchResults
Nissan,Fuga,2010,No,$0,"181,221",," Front Damage, Airbags Deployed, Structural Damage, Selling De-Registered",N/A,5,Petrol,https://manheim.co.nz/damaged-vehicles/000000000007429070/2010-nissan-fuga-sedan?referringPage=SearchResults
Mitsubishi,Triton,2005,No,$0,N/A,," Left Front Damage, Structural Damage, Selling De-Registered","Automatic,",5,Diesel,https://manheim.co.nz/damaged-vehicles/000000000007429072/2005-mitsubishi-triton-4wd-2-8td-dble-cab-dual-cab-utility?referringPage=SearchResults
Suzuki,Swift,2008,Yes,$0,N/A,," Right Side Damage, Accident Damage, Selling Registered",N/A,5,Petrol,https://manheim.co.nz/damaged-vehicles/000000000007429080/2008-suzuki-swift-hatch?referringPage=SearchResults
Toyota,Estima,2004,No,$0,"336,962",," Left Side Damage, Structural Damage, Selling De-Registered","Automatic,",7,Petrol,https://manheim.co.nz/damaged-vehicles/000000000007429081/2004-toyota-estima-station-wagon?referringPage=SearchResults
Toyota,Porte,2006,No,$0,N/A,," Left Rear Damage, Right Side Damage, Stolen & Recovered, Selling De-Registered","Automatic,",5,Petrol,https://manheim.co.nz/damaged-vehicles/000000000007429098/2006-toyota-porte-hatch?referringPage=SearchResults
Toyota,Aqua,2017,No,$0,N/A,," Airbags Deployed, Front Damage, Airbags Deployed, Structural Damage, Selling De-Registered",N/A,5,Hybrid,https://manheim.co.nz/damaged-vehicles/000000000007429102/2017-toyota-aqua-hatch?referringPage=SearchResults
Nissan,Tiida,2006,No,$0,N/A,," Right Rear Damage, Structural Damage, Selling De-Registered","Automatic,",5,Petrol,https://manheim.co.nz/damaged-vehicles/000000000007429104/2006-nissan-tiida-sedan?referringPage=SearchResults
Mitsubishi,Lancer,2005,No,$0,"273,038",," Left Front Damage, Left Side Damage, Right Side Damage, Structural Damage, Selling De-Registered","Automatic,",5,Petrol,https://manheim.co.nz/damaged-vehicles/000000000007429105/2005-mitsubishi-lancer-sedan?referringPage=SearchResults
Skoda,Octavia,2013,No,$0,N/A,," Left Front Damage, Structural Damage, Selling De-Registered","Automatic,",5,Diesel,https://manheim.co.nz/damaged-vehicles/000000000007429121/2013-skoda-octavia-scout-tdi-dsg-station-wagon?referringPage=SearchResults
Daihatsu,Sirion,2007,No,$0,"197,046",," Front Damage, Left Front Damage, Right Front Damage, Structural Damage, Selling De-Registered","4spd Automatic,",5,Petrol,https://manheim.co.nz/damaged-vehicles/000000000007429124/2007-daihatsu-sirion-1-3p-hatch-4a-hatch?referringPage=SearchResults
Nissan,Tiida,2006,No,$0,N/A,," Ignition Damage, Structural Damage, Stolen & Recovered, Selling De-Registered","Automatic,",5,Petrol,https://manheim.co.nz/damaged-vehicles/000000000007429126/2006-nissan-tiida-hatch?referringPage=SearchResults
Nissan,Note,2017,No,$0,N/A,," Front Damage, Right Front Damage, Structural Damage, Selling De-Registered",N/A,4,Hybrid,https://manheim.co.nz/damaged-vehicles/000000000007409121/2017-nissan-note-e-power-hatch?referringPage=SearchResults
Nissan,Primera,2003,No,$0,N/A,," Good Repairer, Rear Damage, Fire - Entire Vehicle, Structural Damage, Selling De-Registered","Automatic,",5,Petrol,https://manheim.co.nz/damaged-vehicles/000000000007429136/2003-nissan-primera-sedan?referringPage=SearchResults
Honda,Stream,2006,No,$0,"259,770",," Right Rear Damage, Structural Damage, Selling De-Registered","Automatic,",7,Petrol,https://manheim.co.nz/damaged-vehicles/000000000007429149/2006-honda-stream-station-wagon?referringPage=SearchResults
Toyota,Camry,2005,Yes,$0,"239,579",," Left Side Damage, Underbody Damage, Selling Registered",N/A,5,Petrol,https://manheim.co.nz/damaged-vehicles/000000000007429152/2005-toyota-camry-2-4p-altise-sedan-4-sedan?referringPage=SearchResults
Peugeot,2008,2019,No,$0,N/A,," Front Damage, Structural Damage, Selling De-Registered","6spd,",5,Petrol,https://manheim.co.nz/damaged-vehicles/000000000007429153/2019-peugeot-2008-allure-1-2pt-6at-touring?referringPage=SearchResults
Toyota,Aqua,2014,No,$0,"155,171",," Right Side Damage, Structural Damage, Stolen & Recovered, Selling De-Registered","Automatic,",5,Hybrid,https://manheim.co.nz/damaged-vehicles/000000000007429160/2014-toyota-aqua-hybrid-hatch?referringPage=SearchResults
Toyota,Markx,2009,No,$0,N/A,," Rear Damage, Structural Damage, Selling De-Registered","Automatic,",7,Petrol,https://manheim.co.nz/damaged-vehicles/000000000007429178/2009-toyota-markx-zio-station-wagon?referringPage=SearchResults
Mitsubishi,Outlander,2007,No,$0,N/A,," Fire Damage, Structural Damage, Stolen & Recovered, Selling De-Registered",N/A,7,Petrol,https://manheim.co.nz/damaged-vehicles/000000000007409173/2007-mitsubishi-outlander-station-wagon?referringPage=SearchResults
Honda,Stream,2006,No,$0,"217,499",," Rear Damage, Structural Damage, Selling De-Registered","4spd,",7,Petrol,https://manheim.co.nz/damaged-vehicles/000000000007429184/2006-honda-stream-station-wagon?referringPage=SearchResults
Honda,Civic,2000,No,$0,"258,800",," Front Damage, Glass Broken, Ignition Damage, Left Front Damage, Left Side Damage, Right Front Damage, Structural Damage, Stolen & Recovered, Selling De-Registered",N/A,5,Petrol,https://manheim.co.nz/damaged-vehicles/000000000007429189/2000-honda-civic-hatch?referringPage=SearchResults
Toyota,Prius,2012,No,$0,"274,757",," Right Rear Damage, Structural Damage, Selling De-Registered","Automatic,",5,Hybrid,https://manheim.co.nz/damaged-vehicles/000000000007429192/2012-toyota-prius-hatch?referringPage=SearchResults
Mitsubishi,Grandis,2004,Yes,$0,"229,444",," Left Front Damage, Selling Registered","Automatic,",7,Petrol,https://manheim.co.nz/damaged-vehicles/000000000007429215/2004-mitsubishi-grandis-station-wagon?referringPage=SearchResults
Toyota,Auris,2006,No,$0,"151,641",," Right Side Damage, Structural Damage, Selling De-Registered",N/A,5,Petrol,https://manheim.co.nz/damaged-vehicles/000000000007429242/2006-toyota-auris-hatch?referringPage=SearchResults
Hyundai,Getz,2010,No,$0,"129,849",," Front Damage, Rear Damage, Structural Damage, Selling De-Registered","Automatic,",5,Petrol,https://manheim.co.nz/damaged-vehicles/000000000007429255/2010-hyundai-getz-1-4-5d-a4-hatch?referringPage=SearchResults
BMW,320i,2008,No,$0,N/A,," Front Damage, Structural Damage, Selling De-Registered",N/A,5,Petrol,https://manheim.co.nz/damaged-vehicles/000000000007429258/2008-bmw-320i-sedan?referringPage=SearchResults
Nissan,Wingroad,2000,Yes,$0,N/A,," Front Damage, Right Rear Damage, Selling Registered",N/A,N/A,Petrol,https://manheim.co.nz/damaged-vehicles/000000000007429260/2000-nissan-wingroad-station-wagon?referringPage=SearchResults
Subaru,Legacy,2005,Yes,$0,N/A,," Interior Damage, Right Rear Damage, Selling Registered","Automatic,",5,Petrol,https://manheim.co.nz/damaged-vehicles/000000000007429266/2005-subaru-legacy-b-sport-station-wagon?referringPage=SearchResults
Citroen,C5,2006,No,$0,"196,878",," Glass Broken, Left Side Damage, Selling De-Registered",N/A,5,Diesel,https://manheim.co.nz/damaged-vehicles/000000000007429279/2006-citroen-c5-2-0-ex-5dr-6sp-a-d-sedan?referringPage=SearchResults
BMW,323i,2007,No,$0,N/A,," Left Rear Damage, Roof Damage, Right Front Damage, Right Side Damage, Selling De-Registered","Automatic,",5,Petrol,https://manheim.co.nz/damaged-vehicles/000000000007419298/2007-bmw-323i-sedan?referringPage=SearchResults
Mitsubishi,Lancer,2006,Yes,$0,"242,662",, Selling Registered,"4spd Automatic,",5,Petrol,https://manheim.co.nz/damaged-vehicles/000000000007399359/2006-mitsubishi-lancer-2-4p-ls-sp-sedan-a-sedan?referringPage=SearchResults
Toyota,Spacio,2004,No,$0,N/A,," Rear Damage, Structural Damage, Selling De-Registered",N/A,7,Petrol,https://manheim.co.nz/damaged-vehicles/000000000007389359/2004-toyota-spacio-station-wagon?referringPage=SearchResults
Toyota,Hiace,2001,No,$0,"320,336",," Chassis Damage, Front Damage, Rear Damage, Structural Damage, Selling De-Registered","5spd Automatic,",3,Diesel,https://manheim.co.nz/damaged-vehicles/000000000007429426/2001-toyota-hiace-van?referringPage=SearchResults
Toyota,Camry,2006,No,$0,"240,384",," Left Front Damage, Structural Damage, Selling De-Registered","Automatic,",5,Petrol,https://manheim.co.nz/damaged-vehicles/000000000007429427/2006-toyota-camry-2-4p-sport-sedan-5a-sedan?referringPage=SearchResults
Hyundai,Accent,2015,No,$0,"133,752",," Front Damage, Left Front Damage, Left Rear Damage, Rear Damage, Right Rear Damage, Structural Damage, Selling De-Registered","Automatic,",5,Petrol,https://manheim.co.nz/damaged-vehicles/000000000007429428/2015-hyundai-accent-1-6-5d-a4-hatch?referringPage=SearchResults
Mitsubishi,ASX,2019,No,$0,"240,120",," Rear Damage, Structural Damage, Selling De-Registered","Automatic,",5,Petrol,https://manheim.co.nz/damaged-vehicles/000000000007429429/2019-mitsubishi-asx-ls-2-0p-cvt-station-wagon?referringPage=SearchResults
Audi,S4,2013,No,$0,"144,953",," Front Damage, Structural Damage, Selling De-Registered","Automatic,",5,Petrol,https://manheim.co.nz/damaged-vehicles/000000000007429430/2013-audi-s4-3-0-tfsi-sedan?referringPage=SearchResults
Nissan,X-trail,2009,No,$0,N/A,,N/A,"Automatic,",5,Petrol,https://manheim.co.nz/damaged-vehicles/000000000007419447/2009-nissan-x-trail-station-wagon?referringPage=SearchResults
Hyundai,Santa FE,2007,No,$0,"322,619",," Right Front Damage, Right Side Damage, Structural Damage, Suspension Damage, Selling De-Registered","5spd Automatic,",7,Diesel,https://manheim.co.nz/damaged-vehicles/000000000007429471/2007-hyundai-santa-fe-2-2d-crdi-a5-7s-suv-station-wagon?referringPage=SearchResults
Toyota,Vitz,2005,No,$0,"52,200",," Front Damage, Structural Damage, Selling De-Registered","Automatic,",5,Petrol,https://manheim.co.nz/damaged-vehicles/000000000007429472/2005-toyota-vitz-hatch?referringPage=SearchResults
Holden,Colorado,2010,No,$0,"185,802",," Right Side Damage, Structural Damage, Selling De-Registered","Automatic,",5,Diesel,https://manheim.co.nz/damaged-vehicles/000000000007429474/2010-holden-colorado-4x4-lx-crw-pu-dsl-m-dual-cab-chassis?referringPage=SearchResults
Toyota,Harrier,2006,No,$0,"158,912",," Left Side Damage, Structural Damage, Selling De-Registered","Automatic,",5,Petrol,https://manheim.co.nz/damaged-vehicles/000000000007429475/2006-toyota-harrier-station-wagon?referringPage=SearchResults
Toyota,Vitz,2005,No,$0,N/A,," Front Damage, Left Front Damage, Structural Damage, Selling De-Registered","Automatic,",5,Petrol,https://manheim.co.nz/damaged-vehicles/000000000007429477/2005-toyota-vitz-hatch?referringPage=SearchResults
Toyota,Corolla,2010,No,$0,"101,151",," Front Damage, Structural Damage, Selling De-Registered","4spd Automatic,",5,Petrol,https://manheim.co.nz/damaged-vehicles/000000000007429478/2010-toyota-corolla-1-8p-glx-hatch-5-4a-hatch?referringPage=SearchResults
Lexus,RX450H,2009,No,$0,"137,530",," Front Damage, Left Front Damage, Right Front Damage, Structural Damage, Selling De-Registered","Automatic,",5,Hybrid,https://manheim.co.nz/damaged-vehicles/000000000007429479/2009-lexus-rx450h-station-wagon?referringPage=SearchResults
Subaru,BRZ,2013,No,$0,"140,167",," Front Damage, Airbags Deployed, Structural Damage, Selling De-Registered",N/A,4,Petrol,https://manheim.co.nz/damaged-vehicles/000000000007429480/2013-subaru-brz-coup%C3%A9?referringPage=SearchResults
Toyota,Ractis,2007,Yes,$0,"220,473",," Rear Damage, Right Side Damage, Selling Registered","Automatic,",5,Petrol,https://manheim.co.nz/damaged-vehicles/000000000007429481/2007-toyota-ractis-hatch?referringPage=SearchResults
Toyota,Camry,2014,No,$0,N/A,," Front Damage, Right Front Damage, Structural Damage, Selling De-Registered",N/A,5,Hybrid,https://manheim.co.nz/damaged-vehicles/000000000007429482/2014-toyota-camry-2-5hybrid-i-tech-cv-sedan?referringPage=SearchResults
BMW,525i,2008,No,$0,N/A,," Front Damage, Airbags Deployed, Structural Damage, Selling De-Registered","Automatic,",5,Petrol,https://manheim.co.nz/damaged-vehicles/000000000007429483/2008-bmw-525i-2-5l-sedan?referringPage=SearchResults
Mazda,Demio,2012,No,$0,"192,187",," Left Rear Damage, Rear Damage, Right Rear Damage, Structural Damage, Selling De-Registered","Automatic,",5,Petrol,https://manheim.co.nz/damaged-vehicles/000000000007429484/2012-mazda-demio-hatch?referringPage=SearchResults
Hyundai,Santa FE,2011,No,$0,N/A,," Right Rear Damage, Structural Damage, Suspension Damage, Selling De-Registered",N/A,5,Diesel,https://manheim.co.nz/damaged-vehicles/000000000007429487/2011-hyundai-santa-fe-2-2r-crdi-a6-5s-suv-station-wagon?referringPage=SearchResults
Toyota,Aqua,2012,No,$0,N/A,," Rear Damage, Structural Damage, Selling De-Registered",N/A,5,Hybrid,https://manheim.co.nz/damaged-vehicles/000000000007429488/2012-toyota-aqua-hatch?referringPage=SearchResults
Toyota,Prius,2012,No,$0,N/A,," Left Side Damage, Structural Damage, Selling De-Registered",N/A,5,Hybrid,https://manheim.co.nz/damaged-vehicles/000000000007429491/2012-toyota-prius-hatch?referringPage=SearchResults
Mazda,Demio,2010,Yes,$0,N/A,," Left Side Damage, Rear Damage, Selling Registered",N/A,5,Petrol,https://manheim.co.nz/damaged-vehicles/000000000007429492/2010-mazda-demio-hatch?referringPage=SearchResults
Mazda,Atenza,2008,Yes,$0,N/A,," Right Side Damage, Suspension Damage, Selling Registered",N/A,5,Petrol,https://manheim.co.nz/damaged-vehicles/000000000007429496/2008-mazda-atenza-sedan?referringPage=SearchResults
Toyota,Allion,2004,Yes,$0,N/A,," Ignition Damage, Left Side Damage, Vandalised - Interior, Stolen & Recovered, Selling Registered","Automatic,",5,Petrol,https://manheim.co.nz/damaged-vehicles/000000000007429503/2004-toyota-allion-sedan?referringPage=SearchResults
Toyota,Corolla,2006,No,$0,1,," Front Damage, Structural Damage, Selling De-Registered","Automatic,",5,Petrol,https://manheim.co.nz/damaged-vehicles/000000000007429506/2006-toyota-corolla-hatch?referringPage=SearchResults
Subaru,Forester,2004,Yes,$0,"232,502",," Front Damage, Rear Damage, Selling Registered","Automatic,",5,Petrol,https://manheim.co.nz/damaged-vehicles/000000000007429536/2004-subaru-forester-station-wagon?referringPage=SearchResults
Subaru,Impreza,2013,No,$0,N/A,," Right Front Damage, Structural Damage, Selling De-Registered","Automatic,",5,Petrol,https://manheim.co.nz/damaged-vehicles/000000000007429579/2013-subaru-impreza-awd-hatch?referringPage=SearchResults
Toyota,Prius,2018,No,N/A,"253,166",," Left Front Damage, Left Side Damage, Structural Damage, Selling De-Registered","Automatic,",5,Hybrid,https://manheim.co.nz/damaged-vehicles/000000000007429630/2018-toyota-prius-alpha-station-wagon?referringPage=SearchResults
Nissan,Note,2018,No,$0,N/A,," Right Side Damage, Structural Damage, Selling De-Registered","Automatic,",5,Hybrid,https://manheim.co.nz/damaged-vehicles/000000000007429655/2018-nissan-note-e-power-hatch?referringPage=SearchResults
Toyota,Harrier,2006,No,$0,"311,982",," Water Damage, Selling De-Registered","Automatic,",5,Petrol,https://manheim.co.nz/damaged-vehicles/000000000007429705/2006-toyota-harrier-station-wagon?referringPage=SearchResults
Hyundai,Tucson,2009,No,$0,"242,507",," Right Rear Damage, Structural Damage, Selling De-Registered","Automatic,",5,Petrol,https://manheim.co.nz/damaged-vehicles/000000000007429835/2009-hyundai-tucson-2-0p-city-4d-a4-station-wagon?referringPage=SearchResults
Yamaha,MW,2016,No,$0,N/A,," Front Damage, Structural Damage, Selling De-Registered",N/A,2,Petrol,https://manheim.co.nz/damaged-vehicles/000000000007429836/2016-yamaha-mw-125f-motorcycle?referringPage=SearchResults
Subaru,Sport 4WD,N/A,No,$50,"469,176",," Left Front Damage, Right Front Damage, Right Rear Damage, Dismantled - Entire Vehicle, Selling De-Registered","Manual,",2,Petrol,https://manheim.co.nz/damaged-vehicles/000000000007409834/subaru-sport-4wd-dl-utility?referringPage=SearchResults
Toyota,Spade,2015,No,$0,"122,184",," Left Rear Damage, Left Side Damage, Structural Damage, Selling De-Registered",N/A,5,Petrol,https://manheim.co.nz/damaged-vehicles/000000000007429845/2015-toyota-spade-hatch?referringPage=SearchResults
Suzuki,Swift,2005,No,$0,"223,084",," Structural Damage, Water Damage, Selling De-Registered",N/A,5,Petrol,https://manheim.co.nz/damaged-vehicles/000000000007429847/2005-suzuki-swift-glxha2-1-5-5dr-hatch?referringPage=SearchResults
Suzuki,SX4,2007,Yes,$0,"171,878",," Left Front Damage, Left Side Damage, Selling Registered","Automatic,",5,Petrol,https://manheim.co.nz/damaged-vehicles/000000000007429852/2007-suzuki-sx4-hatch?referringPage=SearchResults
Toyota,Aqua,2012,No,$0,N/A,," Front Damage, Structural Damage, Selling De-Registered",N/A,5,Hybrid,https://manheim.co.nz/damaged-vehicles/000000000007429856/2012-toyota-aqua-hatch?referringPage=SearchResults
Suzuki,GSX150,2019,No,$0,N/A,," Front Damage, Structural Damage, Selling De-Registered","Automatic,",N/A,Petrol,https://manheim.co.nz/damaged-vehicles/000000000007419860/2019-suzuki-gsx150-dxa-gixxer-motorcycle?referringPage=SearchResults
Toyota,Camry,2015,No,$0,"142,312",," Front Damage, Structural Damage, Selling De-Registered",N/A,5,Hybrid,https://manheim.co.nz/damaged-vehicles/000000000007419876/2015-toyota-camry-hybrid-sedan?referringPage=SearchResults
Mercedes-Benz,B180,2010,Yes,$0,"107,298",," Engine Damage, Selling Registered",N/A,5,Petrol,https://manheim.co.nz/damaged-vehicles/000000000007429871/2010-mercedes-benz-b180-hatch?referringPage=SearchResults
Toyota,Vitz,2000,No,$0,N/A,," Front Damage, Left Front Damage, Rear Damage, Structural Damage, Selling De-Registered","Automatic,",5,Petrol,https://manheim.co.nz/damaged-vehicles/000000000007429876/2000-toyota-vitz-hatch?referringPage=SearchResults
Mazda,MAZDA2,2007,Yes,$0,"208,226",," Front Damage, Left Front Damage, Rear Damage, Selling Registered","Automatic,",5,Petrol,https://manheim.co.nz/damaged-vehicles/000000000007429884/2007-mazda-mazda2-classic-5dr-1-5-4at-hatch?referringPage=SearchResults
Mitsubishi,Outlander,2009,Yes,$0,"226,953",," Interior Damage, Stolen & Recovered, Selling Registered",N/A,7,Petrol,https://manheim.co.nz/damaged-vehicles/000000000007429927/2009-mitsubishi-outlander-station-wagon?referringPage=SearchResults
Volvo,XC90,2005,Yes,$0,"177,809",," Left Rear Damage, Selling Registered",N/A,7,Petrol,https://manheim.co.nz/damaged-vehicles/000000000007429977/2005-volvo-xc90-awd-station-wagon?referringPage=SearchResults
